"","Genus","Family","Order","Class","Phylum","Domain","global_occurrence","BOER_SEVonly","BOGR_SEVonly","ANGE_allsites","BOCU_allsites","BOER_allsites","BOGR_allsites","BUDA_allsites","SCSC_allsites","BLM","BNP","CAD","CNF","CPR","DMT","FCP","FMT","FSA","GMT","GNF","HAR","HPG","KAE","KNZ","LAR","LBJ","NWP","ONF","RNF","SCP","SEV","UHC","SFA","BLM_BOGR","BLM_SCSC","BNP_BOER","BNP_BOGR","CAD_ANGE","CAD_BOGR","CAD_BUDA","CAD_SCSC","CNF_BOER","CNF_BOGR","CNF_SCSC","CPR_BOER","CPR_BOGR_E","DMT_BOER","DMT_BOGR","DMT_SCSC","FCP_BOGR","FCP_BUDA","FCP_SCSC","FMT_BOER","FMT_BOGR","FSA_SCSC","GMT_BOER","GMT_BOGR","GNF_BOGR","GNF_SCSC","HAR_ANGE","HAR_BOCU_E","HAR_BOGR","HAR_BOGR_E","HAR_BUDA","HAR_BUDA_E","HAR_SCSC","HAR_SCSC_E","HPG_BOGR","HPG_BUDA","KAE_ANGE","KAE_BUDA","KAE_SCSC","KNZ_ANGE","KNZ_ANGE_E","KNZ_BOCU_E","KNZ_BOGR","KNZ_BUDA","KNZ_SCSC","KNZ_SCSC_E","LAR_ANGE","LAR_BOGR","LAR_SCSC","LBJ_ANGE","LBJ_BUDA","LBJ_SCSC","NWP_ANGE","NWP_SCSC","ONF_ANGE","ONF_SCSC","RNF_BOGR","SCP_ANGE","SCP_BOGR","SCP_SCSC","SEV_BOER","SEV_BOER_E_A","SEV_BOER_E_B","SEV_BOGR","SEV_BOGR_E_A","UHC_ANGE","UHC_SCSC","SFA_SCSC"
"1","uncl_Hypocreaceae","Hypocreaceae","Hypocreales","Sordariomycetes","Ascomycota","Fungi",0.503058103975535,NA,NA,0.694915254237288,0.56,0.245283018867925,0.361538461538462,0.422222222222222,0.659459459459459,1,0.0588235294117647,0.175,1,0,0.107142857142857,0.357142857142857,0.117647058823529,1,1,0.125,0.395604395604396,0.733333333333333,0.78125,0.404494382022472,0.379310344827586,1,1,1,1,0.2,0,1,0.666666666666667,1,1,0.0833333333333333,0,0.181818181818182,0,0.166666666666667,0.3,1,1,1,0,0,0,0,0.3,0.4,0.166666666666667,0.545454545454545,0.181818181818182,0,1,1,1,1,0,0.4,0.6,0.333333333333333,0.35,0,0.3,0.636363636363636,0.25,0,1,0.818181818181818,0.666666666666667,0.888888888888889,0.583333333333333,0.7,0.4,0.111111111111111,0,0.166666666666667,0.5,0.416666666666667,0.2,0.416666666666667,1,1,1,1,1,1,1,1,0,0,0.5,0,0,0,0,0,1,1,0.666666666666667
"2","uncl_Agaricales","uncl_Agaricales","Agaricales","Agaricomycetes","Basidiomycota","Fungi",0.750764525993884,0.621621621621622,0.125,0.864406779661017,0.6,0.707547169811321,0.584615384615385,0.755555555555556,0.837837837837838,1,0.882352941176471,0.75,1,0.5,0.428571428571429,0.571428571428571,0.470588235294118,1,1,0.5,0.604395604395604,0.933333333333333,0.78125,0.921348314606742,0.206896551724138,1,1,1,1,1,0.471698113207547,1,1,1,1,0.916666666666667,0.8,0.909090909090909,0.571428571428571,0.5,1,1,1,1,0.545454545454545,0.4,0.416666666666667,0.5,0.4,0.4,0.5,0.727272727272727,0.636363636363636,0.166666666666667,1,1,1,1,0.428571428571429,0.8,0.55,0.166666666666667,0.55,0.6,0.7,0.727272727272727,0.75,0.75,1,0.909090909090909,0.833333333333333,0.555555555555556,0.916666666666667,0.95,0.8,0.777777777777778,0.909090909090909,1,0.95,0.166666666666667,0,0.333333333333333,1,1,1,1,1,1,1,1,1,1,1,0.555555555555556,0.25,0.8,0,0.153846153846154,1,1,1
"3","uncl_Ascomycota","uncl_Ascomycota","uncl_Ascomycota","uncl_Ascomycota","Ascomycota","Fungi",1,1,1,1,1,1,1,1,1,1,1,1,1,1,1,1,1,1,1,1,1,1,1,1,1,1,1,1,1,1,1,1,1,1,1,1,1,1,1,1,1,1,1,1,1,1,1,1,1,1,1,1,1,1,1,1,1,1,1,1,1,1,1,1,1,1,1,1,1,1,1,1,1,1,1,1,1,1,1,1,1,1,1,1,1,1,1,1,1,1,1,1,1,1,1,1,1,1,1,1,1
"4","Septobasidium","Septobasidiaceae","Septobasidiales","Pucciniomycetes","Basidiomycota","Fungi",0.0198776758409786,NA,NA,0,0.12,0,0.0538461538461538,0,0.0162162162162162,0.304347826086957,0,0.05,0,0,0,0,0,0,0,0,0.032967032967033,0,0,0.0112359550561798,0,0,0,0,0,0,0,0,0,0.583333333333333,0,0,0,0,0,0,0.2,0,0,0,0,0,0,0,0,0,0,0,0,0,0,0,0,0,0,0,0.15,0,0,0,0,0,0,0,0,0,0,0,0,0,0,0,0,0.0833333333333333,0,0,0,0,0,0,0,0,0,0,0,0,0,0,0,0,0,0,0,0,0,0,0
"5","uncl_Agaricomycetes","uncl_Agaricomycetes","uncl_Agaricomycetes","Agaricomycetes","Basidiomycota","Fungi",0.692660550458716,0.513513513513513,0.5,0.796610169491525,0.56,0.594339622641509,0.646153846153846,0.666666666666667,0.745945945945946,0.91304347826087,0.352941176470588,0.425,0.857142857142857,0.6875,0.285714285714286,0.714285714285714,0.647058823529412,0.714285714285714,1,0.25,0.637362637362637,0.733333333333333,0.65625,0.831460674157303,0.310344827586207,0.941176470588235,1,0.863636363636364,1,1,0.509433962264151,1,1,1,0.818181818181818,0.25,0.6,0.363636363636364,0.428571428571429,0.166666666666667,0.8,0.818181818181818,0.6,1,0.727272727272727,0.6,0.333333333333333,0.333333333333333,0.2,0.8,0.75,0.636363636363636,0.727272727272727,0.5,0.714285714285714,1,1,1,0.142857142857143,0.8,0.5,0.666666666666667,0.65,0.5,0.9,0.636363636363636,0.5,0.25,0.909090909090909,0.727272727272727,0.5,0.777777777777778,0.75,0.9,0.8,0.555555555555556,0.818181818181818,1,0.85,0.416666666666667,0.2,0.25,1,0.833333333333333,1,1,1,1,0.75,1,1,1,1,0.666666666666667,0.375,0.5,0.333333333333333,0.538461538461538,1,1,1
"6","uncl_Diaporthaceae","Diaporthaceae","Diaporthales","Sordariomycetes","Ascomycota","Fungi",0.347094801223242,NA,NA,0.432203389830508,0.08,0.226415094339623,0.307692307692308,0.277777777777778,0.459459459459459,1,0,0.1,1,0.0625,0.214285714285714,0.0714285714285714,0,0.142857142857143,1,0,0.0659340659340659,0.8,0,0.202247191011236,0,1,1,1,1,0.2,0,1,0,1,1,0,0,0.0909090909090909,0,0,0.3,1,1,1,0.0909090909090909,0,0,0,0.6,0,0,0.181818181818182,0,0,0.142857142857143,1,1,0,0,0.1,0.1,0,0.1,0,0,0,0.25,0.25,1,0,0,0,0.416666666666667,0.15,0,0.333333333333333,0.181818181818182,0.333333333333333,0.05,0,0,0,1,1,1,1,1,1,1,1,0,0.5,0,0,0,0,0,0,1,1,0
"7","uncl_Lindgomycetaceae","Lindgomycetaceae","Pleosporales","Dothideomycetes","Ascomycota","Fungi",0.0336391437308868,NA,NA,0,0.12,0.00943396226415094,0.0692307692307692,0.0111111111111111,0.0432432432432432,0.434782608695652,0,0,0.0357142857142857,0.125,0,0,0,0,0,0,0.0549450549450549,0,0,0,0,0,0,0,0.666666666666667,0,0,0,0,0.333333333333333,0.545454545454545,0,0,0,0,0,0,0,0,0.0833333333333333,0.0909090909090909,0.2,0,0,0,0,0,0,0,0,0,0,0,0,0,0,0.15,0,0,0,0.1,0.0909090909090909,0,0,0,0,0,0,0,0,0,0,0,0,0,0,0,0,0,0,0,0,0,0,0,0.666666666666667,0,0,0,0,0,0,0,0,0,0,0
"8","Periconia","Periconiaceae","Pleosporales","Dothideomycetes","Ascomycota","Fungi",0.796636085626911,0.135135135135135,0.375,0.983050847457627,1,0.433962264150943,0.669230769230769,0.844444444444444,0.924324324324324,1,0.588235294117647,0.875,1,0.25,0.25,0.642857142857143,0.235294117647059,1,1,0.875,0.967032967032967,0.8,0.9375,0.943820224719101,0.758620689655172,1,1,1,1,0.6,0.207547169811321,1,1,1,1,0.416666666666667,1,1,0.857142857142857,0.666666666666667,1,1,1,1,0.363636363636364,0,0.5,0,0.1,0.2,0.666666666666667,0.818181818181818,0.272727272727273,0.166666666666667,1,1,1,0,1,1,1,1,1,0.7,1,1,1,0.25,1,1,0.833333333333333,1,1,1,1,0.555555555555556,0.909090909090909,1,1,0.833333333333333,0.2,0.916666666666667,1,1,1,1,1,1,1,1,1,1,0,0,0.25,0.15,0.666666666666667,0.307692307692308,1,1,1
"9","Fusarium","Nectriaceae","Hypocreales","Sordariomycetes","Ascomycota","Fungi",0.940366972477064,0.702702702702703,0.5,1,1,0.820754716981132,0.915384615384615,0.955555555555556,0.972972972972973,1,0.764705882352941,0.95,1,1,0.785714285714286,1,0.823529411764706,1,1,0.75,0.967032967032967,1,1,1,1,1,1,1,1,1,0.641509433962264,1,1,1,1,0.666666666666667,1,1,0.857142857142857,0.916666666666667,1,1,1,1,1,1,0.916666666666667,0.666666666666667,0.7,1,1,1,0.727272727272727,1,1,1,1,1,0.714285714285714,1,1,1,1,0.7,1,1,1,1,1,1,1,1,1,1,1,1,1,1,1,1,1,1,1,1,1,1,1,1,1,1,1,1,1,1,0.25,0.75,1,0.384615384615385,1,1,1
"10","Lophiostoma","Lophiostomataceae","Pleosporales","Dothideomycetes","Ascomycota","Fungi",0.308868501529052,NA,NA,0.364406779661017,0.04,0.216981132075472,0.284615384615385,0.333333333333333,0.367567567567568,0.956521739130435,0,0.1,1,0,0,0.0714285714285714,0,0,1,0,0.0989010989010989,0.733333333333333,0,0.0112359550561798,0.0344827586206897,1,1,1,0.833333333333333,0,0,1,0,0.916666666666667,1,0,0,0.0909090909090909,0.142857142857143,0.166666666666667,0,1,1,1,0,0,0,0,0,0.4,0,0,0,0,0,1,1,0,0,0,0.05,0,0.1,0,0.5,0,0.25,0,1,0,0,0,0,0.05,0,0,0,0,0,0,0.2,0,1,1,1,1,1,1,1,0.833333333333333,0,0,0,0,0,0,0,0,1,1,0
"11","Coprinellus","Psathyrellaceae","Agaricales","Agaricomycetes","Basidiomycota","Fungi",0.00917431192660551,NA,NA,0.00847457627118644,0,0,0.0153846153846154,0,0.0162162162162162,0.0434782608695652,0,0,0,0,0,0.0714285714285714,0,0.142857142857143,0,0,0,0,0,0.0112359550561798,0,0,0,0,0,0,0,0.0476190476190476,0,0.0833333333333333,0,0,0,0,0,0,0,0,0,0,0,0,0,0,0,0,0,0.181818181818182,0,0,0.142857142857143,0,0,0,0,0,0,0,0,0,0,0,0,0,0,0,0,0,0,0,0,0.111111111111111,0,0,0,0,0,0,0,0,0,0,0,0,0,0,0,0,0,0,0,0,0,0,0.1,0,0
"12","uncl_Lycoperdaceae","Lycoperdaceae","Agaricales","Agaricomycetes","Basidiomycota","Fungi",0.0336391437308868,NA,NA,0.0508474576271186,0,0,0.0230769230769231,0.0555555555555556,0.0432432432432432,0.0869565217391304,0.0588235294117647,0,0,0,0,0.178571428571429,0,0.142857142857143,0,0,0.021978021978022,0,0.03125,0.0449438202247191,0.0689655172413793,0.0882352941176471,0.05,0,0,0,0,0,0,0.0833333333333333,0.0909090909090909,0,0.2,0,0,0,0,0,0,0,0,0,0,0,0,0,0.0833333333333333,0.363636363636364,0,0,0.142857142857143,0,0,0,0,0,0,0,0,0.1,0.1,0,0,0,0,0.0909090909090909,0,0,0.0833333333333333,0.05,0,0.111111111111111,0.0909090909090909,0,0,0,0,0.166666666666667,0.181818181818182,0.0833333333333333,0,0.1,0,0,0,0,0,0,0,0,0,0,0,0,0,0,0
"13","uncl_Xylariales","uncl_Xylariales","Xylariales","Sordariomycetes","Ascomycota","Fungi",0.576452599388379,0.72972972972973,0.5625,0.550847457627119,0.12,0.745283018867924,0.561538461538462,0.577777777777778,0.567567567567568,1,0.529411764705882,0.525,1,0,0.678571428571429,0.392857142857143,0.823529411764706,1,1,0,0.252747252747253,0.866666666666667,0.625,0.269662921348315,0.0344827586206897,1,1,1,1,0,0.679245283018868,1,1,1,1,0.666666666666667,0.2,0.363636363636364,0.571428571428571,0.833333333333333,0.3,1,1,1,0,0,1,0.833333333333333,0.2,0.2,0.5,0.363636363636364,0.818181818181818,0.833333333333333,1,1,1,0,0,0.3,0.1,0.166666666666667,0.4,0,0.6,0.181818181818182,0.25,0.5,1,0.636363636363636,0.5,0.777777777777778,0.166666666666667,0.4,0.2,0.444444444444444,0.0909090909090909,0.333333333333333,0.2,0,0,0.0833333333333333,1,1,1,1,1,1,1,1,0,0,0,0.444444444444444,0.875,0.8,0.333333333333333,0.615384615384615,1,1,1
"14","uncl_Diaporthales","uncl_Diaporthales","Diaporthales","Sordariomycetes","Ascomycota","Fungi",0.373088685015291,NA,NA,0.440677966101695,0.04,0.216981132075472,0.292307692307692,0.322222222222222,0.545945945945946,1,0,0.5,1,0,0.0357142857142857,0.321428571428571,0,1,1,0.5,0.021978021978022,0.733333333333333,0.09375,0.0786516853932584,0,1,1,1,1,0.2,0,1,1,1,1,0,0,0.545454545454545,0.428571428571429,0.333333333333333,0.7,1,1,1,0,0,0,0,0.1,0,0.0833333333333333,0.727272727272727,0,0,1,1,1,0,0.571428571428571,0,0.05,0,0.05,0,0,0,0,0,1,0.181818181818182,0.0833333333333333,0,0,0.15,0,0.111111111111111,0,0.166666666666667,0.05,0,0,0,1,1,1,1,1,1,1,1,0,0,0.5,0,0,0,0,0,1,1,1
"15","uncl_Strophariaceae","Strophariaceae","Agaricales","Agaricomycetes","Basidiomycota","Fungi",0.339449541284404,0.0540540540540541,0.125,0.38135593220339,0.08,0.245283018867925,0.369230769230769,0.311111111111111,0.394594594594595,0.91304347826087,0,0.025,0.964285714285714,0,0.0357142857142857,0.107142857142857,0,0,1,0,0.263736263736264,0.866666666666667,0,0.0224719101123595,0.0344827586206897,1,0.95,1,1,0.2,0.0754716981132075,1,0,0.916666666666667,0.909090909090909,0,0,0,0,0.0833333333333333,0,1,1,0.916666666666667,0,0,0.0833333333333333,0,0,0.2,0,0.181818181818182,0,0,0,1,1,0,0,0.3,0.1,0.166666666666667,0.45,0.1,0.3,0.0909090909090909,1,0.5,1,0,0,0,0.0833333333333333,0,0,0,0,0.0833333333333333,0,0.0833333333333333,0,0,1,1,1,0.9,1,1,1,1,0,0.5,0,0,0.125,0.05,0,0.153846153846154,1,1,0
"16","uncl_Sordariomycetes","uncl_Sordariomycetes","uncl_Sordariomycetes","Sordariomycetes","Ascomycota","Fungi",0.983180428134557,0.891891891891892,0.9375,1,1,0.933962264150943,0.984615384615385,1,0.989189189189189,1,0.882352941176471,0.975,1,1,0.964285714285714,1,1,1,1,0.75,1,1,1,1,1,1,1,1,1,1,0.905660377358491,1,1,1,1,0.833333333333333,1,1,0.857142857142857,1,1,1,1,1,1,1,0.916666666666667,1,1,1,1,1,1,1,1,1,1,1,0.714285714285714,1,1,1,1,1,1,1,1,1,1,1,1,1,1,1,1,1,1,1,1,1,1,1,1,1,1,1,1,1,1,1,1,1,1,1,1,0.8,1,0.923076923076923,1,1,1
"17","Kockovaella","Cuniculitremaceae","Tremellales","Tremellomycetes","Basidiomycota","Fungi",0.036697247706422,NA,NA,0.0169491525423729,0.04,0,0.0307692307692308,0.0555555555555556,0.0648648648648649,0.0869565217391304,0,0.05,0.0357142857142857,0,0.25,0,0,0,0,0,0.0879120879120879,0,0,0.0112359550561798,0.0689655172413793,0,0,0.0454545454545455,0,0,0,0,0,0.166666666666667,0,0,0,0,0,0,0.2,0,0,0.0833333333333333,0,0,0,0,0.7,0,0,0,0,0,0,0,0,0,0,0,0.05,0,0.1,0,0.4,0.0909090909090909,0,0,0,0,0,0,0,0,0,0,0.0909090909090909,0,0,0.166666666666667,0,0,0,0,0,0,0,0,0.0833333333333333,0,0,0,0,0,0,0,0,0,0,0,0
"18","uncl_Pleosporales","uncl_Pleosporales","Pleosporales","Dothideomycetes","Ascomycota","Fungi",0.998470948012232,1,1,1,1,1,1,1,0.994594594594595,1,1,1,1,1,1,1,1,1,1,1,1,1,1,0.98876404494382,1,1,1,1,1,1,1,1,1,1,1,1,1,1,1,1,1,1,1,1,1,1,1,1,1,1,1,1,1,1,1,1,1,1,1,1,1,1,1,1,1,1,1,1,1,1,1,1,1,1,1,1,1,1,0.95,1,1,1,1,1,1,1,1,1,1,1,1,1,1,1,1,1,1,1,1,1,1
"19","Talaromyces","Aspergillaceae","Eurotiales","Eurotiomycetes","Ascomycota","Fungi",0.501529051987768,0.27027027027027,0.0625,0.728813559322034,0.2,0.349056603773585,0.392307692307692,0.322222222222222,0.648648648648649,1,0.176470588235294,0.175,1,0.1875,0.142857142857143,0.25,0,0.857142857142857,1,0,0.208791208791209,0.733333333333333,0.59375,0.438202247191011,0.724137931034483,1,1,1,1,0.4,0.207547169811321,1,0,1,1,0.0833333333333333,0.4,0,0,0.166666666666667,0.5,1,1,1,0.181818181818182,0.2,0.0833333333333333,0.5,0,0.2,0.0833333333333333,0.454545454545455,0,0,0.857142857142857,1,1,0,0,0.4,0.15,0.166666666666667,0.3,0.1,0.2,0,0.5,0,1,1,0,0.888888888888889,0.583333333333333,0.6,0.4,0.111111111111111,0,0.583333333333333,0.5,0.833333333333333,0.2,0.833333333333333,1,1,1,1,1,1,1,1,1,0.5,0,0.444444444444444,0.75,0,0,0.0769230769230769,1,1,0
"20","Lachnum","Hyaloscyphaceae","Helotiales","Leotiomycetes","Ascomycota","Fungi",0.423547400611621,NA,NA,0.644067796610169,0.2,0.226415094339623,0.315384615384615,0.3,0.562162162162162,1,0.0588235294117647,0.025,1,0,0.0357142857142857,0,0,0.142857142857143,1,0.125,0.131868131868132,0.733333333333333,0.03125,0.752808988764045,0,1,1,1,1,1,0,1,0,1,1,0.0833333333333333,0,0.0909090909090909,0,0,0,1,1,1,0,0,0,0,0.1,0,0,0,0,0,0.142857142857143,1,1,1,0,0,0.1,0,0.1,0,0.3,0.272727272727273,0.5,0,1,0.0909090909090909,0,0,1,1,0.6,0.333333333333333,0.0909090909090909,0.666666666666667,1,0,0,0,1,1,1,1,1,1,1,1,1,1,1,0,0,0,0,0,1,1,0
"21","uncl_Marasmiaceae","Marasmiaceae","Agaricales","Agaricomycetes","Basidiomycota","Fungi",0.451070336391437,0.594594594594595,0.6875,0.449152542372881,0.04,0.679245283018868,0.4,0.333333333333333,0.47027027027027,0.956521739130435,0.411764705882353,0.425,1,0,0.642857142857143,0,0.470588235294118,1,1,0.125,0.043956043956044,0.733333333333333,0.125,0.0674157303370786,0,1,0.95,0.954545454545455,1,0.6,0.622641509433962,1,1,0.916666666666667,1,0.583333333333333,0,0.545454545454545,0.285714285714286,0.333333333333333,0.5,1,1,1,0,0,1,0.5,0.3,0,0,0,0.727272727272727,0,1,1,1,1,0,0,0.05,0,0,0,0.2,0.0909090909090909,0,0,1,0.181818181818182,0.0833333333333333,0.111111111111111,0.25,0.05,0,0.111111111111111,0,0.0833333333333333,0,0,0,0,1,1,1,0.9,1,1,0.916666666666667,1,1,1,0,0.888888888888889,0.75,0.4,1,0.615384615384615,1,1,1
"22","Acremonium","Hypocreales_fam_Incertae_sedis","Hypocreales","Sordariomycetes","Ascomycota","Fungi",0.276758409785933,0.0810810810810811,0,0.406779661016949,0.4,0.0660377358490566,0.246153846153846,0.1,0.405405405405405,0.565217391304348,0.117647058823529,0.2,0.285714285714286,0.0625,0.0357142857142857,0.214285714285714,0.0588235294117647,0,0.0909090909090909,0.75,0.428571428571429,0.2,0.34375,0.224719101123595,0.96551724137931,0.441176470588235,0.3,0.181818181818182,0.166666666666667,0.2,0.0566037735849057,0.0476190476190476,0.333333333333333,0.75,0.363636363636364,0.0833333333333333,0.2,0.181818181818182,0,0.0833333333333333,0.5,0.0909090909090909,0,0.583333333333333,0.0909090909090909,0,0,0.166666666666667,0,0,0.0833333333333333,0.454545454545455,0,0.166666666666667,0,0.0833333333333333,0.1,0,0.857142857142857,0.6,0.4,0.333333333333333,0.4,0.1,0,1,0.75,0.5,0.0909090909090909,0.727272727272727,0.0833333333333333,0.222222222222222,0.25,0.25,0.4,0.111111111111111,0.0909090909090909,0.166666666666667,0.3,1,0.8,1,0.363636363636364,0.25,0.727272727272727,0.5,0.1,0.2,0.166666666666667,0.166666666666667,0,0.5,0,0,0,0.15,0,0,0.1,0,0.333333333333333
"23","uncl_Nectriaceae","Nectriaceae","Hypocreales","Sordariomycetes","Ascomycota","Fungi",0.691131498470948,0.351351351351351,0.125,0.847457627118644,0.64,0.556603773584906,0.615384615384615,0.666666666666667,0.740540540540541,1,0.294117647058824,0.275,1,0.75,0.321428571428571,0.357142857142857,0.588235294117647,1,1,0.125,0.659340659340659,1,0.875,0.696629213483146,0.862068965517241,1,1,1,1,0.6,0.283018867924528,1,1,1,1,0.333333333333333,0.2,0.272727272727273,0,0.416666666666667,0.3,1,1,1,0.727272727272727,0.8,0.416666666666667,0.5,0.1,0,0.5,0.363636363636364,0.545454545454545,0.666666666666667,1,1,1,1,0,0.8,0.6,0.5,0.55,0.6,0.7,0.818181818181818,1,1,1,1,0.75,0.888888888888889,0.916666666666667,0.8,0.8,1,0.363636363636364,0.666666666666667,0.5,0.75,0.8,1,1,1,1,1,1,1,1,1,1,0.5,0.5,0.444444444444444,0.25,0.35,0.333333333333333,0.0769230769230769,1,1,1
"24","uncl_Dothideomycetes","uncl_Dothideomycetes","uncl_Dothideomycetes","Dothideomycetes","Ascomycota","Fungi",0.983180428134557,0.972972972972973,0.9375,0.983050847457627,1,0.981132075471698,0.969230769230769,0.988888888888889,0.989189189189189,1,0.941176470588235,0.95,1,0.875,0.964285714285714,0.964285714285714,1,1,1,1,1,1,0.96875,0.98876404494382,1,1,1,1,1,1,0.962264150943396,1,1,1,1,1,0.8,0.909090909090909,1,1,0.9,1,1,1,0.909090909090909,0.8,1,1,0.9,0.8,1,1,1,1,1,1,1,1,1,1,1,1,1,1,1,1,1,1,1,0.909090909090909,1,1,1,1,1,1,0.909090909090909,1,1,1,1,1,1,1,1,1,1,1,1,1,1,1,1,0.888888888888889,1,1,1,0.923076923076923,1,1,1
"25","Myrmecridium","Myrmecridiaceae","Myrmecridiales","Sordariomycetes","Ascomycota","Fungi",0.516819571865443,0.0810810810810811,0,0.550847457627119,0.56,0.254716981132075,0.461538461538462,0.611111111111111,0.632432432432432,0.956521739130435,0.235294117647059,0.225,1,0.0625,0.178571428571429,0.535714285714286,0,1,1,0.5,0.450549450549451,0.866666666666667,0.53125,0.213483146067416,0.586206896551724,1,1,1,1,1,0.0566037735849057,1,1,1,0.909090909090909,0,0.8,0.181818181818182,0.142857142857143,0.166666666666667,0.4,1,1,1,0.0909090909090909,0,0,0,0.5,0,0.75,0.545454545454545,0,0,1,1,1,0,0.571428571428571,0.5,0.65,0.166666666666667,0.4,0,0.6,0.454545454545455,0.75,0.5,1,0.363636363636364,0.916666666666667,0.222222222222222,0.25,0.05,0.2,0.666666666666667,0.363636363636364,0.25,0.05,0.666666666666667,0.6,0.5,1,1,1,1,1,1,1,1,1,1,1,0,0.125,0.1,0,0,1,1,1
"26","uncl_Septobasidiaceae","Septobasidiaceae","Septobasidiales","Pucciniomycetes","Basidiomycota","Fungi",0.00305810397553517,NA,NA,0,0,0,0.0153846153846154,0,0,0.0869565217391304,0,0,0,0,0,0,0,0,0,0,0,0,0,0,0,0,0,0,0,0,0,0,0,0.166666666666667,0,0,0,0,0,0,0,0,0,0,0,0,0,0,0,0,0,0,0,0,0,0,0,0,0,0,0,0,0,0,0,0,0,0,0,0,0,0,0,0,0,0,0,0,0,0,0,0,0,0,0,0,0,0,0,0,0,0,0,0,0,0,0,0,0,0,0
"27","uncl_Didymosphaeriaceae","Didymosphaeriaceae","Pleosporales","Dothideomycetes","Ascomycota","Fungi",0.535168195718654,0.378378378378378,0.4375,0.533898305084746,0.24,0.566037735849057,0.592307692307692,0.544444444444444,0.513513513513513,0.956521739130435,0.235294117647059,0.3,1,0.9375,0.607142857142857,0.464285714285714,0.294117647058824,0.285714285714286,1,0.125,0.296703296703297,1,0.15625,0.426966292134831,0,1,1,1,1,0,0.39622641509434,1,0,0.916666666666667,1,0.0833333333333333,0.6,0.0909090909090909,0.285714285714286,0.416666666666667,0.4,1,1,1,0.909090909090909,1,0.583333333333333,1,0.4,0.8,0.416666666666667,0.363636363636364,0.454545454545455,0,0.285714285714286,1,1,1,0,0.1,0.25,0.166666666666667,0.55,0.3,0.5,0,0.25,1,1,0,0.416666666666667,0,0.333333333333333,0.8,0.2,0.111111111111111,0.272727272727273,0.5,0.35,0,0,0,1,1,1,1,1,1,1,1,0,0,0,0.444444444444444,0.875,0.15,0.666666666666667,0.384615384615385,1,1,0
"28","uncl_Lecanoromycetes","uncl_Lecanoromycetes","uncl_Lecanoromycetes","Lecanoromycetes","Ascomycota","Fungi",0.383792048929664,0.0540540540540541,0.0625,0.372881355932203,0.36,0.292452830188679,0.407692307692308,0.333333333333333,0.454054054054054,0.956521739130435,0.117647058823529,0.125,1,0.1875,0.0357142857142857,0,0.117647058823529,0.142857142857143,1,0.375,0.318681318681319,0.8,0.0625,0.134831460674157,0,0.970588235294118,1,1,1,0.4,0.0566037735849057,1,0,1,0.909090909090909,0.166666666666667,0,0,0.142857142857143,0,0.4,1,1,1,0.181818181818182,0.2,0,0,0.1,0,0,0,0.181818181818182,0,0.142857142857143,1,1,1,0.285714285714286,0,0.45,0.5,0.35,0.1,0.3,0.363636363636364,0.5,0.25,1,0.0909090909090909,0,0.111111111111111,0.166666666666667,0,0,0.444444444444444,0.363636363636364,0.0833333333333333,0.05,0,0,0,1,0.916666666666667,1,1,1,1,1,1,0,0.5,0.5,0.222222222222222,0,0,0.333333333333333,0,1,1,0
"29","Nemania","Xylariaceae","Xylariales","Sordariomycetes","Ascomycota","Fungi",0.281345565749235,NA,NA,0.355932203389831,0,0.216981132075472,0.238461538461538,0.266666666666667,0.345945945945946,0.826086956521739,0,0,1,0,0,0,0,0,1,0,0.010989010989011,0.733333333333333,0,0.0112359550561798,0,1,1,1,0.833333333333333,0,0,1,0,0.916666666666667,0.727272727272727,0,0,0,0,0,0,1,1,1,0,0,0,0,0,0,0,0,0,0,0,1,1,0,0,0,0,0,0,0,0.1,0,0,0,1,0,0,0,0,0.05,0,0,0,0,0,0,0,0,1,1,1,1,1,1,1,0.833333333333333,0,0,0,0,0,0,0,0,1,1,0
"30","uncl_Diatrypaceae","Diatrypaceae","Xylariales","Sordariomycetes","Ascomycota","Fungi",0.373088685015291,0.162162162162162,0.125,0.364406779661017,0.04,0.358490566037736,0.346153846153846,0.444444444444444,0.416216216216216,0.869565217391304,0,0.35,1,0,0.142857142857143,0.25,0.647058823529412,1,1,0,0.043956043956044,0.733333333333333,0.0625,0.0224719101123595,0,1,0.95,1,0.833333333333333,0,0.150943396226415,1,1,0.916666666666667,0.818181818181818,0,0,0.181818181818182,0.571428571428571,0.666666666666667,0,1,1,1,0,0,0.333333333333333,0,0,0.2,0.416666666666667,0.0909090909090909,0.454545454545455,1,1,1,1,0,0,0,0.05,0,0.05,0.1,0,0.0909090909090909,0,0,1,0,0.166666666666667,0,0,0.05,0,0,0.0909090909090909,0,0,0,0,0,1,1,1,0.9,1,1,1,0.833333333333333,0,0,0,0,0.25,0.2,0,0.153846153846154,1,1,1
"31","Curvularia","Pleosporaceae","Pleosporales","Dothideomycetes","Ascomycota","Fungi",0.568807339449541,0.162162162162162,0.0625,0.677966101694915,0.24,0.358490566037736,0.523076923076923,0.744444444444444,0.610810810810811,1,0.176470588235294,0.475,1,0.125,0.142857142857143,0.5,0.294117647058824,0.571428571428571,1,0.125,0.472527472527473,0.866666666666667,0.78125,0.235955056179775,1,1,1,1,1,0.6,0.132075471698113,1,1,1,1,0,0.6,0.363636363636364,0.428571428571429,0.583333333333333,0.5,1,1,1,0.181818181818182,0,0.333333333333333,0,0,0,0.833333333333333,0.363636363636364,0.272727272727273,0.333333333333333,0.571428571428571,1,1,1,0,0.4,0.3,0.5,0.45,0.5,0.5,0.727272727272727,0.75,0.5,1,0.909090909090909,0.833333333333333,0.555555555555556,0.166666666666667,0.3,0,0.555555555555556,0.636363636363636,0,0.05,1,1,1,1,1,1,1,1,1,1,1,1,0.5,0.5,0,0.25,0.2,0.333333333333333,0,1,1,1
"32","uncl_Tulasnellaceae","Tulasnellaceae","Cantharellales","Agaricomycetes","Basidiomycota","Fungi",0.0795107033639144,0.0540540540540541,0.0625,0.0169491525423729,0,0.0849056603773585,0.138461538461538,0.122222222222222,0.0648648648648649,0.0869565217391304,0.0588235294117647,0.225,0.142857142857143,0,0.107142857142857,0.178571428571429,0.0588235294117647,0,0.272727272727273,0.25,0.021978021978022,0.2,0.03125,0.0112359550561798,0.103448275862069,0.117647058823529,0,0,0.166666666666667,0,0.0566037735849057,0.0476190476190476,0,0.166666666666667,0,0.0833333333333333,0,0,0.714285714285714,0.333333333333333,0,0.181818181818182,0,0.166666666666667,0,0,0.166666666666667,0,0.1,0,0.166666666666667,0.272727272727273,0,0.166666666666667,0,0.166666666666667,0.4,0,0.285714285714286,0,0,0,0.05,0,0,0.0909090909090909,0,0.5,0.0909090909090909,0,0.0833333333333333,0,0,0,0,0,0,0.0833333333333333,0,0.0833333333333333,0.2,0.0833333333333333,0.0909090909090909,0.25,0,0,0,0,0,0.166666666666667,0,0,0,0.222222222222222,0,0,0,0.0769230769230769,0,0.0909090909090909,0
"33","uncl_Glomeromycota","uncl_Glomeromycota","uncl_Glomeromycota","uncl_Glomeromycota","Glomeromycota","Fungi",0.7217125382263,0.837837837837838,0.5,0.644067796610169,0.72,0.792452830188679,0.669230769230769,0.8,0.72972972972973,0.260869565217391,0.882352941176471,0.85,0.785714285714286,0.625,0.678571428571429,0.964285714285714,0.176470588235294,0.857142857142857,0.818181818181818,0.875,0.857142857142857,0.8,0.4375,0.943820224719101,0.275862068965517,0.470588235294118,0.6,0.772727272727273,0.666666666666667,1,0.735849056603774,0.619047619047619,1,0.25,0.272727272727273,1,0.6,0.454545454545455,1,1,1,0.818181818181818,1,0.666666666666667,0.818181818181818,0.2,0.666666666666667,0.833333333333333,0.6,1,0.916666666666667,1,0.272727272727273,0,0.857142857142857,1,0.6,1,0.857142857142857,0.9,0.7,1,0.95,0.9,0.7,1,0.75,0.25,1,0.181818181818182,0.5,0.666666666666667,0.916666666666667,0.95,0.8,1,1,1,0.9,0.333333333333333,0.4,0.166666666666667,0.363636363636364,0.416666666666667,0.636363636363636,0.7,0.5,0.8,0.75,0.666666666666667,1,1,1,0.777777777777778,0.75,0.9,0.333333333333333,0.538461538461538,0.6,0.636363636363636,1
"34","Magnaporthiopsis","Magnaporthaceae","Magnaporthales","Sordariomycetes","Ascomycota","Fungi",0.599388379204893,0.027027027027027,0,0.652542372881356,0.72,0.273584905660377,0.530769230769231,0.722222222222222,0.724324324324324,0.956521739130435,0.0588235294117647,0.5,1,0.3125,0.214285714285714,0.535714285714286,0.117647058823529,1,1,0.875,0.758241758241758,1,0.71875,0.404494382022472,0.275862068965517,1,1,1,0.833333333333333,0,0.0188679245283019,1,1,0.916666666666667,1,0,0.2,0.909090909090909,0,0.0833333333333333,0.9,1,1,1,0.0909090909090909,0.8,0.333333333333333,0.166666666666667,0.1,0.2,0.583333333333333,0.636363636363636,0,0.333333333333333,1,1,1,1,0.857142857142857,0.6,0.85,0.333333333333333,0.85,0.4,1,0.909090909090909,0.75,1,1,0.727272727272727,1,0.333333333333333,0.5,0.25,0.2,0.333333333333333,0.727272727272727,0.666666666666667,0.25,0.0833333333333333,0.4,0.416666666666667,1,1,1,1,1,1,1,0.833333333333333,0,0,0,0,0,0.05,0,0,1,1,1
"35","Veronaea","Herpotrichiellaceae","Chaetothyriales","Eurotiomycetes","Ascomycota","Fungi",0.292048929663609,NA,NA,0.364406779661017,0,0.216981132075472,0.253846153846154,0.277777777777778,0.362162162162162,0.739130434782609,0,0.025,1,0.0625,0,0,0,0,1,0,0.010989010989011,0.733333333333333,0,0.0337078651685393,0.275862068965517,0.970588235294118,0.9,0.909090909090909,1,0.2,0,1,0,0.75,0.727272727272727,0,0,0,0,0,0.1,1,1,1,0,0.2,0,0,0,0,0,0,0,0,0,1,1,0,0,0,0,0,0,0.1,0,0,0,0,1,0,0,0,0,0.05,0,0.111111111111111,0.0909090909090909,0,0,0.25,0,0.416666666666667,1,1,0.909090909090909,0.9,0.9,0.9,0.916666666666667,1,0,0.5,0,0,0,0,0,0,1,1,0
"36","Xylaria","Xylariaceae","Xylariales","Sordariomycetes","Ascomycota","Fungi",0.324159021406728,NA,NA,0.440677966101695,0.04,0.226415094339623,0.253846153846154,0.277777777777778,0.416216216216216,0.869565217391304,0,0.175,0.928571428571429,0.25,0.0714285714285714,0.25,0,0,0.954545454545455,0,0.021978021978022,0.666666666666667,0.25,0.101123595505618,0.103448275862069,0.970588235294118,0.9,0.727272727272727,0.833333333333333,0,0,1,0,1,0.727272727272727,0,0,0.272727272727273,0,0.0833333333333333,0.3,0.818181818181818,1,1,0.272727272727273,0.2,0,0,0.2,0.2,0,0.545454545454545,0,0,0,1,0.9,0,0,0,0.05,0,0,0,0.1,0,0,0,0.909090909090909,0.272727272727273,0.0833333333333333,0.444444444444444,0.25,0.2,0,0,0,0.166666666666667,0,0.166666666666667,0,0.0833333333333333,1,1,0.909090909090909,0.8,1,0.8,0.666666666666667,0.833333333333333,0,0,0,0,0,0,0,0,1,1,0
"37","Elasticomyces","Teratosphaeriaceae","Mycosphaerellales","Dothideomycetes","Ascomycota","Fungi",0.0152905198776758,NA,NA,0,0,0,0.0615384615384615,0.0111111111111111,0.00540540540540541,0.217391304347826,0,0,0,0,0,0,0,0,0,0,0.010989010989011,0.0666666666666667,0,0,0,0,0,0,0.5,0,0,0,0,0.333333333333333,0.0909090909090909,0,0,0,0,0,0,0,0,0,0,0,0,0,0,0,0,0,0,0,0,0,0,0,0,0,0,0,0,0,0.1,0,0,0.25,0,0,0,0,0,0,0,0,0,0,0,0,0,0,0,0,0,0,0,0,0,0.5,0,0,0,0,0,0,0,0,0,0,0
"38","Aureobasidium","Saccotheciaceae","Dothideales","Dothideomycetes","Ascomycota","Fungi",0.249235474006116,0.648648648648649,0.75,0.110169491525424,0.2,0.405660377358491,0.392307692307692,0.0555555555555556,0.248648648648649,0.782608695652174,0.235294117647059,0.025,0.428571428571429,0.3125,0.428571428571429,0.142857142857143,0.235294117647059,0.142857142857143,0.363636363636364,1,0.384615384615385,0,0.03125,0.0449438202247191,0.0689655172413793,0.0294117647058824,0.05,0,0.666666666666667,0,0.679245283018868,0.0952380952380952,0,0.75,0.818181818181818,0.166666666666667,0.4,0.0909090909090909,0,0,0,0.454545454545455,0.2,0.5,0.363636363636364,0.2,0.333333333333333,0.5,0.5,0.2,0.166666666666667,0.0909090909090909,0.0909090909090909,0.5,0.142857142857143,0.25,0.5,1,1,0.6,0.25,0.666666666666667,0.2,0.2,0.1,1,0.5,0,0,0,0,0.111111111111111,0,0.05,0,0.111111111111111,0,0.0833333333333333,0.05,0.166666666666667,0,0,0.0909090909090909,0,0,0,0.1,0,0,0.666666666666667,0,0,0,0.666666666666667,1,0.5,1,0.692307692307692,0.2,0,0
"39","uncl_Stachybotryaceae","Stachybotryaceae","Hypocreales","Sordariomycetes","Ascomycota","Fungi",0.636085626911315,0.0540540540540541,0.0625,0.830508474576271,0.76,0.292452830188679,0.515384615384615,0.622222222222222,0.783783783783784,0.695652173913043,0.352941176470588,0.75,0.928571428571429,0.1875,0.25,0.535714285714286,0.176470588235294,1,0.863636363636364,0.625,0.593406593406593,0.666666666666667,0.71875,0.764044943820225,0.620689655172414,1,1,0.818181818181818,0.833333333333333,0.4,0.0566037735849057,1,1,0.916666666666667,0.454545454545455,0.25,0.6,0.636363636363636,0.857142857142857,0.75,0.8,0.818181818181818,1,1,0.272727272727273,0,0.25,0,0.4,0.2,0.416666666666667,0.818181818181818,0,0.5,1,0.916666666666667,0.8,0,0.714285714285714,0.9,0.7,0.166666666666667,0.65,0.2,0.4,0.818181818181818,0.5,0.5,0.727272727272727,0.909090909090909,0.666666666666667,0.555555555555556,0.916666666666667,0.7,1,0.555555555555556,0.727272727272727,0.75,0.8,0.5,0.6,0.75,1,1,1,1,1,0.9,0.75,0.833333333333333,1,0,0.5,0.111111111111111,0,0.05,0.333333333333333,0,1,1,1
"40","uncl_Leotiomycetes","uncl_Leotiomycetes","uncl_Leotiomycetes","Leotiomycetes","Ascomycota","Fungi",0.474006116207951,NA,NA,0.73728813559322,0.32,0.245283018867925,0.315384615384615,0.344444444444444,0.632432432432432,0.826086956521739,0.0588235294117647,0.125,0.892857142857143,0.5625,0.214285714285714,0.107142857142857,0,0.285714285714286,1,0,0.197802197802198,0.733333333333333,0.5625,0.674157303370786,0.344827586206897,0.970588235294118,1,0.954545454545455,0.333333333333333,0.6,0,1,0.333333333333333,0.833333333333333,0.818181818181818,0,0.2,0.181818181818182,0,0,0.3,0.818181818181818,0.8,1,0.454545454545455,0.8,0,0,0.6,0,0.0833333333333333,0.181818181818182,0,0,0.285714285714286,1,1,0,0,0.2,0.25,0.166666666666667,0.15,0.1,0.2,0.272727272727273,0.25,0,1,0.818181818181818,0,1,0.833333333333333,0.8,0.6,0.444444444444444,0.363636363636364,1,0.55,0.5,0.2,0.25,1,1,0.909090909090909,1,1,1,0.916666666666667,0.333333333333333,1,0.5,0.5,0,0,0,0,0,1,1,0.333333333333333
"41","Podoscypha","Podoscyphaceae","Polyporales","Agaricomycetes","Basidiomycota","Fungi",0.279816513761468,NA,NA,0.330508474576271,0,0.216981132075472,0.230769230769231,0.288888888888889,0.351351351351351,0.91304347826087,0,0,1,0,0,0,0,0,1,0,0.032967032967033,0.733333333333333,0,0,0,1,0.95,0.909090909090909,0.666666666666667,0,0,1,0,0.916666666666667,0.909090909090909,0,0,0,0,0,0,1,1,1,0,0,0,0,0,0,0,0,0,0,0,1,1,0,0,0,0,0,0,0,0.3,0,0,0,1,0,0,0,0,0,0,0,0,0,0,0,0,0,1,1,1,0.9,1,0.9,0.916666666666667,0.666666666666667,0,0,0,0,0,0,0,0,1,1,0
"42","uncl_Ophiocordycipitaceae","Ophiocordycipitaceae","Hypocreales","Sordariomycetes","Ascomycota","Fungi",0.36697247706422,NA,NA,0.457627118644068,0.24,0.188679245283019,0.315384615384615,0.388888888888889,0.454054054054054,0.826086956521739,0,0.025,0.857142857142857,0,0,0.0357142857142857,0.0588235294117647,0.285714285714286,1,0,0.340659340659341,0.666666666666667,0.8125,0.0561797752808989,0.0689655172413793,0.941176470588235,1,0.909090909090909,0.5,0,0,1,0,0.916666666666667,0.727272727272727,0,0,0,0,0,0.1,0.727272727272727,1,0.916666666666667,0,0,0,0,0,0,0.0833333333333333,0,0,0.166666666666667,0.285714285714286,1,1,0,0,0.1,0.3,0.166666666666667,0.5,0,0.5,0.545454545454545,0.5,0,0.909090909090909,0.909090909090909,0.583333333333333,1,0,0.15,0,0,0,0,0.1,0,0,0.166666666666667,1,1,0.818181818181818,1,1,0.9,0.916666666666667,0.5,0,0,0,0,0,0,0,0,1,1,0
"43","uncl_Glomeraceae","Glomeraceae","Glomerales","Glomeromycetes","Glomeromycota","Fungi",0.902140672782875,0.918918918918919,1,0.76271186440678,0.96,0.943396226415094,0.984615384615385,0.977777777777778,0.864864864864865,0.91304347826087,1,1,0.75,1,0.928571428571429,1,0.823529411764706,0.857142857142857,0.954545454545455,0.875,0.978021978021978,1,0.6875,0.876404494382023,1,0.794117647058823,0.95,0.818181818181818,1,1,0.943396226415094,0.571428571428571,1,0.916666666666667,0.909090909090909,1,1,1,1,1,1,1,1,0.416666666666667,1,1,1,1,0.8,1,1,1,0.727272727272727,1,0.857142857142857,1,0.9,1,0.857142857142857,0.9,0.95,1,1,1,1,1,1,1,1,0.181818181818182,0.916666666666667,1,1,0.6,1,1,1,1,0.85,1,1,1,0.545454545454545,0.916666666666667,0.909090909090909,1,0.9,0.8,0.833333333333333,1,1,1,1,0.888888888888889,1,0.9,1,1,0.7,0.454545454545455,1
"44","uncl_Gloniaceae","Gloniaceae","Gloniales","Dothideomycetes","Ascomycota","Fungi",0.0535168195718654,NA,NA,0.11864406779661,0,0,0.0230769230769231,0,0.0972972972972973,0.217391304347826,0,0,0,0,0,0,0,0,0,0,0,0,0,0.191011235955056,0,0,0,0.590909090909091,0,0,0,0,0,0.25,0.181818181818182,0,0,0,0,0,0,0,0,0,0,0,0,0,0,0,0,0,0,0,0,0,0,0,0,0,0,0,0,0,0,0,0,0,0,0,0,0,0,0.4,0,0,0,0,0.45,0,0,0,0,0,0,0,0,0.6,0.583333333333333,0,0,0,0,0,0,0,0,0,0,0,0
"45","Crinipellis","Marasmiaceae","Agaricales","Agaricomycetes","Basidiomycota","Fungi",0.409785932721713,0.027027027027027,0,0.508474576271186,0.6,0.245283018867925,0.323076923076923,0.322222222222222,0.518918918918919,0.869565217391304,0,0.125,1,0.1875,0.0357142857142857,0.0357142857142857,0,1,1,0.625,0.351648351648352,0.666666666666667,0.25,0.213483146067416,0.0344827586206897,1,0.95,0.954545454545455,0.833333333333333,0.4,0.0188679245283019,1,1,0.916666666666667,0.818181818181818,0,0,0.181818181818182,0,0.0833333333333333,0.2,1,1,1,0.181818181818182,0.2,0,0.166666666666667,0,0,0,0.0909090909090909,0,0,1,1,1,0,0.714285714285714,0.5,0.65,0.166666666666667,0.25,0,0.3,0.363636363636364,0.25,0,0.909090909090909,0.272727272727273,0.0833333333333333,0.444444444444444,0.333333333333333,0.25,0.4,0.222222222222222,0.181818181818182,0.0833333333333333,0.15,0,0,0.0833333333333333,1,1,1,1,0.9,0.9,1,0.833333333333333,1,0.5,0,0.111111111111111,0,0,0,0,1,1,1
"46","uncl_Geastrales","uncl_Geastrales","Geastrales","Agaricomycetes","Basidiomycota","Fungi",0.0672782874617737,0.027027027027027,0,0.0677966101694915,0,0.0377358490566038,0.0692307692307692,0.111111111111111,0.0702702702702703,0,0.176470588235294,0.025,0,0.125,0.0714285714285714,0.214285714285714,0,0,0.0454545454545455,0,0.021978021978022,0,0.0625,0.0674157303370786,0.0344827586206897,0.382352941176471,0.15,0.0454545454545455,0,0,0.0188679245283019,0,0,0,0,0.0833333333333333,0.4,0.0909090909090909,0,0,0,0,0,0,0.0909090909090909,0.2,0,0,0.2,0.4,0.166666666666667,0.181818181818182,0,0,0,0.0833333333333333,0,0,0,0,0,0,0,0,0.2,0,0,0,0,0,0.166666666666667,0,0.0833333333333333,0,0,0.333333333333333,0.181818181818182,0,0,0,0.2,0,0.363636363636364,0.166666666666667,0.636363636363636,0.1,0.2,0.1,0,0,0,0,0,0,0.125,0,0,0,0,0,0
"47","Simplicillium","Cordycipitaceae","Hypocreales","Sordariomycetes","Ascomycota","Fungi",0.0688073394495413,0.027027027027027,0,0.0423728813559322,0,0.0566037735849057,0.0692307692307692,0.0333333333333333,0.118918918918919,0.130434782608696,0,0,0.178571428571429,0,0.0714285714285714,0,0,1,0.318181818181818,0,0,0.0666666666666667,0,0,0,0.0882352941176471,0.25,0.136363636363636,0,0,0.0188679245283019,0.238095238095238,1,0.166666666666667,0.0909090909090909,0,0,0,0,0,0,0.181818181818182,0.4,0.0833333333333333,0,0,0,0.166666666666667,0.1,0,0,0,0,0,1,0.25,0.4,0,0,0,0,0,0,0,0,0,0,0,0.0909090909090909,0,0,0,0,0,0,0,0,0,0,0,0,0,0,0.166666666666667,0.0909090909090909,0.1,0.4,0.1,0.166666666666667,0,0,0,0,0,0.125,0,0,0,0.3,0.181818181818182,1
"48","Codinaea","Chaetosphaeriaceae","Chaetosphaeriales","Sordariomycetes","Ascomycota","Fungi",0.339449541284404,NA,NA,0.508474576271186,0.04,0.207547169811321,0.269230769230769,0.233333333333333,0.448648648648649,0.826086956521739,0,0.025,0.964285714285714,0,0,0,0,1,1,0,0.0769230769230769,0.6,0.59375,0.134831460674157,0,0.911764705882353,1,0.863636363636364,0.833333333333333,0,0,1,1,0.916666666666667,0.727272727272727,0,0,0.0909090909090909,0,0,0,0.909090909090909,1,1,0,0,0,0,0,0,0,0,0,0,1,1,1,0,0,0,0.05,0,0.2,0,0.2,0,0,0,0.818181818181818,1,0,0.888888888888889,0.0833333333333333,0.35,0,0,0,0,0.2,0,0,0,1,0.833333333333333,0.909090909090909,1,1,0.9,0.833333333333333,0.833333333333333,0,0,0,0,0,0,0,0,1,1,1
"49","uncl_Hyaloscyphaceae","Hyaloscyphaceae","Helotiales","Leotiomycetes","Ascomycota","Fungi",0.370030581039755,NA,NA,0.584745762711864,0.12,0.207547169811321,0.269230769230769,0.211111111111111,0.508108108108108,0.782608695652174,0,0,0.821428571428571,0,0.0714285714285714,0,0,0.428571428571429,0.909090909090909,0.375,0.21978021978022,0.6,0.03125,0.584269662921348,0,0.823529411764706,0.85,0.863636363636364,0.166666666666667,0.8,0,1,0.333333333333333,0.916666666666667,0.636363636363636,0,0,0,0,0,0,1,0.6,0.75,0,0,0,0,0.2,0,0,0,0,0,0.428571428571429,0.916666666666667,0.9,0,0.428571428571429,0.6,0.1,0,0.3,0,0.1,0.454545454545455,0,0,0.818181818181818,0,0.0833333333333333,0,0.916666666666667,0.6,0.2,0.444444444444444,0,0.583333333333333,0.85,0,0,0,1,0.666666666666667,0.818181818181818,0.9,0.8,0.9,0.833333333333333,0.166666666666667,1,0.5,1,0,0,0,0,0,1,1,0.333333333333333
"50","Penicillium","Aspergillaceae","Eurotiales","Eurotiomycetes","Ascomycota","Fungi",0.311926605504587,NA,NA,0.449152542372881,0.08,0.216981132075472,0.223076923076923,0.255555555555556,0.4,0.608695652173913,0,0,1,0,0,0,0,0.285714285714286,1,0,0.0769230769230769,0.6,0.625,0.0337078651685393,0.103448275862069,0.941176470588235,0.95,0.909090909090909,0.666666666666667,0,0,1,0,0.666666666666667,0.545454545454545,0,0,0,0,0,0,1,1,1,0,0,0,0,0,0,0,0,0,0,0.285714285714286,1,1,0,0,0,0.1,0,0.1,0,0.2,0,0.25,0,0.818181818181818,1,0.0833333333333333,0.888888888888889,0,0.1,0,0,0,0,0.05,0,0,0.25,1,0.916666666666667,0.909090909090909,0.9,1,1,0.833333333333333,0.666666666666667,0,0,0,0,0,0,0,0,1,1,0
"51","Cyberlindnera","Phaffomycetaceae","Saccharomycetales","Saccharomycetes","Ascomycota","Fungi",0.192660550458716,0.027027027027027,0,0.23728813559322,0,0.207547169811321,0.153846153846154,0.166666666666667,0.221621621621622,0.478260869565217,0,0,0.678571428571429,0,0,0,0,0,0.954545454545455,0,0,0.4,0,0.0112359550561798,0,0.617647058823529,0.6,0.772727272727273,0.5,0,0.0188679245283019,0.666666666666667,0,0.416666666666667,0.545454545454545,0,0,0,0,0,0,0.818181818181818,0.6,0.583333333333333,0,0,0,0,0,0,0,0,0,0,0,1,0.9,0,0,0,0,0,0,0,0,0,0,0,0.545454545454545,0,0,0,0,0,0,0,0,0,0.05,0,0,0,0.727272727272727,0.75,0.363636363636364,0.5,0.7,0.8,0.75,0.5,0,0,0,0,0.125,0,0,0,0.7,0.636363636363636,0
"52","Sparticola","Sporormiaceae","Pleosporales","Dothideomycetes","Ascomycota","Fungi",0.0290519877675841,0.0540540540540541,0,0,0.04,0.0283018867924528,0.0769230769230769,0,0.027027027027027,0.347826086956522,0,0,0.0714285714285714,0,0,0,0,0,0,0.125,0.010989010989011,0,0,0,0,0,0,0,0.833333333333333,0,0.0377358490566038,0,0,0.416666666666667,0.272727272727273,0,0,0,0,0,0,0.0909090909090909,0,0.0833333333333333,0,0,0,0,0,0,0,0,0,0,0,0,0,0,0.142857142857143,0,0.05,0,0,0,0,0,0,0,0,0,0,0,0,0,0,0,0,0,0,0,0,0,0,0,0,0,0,0,0,0.833333333333333,0,0,0,0,0,0.1,0,0,0,0,0
"53","Alternaria","Pleosporaceae","Pleosporales","Dothideomycetes","Ascomycota","Fungi",0.126911314984709,0.162162162162162,0,0.144067796610169,0.08,0.160377358490566,0.1,0.0888888888888889,0.140540540540541,0.217391304347826,0.117647058823529,0,0.214285714285714,0.0625,0.214285714285714,0.0357142857142857,0.294117647058824,0,0,0.125,0.175824175824176,0.0666666666666667,0.15625,0.0561797752808989,0.655172413793103,0.0294117647058824,0,0.0454545454545455,0.166666666666667,0.2,0.113207547169811,0,0,0.333333333333333,0.0909090909090909,0.166666666666667,0,0,0,0,0,0.0909090909090909,0,0.416666666666667,0.0909090909090909,0,0.333333333333333,0.166666666666667,0.1,0,0.0833333333333333,0,0.272727272727273,0.333333333333333,0,0,0,1,0,0.3,0.1,0,0.05,0.1,0,0.727272727272727,0.25,0.25,0,0,0.416666666666667,0,0,0.05,0,0.111111111111111,0.0909090909090909,0,0.1,1,0.2,0.5,0,0,0.0909090909090909,0,0,0,0.0833333333333333,0.166666666666667,1,0,0,0.111111111111111,0.125,0.2,0,0,0,0,0
"54","uncl_Pestalotiopsidaceae","Pestalotiopsidaceae","Amphisphaeriales","Sordariomycetes","Ascomycota","Fungi",0.0917431192660551,0.027027027027027,0,0.127118644067797,0,0.0471698113207547,0.0461538461538462,0.0666666666666667,0.151351351351351,0.0434782608695652,0.0588235294117647,0.05,0.0714285714285714,0,0,0,0,1,0.227272727272727,0,0,0.333333333333333,0,0.0112359550561798,0,0.205882352941176,0.45,0.227272727272727,0.166666666666667,0,0.0188679245283019,0.476190476190476,1,0.0833333333333333,0,0.0833333333333333,0,0.0909090909090909,0,0,0.1,0.181818181818182,0,0,0,0,0,0,0,0,0,0,0,0,1,0.0833333333333333,0.4,0,0,0,0,0,0,0,0,0,0,0,0.454545454545455,0,0,0,0,0,0,0,0,0,0.05,0,0,0,0.181818181818182,0.0833333333333333,0.363636363636364,0.7,0.2,0,0.416666666666667,0.166666666666667,0,0,0,0,0,0.05,0,0,0.5,0.454545454545455,1
"55","Ijuhya","Bionectriaceae","Hypocreales","Sordariomycetes","Ascomycota","Fungi",0.394495412844037,NA,NA,0.483050847457627,0.36,0.179245283018868,0.3,0.355555555555556,0.551351351351351,0.652173913043478,0.0588235294117647,0.5,0.642857142857143,0,0.214285714285714,0.321428571428571,0,0.285714285714286,0.818181818181818,0.875,0.472527472527473,0.6,0.15625,0.303370786516854,0,0.852941176470588,0.6,0.636363636363636,0.166666666666667,0.4,0,0.952380952380952,0,0.916666666666667,0.363636363636364,0,0.2,0.818181818181818,0.142857142857143,0.0833333333333333,0.9,0.727272727272727,0.6,0.583333333333333,0,0,0,0,0.6,0,0.166666666666667,0.636363636363636,0,0,0.285714285714286,0.916666666666667,0.7,0,1,0.9,0.4,0.333333333333333,0.25,0,0.4,1,1,0.25,0.727272727272727,0,0.166666666666667,0.333333333333333,0.333333333333333,0.2,0.2,0.666666666666667,0.545454545454545,0.333333333333333,0.1,0,0,0,1,0.75,0.818181818181818,0.4,0.8,0.7,0.583333333333333,0.166666666666667,0,0.5,0.5,0,0,0,0,0,0.9,1,0
"56","Nigrospora","Trichosphaeriaceae","Trichosphaeriales","Sordariomycetes","Ascomycota","Fungi",0.36697247706422,0.027027027027027,0,0.644067796610169,0.04,0.179245283018868,0.192307692307692,0.255555555555556,0.518918918918919,0.434782608695652,0,0.175,0.678571428571429,0.0625,0.107142857142857,0.107142857142857,0,1,0.909090909090909,0.375,0.197802197802198,0.333333333333333,0.65625,0.247191011235955,0.275862068965517,0.941176470588235,0.85,0.772727272727273,0.333333333333333,0.6,0.0188679245283019,0.904761904761905,0.666666666666667,0.583333333333333,0.272727272727273,0,0,0.181818181818182,0,0.0833333333333333,0.4,0.636363636363636,0.8,0.666666666666667,0,0.2,0,0,0.3,0,0,0.272727272727273,0,0,1,0.916666666666667,0.9,0,0.428571428571429,0.6,0.05,0,0.05,0,0.1,0.636363636363636,0.5,0,0.454545454545455,1,0.5,0.444444444444444,0.0833333333333333,0.55,0,0.111111111111111,0,0,0.45,0.416666666666667,0,0.25,1,0.833333333333333,1,0.9,0.8,0.9,0.666666666666667,0.333333333333333,1,0,1,0,0,0.05,0,0,1,0.818181818181818,0.666666666666667
"57","Fimicolochytrium","Powellomycetaceae","Spizellomycetales","Spizellomycetes","Chytridiomycota","Fungi",0.0107033639143731,NA,NA,0.0254237288135593,0,0.00943396226415094,0,0,0.0162162162162162,0,0,0,0,0.0625,0,0,0,0,0,0,0,0,0,0,0,0,0.2,0.0909090909090909,0,0,0,0,0,0,0,0,0,0,0,0,0,0,0,0,0.0909090909090909,0,0,0,0,0,0,0,0,0,0,0,0,0,0,0,0,0,0,0,0,0,0,0,0,0,0,0,0,0,0,0,0,0,0,0,0,0,0,0,0,0.1,0.3,0.2,0,0,0,0,0,0,0,0,0,0,0,0,0
"58","Tranzscheliella","Ustilaginaceae","Ustilaginales","Ustilaginomycetes","Basidiomycota","Fungi",0.0168195718654434,NA,NA,0,0,0,0.0461538461538462,0,0.027027027027027,0.260869565217391,0,0,0,0,0,0,0,0.571428571428571,0,0,0,0,0,0,0,0,0,0,0,0,0,0,0.333333333333333,0.5,0,0,0,0,0,0,0,0,0,0,0,0,0,0,0,0,0,0,0,0,0.571428571428571,0,0,0,0,0,0,0,0,0,0,0,0,0,0,0,0,0,0,0,0,0,0,0,0,0,0,0,0,0,0,0,0,0,0,0,0,0,0,0,0,0,0,0,0,0,0.333333333333333
"59","uncl_Sordariales","uncl_Sordariales","Sordariales","Sordariomycetes","Ascomycota","Fungi",0.96177370030581,0.918918918918919,0.8125,1,1,0.886792452830189,0.923076923076923,0.988888888888889,0.989189189189189,0.956521739130435,0.823529411764706,1,1,1,0.785714285714286,1,0.941176470588235,1,1,0.875,0.945054945054945,0.933333333333333,1,0.98876404494382,1,1,1,1,1,1,0.886792452830189,1,1,0.916666666666667,1,0.75,1,1,1,1,1,1,1,1,1,1,0.583333333333333,0.833333333333333,1,1,1,1,0.909090909090909,1,1,1,1,1,0.857142857142857,1,1,0.833333333333333,0.9,0.9,1,0.909090909090909,1,0.75,1,1,1,1,1,1,1,0.888888888888889,1,1,1,1,1,1,1,1,1,1,1,1,1,1,1,1,1,1,1,0.85,0.666666666666667,0.846153846153846,1,1,1
"60","Trichoderma","Hypocreaceae","Hypocreales","Sordariomycetes","Ascomycota","Fungi",0.351681957186544,0.027027027027027,0,0.5,0.04,0.226415094339623,0.284615384615385,0.288888888888889,0.448648648648649,0.956521739130435,0,0,1,0,0,0.107142857142857,0,0.428571428571429,1,0,0.10989010989011,0.733333333333333,0.46875,0.0449438202247191,0.275862068965517,0.970588235294118,1,1,1,0,0.0188679245283019,1,0.333333333333333,0.916666666666667,1,0,0,0,0,0,0,1,1,1,0,0,0,0,0,0,0.0833333333333333,0.181818181818182,0,0,0.428571428571429,1,1,0,0,0.4,0.05,0,0.15,0,0,0.181818181818182,0,0,1,0.727272727272727,0.166666666666667,0.555555555555556,0,0.1,0,0.111111111111111,0,0,0.05,0.333333333333333,0.2,0.25,1,1,0.909090909090909,1,1,1,1,1,0,0,0,0,0,0.05,0,0,1,1,0.333333333333333
"61","uncl_Eurotiomycetes","uncl_Eurotiomycetes","uncl_Eurotiomycetes","Eurotiomycetes","Ascomycota","Fungi",0.798165137614679,0.567567567567568,0.625,0.864406779661017,0.8,0.69811320754717,0.669230769230769,0.777777777777778,0.913513513513514,1,0.705882352941177,0.975,1,0,0.892857142857143,0.428571428571429,0.588235294117647,1,1,0.875,0.736263736263736,1,0.59375,0.865168539325843,0.689655172413793,1,1,1,1,0.4,0.584905660377358,1,1,1,1,0.916666666666667,0.2,1,1,1,0.9,1,1,1,0,0,0.833333333333333,1,0.9,0,0.25,0.818181818181818,0.818181818181818,0.166666666666667,1,1,1,0,1,0.8,0.75,0.833333333333333,0.55,0.8,0.6,1,0.75,1,1,0.454545454545455,0.666666666666667,0.666666666666667,0.833333333333333,0.85,1,0.777777777777778,0.909090909090909,0.666666666666667,1,0.833333333333333,0.4,0.666666666666667,1,1,1,1,1,1,1,1,0,0,1,0.111111111111111,0.625,0.75,0,0.769230769230769,1,1,1
"62","Stagonospora","Massarinaceae","Pleosporales","Dothideomycetes","Ascomycota","Fungi",0.165137614678899,NA,NA,0.288135593220339,0.04,0.0849056603773585,0.1,0.111111111111111,0.221621621621622,0.130434782608696,0,0.025,0.321428571428571,0,0,0,0,0.142857142857143,0.545454545454545,0,0.010989010989011,0.2,0.09375,0.202247191011236,0.172413793103448,0.470588235294118,0.55,0.454545454545455,0.166666666666667,0,0,0.666666666666667,0,0.166666666666667,0.0909090909090909,0,0,0.0909090909090909,0,0,0,0.272727272727273,0.6,0.25,0,0,0,0,0,0,0,0,0,0,0.142857142857143,0.5,0.6,0,0,0,0,0,0,0,0.1,0,0,0,0.272727272727273,0,0.166666666666667,0.111111111111111,0,0.35,0.2,0,0,0.0833333333333333,0.45,0.166666666666667,0.2,0.166666666666667,0.727272727272727,0.333333333333333,0.363636363636364,0.4,0.7,0.5,0.416666666666667,0.166666666666667,0,0,0,0,0,0,0,0,0.7,0.636363636363636,0
"63","Mollisia","Mollisiaceae","Helotiales","Leotiomycetes","Ascomycota","Fungi",0.259938837920489,NA,NA,0.415254237288136,0,0.188679245283019,0.169230769230769,0.155555555555556,0.351351351351351,0.478260869565217,0,0,0.821428571428571,0,0,0,0,0,0.909090909090909,0,0,0.466666666666667,0,0.314606741573034,0,0.764705882352941,0.75,0.818181818181818,0.333333333333333,0,0,0.952380952380952,0,0.5,0.454545454545455,0,0,0,0,0,0,0.818181818181818,1,0.75,0,0,0,0,0,0,0,0,0,0,0,0.916666666666667,0.9,0,0,0,0,0,0,0,0,0,0,0,0.636363636363636,0,0,0,0,0.65,0,0,0,0,0.75,0,0,0,0.909090909090909,0.583333333333333,0.818181818181818,0.8,0.7,0.9,0.75,0.333333333333333,0,0,0,0,0,0,0,0,0.9,1,0
"64","Geopora","Pyronemataceae","Pezizales","Pezizomycetes","Ascomycota","Fungi",0.0198776758409786,0,0.0625,0,0,0.00943396226415094,0.0538461538461538,0,0.027027027027027,0.173913043478261,0.0588235294117647,0,0.142857142857143,0,0.0714285714285714,0,0,0,0.0454545454545455,0,0,0,0,0,0,0,0,0,0,0,0.0188679245283019,0,0,0.333333333333333,0,0,0.2,0,0,0,0,0.0909090909090909,0,0.25,0,0,0,0,0.2,0,0,0,0,0,0,0,0.1,0,0,0,0,0,0,0,0,0,0,0,0,0,0,0,0,0,0,0,0,0,0,0,0,0,0,0,0,0,0,0,0,0,0,0,0,0,0,0,0.333333333333333,0,0,0,0
"65","Meira","Brachybasidiaceae","Exobasidiales","Exobasidiomycetes","Basidiomycota","Fungi",0.0152905198776758,NA,NA,0.00847457627118644,0,0,0.0461538461538462,0,0.0162162162162162,0.217391304347826,0,0,0,0,0,0.107142857142857,0,0,0,0,0.010989010989011,0,0,0,0.0344827586206897,0,0,0,0,0,0,0,0,0.416666666666667,0,0,0,0,0,0,0,0,0,0,0,0,0,0,0,0,0,0.272727272727273,0,0,0,0,0,0,0,0,0,0,0.05,0,0,0,0,0,0,0,0,0,0,0,0,0,0,0,0,0.0833333333333333,0,0,0,0,0,0,0,0,0,0,0,0,0,0,0,0,0,0,0,0,0
"66","Keissleriella","Lentitheciaceae","Pleosporales","Dothideomycetes","Ascomycota","Fungi",0.0917431192660551,0.135135135135135,0,0.0169491525423729,0.28,0.0849056603773585,0.0769230769230769,0.0666666666666667,0.140540540540541,0.565217391304348,0,0.125,0.142857142857143,0.0625,0,0.107142857142857,0.0588235294117647,0,0,0,0.120879120879121,0.0666666666666667,0,0.0674157303370786,0.103448275862069,0.176470588235294,0,0.0454545454545455,0,0,0.0943396226415094,0,0,0.5,0.636363636363636,0,0,0.0909090909090909,0.142857142857143,0.0833333333333333,0.2,0.181818181818182,0.2,0.0833333333333333,0.0909090909090909,0,0,0,0,0,0,0.272727272727273,0.0909090909090909,0,0,0,0,0,0,0,0.35,0.166666666666667,0,0.1,0.2,0,0,0,0.0909090909090909,0,0,0,0.0833333333333333,0,0,0,0.0909090909090909,0.25,0.05,0,0.2,0.166666666666667,0,0,0.545454545454545,0,0,0,0.0833333333333333,0,0,0,0,0.222222222222222,0.125,0.1,0,0,0,0,0
"67","uncl_Arthoniomycetes","uncl_Arthoniomycetes","uncl_Arthoniomycetes","Arthoniomycetes","Ascomycota","Fungi",0.103975535168196,0.432432432432432,0.5625,0,0.08,0.311320754716981,0.161538461538462,0.0111111111111111,0.0594594594594595,0.391304347826087,0.470588235294118,0.025,0.142857142857143,0.0625,0.142857142857143,0,0.470588235294118,0,0.0909090909090909,0.25,0.032967032967033,0,0,0,0,0,0,0.0454545454545455,0,0,0.471698113207547,0,0,0.5,0.272727272727273,0.5,0.4,0,0,0.0833333333333333,0,0.0909090909090909,0.2,0.166666666666667,0,0.2,0.0833333333333333,0,0.3,0,0,0,0.727272727272727,0,0,0.0833333333333333,0.1,0,0.285714285714286,0,0.1,0,0.05,0,0,0,0,0,0,0,0,0,0,0,0,0,0,0,0,0,0,0,0,0,0,0,0,0,0.0833333333333333,0,0,0,0,0.888888888888889,0.5,0.2,1,0.461538461538462,0,0,0
"68","Malassezia","Malasseziaceae","Malasseziales","Malasseziomycetes","Basidiomycota","Fungi",0.0565749235474006,0.0810810810810811,0.125,0.0932203389830508,0,0.0566037735849057,0.0615384615384615,0.0777777777777778,0.027027027027027,0.0869565217391304,0,0.025,0.0357142857142857,0,0.0714285714285714,0,0,0.142857142857143,0.181818181818182,0,0.0549450549450549,0.0666666666666667,0,0.101123595505618,0,0.0882352941176471,0.1,0,0,0,0.0943396226415094,0.0476190476190476,0,0.166666666666667,0,0,0,0,0,0.0833333333333333,0,0.0909090909090909,0,0,0,0,0,0,0.2,0,0,0,0,0,0.142857142857143,0.166666666666667,0.2,0,0,0.1,0,0,0.1,0,0.2,0,0,0,0.0909090909090909,0,0,0,0,0.35,0,0,0.181818181818182,0,0,0,0,0,0.181818181818182,0.0833333333333333,0,0,0.2,0,0,0,0,0,0,0.111111111111111,0,0.1,0,0.153846153846154,0.1,0,0
"69","Hymenochaete","Hymenochaetaceae","Hymenochaetales","Agaricomycetes","Basidiomycota","Fungi",0.0535168195718654,0.0810810810810811,0,0.0254237288135593,0.04,0.0660377358490566,0.0538461538461538,0.0111111111111111,0.0864864864864865,0.565217391304348,0,0,0,0.3125,0,0,0,0,0,0,0.010989010989011,0.0666666666666667,0,0.0337078651685393,0,0.0588235294117647,0.05,0.272727272727273,0,0,0.0566037735849057,0,0,0.5,0.636363636363636,0,0,0,0,0,0,0,0,0,0.363636363636364,0.2,0,0,0,0,0,0,0,0,0,0,0,0,0,0,0.05,0,0,0,0,0,0,0,0.0909090909090909,0,0,0,0,0.05,0,0,0,0,0.1,0,0,0,0,0,0.181818181818182,0.1,0,0.1,0.416666666666667,0,0,0,0,0,0,0.15,0,0,0,0,0
"70","Phaeococcomyces","Phaeococcomycetaceae","Lichenostigmatales","Arthoniomycetes","Ascomycota","Fungi",0.099388379204893,0.243243243243243,0.5,0.00847457627118644,0.08,0.264150943396226,0.184615384615385,0,0.0540540540540541,0.521739130434783,0.294117647058824,0,0.214285714285714,0.125,0.142857142857143,0,0.294117647058824,0,0.0909090909090909,0.5,0.032967032967033,0.0666666666666667,0.03125,0,0,0,0,0,0.5,0,0.320754716981132,0,0,0.666666666666667,0.363636363636364,0.416666666666667,0,0,0,0,0,0.272727272727273,0.2,0.166666666666667,0.0909090909090909,0.2,0.333333333333333,0,0,0,0,0,0.454545454545455,0,0,0.0833333333333333,0.1,0,0.571428571428571,0,0.1,0,0.05,0,0,0,0,0.25,0,0.0909090909090909,0,0,0,0,0,0,0,0,0,0,0,0,0,0,0,0,0,0,0,0.5,0,0,0,0.444444444444444,0.625,0,0.333333333333333,0.538461538461538,0,0,0
"71","Kurtzmanomyces","Chionosphaeraceae","Agaricostilbales","Agaricostilbomycetes","Basidiomycota","Fungi",0.0305810397553517,NA,NA,0.0169491525423729,0,0.0377358490566038,0.0692307692307692,0.0111111111111111,0.0216216216216216,0.130434782608696,0,0,0.0357142857142857,0.25,0.0357142857142857,0.0357142857142857,0,0,0.0454545454545455,0.125,0,0.0666666666666667,0,0.0224719101123595,0,0,0,0,0.833333333333333,0,0,0,0,0.166666666666667,0.0909090909090909,0,0,0,0,0,0,0,0,0.0833333333333333,0.363636363636364,0,0,0,0.1,0.2,0,0,0,0,0,0,0.1,0,0.142857142857143,0,0,0,0,0,0,0,0,0,0.0909090909090909,0,0,0,0,0.1,0,0,0,0,0,0,0,0,0,0,0,0,0,0,0,0.833333333333333,0,0,0,0,0,0,0,0,0,0,0
"72","Rachicladosporium","Cladosporiaceae","Capnodiales","Dothideomycetes","Ascomycota","Fungi",0.0535168195718654,NA,NA,0,0,0.0377358490566038,0.107692307692308,0,0.0918918918918919,0.521739130434783,0.117647058823529,0,0.214285714285714,0.125,0,0.0357142857142857,0,0,0.0454545454545455,0.75,0.021978021978022,0,0,0,0,0,0,0,0.5,0,0,0,0,0.583333333333333,0.454545454545455,0.166666666666667,0,0,0,0,0,0,0.2,0.416666666666667,0.181818181818182,0,0,0,0,0,0,0.0909090909090909,0,0,0,0,0.1,0,0.857142857142857,0,0,0,0.1,0,0,0,0,0,0,0,0,0,0,0,0,0,0,0,0,0,0,0,0,0,0,0,0,0,0,0.5,0,0,0,0,0,0,0,0,0,0,0
"73","uncl_Sporormiaceae","Sporormiaceae","Pleosporales","Dothideomycetes","Ascomycota","Fungi",0.081039755351682,0.27027027027027,0.3125,0.0338983050847458,0,0.141509433962264,0.169230769230769,0.0222222222222222,0.0540540540540541,0.130434782608696,0.117647058823529,0,0.25,0,0.0357142857142857,0.0714285714285714,0.235294117647059,0,0.0454545454545455,0,0.021978021978022,0.2,0.15625,0,0.172413793103448,0,0,0.0454545454545455,0.333333333333333,0,0.283018867924528,0,0,0,0.272727272727273,0.166666666666667,0,0,0,0,0,0.272727272727273,0.4,0.166666666666667,0,0,0,0.166666666666667,0,0,0.0833333333333333,0.0909090909090909,0,0.666666666666667,0,0,0.1,0,0,0,0,0,0.1,0,0,0,0,0.5,0.0909090909090909,0.272727272727273,0,0.222222222222222,0,0,0,0,0,0,0,0.0833333333333333,0.6,0.0833333333333333,0,0,0,0,0,0,0.0833333333333333,0.333333333333333,0,0,0,0.333333333333333,0,0.35,0,0.384615384615385,0,0,0
"74","uncl_Sporidesmiales","uncl_Sporidesmiales","Sporidesmiales","Sordariomycetes","Ascomycota","Fungi",0.00458715596330275,NA,NA,0,0,0,0.0153846153846154,0.0111111111111111,0,0.0869565217391304,0,0,0,0,0,0,0,0,0,0,0,0.0666666666666667,0,0,0,0,0,0,0,0,0,0,0,0.166666666666667,0,0,0,0,0,0,0,0,0,0,0,0,0,0,0,0,0,0,0,0,0,0,0,0,0,0,0,0,0,0,0,0,0,0,0.0909090909090909,0,0,0,0,0,0,0,0,0,0,0,0,0,0,0,0,0,0,0,0,0,0,0,0,0,0,0,0,0,0,0,0
"75","uncl_Dothideales","uncl_Dothideales","Dothideales","Dothideomycetes","Ascomycota","Fungi",0.0902140672782875,0.27027027027027,0.125,0.00847457627118644,0.32,0.19811320754717,0.107692307692308,0.0222222222222222,0.0702702702702703,0.0869565217391304,0.176470588235294,0,0.0714285714285714,0.0625,0.0357142857142857,0.0357142857142857,0.411764705882353,0,0.0454545454545455,0,0.307692307692308,0,0,0,0,0,0.05,0,0,0,0.226415094339623,0,0,0.166666666666667,0,0.25,0,0,0,0,0,0.181818181818182,0,0,0.0909090909090909,0,0,0,0.1,0,0,0.0909090909090909,0.363636363636364,0.5,0,0.0833333333333333,0,0,0,0.1,0.4,0.166666666666667,0.3,0.2,0,0.818181818181818,0.25,0,0,0,0,0,0,0,0,0,0,0,0,0,0,0,0,0,0,0,0.1,0,0,0,0,0,0,0.666666666666667,0.25,0.1,0,0.153846153846154,0,0,0
"76","uncl_Auriculariales_fam_Incertae_sedis","Auriculariales_fam_Incertae_sedis","Auriculariales","Agaricomycetes","Basidiomycota","Fungi",0.0321100917431193,NA,NA,0.0508474576271186,0.04,0.00943396226415094,0.0461538461538462,0.0222222222222222,0.027027027027027,0.173913043478261,0,0.025,0.0357142857142857,0.0625,0,0.0357142857142857,0,0,0,0.125,0.0549450549450549,0.0666666666666667,0.03125,0.0337078651685393,0,0.0294117647058824,0,0,0.166666666666667,0,0,0,0,0.25,0.0909090909090909,0,0,0.0909090909090909,0,0,0,0.0909090909090909,0,0,0,0.2,0,0,0,0,0.0833333333333333,0,0,0,0,0,0,0,0.142857142857143,0.3,0.05,0,0,0,0,0.0909090909090909,0,0.25,0,0,0.0833333333333333,0,0,0.1,0,0,0,0,0.05,0,0,0,0,0,0.0909090909090909,0,0,0,0,0.166666666666667,0,0,0,0,0,0,0,0,0,0,0
"77","uncl_Stictidaceae","Stictidaceae","Ostropales","Lecanoromycetes","Ascomycota","Fungi",0.0107033639143731,NA,NA,0.00847457627118644,0,0,0.0153846153846154,0,0.0216216216216216,0.0434782608695652,0,0,0,0,0.0357142857142857,0,0,0,0,0,0.010989010989011,0,0.0625,0.0112359550561798,0,0,0,0.0454545454545455,0,0,0,0,0,0.0833333333333333,0,0,0,0,0,0,0,0,0,0,0,0,0,0,0.1,0,0,0,0,0,0,0,0,0,0,0,0,0,0.05,0,0,0,0,0,0,0.0909090909090909,0,0.111111111111111,0,0,0,0,0,0,0.05,0,0,0,0,0,0,0,0,0,0.0833333333333333,0,0,0,0,0,0,0,0,0,0,0,0
"78","uncl_Atheliales","uncl_Atheliales","Atheliales","Agaricomycetes","Basidiomycota","Fungi",0.0519877675840979,NA,NA,0.0847457627118644,0.04,0,0.0384615384615385,0.0555555555555556,0.0702702702702703,0.0434782608695652,0,0.15,0,0,0,0.25,0,0,0,0,0.032967032967033,0.2,0,0.0674157303370786,0.0344827586206897,0.0882352941176471,0,0.0454545454545455,0,0.2,0,0.0952380952380952,0,0.0833333333333333,0,0,0,0.272727272727273,0,0,0.3,0,0,0,0,0,0,0,0,0.2,0.0833333333333333,0.454545454545455,0,0,0,0,0,0,0,0.1,0.05,0,0.05,0,0,0,0,0.25,0.181818181818182,0,0,0,0.0833333333333333,0,0,0.111111111111111,0.181818181818182,0.0833333333333333,0.05,0.0833333333333333,0,0,0.272727272727273,0,0,0,0,0,0.0833333333333333,0,0,0,0.5,0,0,0,0,0,0.1,0.0909090909090909,0
"79","Thelebolus","Thelebolaceae","Thelebolales","Leotiomycetes","Ascomycota","Fungi",0.0107033639143731,NA,NA,0.0423728813559322,0,0,0,0,0.0108108108108108,0,0,0,0,0,0,0,0,0,0,0,0.021978021978022,0,0,0.0112359550561798,0.137931034482759,0,0,0,0,0,0,0,0,0,0,0,0,0,0,0,0,0,0,0,0,0,0,0,0,0,0,0,0,0,0,0,0,0,0,0.2,0,0,0,0,0,0,0,0,0,0,0,0,0,0.05,0,0,0,0,0,0.166666666666667,0,0.166666666666667,0,0,0,0,0,0,0,0,0,0,0,0,0,0,0,0,0,0,0
"80","uncl_Mycosphaerellales","uncl_Mycosphaerellales","Mycosphaerellales","Dothideomycetes","Ascomycota","Fungi",0.0795107033639144,0.135135135135135,0,0.0593220338983051,0.04,0.0943396226415094,0.0384615384615385,0.0888888888888889,0.113513513513514,0.347826086956522,0,0,0.25,0.0625,0.0357142857142857,0.0357142857142857,0,0,0.0454545454545455,0.125,0.0549450549450549,0,0.125,0.0561797752808989,0.137931034482759,0.205882352941176,0.1,0,0,0,0.0943396226415094,0,0,0.25,0.454545454545455,0,0,0,0,0,0,0.181818181818182,0,0.416666666666667,0.0909090909090909,0,0.0833333333333333,0,0,0,0.0833333333333333,0,0,0,0,0.0833333333333333,0,1,0,0,0.05,0,0,0,0.1,0.272727272727273,0,0,0,0.0909090909090909,0.25,0,0,0,0,0.111111111111111,0.0909090909090909,0,0.15,0.25,0,0.0833333333333333,0.0909090909090909,0.166666666666667,0.363636363636364,0.2,0,0,0,0,0,0,0,0.333333333333333,0.125,0.05,0,0,0,0,0
"81","Athelia","Atheliaceae","Atheliales","Agaricomycetes","Basidiomycota","Fungi",0.00611620795107034,NA,NA,0,0,0,0.0307692307692308,0,0,0.173913043478261,0,0,0,0,0,0,0,0,0,0,0,0,0,0,0,0,0,0,0,0,0,0,0,0.333333333333333,0,0,0,0,0,0,0,0,0,0,0,0,0,0,0,0,0,0,0,0,0,0,0,0,0,0,0,0,0,0,0,0,0,0,0,0,0,0,0,0,0,0,0,0,0,0,0,0,0,0,0,0,0,0,0,0,0,0,0,0,0,0,0,0,0,0,0
"82","uncl_Cladosporiaceae","Cladosporiaceae","Capnodiales","Dothideomycetes","Ascomycota","Fungi",0.0902140672782875,0.0810810810810811,0.0625,0.0677966101694915,0.04,0.0849056603773585,0.0615384615384615,0.0777777777777778,0.140540540540541,0.130434782608696,0.176470588235294,0.05,0.107142857142857,0,0.0714285714285714,0,0.117647058823529,1,0,0,0.0659340659340659,0,0.09375,0.0898876404494382,0.241379310344828,0.117647058823529,0.05,0.0909090909090909,0,0.2,0.0754716981132075,0.0476190476190476,0,0.25,0,0.25,0,0.0909090909090909,0,0.0833333333333333,0,0,0,0.25,0,0,0.0833333333333333,0,0.1,0,0,0,0.181818181818182,0,1,0,0,0,0,0.1,0.05,0,0.1,0.1,0,0,0.25,0,0,0.0909090909090909,0.166666666666667,0,0,0.1,0,0,0.272727272727273,0.0833333333333333,0.1,0.166666666666667,0.2,0.333333333333333,0.0909090909090909,0,0.272727272727273,0,0.1,0,0.166666666666667,0,0,0.5,0,0.333333333333333,0,0,0.333333333333333,0,0,0.0909090909090909,0
"83","uncl_Microthyriales","uncl_Microthyriales","Microthyriales","Dothideomycetes","Ascomycota","Fungi",0.00152905198776758,NA,NA,0,0,0,0.00769230769230769,0,0,0.0434782608695652,0,0,0,0,0,0,0,0,0,0,0,0,0,0,0,0,0,0,0,0,0,0,0,0.0833333333333333,0,0,0,0,0,0,0,0,0,0,0,0,0,0,0,0,0,0,0,0,0,0,0,0,0,0,0,0,0,0,0,0,0,0,0,0,0,0,0,0,0,0,0,0,0,0,0,0,0,0,0,0,0,0,0,0,0,0,0,0,0,0,0,0,0,0,0
"84","Karstenia","Stictidaceae","Ostropales","Lecanoromycetes","Ascomycota","Fungi",0.0122324159021407,NA,NA,0.0169491525423729,0,0,0.0153846153846154,0,0.0216216216216216,0.0434782608695652,0,0,0,0,0.107142857142857,0,0,0,0,0,0,0.0666666666666667,0,0.0224719101123595,0,0,0,0.0454545454545455,0,0,0,0,0,0.0833333333333333,0,0,0,0,0,0,0,0,0,0,0,0,0,0,0.3,0,0,0,0,0,0,0,0,0,0,0,0,0,0,0,0,0,0,0.25,0,0,0,0,0,0.1,0,0,0,0,0,0,0,0,0,0,0,0,0,0,0.0833333333333333,0,0,0,0,0,0,0,0,0,0,0,0
"85","Genolevuria","Bulleraceae","Tremellales","Tremellomycetes","Basidiomycota","Fungi",0.0626911314984709,NA,NA,0,0.2,0.0754716981132075,0.0692307692307692,0.0222222222222222,0.0918918918918919,0.217391304347826,0.235294117647059,0.025,0.142857142857143,0.1875,0.0357142857142857,0.0357142857142857,0,0,0.0454545454545455,0,0.164835164835165,0,0,0.0224719101123595,0.0689655172413793,0.0294117647058824,0,0,0,0,0,0.0476190476190476,0,0.25,0.181818181818182,0.25,0.2,0,0,0,0.1,0,0,0.333333333333333,0.272727272727273,0,0.0833333333333333,0,0,0.2,0,0,0,0,0,0.0833333333333333,0,0,0,0,0.25,0.166666666666667,0.1,0.1,0.1,0.454545454545455,0,0,0,0,0,0,0,0,0,0.111111111111111,0,0.0833333333333333,0,0,0,0.166666666666667,0,0,0.0909090909090909,0,0,0,0,0,0,0,0,0,0,0,0,0,0,0.0909090909090909,0
"86","Sarocladium","Hypocreales_fam_Incertae_sedis","Hypocreales","Sordariomycetes","Ascomycota","Fungi",0.0122324159021407,NA,NA,0.00847457627118644,0,0,0,0.0111111111111111,0.0324324324324324,0,0,0,0,0,0.107142857142857,0.0357142857142857,0,0,0,0,0.021978021978022,0,0.03125,0,0,0.0294117647058824,0,0,0,0,0,0,0,0,0,0,0,0,0,0,0,0,0,0,0,0,0,0,0.3,0,0.0833333333333333,0,0,0,0,0,0,0,0,0.1,0,0,0,0,0,0.0909090909090909,0,0,0,0,0,0.111111111111111,0,0,0,0,0,0,0,0,0,0,0,0,0.0909090909090909,0,0,0,0,0,0,0,0,0,0,0,0,0,0,0,0
"87","Nectriella","Bionectriaceae","Hypocreales","Sordariomycetes","Ascomycota","Fungi",0.0137614678899083,NA,NA,0.0254237288135593,0,0,0.00769230769230769,0.0111111111111111,0.0216216216216216,0.0434782608695652,0,0,0.0357142857142857,0,0,0,0,0.142857142857143,0,0,0,0.0666666666666667,0,0.0112359550561798,0,0.117647058823529,0,0,0,0,0,0,0,0.0833333333333333,0,0,0,0,0,0,0,0,0,0.0833333333333333,0,0,0,0,0,0,0,0,0,0,0.142857142857143,0,0,0,0,0,0,0,0,0,0,0,0,0,0.0909090909090909,0,0,0,0,0.05,0,0,0,0,0,0,0,0,0.181818181818182,0,0.181818181818182,0,0,0,0,0,0,0,0,0,0,0,0,0,0,0,0
"88","Lapidomyces","Teratosphaeriaceae","Mycosphaerellales","Dothideomycetes","Ascomycota","Fungi",0.0596330275229358,0.135135135135135,0.25,0,0.08,0.122641509433962,0.1,0,0.0594594594594595,0.347826086956522,0.176470588235294,0,0.178571428571429,0.0625,0.0714285714285714,0,0.176470588235294,0,0,0,0.0549450549450549,0,0,0,0,0.0294117647058824,0.05,0,0.166666666666667,0,0.169811320754717,0,0,0.416666666666667,0.272727272727273,0.25,0,0,0,0,0,0.0909090909090909,0,0.333333333333333,0.0909090909090909,0,0,0,0.2,0,0,0,0.272727272727273,0,0,0,0,0,0,0,0.1,0.166666666666667,0.1,0,0,0,0,0,0,0,0,0,0,0,0,0,0,0,0,0,0,0,0,0,0.0909090909090909,0,0.1,0,0,0.166666666666667,0,0,0,0.222222222222222,0.25,0.05,0,0.307692307692308,0,0,0
"89","Bezerromyces","Bezerromycetaceae","Tubeufiales","Dothideomycetes","Ascomycota","Fungi",0.00305810397553517,NA,NA,0,0,0,0.00769230769230769,0,0.00540540540540541,0.0434782608695652,0,0,0.0357142857142857,0,0,0,0,0,0,0,0,0,0,0,0,0,0,0,0,0,0,0,0,0.0833333333333333,0,0,0,0,0,0,0,0,0,0.0833333333333333,0,0,0,0,0,0,0,0,0,0,0,0,0,0,0,0,0,0,0,0,0,0,0,0,0,0,0,0,0,0,0,0,0,0,0,0,0,0,0,0,0,0,0,0,0,0,0,0,0,0,0,0,0,0,0,0,0
"90","Lactarius","Russulaceae","Russulales","Agaricomycetes","Basidiomycota","Fungi",0.0519877675840979,NA,NA,0.0593220338983051,0.04,0.00943396226415094,0.0461538461538462,0.1,0.0540540540540541,0.173913043478261,0.0588235294117647,0,0.0714285714285714,0.0625,0.0357142857142857,0.0357142857142857,0,0,0,0,0.021978021978022,0,0.1875,0.0224719101123595,0.0344827586206897,0.0588235294117647,0,0.454545454545455,0,0.2,0,0,0,0.333333333333333,0,0,0.2,0,0,0,0,0,0,0.166666666666667,0.0909090909090909,0,0,0,0.1,0,0.0833333333333333,0,0,0,0,0,0,0,0,0.1,0.05,0,0,0,0,0,0,0,0,0,0.5,0,0,0,0,0,0.181818181818182,0,0,0,0,0.0833333333333333,0.0909090909090909,0,0.0909090909090909,0,0,0.5,0.416666666666667,0,0,0.5,0,0,0,0,0,0,0,0,0
"91","uncl_Teratosphaeriaceae","Teratosphaeriaceae","Mycosphaerellales","Dothideomycetes","Ascomycota","Fungi",0.0351681957186544,0.0540540540540541,0,0.0169491525423729,0.08,0.0471698113207547,0.0384615384615385,0,0.0486486486486487,0.217391304347826,0.0588235294117647,0,0.107142857142857,0.0625,0.0357142857142857,0.0357142857142857,0,0,0,0.125,0.0549450549450549,0,0,0,0,0.0882352941176471,0,0,0,0,0.0377358490566038,0,0,0.166666666666667,0.272727272727273,0.0833333333333333,0,0,0,0,0,0.0909090909090909,0,0.166666666666667,0.0909090909090909,0,0,0,0.1,0,0,0.0909090909090909,0,0,0,0,0,0,0.142857142857143,0,0.1,0,0.15,0,0,0,0,0,0,0,0,0,0,0,0,0,0,0,0,0,0,0,0.181818181818182,0,0.0909090909090909,0,0,0,0,0,0,0,0,0.222222222222222,0,0,0,0,0,0,0
"92","Pezicula","Dermateaceae","Helotiales","Leotiomycetes","Ascomycota","Fungi",0.036697247706422,NA,NA,0.0508474576271186,0,0,0.0153846153846154,0,0.0864864864864865,0.0434782608695652,0,0,0.0357142857142857,0,0,0,0,1,0,0,0,0,0,0,0,0,0.1,0.454545454545455,0,0,0,0,1,0.0833333333333333,0,0,0,0,0,0,0,0,0.2,0,0,0,0,0,0,0,0,0,0,0,1,0,0,0,0,0,0,0,0,0,0,0,0,0,0,0,0,0,0,0,0,0,0,0,0,0,0,0,0,0,0,0.1,0.1,0.5,0.416666666666667,0,0,0,0,0,0,0,0,0,0,0,1
"93","Phaeoacremonium","Togniniaceae","Togniniales","Sordariomycetes","Ascomycota","Fungi",0.00458715596330275,NA,NA,0.00847457627118644,0,0,0,0,0.0108108108108108,0,0,0.05,0,0,0,0,0,0,0,0,0,0,0,0,0,0,0,0.0454545454545455,0,0,0,0,0,0,0,0,0,0.0909090909090909,0,0,0.1,0,0,0,0,0,0,0,0,0,0,0,0,0,0,0,0,0,0,0,0,0,0,0,0,0,0,0,0,0,0,0,0,0,0,0,0,0,0,0,0,0,0,0,0,0,0,0,0.0833333333333333,0,0,0,0,0,0,0,0,0,0,0,0
"94","Calvatia","Lycoperdaceae","Agaricales","Agaricomycetes","Basidiomycota","Fungi",0.0259938837920489,NA,NA,0.0508474576271186,0.04,0.0188679245283019,0,0.0222222222222222,0.0324324324324324,0.0434782608695652,0,0,0,0,0.0714285714285714,0.142857142857143,0,0,0,0,0.010989010989011,0.0666666666666667,0.15625,0.0112359550561798,0,0,0.05,0,0,0,0,0.0476190476190476,0,0,0.0909090909090909,0,0,0,0,0,0,0,0,0,0,0,0.166666666666667,0,0,0,0,0.363636363636364,0,0,0,0,0,0,0,0,0.05,0,0,0,0,0,0,0,0.0909090909090909,0.272727272727273,0.0833333333333333,0.111111111111111,0,0.05,0,0,0,0,0,0,0,0,0,0,0,0.1,0,0,0,0,0,0,0,0,0,0,0,0,0.1,0,0
"95","Niesslia","Niessliaceae","Hypocreales","Sordariomycetes","Ascomycota","Fungi",0.00458715596330275,NA,NA,0.00847457627118644,0,0,0.00769230769230769,0,0.00540540540540541,0.0434782608695652,0,0,0,0,0,0,0,0,0,0,0,0,0,0.0112359550561798,0,0.0294117647058824,0,0,0,0,0,0,0,0.0833333333333333,0,0,0,0,0,0,0,0,0,0,0,0,0,0,0,0,0,0,0,0,0,0,0,0,0,0,0,0,0,0,0,0,0,0,0,0,0,0,0,0,0,0,0,0,0.05,0,0,0,0.0909090909090909,0,0,0,0,0,0,0,0,0,0,0,0,0,0,0,0,0,0
"96","uncl_Polyporaceae","Polyporaceae","Polyporales","Agaricomycetes","Basidiomycota","Fungi",0.116207951070336,NA,NA,0.296610169491525,0.12,0,0.0384615384615385,0,0.178378378378378,0.130434782608696,0,0.025,0,0,0,0,0,0,0,0,0.010989010989011,0,0.5,0.224719101123595,0,0,0.6,0.863636363636364,0,0.2,0,0.0952380952380952,0.333333333333333,0.25,0,0,0,0,0.142857142857143,0,0,0,0,0,0,0,0,0,0,0,0,0,0,0,0,0,0,0,0,0,0.05,0,0,0,0,0,0,0,0,0.818181818181818,0,0.777777777777778,0,0.5,0.4,0,0,0,0.4,0,0,0,0,0,0,0.6,0.6,0.9,0.833333333333333,0,0,0.5,0,0,0,0,0,0,0.1,0.0909090909090909,0.333333333333333
"97","uncl_Xylariaceae","Xylariaceae","Xylariales","Sordariomycetes","Ascomycota","Fungi",0.305810397553517,0.027027027027027,0,0.322033898305085,0.16,0.216981132075472,0.223076923076923,0.311111111111111,0.421621621621622,0.434782608695652,0.176470588235294,0.15,0.642857142857143,0.25,0.0714285714285714,0.214285714285714,0.117647058823529,1,0.5,0.375,0.252747252747253,0.2,0.25,0.292134831460674,0.0689655172413793,0.676470588235294,0.35,0.590909090909091,0.166666666666667,0.2,0.0188679245283019,0.80952380952381,1,0.583333333333333,0.272727272727273,0.25,0,0.0909090909090909,0.142857142857143,0.166666666666667,0.2,0.818181818181818,0.6,0.5,0.181818181818182,0.4,0.0833333333333333,0,0.1,0,0.0833333333333333,0.454545454545455,0.181818181818182,0,1,0.416666666666667,0.6,1,0.285714285714286,0.4,0.15,0.166666666666667,0.25,0,0.3,0.454545454545455,0.5,0,0.272727272727273,0,0.416666666666667,0.333333333333333,0.25,0.15,0.2,0.111111111111111,0.545454545454545,0.666666666666667,0.2,0,0.2,0.0833333333333333,0.727272727272727,0.666666666666667,0.636363636363636,0.2,0.5,0.7,0.5,0.166666666666667,1,0,0,0,0,0.05,0,0,0.9,0.727272727272727,1
"98","uncl_Pezizales","uncl_Pezizales","Pezizales","Pezizomycetes","Ascomycota","Fungi",0.17737003058104,0.216216216216216,0.1875,0.135593220338983,0.12,0.19811320754717,0.223076923076923,0.188888888888889,0.162162162162162,0.217391304347826,0.235294117647059,0.25,0.214285714285714,0,0.285714285714286,0.321428571428571,0.0588235294117647,0.142857142857143,0.409090909090909,0.25,0.274725274725275,0.0666666666666667,0.09375,0.0786516853932584,0.0344827586206897,0.0588235294117647,0.1,0.409090909090909,0,0,0.207547169811321,0,0,0.25,0.181818181818182,0.333333333333333,0,0.181818181818182,0.285714285714286,0.416666666666667,0.1,0.0909090909090909,0.2,0.333333333333333,0,0,0,0.666666666666667,0.4,0.6,0.166666666666667,0.363636363636364,0.0909090909090909,0,0.142857142857143,0.583333333333333,0.2,1,0.142857142857143,0.4,0.15,0.333333333333333,0.3,0.2,0.4,0.272727272727273,0.25,0.25,0,0,0.166666666666667,0.111111111111111,0.166666666666667,0.1,0,0.111111111111111,0.0909090909090909,0.0833333333333333,0,0.0833333333333333,0,0,0,0.0833333333333333,0.0909090909090909,0.1,0.1,0.4,0.416666666666667,0,0,0,0,0.111111111111111,0.125,0.3,0,0.230769230769231,0,0,0
"99","uncl_Botryosphaeriaceae","Botryosphaeriaceae","Botryosphaeriales","Dothideomycetes","Ascomycota","Fungi",0.103975535168196,0.0540540540540541,0,0.169491525423729,0.04,0.141509433962264,0.0538461538461538,0.0333333333333333,0.118918918918919,0.0869565217391304,0.117647058823529,0.075,0.214285714285714,0,0.107142857142857,0,0.117647058823529,0.142857142857143,0.227272727272727,0,0.032967032967033,0.0666666666666667,0.03125,0.0112359550561798,0,0.382352941176471,0.3,0.272727272727273,0,0,0.0377358490566038,0.476190476190476,0.333333333333333,0.0833333333333333,0.0909090909090909,0.166666666666667,0,0,0.285714285714286,0.0833333333333333,0,0.454545454545455,0,0.0833333333333333,0,0,0.166666666666667,0,0.1,0,0,0,0.181818181818182,0,0.142857142857143,0.166666666666667,0.3,0,0,0,0.05,0,0.05,0,0,0,0.25,0,0.0909090909090909,0.0909090909090909,0,0,0.0833333333333333,0,0,0,0,0,0,0,0,0,0.454545454545455,0.0833333333333333,0.636363636363636,0.3,0.3,0.4,0.166666666666667,0,0,0,0,0.222222222222222,0,0,0,0,0.6,0.363636363636364,0.333333333333333
"100","Hypocopra","Xylariaceae","Xylariales","Sordariomycetes","Ascomycota","Fungi",0.0305810397553517,NA,NA,0.0169491525423729,0.04,0,0.00769230769230769,0.0222222222222222,0.0756756756756757,0,0,0,0.0357142857142857,0,0,0,0,1,0,0,0.021978021978022,0,0,0,0,0.147058823529412,0.1,0,0,0,0,0,1,0,0,0,0,0,0,0,0,0,0.2,0,0,0,0,0,0,0,0,0,0,0,1,0,0,0,0,0,0.05,0,0,0,0.1,0,0,0,0,0,0,0,0,0,0,0,0,0,0,0,0,0,0.181818181818182,0.0833333333333333,0.181818181818182,0,0.2,0,0,0,0,0,0,0,0,0,0,0,0,0,1
"101","Rhizophagus","Glomeraceae","Glomerales","Glomeromycetes","Glomeromycota","Fungi",0.487767584097859,0.540540540540541,0.75,0.305084745762712,0.44,0.641509433962264,0.615384615384615,0.811111111111111,0.275675675675676,0.391304347826087,0.529411764705882,0.5,0.571428571428571,0.9375,0.678571428571429,0.857142857142857,0.235294117647059,0,0.590909090909091,0.375,0.527472527472527,0.6,0.375,0.51685393258427,0.413793103448276,0.294117647058824,0.6,0.0909090909090909,0.333333333333333,0,0.60377358490566,0.0476190476190476,0.333333333333333,0.25,0.545454545454545,0.416666666666667,0.8,0.181818181818182,0.857142857142857,1,0,0.818181818181818,0.8,0.25,0.909090909090909,1,0.833333333333333,1,0.3,1,0.916666666666667,0.727272727272727,0.363636363636364,0,0,0.833333333333333,0.3,1,0.285714285714286,0.6,0.4,1,0.5,0.9,0.7,0.0909090909090909,0.25,0.5,0.636363636363636,0,0.75,0.333333333333333,0.75,0.25,0.6,0.888888888888889,0.909090909090909,0.166666666666667,0.45,0.5,0.6,0.25,0,0.666666666666667,0.181818181818182,0.7,0.5,0,0.166666666666667,0.333333333333333,0,0,0,0.777777777777778,0.75,0.35,1,0.692307692307692,0.1,0,0.333333333333333
"102","uncl_Tubeufiales","uncl_Tubeufiales","Tubeufiales","Dothideomycetes","Ascomycota","Fungi",0.137614678899083,0.027027027027027,0,0.177966101694915,0.4,0.0754716981132075,0.130769230769231,0.111111111111111,0.12972972972973,0.173913043478261,0.176470588235294,0.275,0,0.0625,0,0.107142857142857,0.235294117647059,0,0,0,0.230769230769231,0,0,0.370786516853933,0,0.147058823529412,0,0,0,0,0.0188679245283019,0.19047619047619,0,0.333333333333333,0,0.25,0,0.454545454545455,0,0.166666666666667,0.4,0,0,0,0,0.2,0,0,0,0.4,0,0.0909090909090909,0.363636363636364,0,0,0,0,0,0,0,0.3,0.5,0.25,0.1,0.2,0.0909090909090909,0.75,0,0,0,0,0,0,0.65,0.8,0.222222222222222,0.272727272727273,0,0.55,0,0,0,0.181818181818182,0.166666666666667,0.0909090909090909,0,0,0,0,0,0,0,0,0.111111111111111,0,0,0,0,0.1,0.272727272727273,0
"103","Poaceascoma","Lentitheciaceae","Pleosporales","Dothideomycetes","Ascomycota","Fungi",0.0504587155963303,NA,NA,0.076271186440678,0.04,0,0.0615384615384615,0.1,0.0324324324324324,0.0434782608695652,0,0,0,0,0.0357142857142857,0,0,0.142857142857143,0,0,0.021978021978022,0,0.125,0.213483146067416,0.0344827586206897,0.0882352941176471,0,0,0,0.2,0,0,0,0.0833333333333333,0,0,0,0,0,0,0,0,0,0,0,0,0,0,0.1,0,0,0,0,0,0.142857142857143,0,0,0,0,0,0.05,0,0.05,0,0,0,0,0,0,0.181818181818182,0.166666666666667,0,0.333333333333333,0.1,0,0.555555555555556,0.636363636363636,0.0833333333333333,0,0,0,0.0833333333333333,0.0909090909090909,0,0.181818181818182,0,0,0,0,0,0,0.5,0,0,0,0,0,0,0,0,0
"104","Deconica","Strophariaceae","Agaricales","Agaricomycetes","Basidiomycota","Fungi",0.0152905198776758,NA,NA,0.00847457627118644,0,0,0.0230769230769231,0.0111111111111111,0.027027027027027,0.0434782608695652,0,0,0,0,0.142857142857143,0,0,0,0,0,0.021978021978022,0.0666666666666667,0,0,0,0,0,0,0.333333333333333,0,0,0,0,0.0833333333333333,0,0,0,0,0,0,0,0,0,0,0,0,0,0,0.4,0,0,0,0,0,0,0,0,0,0,0.1,0,0,0,0,0,0,0.25,0,0.0909090909090909,0,0,0,0,0,0,0,0,0,0,0,0,0,0,0,0,0,0,0,0,0.333333333333333,0,0,0,0,0,0,0,0,0,0,0
"105","Sebacina","Sebacinaceae","Sebacinales","Agaricomycetes","Basidiomycota","Fungi",0.0382262996941896,NA,NA,0.0423728813559322,0.04,0,0.0153846153846154,0,0.0918918918918919,0.0434782608695652,0.0588235294117647,0,0.321428571428571,0,0.107142857142857,0,0,0,0,0,0.010989010989011,0,0,0,0,0,0.1,0.363636363636364,0,0,0,0,0,0.0833333333333333,0,0,0.2,0,0,0,0,0,0,0.75,0,0,0,0,0.3,0,0,0,0,0,0,0,0,0,0,0,0.05,0,0,0,0,0,0,0,0,0,0,0,0,0,0,0,0,0,0,0,0,0,0,0,0,0.2,0,0.3,0.416666666666667,0,0,0,0,0,0,0,0,0,0,0,0
"106","uncl_Orbiliomycetes","uncl_Orbiliomycetes","uncl_Orbiliomycetes","Orbiliomycetes","Ascomycota","Fungi",0.073394495412844,NA,NA,0.0423728813559322,0.16,0.0188679245283019,0.115384615384615,0.0666666666666667,0.0864864864864865,0.260869565217391,0,0,0,0.1875,0,0.0357142857142857,0,0,0,0,0.208791208791209,0,0.09375,0.134831460674157,0,0,0.1,0.0454545454545455,0,0.2,0,0,0,0.416666666666667,0.0909090909090909,0,0,0,0,0,0,0,0,0,0.181818181818182,0.2,0,0,0,0,0.0833333333333333,0,0,0,0,0,0,0,0,0.1,0.2,0,0.3,0.1,0.3,0.272727272727273,0.25,0,0,0.0909090909090909,0,0.222222222222222,0.0833333333333333,0.1,0,0.222222222222222,0.0909090909090909,0.333333333333333,0.1,0,0,0,0,0,0,0,0.2,0,0.0833333333333333,0,0,0.5,0,0,0,0,0,0,0,0,0
"107","uncl_Melanommataceae","Melanommataceae","Pleosporales","Dothideomycetes","Ascomycota","Fungi",0.0290519877675841,NA,NA,0.00847457627118644,0,0.0188679245283019,0.0692307692307692,0.0222222222222222,0.027027027027027,0.347826086956522,0,0,0,0.125,0,0.0357142857142857,0,0,0,0,0.032967032967033,0,0,0.0224719101123595,0.0344827586206897,0.0294117647058824,0,0,0.166666666666667,0,0,0,0,0.583333333333333,0.0909090909090909,0,0,0,0,0,0,0,0,0,0.181818181818182,0,0,0,0,0,0.0833333333333333,0,0,0,0,0,0,0,0,0,0,0,0.05,0,0.1,0,0.25,0,0,0,0,0,0,0.05,0,0,0,0,0.05,0,0,0.0833333333333333,0,0,0.0909090909090909,0,0,0,0,0.166666666666667,0,0,0,0,0,0,0,0,0,0,0
"108","Mycena","Mycenaceae","Agaricales","Agaricomycetes","Basidiomycota","Fungi",0.134556574923547,NA,NA,0.288135593220339,0.16,0.0377358490566038,0.0538461538461538,0.0444444444444444,0.189189189189189,0.130434782608696,0,0.1,0,0.4375,0,0,0,0,0,0,0.164835164835165,0,0.4375,0.235955056179775,0,0.176470588235294,0.1,0.5,0,0,0,0.238095238095238,0,0.166666666666667,0.0909090909090909,0,0,0.181818181818182,0,0,0.2,0,0,0,0.363636363636364,0.6,0,0,0,0,0,0,0,0,0,0,0,0,0,0.3,0.15,0,0.1,0,0.4,0.181818181818182,0.25,0,0,0.727272727272727,0,0.666666666666667,0,0.55,0.2,0,0,0,0.45,0,0,0,0,0,0.545454545454545,0.1,0.1,0.4,0.583333333333333,0,0,0,0,0,0,0,0,0,0.5,0,0
"109","uncl_Phallaceae","Phallaceae","Phallales","Agaricomycetes","Basidiomycota","Fungi",0.018348623853211,NA,NA,0.0338983050847458,0.04,0,0,0,0.0378378378378378,0,0,0,0,0,0,0,0,0,0,0,0.021978021978022,0,0.125,0.0112359550561798,0,0,0.25,0,0,0,0,0,0,0,0,0,0,0,0,0,0,0,0,0,0,0,0,0,0,0,0,0,0,0,0,0,0,0,0,0,0.05,0,0,0,0,0.0909090909090909,0,0,0,0.272727272727273,0,0.111111111111111,0.0833333333333333,0,0,0,0,0,0,0,0,0,0,0,0,0,0.5,0,0,0,0,0,0,0,0,0,0,0,0,0,0
"110","Darksidea","Lentitheciaceae","Pleosporales","Dothideomycetes","Ascomycota","Fungi",0.218654434250765,0.432432432432432,0.5625,0.0338983050847458,0.48,0.311320754716981,0.384615384615385,0.333333333333333,0.0756756756756757,0.434782608695652,0,0.025,0.321428571428571,0.25,0.0714285714285714,0.178571428571429,0.117647058823529,0,0.272727272727273,0,0.538461538461538,0.866666666666667,0,0.123595505617978,0,0.0294117647058824,0,0.0454545454545455,0.5,0.2,0.471698113207547,0,0,0.25,0.636363636363636,0,0,0,0,0.0833333333333333,0,0.727272727272727,0.2,0,0.181818181818182,0.4,0.0833333333333333,0.166666666666667,0,0.6,0.166666666666667,0,0.181818181818182,0,0,0.333333333333333,0.2,0,0,0.1,0.6,0.833333333333333,0.7,0.9,0.4,0.181818181818182,0.5,1,0.818181818181818,0,0,0,0.0833333333333333,0.1,0,0.222222222222222,0.363636363636364,0.166666666666667,0,0,0,0,0,0.0833333333333333,0,0,0,0,0.0833333333333333,0.5,0,0.5,0,0.111111111111111,0.75,0.45,0,0.692307692307692,0,0,0
"111","Gelidatrema","Phaeotremellaceae","Tremellales","Tremellomycetes","Basidiomycota","Fungi",0.00152905198776758,NA,NA,0,0,0,0.00769230769230769,0,0,0.0434782608695652,0,0,0,0,0,0,0,0,0,0,0,0,0,0,0,0,0,0,0,0,0,0,0,0.0833333333333333,0,0,0,0,0,0,0,0,0,0,0,0,0,0,0,0,0,0,0,0,0,0,0,0,0,0,0,0,0,0,0,0,0,0,0,0,0,0,0,0,0,0,0,0,0,0,0,0,0,0,0,0,0,0,0,0,0,0,0,0,0,0,0,0,0,0,0
"112","Aaosphaeria","Pleosporales_fam_Incertae_sedis","Pleosporales","Dothideomycetes","Ascomycota","Fungi",0.0397553516819572,NA,NA,0.0677966101694915,0.04,0,0.0307692307692308,0.0444444444444444,0.0486486486486487,0.130434782608696,0,0,0,0,0,0.0357142857142857,0,0.142857142857143,0,0,0.0549450549450549,0,0.0625,0,0,0.176470588235294,0.35,0,0.166666666666667,0,0,0,0,0.166666666666667,0.0909090909090909,0,0,0,0,0,0,0,0,0,0,0,0,0,0,0,0.0833333333333333,0,0,0,0.142857142857143,0,0,0,0,0.2,0.05,0,0.05,0,0,0.0909090909090909,0,0,0,0.0909090909090909,0.0833333333333333,0,0,0,0,0,0,0,0,0,0,0,0.181818181818182,0.166666666666667,0.181818181818182,0.3,0.4,0,0,0.166666666666667,0,0,0,0,0,0,0,0,0,0,0
"113","Filobasidium","Filobasidiaceae","Filobasidiales","Tremellomycetes","Basidiomycota","Fungi",0.111620795107034,0.324324324324324,0.1875,0.0593220338983051,0.08,0.216981132075472,0.123076923076923,0.0666666666666667,0.102702702702703,0.173913043478261,0.235294117647059,0.025,0.142857142857143,0.1875,0.0714285714285714,0.0357142857142857,0.411764705882353,0,0.136363636363636,0.125,0.142857142857143,0.0666666666666667,0.03125,0.0561797752808989,0.0689655172413793,0.0882352941176471,0.05,0,0.166666666666667,0,0.283018867924528,0.0476190476190476,0,0.0833333333333333,0.272727272727273,0.333333333333333,0,0.0909090909090909,0,0,0,0.0909090909090909,0.4,0.0833333333333333,0.0909090909090909,0.4,0,0.166666666666667,0.1,0,0.0833333333333333,0,0.363636363636364,0.5,0,0.0833333333333333,0.2,0,0.142857142857143,0.2,0.1,0,0,0.1,0,0.636363636363636,0.25,0,0.0909090909090909,0,0,0.111111111111111,0.0833333333333333,0,0,0.111111111111111,0.0909090909090909,0.0833333333333333,0.05,0.0833333333333333,0,0.0833333333333333,0,0.166666666666667,0.0909090909090909,0.1,0,0,0,0.166666666666667,0,0,0,0,0.75,0.3,0,0.230769230769231,0.1,0,0
"114","uncl_Pleosporaceae","Pleosporaceae","Pleosporales","Dothideomycetes","Ascomycota","Fungi",0.408256880733945,0.432432432432432,0.6875,0.483050847457627,0.32,0.273584905660377,0.4,0.322222222222222,0.497297297297297,0.782608695652174,0,0.125,0.214285714285714,0.25,0.214285714285714,0.357142857142857,0,1,0.5,0.125,0.406593406593407,0.133333333333333,0.9375,0.146067415730337,0.413793103448276,0.882352941176471,1,0.363636363636364,0.333333333333333,0.4,0.509433962264151,0.619047619047619,1,0.666666666666667,0.909090909090909,0,0,0.0909090909090909,0.142857142857143,0,0.3,0.181818181818182,0.6,0.0833333333333333,0.363636363636364,0,0.25,0.166666666666667,0.2,0.2,0.25,0.545454545454545,0,0,1,0.333333333333333,0.7,1,0,0.5,0.4,0.333333333333333,0.45,0.1,0.2,0.636363636363636,0.75,0,0.181818181818182,1,0.916666666666667,0.888888888888889,0.0833333333333333,0.15,0,0.333333333333333,0.0909090909090909,0.0833333333333333,0.2,0.416666666666667,0.4,0.416666666666667,0.909090909090909,0.75,1,1,1,0.4,0.333333333333333,0.333333333333333,0,0.5,0.5,0.555555555555556,0.875,0.2,0.666666666666667,0.692307692307692,0.7,0.545454545454545,1
"115","Coprinopsis","Psathyrellaceae","Agaricales","Agaricomycetes","Basidiomycota","Fungi",0.0917431192660551,0.108108108108108,0.0625,0.0593220338983051,0.08,0.141509433962264,0.169230769230769,0.0444444444444444,0.0540540540540541,0.0869565217391304,0.117647058823529,0,0.0714285714285714,0,0.25,0.107142857142857,0.352941176470588,0.142857142857143,0.454545454545455,0.125,0.043956043956044,0.133333333333333,0.09375,0.0224719101123595,0.0689655172413793,0,0.15,0.0454545454545455,0.333333333333333,0,0.0943396226415094,0.0952380952380952,0,0.0833333333333333,0.0909090909090909,0.166666666666667,0,0,0,0,0,0,0.2,0.0833333333333333,0,0,0.416666666666667,0.333333333333333,0,0,0.166666666666667,0.0909090909090909,0.0909090909090909,0.833333333333333,0.142857142857143,0.25,0.7,0,0.142857142857143,0.1,0.1,0.166666666666667,0,0,0,0,0,0.25,0.0909090909090909,0,0.0833333333333333,0.222222222222222,0,0.05,0,0.111111111111111,0,0,0,0,0,0.166666666666667,0,0,0,0.3,0,0,0.0833333333333333,0.333333333333333,0,0,0,0,0,0.2,0,0.0769230769230769,0.2,0,0
"116","uncl_Sakaguchiales","uncl_Sakaguchiales","Sakaguchiales","Cystobasidiomycetes","Basidiomycota","Fungi",0.036697247706422,NA,NA,0.0677966101694915,0.08,0.00943396226415094,0.0230769230769231,0,0.0540540540540541,0.130434782608696,0,0,0.0357142857142857,0,0,0,0,0,0,0,0.021978021978022,0,0,0.0786516853932584,0.0344827586206897,0,0.25,0,0.166666666666667,0.2,0,0.142857142857143,0,0.0833333333333333,0.181818181818182,0,0,0,0,0,0,0.0909090909090909,0,0,0,0,0,0,0,0,0,0,0,0,0,0,0,0,0,0,0.05,0,0,0,0,0.0909090909090909,0,0,0,0,0,0,0.0833333333333333,0.1,0.2,0,0,0.166666666666667,0.05,0,0.2,0,0,0,0,0.2,0.3,0,0,0.166666666666667,1,0,0,0,0,0,0,0,0.2,0.0909090909090909,0
"117","Pleospora","Pleosporaceae","Pleosporales","Dothideomycetes","Ascomycota","Fungi",0.0107033639143731,NA,NA,0,0,0,0.0461538461538462,0,0.00540540540540541,0.0869565217391304,0,0,0,0,0,0,0,0,0,0.125,0,0,0,0,0,0,0,0,0.666666666666667,0,0,0,0,0.166666666666667,0,0,0,0,0,0,0,0,0,0,0,0,0,0,0,0,0,0,0,0,0,0,0,0,0.142857142857143,0,0,0,0,0,0,0,0,0,0,0,0,0,0,0,0,0,0,0,0,0,0,0,0,0,0,0,0,0,0,0.666666666666667,0,0,0,0,0,0,0,0,0,0,0
"118","Conocybe","Bolbitiaceae","Agaricales","Agaricomycetes","Basidiomycota","Fungi",0.13914373088685,0.378378378378378,0,0.0847457627118644,0.28,0.264150943396226,0.115384615384615,0.133333333333333,0.102702702702703,0.0434782608695652,0.0588235294117647,0.075,0.214285714285714,0.125,0.178571428571429,0.142857142857143,0.176470588235294,0,0.409090909090909,0.125,0.175824175824176,0.2,0.03125,0.123595505617978,0,0.117647058823529,0.25,0,0.166666666666667,0.2,0.264150943396226,0,0,0.0833333333333333,0,0.0833333333333333,0,0,0,0.166666666666667,0.1,0.181818181818182,0.2,0.25,0.181818181818182,0,0.25,0.333333333333333,0,0,0.0833333333333333,0.272727272727273,0,0.5,0,0.5,0.3,0,0.142857142857143,0.2,0.3,0,0.15,0.2,0.1,0.181818181818182,0,0.25,0.181818181818182,0,0,0.111111111111111,0.166666666666667,0.15,0.2,0,0.0909090909090909,0.25,0.05,0,0,0,0.0909090909090909,0.25,0,0.2,0.3,0,0,0.166666666666667,0,0,0.5,0.444444444444444,0.25,0.4,0,0,0,0,0
"119","uncl_Cystobasidiomycetes","uncl_Cystobasidiomycetes","uncl_Cystobasidiomycetes","Cystobasidiomycetes","Basidiomycota","Fungi",0.036697247706422,0.027027027027027,0,0.00847457627118644,0.08,0.0377358490566038,0.0307692307692308,0.0222222222222222,0.0594594594594595,0.130434782608696,0.0588235294117647,0.025,0.142857142857143,0,0.0714285714285714,0,0.0588235294117647,0.142857142857143,0,0,0.043956043956044,0,0.0625,0.0337078651685393,0,0,0,0.0454545454545455,0,0,0.0188679245283019,0,0,0.166666666666667,0.0909090909090909,0.0833333333333333,0,0,0,0,0.1,0,0,0.333333333333333,0,0,0.0833333333333333,0,0.1,0,0,0,0.0909090909090909,0,0.142857142857143,0,0,0,0,0,0.1,0,0.05,0,0,0.0909090909090909,0,0,0,0,0.166666666666667,0,0,0.05,0,0.111111111111111,0,0,0.05,0,0,0,0,0,0,0,0,0,0.0833333333333333,0,0,0,0,0.111111111111111,0,0,0,0,0,0,0
"120","Oliveonia","Auriculariales_fam_Incertae_sedis","Auriculariales","Agaricomycetes","Basidiomycota","Fungi",0.0779816513761468,NA,NA,0.127118644067797,0.08,0.0188679245283019,0.107692307692308,0.0666666666666667,0.0648648648648649,0.0434782608695652,0,0.175,0.0357142857142857,0.0625,0,0,0.176470588235294,0.285714285714286,0.0909090909090909,0,0.0659340659340659,0.0666666666666667,0.125,0.0786516853932584,0,0.235294117647059,0.1,0.227272727272727,0,0,0,0.0476190476190476,0,0.0833333333333333,0,0,0,0.181818181818182,0.428571428571429,0,0.2,0,0.2,0,0.0909090909090909,0,0,0,0,0,0,0,0,0.5,0.285714285714286,0.0833333333333333,0.1,0,0,0.2,0.05,0.166666666666667,0.05,0,0,0.0909090909090909,0,0,0.0909090909090909,0.0909090909090909,0.166666666666667,0.111111111111111,0,0.05,0.2,0.333333333333333,0,0,0.1,0,0,0,0.363636363636364,0.25,0.0909090909090909,0,0.2,0.4,0.0833333333333333,0,0,0,0,0,0,0,0,0,0.1,0,0
"121","uncl_Dothideomycetes_ord_Incertae_sedis","uncl_Dothideomycetes_ord_Incertae_sedis","Dothideomycetes_ord_Incertae_sedis","Dothideomycetes","Ascomycota","Fungi",0.00764525993883792,0.027027027027027,0,0,0,0.00943396226415094,0.00769230769230769,0,0.0162162162162162,0.0434782608695652,0,0,0.0714285714285714,0,0.0357142857142857,0,0,0,0,0,0,0,0,0,0,0,0,0,0,0,0.0188679245283019,0,0,0.0833333333333333,0,0,0,0,0,0,0,0,0,0.166666666666667,0,0,0,0,0.1,0,0,0,0,0,0,0,0,0,0,0,0,0,0,0,0,0,0,0,0,0,0,0,0,0,0,0,0,0,0,0,0,0,0,0,0,0,0,0,0,0,0,0,0,0.111111111111111,0,0,0,0,0,0,0
"122","Symmetrospora","Symmetrosporaceae","Cystobasidiomycetes_ord_Incertae_sedis","Cystobasidiomycetes","Basidiomycota","Fungi",0.0458715596330275,NA,NA,0.0254237288135593,0.12,0.0188679245283019,0.0153846153846154,0.0333333333333333,0.0918918918918919,0.0434782608695652,0.117647058823529,0.05,0.107142857142857,0.0625,0,0.0357142857142857,0,0.142857142857143,0,0,0.0989010989010989,0,0,0.0561797752808989,0.0344827586206897,0.0588235294117647,0,0,0,0,0,0.0952380952380952,0,0.0833333333333333,0,0.166666666666667,0,0,0,0.166666666666667,0,0,0,0.25,0,0.2,0,0,0,0,0,0.0909090909090909,0,0,0.142857142857143,0,0,0,0,0,0.15,0,0,0,0,0.545454545454545,0,0,0,0,0,0,0,0.05,0,0,0,0,0.2,0.0833333333333333,0,0,0,0.0833333333333333,0.0909090909090909,0,0,0,0,0,0,0,0,0,0,0,0,0,0.1,0.0909090909090909,0
"123","Agrocybe","Strophariaceae","Agaricales","Agaricomycetes","Basidiomycota","Fungi",0.0198776758409786,0,0.0625,0.0254237288135593,0.04,0,0.0384615384615385,0.0111111111111111,0.0162162162162162,0,0,0,0,0.0625,0.0714285714285714,0.0357142857142857,0,0,0,0,0.010989010989011,0,0,0.0112359550561798,0.0689655172413793,0,0.05,0.0454545454545455,0.333333333333333,0,0.0188679245283019,0,0,0,0,0,0,0,0,0,0,0,0,0,0,0.2,0,0,0.2,0,0.0833333333333333,0,0,0,0,0,0,0,0,0,0.05,0,0,0,0,0,0,0,0,0,0,0,0,0,0,0,0,0,0.05,0.0833333333333333,0.2,0,0,0,0,0.1,0,0.1,0,0.333333333333333,0,0,0,0,0,0,0,0.0769230769230769,0,0,0
"124","Amanita","Amanitaceae","Agaricales","Agaricomycetes","Basidiomycota","Fungi",0.0107033639143731,NA,NA,0.0169491525423729,0.04,0,0.00769230769230769,0,0.0162162162162162,0.0434782608695652,0,0,0,0,0,0,0,0,0,0,0.010989010989011,0,0,0,0,0,0,0.227272727272727,0,0,0,0,0,0.0833333333333333,0,0,0,0,0,0,0,0,0,0,0,0,0,0,0,0,0,0,0,0,0,0,0,0,0,0,0.05,0,0,0,0,0,0,0,0,0,0,0,0,0,0,0,0,0,0,0,0,0,0,0,0,0,0,0.2,0.25,0,0,0,0,0,0,0,0,0,0,0,0
"125","uncl_Neodevriesiaceae","Neodevriesiaceae","Capnodiales","Dothideomycetes","Ascomycota","Fungi",0.0397553516819572,0.0810810810810811,0.25,0.0169491525423729,0,0.0754716981132075,0.0538461538461538,0,0.0486486486486487,0,0,0,0,0.0625,0.107142857142857,0.0357142857142857,0.117647058823529,0,0,0.125,0.010989010989011,0,0,0.0224719101123595,0.241379310344828,0,0.05,0,0,0,0.132075471698113,0,0,0,0,0,0,0,0,0,0,0,0,0,0.0909090909090909,0,0.166666666666667,0,0.1,0.2,0,0,0.181818181818182,0,0,0,0,0,0.142857142857143,0.1,0,0,0,0,0,0,0,0,0,0,0,0,0,0,0,0,0,0,0.1,0.0833333333333333,0.4,0.333333333333333,0,0,0,0,0.1,0,0,0,0,0,0,0,0.125,0.1,0,0.307692307692308,0,0,0
"126","Clitopilus","Entolomataceae","Agaricales","Agaricomycetes","Basidiomycota","Fungi",0.186544342507645,0.162162162162162,0.125,0.101694915254237,0.28,0.122641509433962,0.284615384615385,0.266666666666667,0.156756756756757,0.130434782608696,0.470588235294118,0.225,0,0.3125,0.142857142857143,0.464285714285714,0,0,0.136363636363636,0.125,0.417582417582418,0.333333333333333,0.09375,0.0561797752808989,0.0344827586206897,0.205882352941176,0.1,0.0454545454545455,0.666666666666667,0,0.150943396226415,0.0952380952380952,0,0.166666666666667,0.0909090909090909,0.25,1,0.272727272727273,0,0.25,0.3,0,0,0,0.363636363636364,0.2,0,0.5,0.1,0.6,0.333333333333333,0.545454545454545,0,0,0,0,0.3,1,0,0.3,0.3,0.333333333333333,0.5,0.4,0.5,0.363636363636364,1,0.25,0.363636363636364,0,0.0833333333333333,0.222222222222222,0.0833333333333333,0.05,0.2,0,0.181818181818182,0,0,0,0,0.0833333333333333,0.272727272727273,0.0833333333333333,0.272727272727273,0,0.2,0.1,0,0.666666666666667,0,0,0,0.444444444444444,0.25,0,0.333333333333333,0.0769230769230769,0,0.181818181818182,0
"127","Striaticonidium","Stachybotryaceae","Hypocreales","Sordariomycetes","Ascomycota","Fungi",0.134556574923547,NA,NA,0.203389830508475,0.12,0,0.0769230769230769,0.122222222222222,0.216216216216216,0.130434782608696,0.0588235294117647,0.075,0.0357142857142857,0,0,0.178571428571429,0,0.285714285714286,0.0454545454545455,0.375,0.164835164835165,0,0.21875,0.247191011235955,0.517241379310345,0.235294117647059,0,0,0,0,0,0,0.666666666666667,0.0833333333333333,0.181818181818182,0,0.2,0,0.285714285714286,0,0.1,0,0,0.0833333333333333,0,0,0,0,0,0,0.0833333333333333,0.363636363636364,0,0,0.285714285714286,0,0.1,0,0.428571428571429,0.3,0.15,0.166666666666667,0.1,0.2,0.1,0.272727272727273,0,0,0,0.454545454545455,0.0833333333333333,0.111111111111111,0.333333333333333,0.3,0,0.111111111111111,0.181818181818182,0.0833333333333333,0.4,0.416666666666667,0.2,0.75,0.0909090909090909,0.333333333333333,0.272727272727273,0,0,0,0,0,0,0,0,0,0,0,0,0,0,0,0.666666666666667
"128","Rhizophlyctis","Rhizophlyctidaceae","Rhizophlyctidales","Rhizophlyctidomycetes","Chytridiomycota","Fungi",0.0336391437308868,0.0540540540540541,0.0625,0,0,0.0566037735849057,0.0923076923076923,0,0.0216216216216216,0.260869565217391,0,0,0,0,0.142857142857143,0,0.352941176470588,0,0,0,0,0,0,0,0,0,0.05,0,0.333333333333333,0,0.0566037735849057,0,0,0.25,0.272727272727273,0,0,0,0,0,0,0,0,0,0,0,0.166666666666667,0.333333333333333,0,0,0,0,0.181818181818182,0.666666666666667,0,0,0,0,0,0,0,0,0,0,0,0,0,0,0,0,0,0,0,0,0,0,0,0,0,0,0,0,0,0,0,0,0.1,0,0,0.333333333333333,0,0,0,0,0,0.1,0,0.0769230769230769,0,0,0
"129","uncl_Chaetomiaceae","Chaetomiaceae","Sordariales","Sordariomycetes","Ascomycota","Fungi",0.426605504587156,0.702702702702703,0.875,0.389830508474576,0.12,0.660377358490566,0.423076923076923,0.477777777777778,0.335135135135135,0.260869565217391,0.705882352941177,0.625,0.321428571428571,0.125,0.642857142857143,0.464285714285714,0.882352941176471,0.428571428571429,0.590909090909091,0,0.208791208791209,0.2,0.875,0.123595505617978,0.413793103448276,0.764705882352941,0.5,0.318181818181818,0,0.2,0.754716981132076,0.238095238095238,0.333333333333333,0.25,0.272727272727273,0.916666666666667,0.2,0.272727272727273,1,0.916666666666667,0.4,0.181818181818182,0.8,0.25,0.181818181818182,0,1,1,0,0.4,0.5,0.454545454545455,1,0.666666666666667,0.428571428571429,0.5,0.7,0,0,0.3,0.15,0.166666666666667,0.2,0.3,0.3,0.0909090909090909,0.25,0,0.272727272727273,1,0.75,0.888888888888889,0.0833333333333333,0.3,0,0,0.181818181818182,0.166666666666667,0,0.0833333333333333,0.4,0.75,0.909090909090909,0.5,0.909090909090909,0.5,0.5,0.3,0.333333333333333,0,1,0,0,1,0.75,0.55,1,0.846153846153846,0.2,0.272727272727273,0.333333333333333
"130","uncl_Ploettnerulaceae","Ploettnerulaceae","Helotiales","Leotiomycetes","Ascomycota","Fungi",0.00152905198776758,NA,NA,0,0,0,0.00769230769230769,0,0,0.0434782608695652,0,0,0,0,0,0,0,0,0,0,0,0,0,0,0,0,0,0,0,0,0,0,0,0.0833333333333333,0,0,0,0,0,0,0,0,0,0,0,0,0,0,0,0,0,0,0,0,0,0,0,0,0,0,0,0,0,0,0,0,0,0,0,0,0,0,0,0,0,0,0,0,0,0,0,0,0,0,0,0,0,0,0,0,0,0,0,0,0,0,0,0,0,0,0
"131","uncl_Tremellodendropsidales","uncl_Tremellodendropsidales","Tremellodendropsidales","Agaricomycetes","Basidiomycota","Fungi",0.0642201834862385,NA,NA,0.127118644067797,0.04,0,0.00769230769230769,0.0777777777777778,0.0972972972972973,0,0,0.025,0,0.0625,0.0714285714285714,0.0714285714285714,0,0,0,0,0.0769230769230769,0,0.21875,0.0224719101123595,0.103448275862069,0,0.5,0.0909090909090909,0,0.2,0,0.19047619047619,0,0,0,0,0,0,0,0,0.1,0,0,0,0,0.2,0,0,0.2,0,0.166666666666667,0,0,0,0,0,0,0,0,0.1,0.05,0,0,0.2,0.2,0,0.25,0,0,0.363636363636364,0.0833333333333333,0.222222222222222,0,0,0,0,0,0,0.1,0.166666666666667,0,0.0833333333333333,0,0,0,0.5,0.5,0.1,0.0833333333333333,0,1,0,0,0,0,0,0,0,0.1,0.272727272727273,0
"132","uncl_Cuniculitremaceae","Cuniculitremaceae","Tremellales","Tremellomycetes","Basidiomycota","Fungi",0.018348623853211,NA,NA,0.00847457627118644,0,0,0.0307692307692308,0,0.0378378378378378,0.0869565217391304,0,0,0,0,0.0357142857142857,0.107142857142857,0,0,0,0,0.021978021978022,0,0,0,0.103448275862069,0,0,0.0454545454545455,0,0,0,0,0,0.166666666666667,0,0,0,0,0,0,0,0,0,0,0,0,0,0,0.1,0.2,0,0.181818181818182,0,0,0,0,0,0,0,0,0,0,0,0,0,0.0909090909090909,0.25,0,0,0,0,0,0,0,0,0,0,0,0,0.0833333333333333,0.2,0.0833333333333333,0,0,0,0,0,0,0.0833333333333333,0,0,0,0,0,0,0,0,0,0,0,0
"133","Eremiomyces","Pezizaceae","Pezizales","Pezizomycetes","Ascomycota","Fungi",0.0259938837920489,0.027027027027027,0,0.00847457627118644,0,0.0377358490566038,0.0538461538461538,0.0333333333333333,0.0108108108108108,0,0.117647058823529,0,0,0.1875,0,0,0,0,0,0.375,0.010989010989011,0.133333333333333,0,0.0561797752808989,0,0,0,0,0,0,0.0188679245283019,0,0,0,0,0,0.4,0,0,0,0,0,0,0,0.272727272727273,0,0,0,0,0,0,0,0,0,0,0,0,1,0.285714285714286,0,0,0.166666666666667,0,0,0,0,0,0,0.181818181818182,0,0,0,0.0833333333333333,0,0,0.333333333333333,0.0909090909090909,0,0,0,0,0,0,0,0,0,0,0,0,0,0,0,0,0,0,0.05,0,0,0,0,0
"134","uncl_Helminthosphaeriaceae","Helminthosphaeriaceae","Sordariales","Sordariomycetes","Ascomycota","Fungi",0.00305810397553517,NA,NA,0.0169491525423729,0,0,0,0,0,0,0,0,0,0,0,0,0,0,0,0,0,0,0,0.0224719101123595,0,0,0,0,0,0,0,0,0,0,0,0,0,0,0,0,0,0,0,0,0,0,0,0,0,0,0,0,0,0,0,0,0,0,0,0,0,0,0,0,0,0,0,0,0,0,0,0,0,0.1,0,0,0,0,0,0,0,0,0,0,0,0,0,0,0,0,0,0,0,0,0,0,0,0,0,0,0
"135","uncl_Magnaporthaceae","Magnaporthaceae","Magnaporthales","Sordariomycetes","Ascomycota","Fungi",0.125382262996942,0.027027027027027,0.125,0.076271186440678,0.24,0.0660377358490566,0.161538461538462,0.244444444444444,0.0918918918918919,0.0869565217391304,0,0.125,0.178571428571429,0.0625,0,0.214285714285714,0.0588235294117647,0.428571428571429,0.363636363636364,0.375,0.241758241758242,0.266666666666667,0.0625,0.0337078651685393,0,0.147058823529412,0.05,0.0909090909090909,0.166666666666667,0,0.0566037735849057,0.19047619047619,0.333333333333333,0.0833333333333333,0.0909090909090909,0,0,0.0909090909090909,0,0.166666666666667,0.2,0.181818181818182,0.4,0.0833333333333333,0,0.2,0,0,0,0,0.333333333333333,0.181818181818182,0.0909090909090909,0,0.428571428571429,0.25,0.5,1,0.285714285714286,0.4,0.3,0,0.25,0,0.6,0,0.25,0.5,0.181818181818182,0,0.166666666666667,0,0.0833333333333333,0,0,0.111111111111111,0.0909090909090909,0,0,0,0,0,0,0.416666666666667,0,0.1,0,0,0.166666666666667,0.166666666666667,0,0,0,0,0.125,0,0,0.153846153846154,0.2,0.181818181818182,0.333333333333333
"136","uncl_Hygrophoraceae","Hygrophoraceae","Agaricales","Agaricomycetes","Basidiomycota","Fungi",0.0198776758409786,NA,NA,0.0169491525423729,0,0,0.00769230769230769,0.0111111111111111,0.0486486486486487,0,0,0,0,0,0,0,0,0,0,0,0,0,0.03125,0.0898876404494382,0,0,0,0.0454545454545455,0,0.6,0,0,0,0,0,0,0,0,0,0,0,0,0,0,0,0,0,0,0,0,0,0,0,0,0,0,0,0,0,0,0,0,0,0,0,0,0,0,0,0.0909090909090909,0,0,0,0.05,0,0,0.0909090909090909,0.333333333333333,0.1,0,0,0,0,0,0,0,0,0,0.0833333333333333,0,0,0.5,1,0,0,0,0,0,0,0,0
"137","Kamienskia","Glomeraceae","Glomerales","Glomeromycetes","Glomeromycota","Fungi",0.302752293577982,0.837837837837838,0.75,0.152542372881356,0.28,0.688679245283019,0.338461538461538,0.255555555555556,0.178378378378378,0,0.823529411764706,0.8,0.321428571428571,0,0.5,0.5,0.0588235294117647,0.142857142857143,0.727272727272727,0.25,0.373626373626374,0,0.03125,0.123595505617978,0.0689655172413793,0.0294117647058824,0.05,0.0454545454545455,0,0,0.811320754716981,0.0476190476190476,0,0,0,1,0.4,0.545454545454545,1,0.833333333333333,0.9,0.818181818181818,0,0,0,0,0.833333333333333,0.666666666666667,0,0.8,0.166666666666667,0.727272727272727,0.0909090909090909,0,0.142857142857143,0.833333333333333,0.6,0,0.285714285714286,0.6,0.35,0.166666666666667,0.3,0.2,0.3,0.818181818181818,0,0,0,0,0.0833333333333333,0,0.0833333333333333,0.05,0,0.222222222222222,0.454545454545455,0.0833333333333333,0.05,0.166666666666667,0,0,0,0,0.0909090909090909,0.1,0,0,0.0833333333333333,0,0,0,0,0.888888888888889,0.875,0.8,0.333333333333333,0.846153846153846,0.1,0,0
"138","uncl_Boletales","uncl_Boletales","Boletales","Agaricomycetes","Basidiomycota","Fungi",0.0168195718654434,NA,NA,0.0254237288135593,0,0,0,0,0.0432432432432432,0,0,0,0,0,0,0,0,0.571428571428571,0,0,0,0,0,0,0,0,0,0.227272727272727,0,0,0,0,0.666666666666667,0,0,0,0,0,0,0,0,0,0,0,0,0,0,0,0,0,0,0,0,0,0.571428571428571,0,0,0,0,0,0,0,0,0,0,0,0,0,0,0,0,0,0,0,0,0,0,0,0,0,0,0,0,0,0,0,0,0.3,0.166666666666667,0,0,0,0,0,0,0,0,0,0,0,0.666666666666667
"139","Ascotricha","Xylariaceae","Xylariales","Sordariomycetes","Ascomycota","Fungi",0.00458715596330275,NA,NA,0.00847457627118644,0,0,0,0,0.0108108108108108,0,0,0.05,0.0357142857142857,0,0,0,0,0,0,0,0,0,0,0,0,0,0,0,0,0,0,0,0,0,0,0,0,0.0909090909090909,0,0,0.1,0,0,0.0833333333333333,0,0,0,0,0,0,0,0,0,0,0,0,0,0,0,0,0,0,0,0,0,0,0,0,0,0,0,0,0,0,0,0,0,0,0,0,0,0,0,0,0,0,0,0,0,0,0,0,0,0,0,0,0,0,0,0,0
"140","uncl_Lasiosphaeriaceae","Lasiosphaeriaceae","Sordariales","Sordariomycetes","Ascomycota","Fungi",0.166666666666667,0.0810810810810811,0,0.127118644067797,0.52,0.0943396226415094,0.192307692307692,0.111111111111111,0.194594594594595,0.0869565217391304,0.235294117647059,0.125,0,0.625,0.0714285714285714,0.107142857142857,0.0588235294117647,1,0.0454545454545455,0.125,0.373626373626374,0,0.125,0.157303370786517,0.0344827586206897,0.0882352941176471,0.1,0.318181818181818,0,0.2,0.0566037735849057,0.0476190476190476,1,0.0833333333333333,0.0909090909090909,0,0.8,0.181818181818182,0,0.0833333333333333,0.2,0,0,0,0.636363636363636,0.6,0,0,0.2,0.2,0.0833333333333333,0.0909090909090909,0,0.166666666666667,1,0,0.1,1,0,0.1,0.6,0.5,0.45,0,0.2,0.636363636363636,0,0,0,0.181818181818182,0.166666666666667,0,0.166666666666667,0.15,0.2,0.111111111111111,0.272727272727273,0.166666666666667,0.1,0,0,0.0833333333333333,0.0909090909090909,0.0833333333333333,0.0909090909090909,0,0.2,0.3,0.333333333333333,0,0,0,0.5,0,0.125,0.1,0,0,0.1,0,1
"141","uncl_Mortierellomycetes","uncl_Mortierellomycetes","uncl_Mortierellomycetes","Mortierellomycetes","Mortierellomycota","Fungi",0.186544342507645,0.297297297297297,0.0625,0.254237288135593,0.04,0.132075471698113,0.184615384615385,0.155555555555556,0.210810810810811,0,0,0.175,0.321428571428571,0,0.107142857142857,0.25,0.352941176470588,0.142857142857143,0.136363636363636,0.125,0.164835164835165,0.333333333333333,0.125,0.0561797752808989,0.689655172413793,0.264705882352941,0.5,0.0909090909090909,0,0.2,0.226415094339623,0.0952380952380952,0,0,0,0,0,0,0.285714285714286,0.25,0.2,0.181818181818182,0,0.583333333333333,0,0,0.0833333333333333,0.333333333333333,0,0.2,0.166666666666667,0.363636363636364,0,1,0.142857142857143,0,0.3,0,0.142857142857143,0.5,0,0,0.15,0.1,0.1,0.363636363636364,0.25,0.5,0.272727272727273,0.0909090909090909,0.166666666666667,0.111111111111111,0.0833333333333333,0.05,0.2,0.111111111111111,0,0,0.05,0.666666666666667,0.6,0.75,0.454545454545455,0.166666666666667,0.181818181818182,0.7,0.3,0.1,0.0833333333333333,0,0,0,0.5,0.333333333333333,0.5,0.2,0,0.0769230769230769,0.1,0.0909090909090909,0
"142","Cladophialophora","Herpotrichiellaceae","Chaetothyriales","Eurotiomycetes","Ascomycota","Fungi",0.385321100917431,NA,NA,0.610169491525424,0.56,0.00943396226415094,0.230769230769231,0.166666666666667,0.648648648648649,0.521739130434783,0.0588235294117647,0.225,0.178571428571429,0.0625,0.321428571428571,0.25,0,0.285714285714286,0,0.625,0.362637362637363,0.466666666666667,0.75,0.707865168539326,0.655172413793103,0.235294117647059,1,0.909090909090909,0.333333333333333,0.4,0,0.0952380952380952,0.333333333333333,0.75,0.272727272727273,0,0.2,0.181818181818182,0,0.0833333333333333,0.6,0.0909090909090909,0,0.333333333333333,0,0.2,0,0,0.9,0.2,0.0833333333333333,0.454545454545455,0,0,0.285714285714286,0,0,0,0.714285714285714,0.2,0.5,0.166666666666667,0.4,0,0.3,0.545454545454545,0.75,0.75,0.363636363636364,1,0.333333333333333,1,0.833333333333333,0.8,0.8,0.333333333333333,0.181818181818182,0.75,0.95,0.833333333333333,0.2,0.666666666666667,0.0909090909090909,0,0.636363636363636,1,1,0.9,0.916666666666667,0.333333333333333,0,0,1,0,0,0,0,0,0.1,0.0909090909090909,0.333333333333333
"143","Diaporthe","Diaporthaceae","Diaporthales","Sordariomycetes","Ascomycota","Fungi",0.00611620795107034,NA,NA,0.00847457627118644,0,0,0,0,0.0162162162162162,0,0,0,0.107142857142857,0,0,0,0,0,0,0,0,0,0,0,0,0,0,0.0454545454545455,0,0,0,0,0,0,0,0,0,0,0,0,0,0,0,0.25,0,0,0,0,0,0,0,0,0,0,0,0,0,0,0,0,0,0,0,0,0,0,0,0,0,0,0,0,0,0,0,0,0,0,0,0,0,0,0,0,0,0,0,0.1,0,0,0,0,0,0,0,0,0,0,0,0,0
"144","Preussia","Sporormiaceae","Pleosporales","Dothideomycetes","Ascomycota","Fungi",0.0795107033639144,0.0540540540540541,0,0.0593220338983051,0.08,0.0660377358490566,0.0923076923076923,0.166666666666667,0.0486486486486487,0,0,0.075,0,0.0625,0.0357142857142857,0.214285714285714,0.411764705882353,0.142857142857143,0,0.125,0.0989010989010989,0.133333333333333,0.03125,0.0449438202247191,0.344827586206897,0.117647058823529,0,0,0,0,0.0377358490566038,0,0,0,0,0,0,0,0.142857142857143,0.166666666666667,0,0,0,0,0.0909090909090909,0,0.0833333333333333,0,0,0,0.333333333333333,0.181818181818182,0.272727272727273,0.666666666666667,0.142857142857143,0,0,1,0,0,0.1,0.333333333333333,0.05,0.1,0.3,0,0,0,0.181818181818182,0.0909090909090909,0,0,0.166666666666667,0,0,0,0.181818181818182,0,0,0.25,0.6,0.333333333333333,0.0909090909090909,0.0833333333333333,0.181818181818182,0,0,0,0,0,0,0,0,0,0,0.1,0,0,0,0,0
"145","uncl_Cantharellales","uncl_Cantharellales","Cantharellales","Agaricomycetes","Basidiomycota","Fungi",0.0259938837920489,NA,NA,0.0423728813559322,0,0.0377358490566038,0.00769230769230769,0.0111111111111111,0.0324324324324324,0,0,0.05,0.0357142857142857,0,0.107142857142857,0.0357142857142857,0.0588235294117647,0,0,0,0.021978021978022,0,0,0.0786516853932584,0,0,0,0,0,0,0,0,0,0,0,0,0,0,0,0,0.2,0.0909090909090909,0,0,0,0,0.166666666666667,0,0.1,0,0.0833333333333333,0,0.0909090909090909,0,0,0,0,0,0,0,0,0,0.05,0,0,0.0909090909090909,0,0,0,0,0,0,0.25,0.1,0,0,0,0.166666666666667,0,0,0,0,0,0,0,0,0,0,0,0,0,0,0,0,0,0,0,0,0,0,0
"146","Wallemia","Wallemiaceae","Wallemiales","Wallemiomycetes","Basidiomycota","Fungi",0.0198776758409786,0.0540540540540541,0.0625,0.0254237288135593,0,0.0377358490566038,0.00769230769230769,0.0222222222222222,0.0162162162162162,0,0.0588235294117647,0,0,0,0.0357142857142857,0.0357142857142857,0,0,0.0454545454545455,0,0.010989010989011,0,0,0.0224719101123595,0,0.0294117647058824,0.1,0,0,0,0.0566037735849057,0,0,0,0,0.0833333333333333,0,0,0,0,0,0,0,0,0,0,0,0,0.1,0,0.0833333333333333,0,0,0,0,0.0833333333333333,0,0,0,0,0,0,0,0.1,0,0,0,0,0,0,0,0,0.0833333333333333,0,0,0,0,0.0833333333333333,0,0,0,0,0.0909090909090909,0,0,0.1,0.1,0,0,0,0,0,0,0.111111111111111,0,0.05,0,0.0769230769230769,0,0,0
"147","Lecythophora","Coniochaetaceae","Coniochaetales","Sordariomycetes","Ascomycota","Fungi",0.0519877675840979,0.027027027027027,0.0625,0.0932203389830508,0,0.0188679245283019,0.0384615384615385,0.0555555555555556,0.0594594594594595,0.0869565217391304,0,0,0,0.125,0.0357142857142857,0.0714285714285714,0,0,0,0,0.010989010989011,0,0.4375,0.0112359550561798,0.206896551724138,0.0294117647058824,0,0,0.166666666666667,0.2,0.0377358490566038,0,0,0,0.181818181818182,0,0,0,0,0,0,0,0,0,0.0909090909090909,0.2,0,0,0.1,0,0.0833333333333333,0.0909090909090909,0,0,0,0,0,0,0,0,0,0,0,0.1,0,0,0,0,0,0.909090909090909,0.0833333333333333,0.333333333333333,0,0,0,0,0.0909090909090909,0,0,0.0833333333333333,0.2,0.333333333333333,0,0.0833333333333333,0,0,0,0,0,0.166666666666667,0,0.5,0,0.111111111111111,0,0,0.333333333333333,0,0,0,0
"148","uncl_Onygenales","uncl_Onygenales","Onygenales","Eurotiomycetes","Ascomycota","Fungi",0.259938837920489,0.297297297297297,0.25,0.194915254237288,0.12,0.320754716981132,0.246153846153846,0.433333333333333,0.210810810810811,0.130434782608696,0.294117647058824,0.225,0.107142857142857,0.125,0.285714285714286,0.142857142857143,0.588235294117647,0.428571428571429,0.136363636363636,0.375,0.384615384615385,0,0.0625,0.528089887640449,0.0689655172413793,0.352941176470588,0,0,0,0.6,0.283018867924528,0,0.333333333333333,0.0833333333333333,0.181818181818182,0.166666666666667,0.6,0,0,0.333333333333333,0.5,0.181818181818182,0,0.0833333333333333,0.181818181818182,0,0.416666666666667,0.333333333333333,0.1,0,0.25,0.0909090909090909,0.909090909090909,0,0.428571428571429,0.166666666666667,0.1,1,0.285714285714286,0.2,0.1,0.666666666666667,0.45,0.9,0.2,0.454545454545455,0.5,0,0,0,0.166666666666667,0,0.75,0.45,0.2,0.555555555555556,0.909090909090909,0.583333333333333,0.3,0.0833333333333333,0,0.0833333333333333,0.181818181818182,0.75,0.0909090909090909,0,0,0,0,0,0,1,0.5,0.444444444444444,0.5,0.15,0.666666666666667,0.153846153846154,0,0,0.333333333333333
"149","Physalacria","Physalacriaceae","Agaricales","Agaricomycetes","Basidiomycota","Fungi",0.00305810397553517,NA,NA,0,0,0,0.0153846153846154,0,0,0.0869565217391304,0,0,0,0,0,0,0,0,0,0,0,0,0,0,0,0,0,0,0,0,0,0,0,0.166666666666667,0,0,0,0,0,0,0,0,0,0,0,0,0,0,0,0,0,0,0,0,0,0,0,0,0,0,0,0,0,0,0,0,0,0,0,0,0,0,0,0,0,0,0,0,0,0,0,0,0,0,0,0,0,0,0,0,0,0,0,0,0,0,0,0,0,0,0
"150","Mortierella","Mortierellaceae","Mortierellales","Mortierellomycetes","Mortierellomycota","Fungi",0.235474006116208,NA,NA,0.483050847457627,0.2,0.00943396226415094,0.0846153846153846,0.188888888888889,0.340540540540541,0.0434782608695652,0,0.05,0,0.125,0.214285714285714,0,0,0.285714285714286,0,0,0.10989010989011,0.0666666666666667,0.65625,0.539325842696629,0.0689655172413793,0.470588235294118,0.95,0.590909090909091,0.333333333333333,0.6,0,0.285714285714286,0,0.0833333333333333,0,0,0,0,0,0,0.2,0,0,0,0.0909090909090909,0.2,0,0,0.6,0,0,0,0,0,0.285714285714286,0,0,0,0,0.3,0.15,0,0.1,0,0.1,0,0.25,0.25,0,0.818181818181818,0.333333333333333,0.888888888888889,0.75,0.4,0.4,0.444444444444444,0.818181818181818,0.583333333333333,0.45,0.0833333333333333,0,0.0833333333333333,0.454545454545455,0.25,0.727272727272727,1,0.9,0.5,0.666666666666667,0.333333333333333,1,0,1,0,0,0,0,0,0.6,0,0
"151","Marasmius","Marasmiaceae","Agaricales","Agaricomycetes","Basidiomycota","Fungi",0.0657492354740061,0.0810810810810811,0,0.0508474576271186,0.08,0.0283018867924528,0.0384615384615385,0.1,0.0972972972972973,0.0434782608695652,0,0,0.107142857142857,0.0625,0.0357142857142857,0.142857142857143,0.117647058823529,0.142857142857143,0,0,0.0769230769230769,0,0.0625,0,0.344827586206897,0.117647058823529,0.15,0.0454545454545455,0,0,0.0566037735849057,0,0,0,0.0909090909090909,0,0,0,0,0,0,0,0,0.25,0,0.2,0,0,0.1,0,0.0833333333333333,0.272727272727273,0,0.333333333333333,0.142857142857143,0,0,0,0,0,0.1,0,0.05,0.2,0.1,0.0909090909090909,0,0,0,0,0.166666666666667,0,0,0,0,0,0,0,0,0.333333333333333,0.2,0.416666666666667,0.0909090909090909,0.25,0,0.1,0.2,0,0.0833333333333333,0,0,0,0,0,0,0.15,0,0,0,0,0
"152","Olpidium","Olpidiaceae","Olpidiales","Olpidiomycetes","Olpidiomycota","Fungi",0.0290519877675841,NA,NA,0.0169491525423729,0,0,0.0153846153846154,0.0333333333333333,0.0648648648648649,0.0434782608695652,0,0,0.214285714285714,0,0,0.0714285714285714,0,0.285714285714286,0,0,0.010989010989011,0,0,0.0112359550561798,0.137931034482759,0,0,0,0,0,0,0.0952380952380952,0,0.0833333333333333,0,0,0,0,0,0,0,0,0,0.5,0,0,0,0,0,0,0.166666666666667,0,0,0,0.285714285714286,0,0,0,0,0,0,0,0,0.1,0,0,0,0,0,0,0,0,0.0833333333333333,0,0,0,0,0,0,0.0833333333333333,0.2,0.166666666666667,0,0,0,0,0,0,0,0,0,0,0,0,0,0,0,0,0,0.181818181818182,0
"153","Cutaneotrichosporon","Trichosporonaceae","Trichosporonales","Tremellomycetes","Basidiomycota","Fungi",0.00917431192660551,0.027027027027027,0,0.0254237288135593,0,0.00943396226415094,0.0153846153846154,0,0,0.0434782608695652,0,0,0,0,0,0,0,0,0,0,0.010989010989011,0,0,0,0.0344827586206897,0,0,0,0,0,0.0188679245283019,0.0952380952380952,0,0.0833333333333333,0,0,0,0,0,0,0,0,0,0,0,0,0,0,0,0,0,0,0,0,0,0,0,0,0,0,0,0.166666666666667,0,0,0,0,0,0,0,0,0,0,0,0,0,0,0,0,0,0.0833333333333333,0,0,0,0,0,0,0,0,0,0,0,0,0,0,0,0.05,0,0,0.2,0,0
"154","Atractiella","Hoehnelomycetaceae","Atractiellales","Atractiellomycetes","Basidiomycota","Fungi",0.099388379204893,NA,NA,0.211864406779661,0.04,0,0.0307692307692308,0.0222222222222222,0.178378378378378,0.0434782608695652,0,0,0,0,0,0,0,0.428571428571429,0,0,0.0769230769230769,0,0.53125,0,0,0.176470588235294,1,0.0909090909090909,0,0,0,0.333333333333333,0.666666666666667,0.0833333333333333,0,0,0,0,0,0,0,0,0,0,0,0,0,0,0,0,0,0,0,0,0.428571428571429,0,0,0,0,0,0.05,0,0.15,0,0.2,0.0909090909090909,0,0,0,0.818181818181818,0,0.888888888888889,0,0,0,0,0,0,0,0,0,0,0,0,0.545454545454545,1,1,0.1,0.0833333333333333,0,0,0,0,0,0,0,0,0,0.5,0.181818181818182,0.666666666666667
"155","uncl_Cladochytriales","uncl_Cladochytriales","Cladochytriales","Cladochytriomycetes","Chytridiomycota","Fungi",0.081039755351682,NA,NA,0.161016949152542,0.04,0,0.0461538461538462,0.0444444444444444,0.124324324324324,0,0,0,0,0,0,0.0357142857142857,0,0.571428571428571,0,0,0.0659340659340659,0,0.03125,0.0561797752808989,0,0.323529411764706,0.2,0,0,0,0,0.904761904761905,0.666666666666667,0,0,0,0,0,0,0,0,0,0,0,0,0,0,0,0,0.2,0,0,0,0,0.571428571428571,0,0,0,0,0,0.05,0.166666666666667,0.15,0,0.1,0,0,0,0,0.0909090909090909,0,0,0,0.1,0,0.111111111111111,0.181818181818182,0,0,0,0,0,0.363636363636364,0.0833333333333333,0.545454545454545,0.2,0.2,0,0,0,0,0,0,0,0,0,0,0,1,0.818181818181818,0.666666666666667
"156","Magnaporthe","Magnaporthaceae","Magnaporthales","Sordariomycetes","Ascomycota","Fungi",0.129969418960245,NA,NA,0.0932203389830508,0.56,0.00943396226415094,0.192307692307692,0.255555555555556,0.0594594594594595,0.0434782608695652,0,0.1,0.0357142857142857,0.0625,0,0.107142857142857,0,0.142857142857143,0,0.125,0.417582417582418,0,0.25,0.269662921348315,0,0.0294117647058824,0.05,0,0,0.2,0,0,0,0.0833333333333333,0,0,0,0.181818181818182,0,0,0.2,0,0,0.0833333333333333,0.0909090909090909,0,0,0,0,0,0.25,0,0,0,0.142857142857143,0,0,1,0,0.2,0.7,0.666666666666667,0.45,0.2,0.2,0.363636363636364,0.25,0,0,0,0.666666666666667,0,0.333333333333333,0.05,0,1,0.727272727272727,0.0833333333333333,0.05,0,0,0,0.0909090909090909,0,0,0.1,0,0,0,0,0,0.5,0,0,0,0,0,0,0,0,0
"157","uncl_Massarinaceae","Massarinaceae","Pleosporales","Dothideomycetes","Ascomycota","Fungi",0.119266055045872,NA,NA,0.203389830508475,0.08,0.00943396226415094,0.0692307692307692,0.0777777777777778,0.189189189189189,0.130434782608696,0.0588235294117647,0.075,0,0.0625,0,0,0,0.285714285714286,0.0454545454545455,0,0.0879120879120879,0.533333333333333,0.125,0.191011235955056,0.137931034482759,0.176470588235294,0.45,0.363636363636364,0,0,0,0.142857142857143,0,0.25,0,0,0.2,0.181818181818182,0,0.0833333333333333,0,0,0,0,0.0909090909090909,0,0,0,0,0,0,0,0,0,0.285714285714286,0,0.1,0,0,0.1,0.1,0,0.1,0,0,0.272727272727273,0,0.5,0.545454545454545,0,0,0.444444444444444,0,0.4,0,0,0,0.0833333333333333,0.4,0.166666666666667,0,0.166666666666667,0,0,0.545454545454545,0.4,0.5,0.4,0.333333333333333,0,0,0,0,0,0,0,0,0,0.3,0,0
"158","Sphaerobolus","Sphaerobolaceae","Geastrales","Agaricomycetes","Basidiomycota","Fungi",0.0214067278287462,NA,NA,0.00847457627118644,0.04,0.00943396226415094,0.00769230769230769,0.0222222222222222,0.0432432432432432,0,0.0588235294117647,0,0,0,0.107142857142857,0.0357142857142857,0,0,0,0.25,0.032967032967033,0,0,0.0112359550561798,0,0.0882352941176471,0,0,0,0,0,0,0,0,0,0.0833333333333333,0,0,0,0,0,0,0,0,0,0,0,0,0.3,0,0,0.0909090909090909,0,0,0,0,0,0,0.285714285714286,0,0.05,0.166666666666667,0,0,0.1,0,0,0,0,0,0,0,0,0,0,0,0.0909090909090909,0,0,0,0,0,0.0909090909090909,0,0.181818181818182,0,0,0,0,0,0,0,0,0,0,0,0,0,0,0,0
"159","Coniochaeta","Coniochaetaceae","Coniochaetales","Sordariomycetes","Ascomycota","Fungi",0.0259938837920489,0.027027027027027,0,0.0254237288135593,0,0.00943396226415094,0.0307692307692308,0.0111111111111111,0.0432432432432432,0.0434782608695652,0.0588235294117647,0,0,0,0,0,0,0,0,0.125,0.010989010989011,0,0.1875,0.0224719101123595,0,0.0294117647058824,0.05,0,0,0,0.0188679245283019,0.0952380952380952,0,0.0833333333333333,0,0,0.2,0,0,0,0,0,0,0,0,0,0,0,0,0,0,0,0,0,0,0,0,1,0,0,0,0,0,0.1,0,0,0,0,0,0.181818181818182,0,0.444444444444444,0,0.05,0,0.111111111111111,0,0,0,0,0,0,0,0,0.0909090909090909,0,0.1,0,0,0,0,0,0,0.111111111111111,0,0,0,0,0,0.181818181818182,0
"160","Ceratobasidium","Ceratobasidiaceae","Cantharellales","Agaricomycetes","Basidiomycota","Fungi",0.055045871559633,NA,NA,0.110169491525424,0,0,0,0.0666666666666667,0.0918918918918919,0.0434782608695652,0,0.175,0,0,0,0,0,0,0,0,0.032967032967033,0,0.125,0.123595505617978,0.0344827586206897,0.176470588235294,0,0,0,0,0,0.142857142857143,0,0,0.0909090909090909,0,0,0.272727272727273,0,0.0833333333333333,0.3,0,0,0,0,0,0,0,0,0,0,0,0,0,0,0,0,0,0,0.1,0,0,0,0,0,0.181818181818182,0,0,0,0.0909090909090909,0.25,0,0.416666666666667,0,0,0,0,0.416666666666667,0.05,0,0,0.0833333333333333,0.272727272727273,0.166666666666667,0.0909090909090909,0,0,0,0,0,0,0,0,0,0,0,0,0,0,0.272727272727273,0
"161","Bipolaris","Pleosporaceae","Pleosporales","Dothideomycetes","Ascomycota","Fungi",0.103975535168196,NA,NA,0.169491525423729,0.08,0.00943396226415094,0.00769230769230769,0.222222222222222,0.12972972972973,0.0434782608695652,0,0.025,0,0,0.0357142857142857,0.0714285714285714,0.0588235294117647,0,0,0,0.0549450549450549,0,0.84375,0.0449438202247191,0.137931034482759,0.323529411764706,0.4,0,0,0,0,0.0952380952380952,0.333333333333333,0.0833333333333333,0,0,0,0,0,0,0.1,0,0,0,0,0,0,0,0.1,0,0.0833333333333333,0.0909090909090909,0.0909090909090909,0,0,0,0,0,0,0.1,0.1,0,0,0,0,0.181818181818182,0,0,0,0.909090909090909,1,0.555555555555556,0.0833333333333333,0.1,0,0,0,0,0.05,0.0833333333333333,0,0.25,0.0909090909090909,0.583333333333333,0.272727272727273,0.3,0.5,0,0,0,0,0,0,0,0,0,0,0,0.1,0.0909090909090909,0.333333333333333
"162","Coniosporium","Coniosporiaceae","Coniosporiales","Dothideomycetes","Ascomycota","Fungi",0.00152905198776758,NA,NA,0,0,0,0.00769230769230769,0,0,0.0434782608695652,0,0,0,0,0,0,0,0,0,0,0,0,0,0,0,0,0,0,0,0,0,0,0,0.0833333333333333,0,0,0,0,0,0,0,0,0,0,0,0,0,0,0,0,0,0,0,0,0,0,0,0,0,0,0,0,0,0,0,0,0,0,0,0,0,0,0,0,0,0,0,0,0,0,0,0,0,0,0,0,0,0,0,0,0,0,0,0,0,0,0,0,0,0,0
"163","uncl_Geastraceae","Geastraceae","Geastrales","Agaricomycetes","Basidiomycota","Fungi",0.00917431192660551,0.027027027027027,0,0,0,0.0188679245283019,0.00769230769230769,0,0.0162162162162162,0,0,0,0,0.125,0,0,0,0.285714285714286,0,0,0,0,0,0,0,0.0294117647058824,0,0,0,0,0.0188679245283019,0,0,0,0,0,0,0,0,0,0,0,0,0,0.0909090909090909,0.2,0,0,0,0,0,0,0,0,0.285714285714286,0,0,0,0,0,0,0,0,0,0,0,0,0,0,0,0,0,0,0,0,0,0,0,0,0,0,0,0,0,0.0909090909090909,0,0,0,0,0,0,0,0,0,0.125,0,0,0,0,0,0
"164","Johnalcornia","Pleosporaceae","Pleosporales","Dothideomycetes","Ascomycota","Fungi",0.0688073394495413,NA,NA,0.0593220338983051,0,0.0660377358490566,0.0923076923076923,0.0555555555555556,0.0756756756756757,0.0869565217391304,0,0.05,0.107142857142857,0.3125,0.178571428571429,0.0357142857142857,0,0,0.0454545454545455,0,0.021978021978022,0.133333333333333,0,0.0449438202247191,0.620689655172414,0,0,0,0,0,0,0,0,0,0.181818181818182,0,0,0,0,0,0.2,0,0.6,0,0.272727272727273,0.4,0.333333333333333,0.166666666666667,0,0,0.0833333333333333,0,0,0,0,0,0.1,0,0,0.1,0,0,0,0,0,0,0.25,0,0.181818181818182,0,0,0,0,0.05,0,0.111111111111111,0.181818181818182,0,0,0.416666666666667,0.8,0.75,0,0,0,0,0,0,0,0,0,0,0,0,0,0,0,0,0,0,0
"165","Wojnowiciella","Phaeosphaeriaceae","Pleosporales","Dothideomycetes","Ascomycota","Fungi",0.0626911314984709,NA,NA,0.101694915254237,0,0,0.0230769230769231,0.0777777777777778,0.102702702702703,0.0434782608695652,0,0.175,0.214285714285714,0,0,0.0357142857142857,0,0,0,0,0.043956043956044,0,0.0625,0.0674157303370786,0.103448275862069,0.205882352941176,0.05,0.136363636363636,0,0,0,0,0,0,0.0909090909090909,0,0,0.181818181818182,0,0.25,0.2,0,0,0.5,0,0,0,0,0,0,0.0833333333333333,0,0,0,0,0,0,0,0,0.2,0,0,0,0,0.1,0.0909090909090909,0,0,0,0,0.0833333333333333,0.111111111111111,0.0833333333333333,0.05,0,0.333333333333333,0,0,0.05,0,0,0.25,0.272727272727273,0.0833333333333333,0.272727272727273,0.1,0,0.2,0.0833333333333333,0,0,0,0,0,0,0,0,0,0,0,0
"166","uncl_Niaceae","Niaceae","Agaricales","Agaricomycetes","Basidiomycota","Fungi",0.0275229357798165,NA,NA,0.0254237288135593,0.12,0,0.00769230769230769,0.0111111111111111,0.0540540540540541,0.0434782608695652,0,0.025,0,0,0,0,0,0.142857142857143,0,0,0.0769230769230769,0,0,0.0337078651685393,0,0.0294117647058824,0,0,0,0,0,0.19047619047619,0,0,0.0909090909090909,0,0,0.0909090909090909,0,0,0,0,0,0,0,0,0,0,0,0,0,0,0,0,0.142857142857143,0,0,0,0,0,0.15,0,0,0,0.1,0.272727272727273,0,0,0,0,0,0,0,0,0,0.111111111111111,0,0.0833333333333333,0.05,0,0,0,0.0909090909090909,0,0,0,0,0,0,0,0,0,0,0,0,0,0,0,0.1,0.272727272727273,0
"167","Ramularia","Mycosphaerellaceae","Mycosphaerellales","Dothideomycetes","Ascomycota","Fungi",0.00152905198776758,NA,NA,0,0,0.00943396226415094,0,0,0,0,0.0588235294117647,0,0,0,0,0,0,0,0,0,0,0,0,0,0,0,0,0,0,0,0,0,0,0,0,0.0833333333333333,0,0,0,0,0,0,0,0,0,0,0,0,0,0,0,0,0,0,0,0,0,0,0,0,0,0,0,0,0,0,0,0,0,0,0,0,0,0,0,0,0,0,0,0,0,0,0,0,0,0,0,0,0,0,0,0,0,0,0,0,0,0,0,0,0
"168","uncl_Mycenaceae","Mycenaceae","Agaricales","Agaricomycetes","Basidiomycota","Fungi",0.0244648318042813,NA,NA,0.0338983050847458,0.04,0,0.00769230769230769,0,0.0540540540540541,0.0434782608695652,0,0,0,0.0625,0,0,0,0,0,0,0,0,0,0.101123595505618,0,0,0.15,0.0454545454545455,0,0,0,0.0476190476190476,0,0,0.0909090909090909,0,0,0,0,0,0,0,0,0,0,0.2,0,0,0,0,0,0,0,0,0,0,0,0,0,0,0,0,0,0,0,0,0,0,0,0,0,0,0.0833333333333333,0.05,0.2,0,0,0,0.3,0,0,0,0,0,0,0.1,0.2,0.1,0,0,0,0,0,0,0,0,0,0,0,0.0909090909090909,0
"169","uncl_Glomerales","uncl_Glomerales","Glomerales","Glomeromycetes","Glomeromycota","Fungi",0.54434250764526,0.675675675675676,0.6875,0.355932203389831,0.32,0.688679245283019,0.676923076923077,0.788888888888889,0.4,0.304347826086957,0.823529411764706,0.725,0.464285714285714,0.875,0.464285714285714,0.964285714285714,0.176470588235294,0.142857142857143,0.727272727272727,0.25,0.703296703296703,0.866666666666667,0.25,0.584269662921348,0.448275862068966,0.205882352941176,0.45,0.227272727272727,0.5,0.8,0.679245283018868,0.142857142857143,0,0.0833333333333333,0.545454545454545,0.916666666666667,0.6,0.272727272727273,1,0.916666666666667,0.8,0.545454545454545,0.8,0.25,0.909090909090909,0.8,0.666666666666667,0.833333333333333,0,1,0.916666666666667,1,0.272727272727273,0,0.142857142857143,0.833333333333333,0.6,1,0.142857142857143,0.9,0.35,1,0.8,1,0.6,0.727272727272727,0.5,0.5,1,0.0909090909090909,0.5,0.111111111111111,0.916666666666667,0.25,0.2,1,1,0.833333333333333,0.25,0.416666666666667,0.6,0.416666666666667,0,0.416666666666667,0.181818181818182,0.3,0.6,0.2,0.25,0.5,1,1,0.5,0.555555555555556,0.625,0.75,0,0.846153846153846,0.2,0.0909090909090909,0
"170","uncl_Ceratobasidiaceae","Ceratobasidiaceae","Cantharellales","Agaricomycetes","Basidiomycota","Fungi",0.489296636085627,0.648648648648649,0.3125,0.508474576271186,0.4,0.433962264150943,0.438461538461538,0.533333333333333,0.535135135135135,0.434782608695652,0.470588235294118,0.725,0.357142857142857,0.375,0.142857142857143,0.714285714285714,0.529411764705882,0.857142857142857,0.318181818181818,0.125,0.340659340659341,0.6,0.53125,0.696629213483146,0.551724137931034,0.5,0.5,0.0454545454545455,0.833333333333333,0.2,0.547169811320755,0.428571428571429,1,0.416666666666667,0.454545454545455,0.416666666666667,0.6,0.909090909090909,0.714285714285714,0.416666666666667,0.9,0.181818181818182,0.4,0.5,0.454545454545455,0.2,0.0833333333333333,0.333333333333333,0.1,0.4,0.916666666666667,0.636363636363636,0.545454545454545,0.5,0.857142857142857,0.25,0.4,0,0.142857142857143,0.3,0.4,0.166666666666667,0.3,0.2,0.3,0.727272727272727,0,0.5,0.636363636363636,0.272727272727273,0.75,0.555555555555556,0.5,0.8,0.4,0.888888888888889,0.454545454545455,0.75,0.8,0.583333333333333,0.4,0.583333333333333,0.454545454545455,0.5,0.545454545454545,0.4,0.6,0.1,0,0.833333333333333,0,0.5,0,0.777777777777778,0.75,0.55,0,0.384615384615385,0.5,0.363636363636364,1
"171","Gerronema","Tricholomataceae","Agaricales","Agaricomycetes","Basidiomycota","Fungi",0.00458715596330275,NA,NA,0.00847457627118644,0,0,0,0,0.0108108108108108,0.0434782608695652,0,0,0,0,0,0,0,0,0,0,0,0,0,0,0,0,0,0.0909090909090909,0,0,0,0,0,0,0.0909090909090909,0,0,0,0,0,0,0,0,0,0,0,0,0,0,0,0,0,0,0,0,0,0,0,0,0,0,0,0,0,0,0,0,0,0,0,0,0,0,0,0,0,0,0,0,0,0,0,0,0,0,0,0,0.1,0.0833333333333333,0,0,0,0,0,0,0,0,0,0,0,0
"172","Stemphylium","Pleosporaceae","Pleosporales","Dothideomycetes","Ascomycota","Fungi",0.00458715596330275,NA,NA,0,0,0.00943396226415094,0.00769230769230769,0,0.00540540540540541,0,0,0,0,0,0,0,0.0588235294117647,0,0.0454545454545455,0,0,0,0,0,0,0.0294117647058824,0,0,0,0,0,0,0,0,0,0,0,0,0,0,0,0,0,0,0,0,0,0,0,0,0,0,0,0.166666666666667,0,0.0833333333333333,0,0,0,0,0,0,0,0,0,0,0,0,0,0,0,0,0,0,0,0,0,0,0,0,0,0,0,0,0.0909090909090909,0,0,0,0,0,0,0,0,0,0,0,0,0,0,0,0
"173","Amarenomyces","Pleosporales_fam_Incertae_sedis","Pleosporales","Dothideomycetes","Ascomycota","Fungi",0.00458715596330275,NA,NA,0,0,0,0.0153846153846154,0,0.00540540540540541,0.0434782608695652,0,0,0,0,0,0,0,0,0,0,0.021978021978022,0,0,0,0,0,0,0,0,0,0,0,0,0,0.0909090909090909,0,0,0,0,0,0,0,0,0,0,0,0,0,0,0,0,0,0,0,0,0,0,0,0,0,0,0.166666666666667,0.05,0,0,0,0,0,0,0,0,0,0,0,0,0,0,0,0,0,0,0,0,0,0,0,0,0,0,0,0,0,0,0,0,0,0,0,0,0,0
"174","uncl_Basidiomycota","uncl_Basidiomycota","uncl_Basidiomycota","uncl_Basidiomycota","Basidiomycota","Fungi",0.574923547400612,0.594594594594595,0.1875,0.593220338983051,0.64,0.490566037735849,0.546153846153846,0.544444444444444,0.637837837837838,0.695652173913043,0.352941176470588,0.55,0.392857142857143,0.6875,0.464285714285714,0.571428571428571,0.529411764705882,1,0.409090909090909,0.375,0.747252747252747,0.733333333333333,0.46875,0.707865168539326,0.482758620689655,0.382352941176471,0.95,0.363636363636364,0,0.4,0.471698113207547,0.571428571428571,1,0.75,0.636363636363636,0.333333333333333,0.4,0.818181818181818,0.285714285714286,0.333333333333333,0.7,0.181818181818182,0.6,0.5,0.545454545454545,1,0.333333333333333,0.333333333333333,0.7,1,0.25,0.727272727272727,0.727272727272727,0.166666666666667,1,0.5,0.3,1,0.285714285714286,0.6,0.65,1,0.85,0.7,0.8,0.818181818181818,0.5,1,0.636363636363636,0.181818181818182,0.666666666666667,0.555555555555556,0.666666666666667,0.8,0.6,0.555555555555556,0.909090909090909,0.833333333333333,0.55,0.416666666666667,0.2,0.666666666666667,0.454545454545455,0.166666666666667,0.545454545454545,0.9,1,0.4,0.333333333333333,0,0,1,0,0.555555555555556,0.25,0.75,0.333333333333333,0.153846153846154,0.6,0.545454545454545,1
"175","uncl_Corticiales","uncl_Corticiales","Corticiales","Agaricomycetes","Basidiomycota","Fungi",0.0336391437308868,0.0540540540540541,0.0625,0,0.04,0.0849056603773585,0.0384615384615385,0.0222222222222222,0.027027027027027,0.0434782608695652,0.0588235294117647,0.025,0,0.0625,0.107142857142857,0,0.117647058823529,0.142857142857143,0,0.125,0.0549450549450549,0.0666666666666667,0,0.0112359550561798,0,0,0,0.0454545454545455,0,0,0.0566037735849057,0,0,0,0.0909090909090909,0.0833333333333333,0,0,0.142857142857143,0,0,0,0,0,0.0909090909090909,0,0.25,0,0,0,0,0,0.181818181818182,0,0.142857142857143,0,0,0,0.142857142857143,0,0.05,0.333333333333333,0.05,0,0,0,0.25,0,0.0909090909090909,0,0,0,0,0,0,0,0.0909090909090909,0,0,0,0,0,0,0,0,0,0,0,0.0833333333333333,0,0,0,0,0.111111111111111,0,0.05,0,0.0769230769230769,0,0,0
"176","Acarospora","Acarosporaceae","Acarosporales","Lecanoromycetes","Ascomycota","Fungi",0.00152905198776758,NA,NA,0,0,0,0,0,0.00540540540540541,0.0434782608695652,0,0,0,0,0,0,0,0,0,0,0,0,0,0,0,0,0,0,0,0,0,0,0,0,0.0909090909090909,0,0,0,0,0,0,0,0,0,0,0,0,0,0,0,0,0,0,0,0,0,0,0,0,0,0,0,0,0,0,0,0,0,0,0,0,0,0,0,0,0,0,0,0,0,0,0,0,0,0,0,0,0,0,0,0,0,0,0,0,0,0,0,0,0,0
"177","Inocybe","Inocybaceae","Agaricales","Agaricomycetes","Basidiomycota","Fungi",0.262996941896024,0.567567567567568,0.5625,0.313559322033898,0.24,0.443396226415094,0.230769230769231,0.122222222222222,0.221621621621622,0.0434782608695652,0.352941176470588,0.05,0.142857142857143,0.3125,0.535714285714286,0.107142857142857,0.411764705882353,0,0.227272727272727,0.625,0.153846153846154,0.333333333333333,0.5625,0.146067415730337,0.137931034482759,0.117647058823529,0.6,0.636363636363636,0.333333333333333,0.4,0.566037735849057,0.0476190476190476,0,0,0.0909090909090909,0.5,0,0,0,0.0833333333333333,0.1,0.181818181818182,0,0.166666666666667,0.272727272727273,0.4,0.416666666666667,0.666666666666667,0.6,0,0.0833333333333333,0.181818181818182,0.636363636363636,0,0,0.25,0.2,0,0.714285714285714,0.1,0.25,0.166666666666667,0.1,0.1,0.2,0.0909090909090909,0.25,0.75,0.181818181818182,0.818181818181818,0.333333333333333,0.555555555555556,0.0833333333333333,0.4,0.2,0.333333333333333,0,0,0,0.166666666666667,0.2,0.0833333333333333,0.181818181818182,0,0.181818181818182,0.6,0.6,0.6,0.666666666666667,0.333333333333333,1,0.5,0,0.444444444444444,0.75,0.55,0.666666666666667,0.538461538461538,0.1,0,0
"178","uncl_Atractiellales","uncl_Atractiellales","Atractiellales","Atractiellomycetes","Basidiomycota","Fungi",0.00764525993883792,NA,NA,0,0,0.0188679245283019,0.0153846153846154,0,0.00540540540540541,0.0434782608695652,0,0,0,0.1875,0,0,0,0,0,0,0,0.0666666666666667,0,0,0,0,0,0,0,0,0,0,0,0,0.0909090909090909,0,0,0,0,0,0,0,0,0,0.181818181818182,0.2,0,0,0,0,0,0,0,0,0,0,0,0,0,0,0,0,0,0,0,0,0,0.25,0,0,0,0,0,0,0,0,0,0,0,0,0,0,0,0,0,0,0,0,0,0,0,0,0,0,0,0,0,0,0,0,0
"179","Peziza","Pezizaceae","Pezizales","Pezizomycetes","Ascomycota","Fungi",0.00152905198776758,NA,NA,0,0,0,0,0,0.00540540540540541,0,0,0,0,0,0,0,0,0,0,0,0.010989010989011,0,0,0,0,0,0,0,0,0,0,0,0,0,0,0,0,0,0,0,0,0,0,0,0,0,0,0,0,0,0,0,0,0,0,0,0,0,0,0,0,0,0,0,0,0,0.25,0,0,0,0,0,0,0,0,0,0,0,0,0,0,0,0,0,0,0,0,0,0,0,0,0,0,0,0,0,0,0,0,0,0
"180","uncl_Pyronemataceae","Pyronemataceae","Pezizales","Pezizomycetes","Ascomycota","Fungi",0.0535168195718654,NA,NA,0.0338983050847458,0.08,0.0188679245283019,0.0692307692307692,0.0555555555555556,0.0702702702702703,0,0,0,0,0.25,0.0357142857142857,0.107142857142857,0,0,0,0,0.043956043956044,0.266666666666667,0.03125,0.157303370786517,0,0,0.05,0.0454545454545455,0.166666666666667,0,0,0.0476190476190476,0,0,0,0,0,0,0,0,0,0,0,0,0.181818181818182,0.4,0,0.166666666666667,0,0,0,0.272727272727273,0,0,0,0,0,0,0,0.1,0.1,0,0,0,0,0,0.25,0.5,0.181818181818182,0,0.0833333333333333,0,0.0833333333333333,0.05,0,0.333333333333333,0.181818181818182,0.333333333333333,0.15,0,0,0,0,0,0,0,0.1,0.1,0,0.166666666666667,0,0,0,0,0,0,0,0,0,0.0909090909090909,0
"181","uncl_Megasporaceae","Megasporaceae","Pertusariales","Lecanoromycetes","Ascomycota","Fungi",0.00152905198776758,NA,NA,0,0,0,0,0,0.00540540540540541,0.0434782608695652,0,0,0,0,0,0,0,0,0,0,0,0,0,0,0,0,0,0,0,0,0,0,0,0,0.0909090909090909,0,0,0,0,0,0,0,0,0,0,0,0,0,0,0,0,0,0,0,0,0,0,0,0,0,0,0,0,0,0,0,0,0,0,0,0,0,0,0,0,0,0,0,0,0,0,0,0,0,0,0,0,0,0,0,0,0,0,0,0,0,0,0,0,0,0
"182","uncl_Capnodiales","uncl_Capnodiales","Capnodiales","Dothideomycetes","Ascomycota","Fungi",0.397553516819572,0.432432432432432,0.5,0.313559322033898,0.48,0.5,0.5,0.455555555555556,0.281081081081081,0.347826086956522,0.411764705882353,0.55,0.321428571428571,0.5625,0.428571428571429,0.25,0.588235294117647,0,0.5,0.25,0.516483516483517,0.8,0.375,0.404494382022472,0,0.294117647058824,0.35,0.136363636363636,0.833333333333333,0,0.452830188679245,0.333333333333333,0,0.333333333333333,0.363636363636364,0.166666666666667,1,0.727272727272727,0.428571428571429,0.333333333333333,0.7,0.454545454545455,0.6,0.0833333333333333,0.727272727272727,0.2,0.5,0.666666666666667,0.2,0.4,0.25,0.181818181818182,0.818181818181818,0.166666666666667,0,0.583333333333333,0.4,1,0.142857142857143,0.4,0.6,0.666666666666667,0.6,0.6,0.4,0.363636363636364,0.25,0.75,0.818181818181818,0.181818181818182,0.5,0.444444444444444,0.416666666666667,0.2,0,0.555555555555556,0.727272727272727,0.5,0.4,0,0,0,0.636363636363636,0.0833333333333333,0.181818181818182,0.3,0.4,0,0.25,0.833333333333333,0,0,0,0.444444444444444,0.25,0.5,1,0.384615384615385,0.4,0.272727272727273,0
"183","Endococcus","Dothideales_fam_Incertae_sedis","Dothideales","Dothideomycetes","Ascomycota","Fungi",0.00152905198776758,NA,NA,0,0,0,0,0,0.00540540540540541,0.0434782608695652,0,0,0,0,0,0,0,0,0,0,0,0,0,0,0,0,0,0,0,0,0,0,0,0,0.0909090909090909,0,0,0,0,0,0,0,0,0,0,0,0,0,0,0,0,0,0,0,0,0,0,0,0,0,0,0,0,0,0,0,0,0,0,0,0,0,0,0,0,0,0,0,0,0,0,0,0,0,0,0,0,0,0,0,0,0,0,0,0,0,0,0,0,0,0
"184","Dissoconium","Dissoconiaceae","Capnodiales","Dothideomycetes","Ascomycota","Fungi",0.00764525993883792,NA,NA,0,0,0,0,0.0111111111111111,0.0216216216216216,0.0434782608695652,0,0,0,0,0,0,0,0,0,0,0,0,0,0.0337078651685393,0,0.0294117647058824,0,0,0,0,0,0,0,0,0.0909090909090909,0,0,0,0,0,0,0,0,0,0,0,0,0,0,0,0,0,0,0,0,0,0,0,0,0,0,0,0,0,0,0,0,0,0,0,0,0,0,0,0,0,0,0,0.15,0,0,0,0,0.0833333333333333,0,0,0,0,0,0,0,0,0,0,0,0,0,0,0,0,0
"185","uncl_Hypocreales","uncl_Hypocreales","Hypocreales","Sordariomycetes","Ascomycota","Fungi",0.891437308868501,0.702702702702703,0.8125,0.923728813559322,1,0.735849056603774,0.915384615384615,0.977777777777778,0.886486486486487,0.869565217391304,0.764705882352941,1,0.785714285714286,0.6875,0.892857142857143,1,0.823529411764706,1,0.909090909090909,0.875,1,0.933333333333333,0.96875,0.808988764044944,0.931034482758621,1,0.9,0.818181818181818,1,0.8,0.735849056603774,0.904761904761905,1,1,0.727272727272727,0.75,0.8,1,1,1,1,0.727272727272727,0.4,1,0.545454545454545,1,0.833333333333333,1,0.9,1,1,1,0.727272727272727,1,1,0.916666666666667,0.9,0,1,1,1,1,1,1,1,1,1,1,0.909090909090909,1,1,0.888888888888889,0.916666666666667,0.75,1,1,0.909090909090909,0.75,0.65,1,0.6,1,1,1,1,0.9,0.9,0.9,0.75,1,1,1,0.5,0.777777777777778,1,0.55,0.333333333333333,0.923076923076923,0.9,0.909090909090909,1
"186","Debaryomyces","Debaryomycetaceae","Saccharomycetales","Saccharomycetes","Ascomycota","Fungi",0.00305810397553517,NA,NA,0,0,0,0,0.0222222222222222,0,0,0,0,0,0,0,0,0,0,0,0,0,0,0,0,0,0.0588235294117647,0,0,0,0,0,0,0,0,0,0,0,0,0,0,0,0,0,0,0,0,0,0,0,0,0,0,0,0,0,0,0,0,0,0,0,0,0,0,0,0,0,0,0,0,0,0,0,0,0,0,0,0,0,0,0,0,0,0.166666666666667,0,0,0,0,0,0,0,0,0,0,0,0,0,0,0,0,0
"187","uncl_Phaeosphaeriaceae","Phaeosphaeriaceae","Pleosporales","Dothideomycetes","Ascomycota","Fungi",0.483180428134557,0.459459459459459,0.6875,0.415254237288136,0.64,0.424528301886792,0.423076923076923,0.511111111111111,0.567567567567568,0.739130434782609,0.470588235294118,0.375,0.321428571428571,0.125,0.75,0.535714285714286,0.235294117647059,0.714285714285714,0.409090909090909,0.25,0.516483516483517,0.533333333333333,0.5,0.426966292134831,0.448275862068966,0.735294117647059,0.6,0.227272727272727,1,0.2,0.528301886792453,0.333333333333333,1,0.666666666666667,0.818181818181818,0.5,0.4,0.0909090909090909,0.142857142857143,0.583333333333333,0.6,0.363636363636364,0.2,0.333333333333333,0.181818181818182,0,0.75,0.666666666666667,0.8,0.2,0.416666666666667,0.818181818181818,0.363636363636364,0,0.714285714285714,0.25,0.6,0,0.285714285714286,0.7,0.7,0.5,0.4,0,0.3,0.909090909090909,0.5,0,0.727272727272727,0.363636363636364,0.666666666666667,0.444444444444444,0.583333333333333,0.3,0.4,0.333333333333333,0.454545454545455,0.583333333333333,0.4,0.583333333333333,0.2,0.416666666666667,0.454545454545455,0.833333333333333,0.909090909090909,0.5,0.7,0.2,0.25,1,1,0,0,0.555555555555556,0.75,0.3,1,0.615384615384615,0.4,0.272727272727273,1
"188","uncl_Rhizophlyctidaceae","Rhizophlyctidaceae","Rhizophlyctidales","Rhizophlyctidomycetes","Chytridiomycota","Fungi",0.0122324159021407,NA,NA,0.00847457627118644,0.04,0.00943396226415094,0.0230769230769231,0.0111111111111111,0.00540540540540541,0.0869565217391304,0,0,0,0,0.0714285714285714,0,0,0,0,0,0,0,0.0625,0.0112359550561798,0,0,0,0,0.166666666666667,0,0,0,0,0.0833333333333333,0.0909090909090909,0,0,0,0,0,0,0,0,0,0,0,0.0833333333333333,0.166666666666667,0,0,0,0,0,0,0,0,0,0,0,0,0,0,0,0,0,0,0,0,0,0.0909090909090909,0.0833333333333333,0,0,0,0.2,0,0,0,0,0,0,0,0,0,0,0,0,0,0,0.166666666666667,0,0,0,0,0,0,0,0,0,0,0
"189","Minimedusa","Hydnaceae","Cantharellales","Agaricomycetes","Basidiomycota","Fungi",0.00764525993883792,NA,NA,0.00847457627118644,0,0,0.00769230769230769,0,0.0162162162162162,0.0434782608695652,0,0,0,0,0,0,0,0,0,0,0.010989010989011,0,0,0.0112359550561798,0.0689655172413793,0,0,0,0,0,0,0,0,0,0.0909090909090909,0,0,0,0,0,0,0,0,0,0,0,0,0,0,0,0,0,0,0,0,0,0,0,0,0,0,0,0.05,0,0,0,0,0,0,0,0,0,0,0.05,0,0,0,0,0,0,0,0.166666666666667,0,0,0,0,0,0,0,0,0,0,0,0,0,0,0,0,0,0,0
"190","Coniothyrium","Coniothyriaceae","Pleosporales","Dothideomycetes","Ascomycota","Fungi",0.00152905198776758,NA,NA,0,0,0,0,0,0.00540540540540541,0.0434782608695652,0,0,0,0,0,0,0,0,0,0,0,0,0,0,0,0,0,0,0,0,0,0,0,0,0.0909090909090909,0,0,0,0,0,0,0,0,0,0,0,0,0,0,0,0,0,0,0,0,0,0,0,0,0,0,0,0,0,0,0,0,0,0,0,0,0,0,0,0,0,0,0,0,0,0,0,0,0,0,0,0,0,0,0,0,0,0,0,0,0,0,0,0,0,0
"191","Elaphomyces","Elaphomycetaceae","Eurotiales","Eurotiomycetes","Ascomycota","Fungi",0.0107033639143731,NA,NA,0.00847457627118644,0,0,0,0,0.0324324324324324,0,0,0,0,0,0,0,0,0,0,0,0,0,0,0,0,0,0,0.318181818181818,0,0,0,0,0,0,0,0,0,0,0,0,0,0,0,0,0,0,0,0,0,0,0,0,0,0,0,0,0,0,0,0,0,0,0,0,0,0,0,0,0,0,0,0,0,0,0,0,0,0,0,0,0,0,0,0,0,0,0,0.1,0.5,0,0,0,0,0,0,0,0,0,0,0,0
"192","uncl_Serendipitaceae","Serendipitaceae","Sebacinales","Agaricomycetes","Basidiomycota","Fungi",0.159021406727829,NA,NA,0.177966101694915,0.24,0.0283018867924528,0.0923076923076923,0.0777777777777778,0.297297297297297,0,0.176470588235294,0.225,0.142857142857143,0,0.0714285714285714,0.214285714285714,0.176470588235294,0.428571428571429,0.227272727272727,0.5,0.120879120879121,0,0.125,0.269662921348315,0.0344827586206897,0.176470588235294,0.35,0.181818181818182,0,0.4,0,0.238095238095238,0.333333333333333,0,0,0.0833333333333333,0.4,0.181818181818182,0.142857142857143,0.166666666666667,0.4,0,0,0.333333333333333,0,0,0,0,0.2,0,0,0.545454545454545,0,0.5,0.428571428571429,0.166666666666667,0.3,0,0.571428571428571,0.1,0.15,0,0.15,0,0.1,0.181818181818182,0.25,0,0,0,0.166666666666667,0.222222222222222,0.0833333333333333,0.45,0.6,0,0,0.166666666666667,0.45,0,0,0.0833333333333333,0.181818181818182,0.166666666666667,0.181818181818182,0.3,0.4,0,0.333333333333333,0,1,0,0.5,0,0,0,0,0,0.2,0.272727272727273,0.333333333333333
"193","Thyrostroma","Botryosphaeriaceae","Botryosphaeriales","Dothideomycetes","Ascomycota","Fungi",0.00152905198776758,NA,NA,0,0,0,0,0,0.00540540540540541,0.0434782608695652,0,0,0,0,0,0,0,0,0,0,0,0,0,0,0,0,0,0,0,0,0,0,0,0,0.0909090909090909,0,0,0,0,0,0,0,0,0,0,0,0,0,0,0,0,0,0,0,0,0,0,0,0,0,0,0,0,0,0,0,0,0,0,0,0,0,0,0,0,0,0,0,0,0,0,0,0,0,0,0,0,0,0,0,0,0,0,0,0,0,0,0,0,0,0
"194","uncl_Togniniaceae","Togniniaceae","Togniniales","Sordariomycetes","Ascomycota","Fungi",0.0168195718654434,NA,NA,0.0338983050847458,0,0,0,0,0.0378378378378378,0,0,0,0,0,0,0,0,0,0,0,0,0,0,0.0337078651685393,0.0344827586206897,0,0,0.318181818181818,0,0,0,0,0,0,0,0,0,0,0,0,0,0,0,0,0,0,0,0,0,0,0,0,0,0,0,0,0,0,0,0,0,0,0,0,0,0,0,0,0,0,0,0,0,0,0,0,0,0,0.15,0.0833333333333333,0,0,0,0,0,0,0,0.3,0.333333333333333,0,0,0,0,0,0,0,0,0,0,0,0
"195","uncl_Patellariaceae","Patellariaceae","Patellariales","Dothideomycetes","Ascomycota","Fungi",0.00152905198776758,NA,NA,0,0,0,0,0,0.00540540540540541,0.0434782608695652,0,0,0,0,0,0,0,0,0,0,0,0,0,0,0,0,0,0,0,0,0,0,0,0,0.0909090909090909,0,0,0,0,0,0,0,0,0,0,0,0,0,0,0,0,0,0,0,0,0,0,0,0,0,0,0,0,0,0,0,0,0,0,0,0,0,0,0,0,0,0,0,0,0,0,0,0,0,0,0,0,0,0,0,0,0,0,0,0,0,0,0,0,0,0
"196","Ascobolus","Ascobolaceae","Pezizales","Pezizomycetes","Ascomycota","Fungi",0.0458715596330275,0.162162162162162,0.1875,0.00847457627118644,0,0.0754716981132075,0.0692307692307692,0.0777777777777778,0.027027027027027,0,0,0.05,0.0714285714285714,0.0625,0,0.142857142857143,0.235294117647059,0,0,0,0,0,0,0.0112359550561798,0,0.117647058823529,0.1,0,0,0,0.169811320754717,0.0476190476190476,0,0,0,0,0,0,0,0.0833333333333333,0.1,0.0909090909090909,0.2,0,0,0.2,0,0,0,0,0.25,0.0909090909090909,0.0909090909090909,0.5,0,0,0,0,0,0,0,0,0,0,0,0,0,0,0,0,0,0,0,0,0,0.111111111111111,0,0,0,0,0,0,0,0.25,0.0909090909090909,0.1,0.1,0,0,0,0,0,0,0,0.125,0.25,0,0.230769230769231,0,0.0909090909090909,0
"197","Bullera","Bulleraceae","Tremellales","Tremellomycetes","Basidiomycota","Fungi",0.00611620795107034,NA,NA,0.00847457627118644,0,0,0.00769230769230769,0,0.0108108108108108,0,0,0,0,0,0,0,0,0,0,0,0,0,0,0.0112359550561798,0.0689655172413793,0.0294117647058824,0,0,0,0,0,0,0,0,0,0,0,0,0,0,0,0,0,0,0,0,0,0,0,0,0,0,0,0,0,0,0,0,0,0,0,0,0,0,0,0,0,0,0,0,0,0,0,0,0,0,0,0,0.05,0.0833333333333333,0.2,0,0,0,0.0909090909090909,0,0,0,0,0,0,0,0,0,0,0,0,0,0,0,0
"198","Hormonema","Dothioraceae","Dothideales","Dothideomycetes","Ascomycota","Fungi",0.00305810397553517,NA,NA,0,0,0,0,0,0.0108108108108108,0,0,0,0,0,0.0714285714285714,0,0,0,0,0,0,0,0,0,0,0,0,0,0,0,0,0,0,0,0,0,0,0,0,0,0,0,0,0,0,0,0,0,0.2,0,0,0,0,0,0,0,0,0,0,0,0,0,0,0,0,0,0,0,0,0,0,0,0,0,0,0,0,0,0,0,0,0,0,0,0,0,0,0,0,0,0,0,0,0,0,0,0,0,0,0,0
"199","Spizellomyces","Spizellomycetaceae","Spizellomycetales","Spizellomycetes","Chytridiomycota","Fungi",0.0626911314984709,0.216216216216216,0.0625,0.0169491525423729,0,0.216981132075472,0.0615384615384615,0.0666666666666667,0.0108108108108108,0.0434782608695652,0.235294117647059,0.05,0.107142857142857,0.0625,0.285714285714286,0.142857142857143,0.0588235294117647,0,0.136363636363636,0,0,0.0666666666666667,0,0,0.0344827586206897,0.0294117647058824,0.05,0.0454545454545455,0,0,0.169811320754717,0,0,0.0833333333333333,0,0.333333333333333,0,0,0,0.166666666666667,0,0.272727272727273,0,0,0,0.2,0.5,0.333333333333333,0,0.2,0.166666666666667,0.0909090909090909,0,0.166666666666667,0,0.166666666666667,0.1,0,0,0,0,0,0,0,0,0,0,0,0.0909090909090909,0,0,0,0,0,0,0,0,0,0,0,0,0.0833333333333333,0,0.0833333333333333,0,0.1,0,0.1,0,0,0,0,0,0.333333333333333,0.25,0.15,0,0.0769230769230769,0,0,0
"200","Cristinia","Stephanosporaceae","Agaricales","Agaricomycetes","Basidiomycota","Fungi",0.0244648318042813,NA,NA,0.00847457627118644,0,0.0471698113207547,0.0230769230769231,0.0666666666666667,0.00540540540540541,0,0.176470588235294,0.025,0,0,0.0357142857142857,0,0.235294117647059,0.142857142857143,0,0,0,0,0.03125,0,0,0.147058823529412,0,0,0,0,0,0,0,0,0,0.25,0,0,0,0.0833333333333333,0,0,0,0,0,0,0.0833333333333333,0,0,0,0,0,0.0909090909090909,0.5,0.142857142857143,0,0,0,0,0,0,0,0,0,0,0,0,0,0,0,0.0833333333333333,0,0,0,0,0,0,0,0,0,0,0,0.0909090909090909,0.333333333333333,0,0,0,0,0,0,0,0,0,0,0,0,0,0,0,0,0
"201","uncl_Saccharomycetes","uncl_Saccharomycetes","uncl_Saccharomycetes","Saccharomycetes","Ascomycota","Fungi",0.0474006116207951,0.027027027027027,0,0.0677966101694915,0.04,0.0188679245283019,0.00769230769230769,0.0222222222222222,0.0918918918918919,0,0.0588235294117647,0.125,0,0,0,0,0,0.714285714285714,0,0,0.0769230769230769,0.0666666666666667,0.03125,0.0112359550561798,0.103448275862069,0.0588235294117647,0.05,0.0454545454545455,0,0,0.0188679245283019,0.0476190476190476,0.333333333333333,0,0,0.0833333333333333,0,0.272727272727273,0,0,0.2,0,0,0,0,0,0,0,0,0,0,0,0,0,0.714285714285714,0,0,0,0,0.4,0.05,0,0,0,0.1,0.0909090909090909,0,0.25,0,0,0,0.111111111111111,0,0,0,0,0,0.0833333333333333,0,0.0833333333333333,0,0.166666666666667,0,0.0833333333333333,0.0909090909090909,0,0.1,0,0.0833333333333333,0,0,0,0,0,0,0.05,0,0,0,0.0909090909090909,0.333333333333333
"202","Westerdykella","Sporormiaceae","Pleosporales","Dothideomycetes","Ascomycota","Fungi",0.0474006116207951,0.0540540540540541,0,0.0169491525423729,0,0.141509433962264,0.0538461538461538,0.0555555555555556,0.0108108108108108,0,0.117647058823529,0.1,0,0,0.321428571428571,0.0714285714285714,0.235294117647059,0,0.181818181818182,0,0,0,0.0625,0,0,0.0588235294117647,0,0,0,0,0.0377358490566038,0,0,0,0,0.166666666666667,0,0,0.142857142857143,0.25,0,0,0,0,0,0,0.583333333333333,0.333333333333333,0,0,0,0.181818181818182,0.181818181818182,0.333333333333333,0,0.166666666666667,0.2,0,0,0,0,0,0,0,0,0,0,0,0,0.0909090909090909,0.0833333333333333,0,0,0,0,0,0,0,0,0,0,0,0.0909090909090909,0.0833333333333333,0,0,0,0,0,0,0,0,0,0.111111111111111,0,0.05,0,0,0,0,0
"203","uncl_Tricholomataceae","Tricholomataceae","Agaricales","Agaricomycetes","Basidiomycota","Fungi",0.081039755351682,0,0.0625,0.0508474576271186,0.04,0.0188679245283019,0.0461538461538462,0.111111111111111,0.151351351351351,0.0434782608695652,0.0588235294117647,0.05,0.0357142857142857,0,0.0357142857142857,0.0357142857142857,0,1,0.0909090909090909,0,0.043956043956044,0.0666666666666667,0.1875,0.0561797752808989,0,0.294117647058824,0.05,0.227272727272727,0,0,0.0188679245283019,0.0476190476190476,1,0,0.0909090909090909,0.0833333333333333,0,0,0,0,0.2,0,0,0.0833333333333333,0,0,0,0,0.1,0.2,0,0,0,0,1,0.0833333333333333,0.1,0,0,0,0.05,0,0.05,0,0.1,0.0909090909090909,0,0,0.0909090909090909,0,0.5,0,0,0,0,0.222222222222222,0.181818181818182,0,0.05,0,0,0,0.272727272727273,0,0.636363636363636,0.1,0,0.2,0.25,0,0,0,0,0,0,0,0,0.0769230769230769,0,0.0909090909090909,1
"204","uncl_Powellomycetaceae","Powellomycetaceae","Spizellomycetales","Spizellomycetes","Chytridiomycota","Fungi",0.00458715596330275,NA,NA,0.00847457627118644,0,0,0,0.0222222222222222,0,0,0,0.025,0,0,0,0,0,0,0,0,0,0,0,0.0112359550561798,0,0.0294117647058824,0,0,0,0,0,0,0,0,0,0,0,0,0,0.0833333333333333,0,0,0,0,0,0,0,0,0,0,0,0,0,0,0,0,0,0,0,0,0,0,0,0,0,0,0,0,0,0,0,0,0,0,0,0,0.0909090909090909,0,0,0,0,0,0.0909090909090909,0,0,0,0,0,0,0,0,0,0,0,0,0,0,0,0,0,0
"205","uncl_Eurotiales","uncl_Eurotiales","Eurotiales","Eurotiomycetes","Ascomycota","Fungi",0.117737003058104,0.567567567567568,0.25,0.101694915254237,0,0.292452830188679,0.107692307692308,0.0222222222222222,0.0972972972972973,0.0869565217391304,0.176470588235294,0.025,0.178571428571429,0.25,0.0714285714285714,0,0.117647058823529,0.142857142857143,0.181818181818182,0.125,0.010989010989011,0,0.0625,0.0337078651685393,0,0,0.05,0.909090909090909,0,0,0.471698113207547,0,0,0,0.181818181818182,0.25,0,0,0,0.0833333333333333,0,0.181818181818182,0.6,0,0.181818181818182,0.4,0,0.333333333333333,0,0,0,0,0.0909090909090909,0.166666666666667,0.142857142857143,0.166666666666667,0.2,0,0.142857142857143,0.1,0,0,0,0,0,0,0,0,0,0,0.0833333333333333,0.111111111111111,0,0.05,0,0,0,0,0.1,0,0,0,0,0,0,0,0.1,1,0.833333333333333,0,0,0,0,0.333333333333333,0.125,0.85,0,0.307692307692308,0,0,0
"206","Sclerostagonospora","Phaeosphaeriaceae","Pleosporales","Dothideomycetes","Ascomycota","Fungi",0.0290519877675841,0,0.0625,0,0,0.0566037735849057,0.0307692307692308,0.0444444444444444,0.027027027027027,0,0.117647058823529,0.2,0,0,0.0357142857142857,0.0357142857142857,0.176470588235294,0,0,0,0,0,0,0,0,0.0882352941176471,0,0,0,0,0.0188679245283019,0,0,0,0,0.166666666666667,0,0,0.428571428571429,0.333333333333333,0.1,0,0,0,0,0,0.0833333333333333,0,0,0,0,0.0909090909090909,0.272727272727273,0,0,0,0,0,0,0,0,0,0,0,0,0,0,0,0,0,0,0,0,0,0,0,0,0,0,0,0,0,0,0,0.272727272727273,0,0,0,0,0,0,0,0,0,0,0,0.333333333333333,0,0,0,0
"207","Allocanariomyces","Chaetomiaceae","Sordariales","Sordariomycetes","Ascomycota","Fungi",0.00152905198776758,NA,NA,0,0,0.00943396226415094,0,0,0,0,0.0588235294117647,0,0,0,0,0,0,0,0,0,0,0,0,0,0,0,0,0,0,0,0,0,0,0,0,0.0833333333333333,0,0,0,0,0,0,0,0,0,0,0,0,0,0,0,0,0,0,0,0,0,0,0,0,0,0,0,0,0,0,0,0,0,0,0,0,0,0,0,0,0,0,0,0,0,0,0,0,0,0,0,0,0,0,0,0,0,0,0,0,0,0,0,0,0
"208","Orientoglomus","Glomeraceae","Glomerales","Glomeromycetes","Glomeromycota","Fungi",0.00458715596330275,NA,NA,0,0,0.0283018867924528,0,0,0,0,0.117647058823529,0,0,0,0.0357142857142857,0,0,0,0,0,0,0,0,0,0,0,0,0,0,0,0,0,0,0,0,0.166666666666667,0,0,0,0,0,0,0,0,0,0,0.0833333333333333,0,0,0,0,0,0,0,0,0,0,0,0,0,0,0,0,0,0,0,0,0,0,0,0,0,0,0,0,0,0,0,0,0,0,0,0,0,0,0,0,0,0,0,0,0,0,0,0,0,0,0,0,0,0
"209","Daldinia","Hypoxylaceae","Xylariales","Sordariomycetes","Ascomycota","Fungi",0.0107033639143731,NA,NA,0.0169491525423729,0.04,0.00943396226415094,0.00769230769230769,0.0111111111111111,0.00540540540540541,0,0.0588235294117647,0,0,0,0.0357142857142857,0,0,0,0,0,0.010989010989011,0,0.0625,0,0,0.0294117647058824,0,0.0454545454545455,0,0,0,0,0,0,0,0.0833333333333333,0,0,0,0,0,0,0,0,0,0,0,0.166666666666667,0,0,0,0,0,0,0,0,0,0,0,0,0.05,0,0,0,0,0,0,0,0,0.0909090909090909,0.0833333333333333,0,0,0,0,0,0,0,0,0,0,0,0,0,0.0909090909090909,0,0,0.1,0,0,0,0,0,0,0,0,0,0,0,0,0
"210","uncl_Libertasomycetaceae","Libertasomycetaceae","Pleosporales","Dothideomycetes","Ascomycota","Fungi",0.00305810397553517,NA,NA,0,0,0.0188679245283019,0,0,0,0,0.117647058823529,0,0,0,0,0,0,0,0,0,0,0,0,0,0,0,0,0,0,0,0,0,0,0,0,0.166666666666667,0,0,0,0,0,0,0,0,0,0,0,0,0,0,0,0,0,0,0,0,0,0,0,0,0,0,0,0,0,0,0,0,0,0,0,0,0,0,0,0,0,0,0,0,0,0,0,0,0,0,0,0,0,0,0,0,0,0,0,0,0,0,0,0,0
"211","Phaeosphaeria","Phaeosphaeriaceae","Pleosporales","Dothideomycetes","Ascomycota","Fungi",0.0871559633027523,0.0540540540540541,0,0.101694915254237,0.24,0.0377358490566038,0.0230769230769231,0.0444444444444444,0.151351351351351,0,0.0588235294117647,0.075,0,0,0.107142857142857,0.0357142857142857,0,0.142857142857143,0,0.125,0.0769230769230769,0.0666666666666667,0,0.269662921348315,0,0.147058823529412,0.1,0.181818181818182,0,0.2,0.0377358490566038,0.0476190476190476,0,0,0,0.0833333333333333,0,0.0909090909090909,0,0.0833333333333333,0.1,0,0,0,0,0,0.0833333333333333,0,0.2,0,0.0833333333333333,0,0,0,0.142857142857143,0,0,0,0.142857142857143,0.1,0.2,0,0.05,0,0,0,0.25,0,0.0909090909090909,0,0,0,0.333333333333333,0.15,0.4,0.111111111111111,0.0909090909090909,0.666666666666667,0.25,0,0,0,0.0909090909090909,0,0.363636363636364,0.1,0.1,0.1,0.25,0,0,0.5,0,0.111111111111111,0,0.05,0,0,0,0.0909090909090909,0
"212","uncl_Auriculariaceae","Auriculariaceae","Auriculariales","Agaricomycetes","Basidiomycota","Fungi",0.152905198776758,NA,NA,0.177966101694915,0.24,0.00943396226415094,0.0923076923076923,0.277777777777778,0.189189189189189,0,0.0588235294117647,0.225,0.0714285714285714,0.0625,0.0714285714285714,0.178571428571429,0,0,0.0454545454545455,0,0.285714285714286,0,0.15625,0.280898876404494,0.413793103448276,0.205882352941176,0.15,0.0454545454545455,0,0,0,0,0,0,0,0.0833333333333333,0,0.0909090909090909,0.285714285714286,0.333333333333333,0.2,0,0,0.166666666666667,0,0.2,0,0,0.2,0,0.416666666666667,0,0,0,0,0,0.1,0,0,0.2,0.25,0,0.25,0.4,0.1,0.636363636363636,0.5,0,0,0,0.416666666666667,0,0.416666666666667,0.25,0.2,0.222222222222222,0.545454545454545,0.333333333333333,0.1,0.333333333333333,0.2,0.583333333333333,0.181818181818182,0,0.454545454545455,0.2,0.1,0,0.0833333333333333,0,0,0,0,0,0,0,0,0,0,0,0
"213","uncl_Elsinoaceae","Elsinoaceae","Myriangiales","Dothideomycetes","Ascomycota","Fungi",0.00305810397553517,NA,NA,0,0,0.00943396226415094,0.00769230769230769,0,0,0,0.0588235294117647,0,0,0,0,0,0,0,0,0,0.010989010989011,0,0,0,0,0,0,0,0,0,0,0,0,0,0,0.0833333333333333,0,0,0,0,0,0,0,0,0,0,0,0,0,0,0,0,0,0,0,0,0,0,0,0,0,0.166666666666667,0,0,0,0,0,0,0,0,0,0,0,0,0,0,0,0,0,0,0,0,0,0,0,0,0,0,0,0,0,0,0,0,0,0,0,0,0,0,0
"214","Teichospora","Teichosporaceae","Pleosporales","Dothideomycetes","Ascomycota","Fungi",0.0152905198776758,NA,NA,0.00847457627118644,0,0.0377358490566038,0.00769230769230769,0,0.0216216216216216,0.130434782608696,0.235294117647059,0,0,0,0,0,0,0,0,0,0.010989010989011,0,0,0,0.0344827586206897,0.0294117647058824,0,0,0,0,0,0,0,0.0833333333333333,0.181818181818182,0.333333333333333,0,0,0,0,0,0,0,0,0,0,0,0,0,0,0,0,0,0,0,0,0,0,0,0,0,0,0,0,0,0,0.25,0,0,0,0,0,0,0,0,0,0,0,0,0.0833333333333333,0,0,0,0,0.0909090909090909,0,0,0,0,0,0,0,0,0,0,0,0,0,0,0,0
"215","uncl_Mucorales","uncl_Mucorales","Mucorales","Mucoromycetes","Mucoromycota","Fungi",0.0198776758409786,0.027027027027027,0,0.0169491525423729,0.04,0.0188679245283019,0.0230769230769231,0,0.027027027027027,0,0.0588235294117647,0,0,0.0625,0,0.0714285714285714,0,0,0,0,0.0769230769230769,0,0.03125,0,0,0,0,0,0,0,0.0188679245283019,0,0,0,0,0.0833333333333333,0,0,0,0,0,0,0,0,0,0.2,0,0,0,0,0,0.181818181818182,0,0,0,0,0,0,0,0.1,0.05,0,0.1,0,0,0.181818181818182,0.25,0,0,0.0909090909090909,0,0,0,0,0,0,0,0,0,0,0,0,0,0,0,0,0,0,0,0,0,0,0,0,0.125,0,0,0,0,0,0
"216","uncl_Saccotheciaceae","Saccotheciaceae","Dothideales","Dothideomycetes","Ascomycota","Fungi",0.149847094801223,NA,NA,0.127118644067797,0.12,0.132075471698113,0.115384615384615,0.0444444444444444,0.254054054054054,0,0.117647058823529,0,0.178571428571429,0.0625,0.535714285714286,0.214285714285714,0.0588235294117647,0,0.454545454545455,0.875,0.252747252747253,0.0666666666666667,0,0.247191011235955,0.0689655172413793,0.0294117647058824,0,0.0909090909090909,0,0,0,0,0,0,0,0,0.4,0,0,0,0,0,0,0.416666666666667,0.0909090909090909,0,0.75,0,0.6,0.2,0.25,0.181818181818182,0.0909090909090909,0,0,0.25,0.7,0,1,0.4,0.15,0.166666666666667,0.1,0.1,0,1,0.25,0.25,0,0,0,0,0.333333333333333,0.25,0,0.111111111111111,0,0.166666666666667,0.5,0.166666666666667,0,0,0,0,0.0909090909090909,0,0,0,0.166666666666667,0,0,0,0,0,0,0,0,0,0,0,0
"217","uncl_Tubeufiaceae","Tubeufiaceae","Tubeufiales","Dothideomycetes","Ascomycota","Fungi",0.0504587155963303,NA,NA,0.0847457627118644,0.04,0.00943396226415094,0.00769230769230769,0.0555555555555556,0.0810810810810811,0,0.0588235294117647,0.15,0,0,0.0357142857142857,0,0,0.428571428571429,0,0.125,0.010989010989011,0,0.03125,0.0786516853932584,0,0.0882352941176471,0.15,0.0454545454545455,0,0.2,0,0.0952380952380952,0.666666666666667,0,0,0.0833333333333333,0,0.181818181818182,0,0,0.4,0,0,0,0,0,0,0,0.1,0,0,0,0,0,0.428571428571429,0,0,0,0.142857142857143,0,0.05,0,0,0,0,0,0,0,0,0,0.0833333333333333,0,0.0833333333333333,0.05,0,0.111111111111111,0.181818181818182,0,0.1,0,0,0,0.0909090909090909,0.166666666666667,0,0.2,0.1,0,0.0833333333333333,0,1,0,0,0,0,0,0,0,0.2,0,0.666666666666667
"218","uncl_Bolbitiaceae","Bolbitiaceae","Agaricales","Agaricomycetes","Basidiomycota","Fungi",0.0840978593272171,0.216216216216216,0.25,0.0423728813559322,0.04,0.188679245283019,0.0923076923076923,0.0444444444444444,0.0702702702702703,0,0.176470588235294,0.075,0.321428571428571,0,0.0357142857142857,0.0714285714285714,0.176470588235294,0,0.181818181818182,0.125,0.0879120879120879,0,0.03125,0.0337078651685393,0,0,0.05,0.0454545454545455,0.333333333333333,0,0.226415094339623,0,0.333333333333333,0,0,0.25,0,0.0909090909090909,0,0.0833333333333333,0.1,0.363636363636364,0,0.416666666666667,0,0,0.0833333333333333,0,0,0.2,0.0833333333333333,0,0.0909090909090909,0.333333333333333,0,0.25,0.1,0,0.142857142857143,0.3,0.05,0,0.05,0.1,0,0.181818181818182,0,0,0,0,0,0.111111111111111,0.0833333333333333,0,0,0.111111111111111,0.0909090909090909,0,0,0,0,0,0,0,0,0,0.1,0,0.0833333333333333,0.333333333333333,0,0,0,0.333333333333333,0.25,0.15,0,0.307692307692308,0,0,0.333333333333333
"219","Eutiarosporella","Botryosphaeriaceae","Botryosphaeriales","Dothideomycetes","Ascomycota","Fungi",0.0152905198776758,NA,NA,0,0,0.0283018867924528,0.0230769230769231,0.0222222222222222,0.0108108108108108,0,0.0588235294117647,0.025,0,0,0.107142857142857,0.0357142857142857,0,0.142857142857143,0.0454545454545455,0,0.010989010989011,0,0.03125,0,0,0,0,0,0,0,0,0,0,0,0,0.0833333333333333,0,0,0,0.0833333333333333,0,0,0,0,0,0,0.166666666666667,0.166666666666667,0,0,0,0.0909090909090909,0,0,0.142857142857143,0,0.1,0,0,0,0,0,0.05,0,0,0,0,0,0,0,0.0833333333333333,0,0,0,0,0,0,0,0,0,0,0,0,0,0,0,0,0,0,0,0,0,0,0,0,0,0,0,0,0,0
"220","uncl_Hymenochaetales","uncl_Hymenochaetales","Hymenochaetales","Agaricomycetes","Basidiomycota","Fungi",0.0611620795107034,0.027027027027027,0,0.0932203389830508,0.08,0.0283018867924528,0.0615384615384615,0.0555555555555556,0.0594594594594595,0,0.0588235294117647,0.05,0.0357142857142857,0,0,0,0,0.142857142857143,0.0454545454545455,0.25,0.153846153846154,0.133333333333333,0.03125,0.146067415730337,0,0,0,0,0.166666666666667,0,0.0188679245283019,0,0,0,0,0.0833333333333333,0,0.181818181818182,0,0,0,0,0,0.0833333333333333,0,0,0,0,0,0,0,0,0,0,0.142857142857143,0.0833333333333333,0,1,0.142857142857143,0.3,0.1,0,0.2,0,0.2,0.0909090909090909,0.5,0.25,0.0909090909090909,0,0.0833333333333333,0,0.0833333333333333,0.25,0,0.111111111111111,0.0909090909090909,0.25,0.1,0,0,0,0,0,0,0,0,0,0,0.166666666666667,0,0,0,0,0.125,0,0,0,0,0,0
"221","uncl_Sphaerobolaceae","Sphaerobolaceae","Geastrales","Agaricomycetes","Basidiomycota","Fungi",0.00764525993883792,0,0.125,0,0,0.00943396226415094,0.0230769230769231,0,0.00540540540540541,0,0.0588235294117647,0,0,0,0,0,0,0,0,0,0.010989010989011,0,0.03125,0,0,0,0,0,0,0,0.0377358490566038,0,0,0,0,0.0833333333333333,0,0,0,0,0,0,0,0,0,0,0,0,0,0,0,0,0,0,0,0,0,0,0,0,0,0.166666666666667,0,0,0,0,0,0,0,0,0,0.111111111111111,0,0,0,0,0,0,0,0,0,0,0,0,0,0,0,0,0,0,0,0,0,0,0,0,0.333333333333333,0.0769230769230769,0,0,0
"222","uncl_Corticiaceae","Corticiaceae","Corticiales","Agaricomycetes","Basidiomycota","Fungi",0.0152905198776758,0.027027027027027,0,0.00847457627118644,0.04,0.0188679245283019,0.00769230769230769,0,0.027027027027027,0,0.0588235294117647,0,0.107142857142857,0,0,0.0357142857142857,0,0,0,0,0.010989010989011,0,0.03125,0,0,0,0.1,0,0,0,0.0188679245283019,0,0,0,0,0.0833333333333333,0,0,0,0,0,0,0,0.25,0,0,0,0,0,0.2,0,0,0,0,0,0,0,0,0,0,0.05,0,0,0,0,0,0,0,0,0,0,0.111111111111111,0,0,0,0,0,0,0,0,0,0,0,0,0,0.1,0.1,0,0,0,0,0,0,0.111111111111111,0,0,0,0,0,0,0
"223","Eocronartium","Eocronartiaceae","Platygloeales","Pucciniomycetes","Basidiomycota","Fungi",0.00152905198776758,NA,NA,0,0,0.00943396226415094,0,0,0,0,0.0588235294117647,0,0,0,0,0,0,0,0,0,0,0,0,0,0,0,0,0,0,0,0,0,0,0,0,0.0833333333333333,0,0,0,0,0,0,0,0,0,0,0,0,0,0,0,0,0,0,0,0,0,0,0,0,0,0,0,0,0,0,0,0,0,0,0,0,0,0,0,0,0,0,0,0,0,0,0,0,0,0,0,0,0,0,0,0,0,0,0,0,0,0,0,0,0
"224","Bifiguratus","Mucoromycotina_fam_Incertae_sedis","Mucoromycotina_ord_Incertae_sedis","Mucoromycotina_cls_Incertae_sedis","Mucoromycota","Fungi",0.0229357798165138,NA,NA,0.0508474576271186,0,0,0,0,0.0486486486486487,0,0,0,0,0,0.0357142857142857,0,0,0.285714285714286,0,0,0.010989010989011,0,0,0,0.0344827586206897,0.0588235294117647,0,0.363636363636364,0,0,0,0,0,0,0,0,0,0,0,0,0,0,0,0,0,0,0,0,0.1,0,0,0,0,0,0.285714285714286,0,0,0,0,0.1,0,0,0,0,0,0,0,0,0,0,0,0,0,0,0,0,0,0,0,0,0,0.0833333333333333,0.181818181818182,0,0,0,0,0.3,0.416666666666667,0,0,0,0,0,0,0,0,0,0,0,0
"225","Melampsora","Melampsoraceae","Pucciniales","Pucciniomycetes","Basidiomycota","Fungi",0.00152905198776758,NA,NA,0,0,0.00943396226415094,0,0,0,0,0,0,0,0,0,0,0.0588235294117647,0,0,0,0,0,0,0,0,0,0,0,0,0,0,0,0,0,0,0,0,0,0,0,0,0,0,0,0,0,0,0,0,0,0,0,0.0909090909090909,0,0,0,0,0,0,0,0,0,0,0,0,0,0,0,0,0,0,0,0,0,0,0,0,0,0,0,0,0,0,0,0,0,0,0,0,0,0,0,0,0,0,0,0,0,0,0,0
"226","Lecanicillium","Cordycipitaceae","Hypocreales","Sordariomycetes","Ascomycota","Fungi",0.00611620795107034,0,0.0625,0.00847457627118644,0,0,0.0153846153846154,0,0.00540540540540541,0,0,0,0,0,0,0.0357142857142857,0.0588235294117647,0,0,0,0,0,0,0,0.0344827586206897,0,0,0,0,0,0.0188679245283019,0,0,0,0,0,0,0,0,0,0,0,0,0,0,0,0,0,0,0,0,0.0909090909090909,0,0.166666666666667,0,0,0,0,0,0,0,0,0,0,0,0,0,0,0,0,0,0,0,0,0,0,0,0,0,0.0833333333333333,0,0,0,0,0,0,0,0,0,0,0,0,0,0,0,0,0,0.0769230769230769,0,0,0
"227","Apiotrichum","Trichosporonaceae","Trichosporonales","Tremellomycetes","Basidiomycota","Fungi",0.00152905198776758,NA,NA,0,0,0.00943396226415094,0,0,0,0,0.0588235294117647,0,0,0,0,0,0,0,0,0,0,0,0,0,0,0,0,0,0,0,0,0,0,0,0,0.0833333333333333,0,0,0,0,0,0,0,0,0,0,0,0,0,0,0,0,0,0,0,0,0,0,0,0,0,0,0,0,0,0,0,0,0,0,0,0,0,0,0,0,0,0,0,0,0,0,0,0,0,0,0,0,0,0,0,0,0,0,0,0,0,0,0,0,0
"228","Bisifusarium","Nectriaceae","Hypocreales","Sordariomycetes","Ascomycota","Fungi",0.0168195718654434,NA,NA,0.00847457627118644,0,0.00943396226415094,0.0384615384615385,0.0111111111111111,0.0162162162162162,0,0.0588235294117647,0,0,0,0,0,0.235294117647059,0,0.0454545454545455,0,0,0,0.0625,0.0112359550561798,0,0.0588235294117647,0,0,0,0,0,0,0,0,0,0.0833333333333333,0,0,0,0,0,0,0,0,0,0,0,0,0,0,0,0,0,0.666666666666667,0,0,0.1,0,0,0,0,0,0,0,0,0,0,0,0,0,0,0.222222222222222,0,0,0,0,0.0909090909090909,0,0,0,0,0,0.0909090909090909,0,0.0909090909090909,0,0,0,0,0,0,0,0,0,0,0,0,0,0,0,0
"229","Phoma","Didymellaceae","Pleosporales","Dothideomycetes","Ascomycota","Fungi",0.0229357798165138,NA,NA,0,0,0.0377358490566038,0.0307692307692308,0.0555555555555556,0.0108108108108108,0,0.0588235294117647,0,0,0.0625,0.0714285714285714,0.142857142857143,0.235294117647059,0,0,0,0,0,0,0,0,0.0882352941176471,0,0,0,0,0,0,0,0,0,0.0833333333333333,0,0,0,0,0,0,0,0,0.0909090909090909,0,0.166666666666667,0,0,0,0.25,0.0909090909090909,0,0.666666666666667,0,0,0,0,0,0,0,0,0,0,0,0,0,0,0,0,0,0,0,0,0,0,0,0,0,0,0,0,0,0.166666666666667,0.0909090909090909,0,0,0,0,0,0,0,0,0,0,0,0,0,0,0,0
"230","Dothiorella","Botryosphaeriaceae","Botryosphaeriales","Dothideomycetes","Ascomycota","Fungi",0.00305810397553517,NA,NA,0,0,0.00943396226415094,0,0,0.00540540540540541,0,0.0588235294117647,0,0,0,0,0,0,0,0,0,0,0,0,0,0,0.0294117647058824,0,0,0,0,0,0,0,0,0,0.0833333333333333,0,0,0,0,0,0,0,0,0,0,0,0,0,0,0,0,0,0,0,0,0,0,0,0,0,0,0,0,0,0,0,0,0,0,0,0,0,0,0,0,0,0,0,0,0,0,0,0,0.0909090909090909,0,0,0,0,0,0,0,0,0,0,0,0,0,0,0,0
"231","uncl_Didymellaceae","Didymellaceae","Pleosporales","Dothideomycetes","Ascomycota","Fungi",0.0137614678899083,NA,NA,0.00847457627118644,0,0.00943396226415094,0.0230769230769231,0.0444444444444444,0,0,0.0588235294117647,0,0,0,0,0.0714285714285714,0.0588235294117647,0,0,0,0,0,0,0.0224719101123595,0,0.0294117647058824,0,0,0.333333333333333,0,0,0,0,0,0,0.0833333333333333,0,0,0,0,0,0,0,0,0,0,0,0,0,0,0.166666666666667,0,0,0.166666666666667,0,0,0,0,0,0,0,0,0,0,0,0,0,0,0,0,0,0,0.0833333333333333,0,0,0,0.0909090909090909,0,0,0,0,0,0,0.0833333333333333,0,0,0,0,0,0.333333333333333,0,0,0,0,0,0,0,0,0,0,0
"232","Metacordyceps","Clavicipitaceae","Hypocreales","Sordariomycetes","Ascomycota","Fungi",0.081039755351682,NA,NA,0.211864406779661,0,0,0.0307692307692308,0.0444444444444444,0.108108108108108,0,0.0588235294117647,0.05,0,0,0,0.0357142857142857,0,0,0,0,0.032967032967033,0,0.125,0.247191011235955,0.0689655172413793,0.0294117647058824,0.45,0.181818181818182,0,0.2,0,0.142857142857143,0,0,0,0,0.2,0,0,0,0.2,0,0,0,0,0,0,0,0,0,0,0.0909090909090909,0,0,0,0,0,0,0,0.1,0,0,0.05,0,0,0.0909090909090909,0,0,0,0.0909090909090909,0.25,0,0.5,0.25,0,0.111111111111111,0.0909090909090909,0.25,0.3,0.166666666666667,0,0,0,0,0.0909090909090909,0.5,0.4,0.2,0.166666666666667,0,0,0.5,0,0,0,0,0,0,0.3,0,0
"233","uncl_Coniochaetales","uncl_Coniochaetales","Coniochaetales","Sordariomycetes","Ascomycota","Fungi",0.0779816513761468,NA,NA,0.0932203389830508,0.2,0,0.0692307692307692,0.111111111111111,0.0864864864864865,0.0434782608695652,0.0588235294117647,0,0,0,0,0,0,0,0,0.125,0.0549450549450549,0,0.0625,0.382022471910112,0,0.117647058823529,0,0,0,0,0,0.0476190476190476,0.666666666666667,0.0833333333333333,0,0,0.2,0,0,0,0,0,0,0,0,0,0,0,0,0,0,0,0,0,0,0,0,1,0,0,0.1,0.166666666666667,0.1,0,0,0,0,0,0,0,0.0833333333333333,0.111111111111111,0.333333333333333,0.3,0.6,0.333333333333333,0.545454545454545,0.333333333333333,0.4,0,0,0,0.0909090909090909,0.25,0,0,0,0,0,0,0,0,0,0,0,0,0,0,0,0.0909090909090909,0.666666666666667
"234","uncl_Magnaporthales","uncl_Magnaporthales","Magnaporthales","Sordariomycetes","Ascomycota","Fungi",0.235474006116208,0.243243243243243,0.5625,0.211864406779661,0.12,0.226415094339623,0.315384615384615,0.266666666666667,0.2,0.130434782608696,0.117647058823529,0.35,0.285714285714286,0.0625,0.214285714285714,0.321428571428571,0.0588235294117647,0.285714285714286,0.590909090909091,0.125,0.164835164835165,0.266666666666667,0.1875,0.101123595505618,0,0.470588235294118,0.3,0.181818181818182,0.333333333333333,0,0.339622641509434,0.666666666666667,0,0.166666666666667,0.0909090909090909,0.0833333333333333,0.2,0.727272727272727,0.142857142857143,0,0.5,0.181818181818182,0.6,0.25,0,0.2,0.333333333333333,0.166666666666667,0.1,1,0.166666666666667,0.181818181818182,0.0909090909090909,0,0.285714285714286,0.583333333333333,0.6,1,0,0,0.15,0.166666666666667,0.25,0.5,0,0,0.25,0,0.363636363636364,0,0.5,0,0.0833333333333333,0,0,0.333333333333333,0.181818181818182,0.25,0,0,0,0,0.363636363636364,0.416666666666667,0.636363636363636,0.3,0.3,0.2,0.166666666666667,0.333333333333333,0,0,0,0.444444444444444,0.625,0,0.666666666666667,0.538461538461538,0.7,0.636363636363636,0
"235","uncl_Steccherinaceae","Steccherinaceae","Polyporales","Agaricomycetes","Basidiomycota","Fungi",0.00152905198776758,NA,NA,0,0,0,0.00769230769230769,0,0,0,0.0588235294117647,0,0,0,0,0,0,0,0,0,0,0,0,0,0,0,0,0,0,0,0,0,0,0,0,0,0.2,0,0,0,0,0,0,0,0,0,0,0,0,0,0,0,0,0,0,0,0,0,0,0,0,0,0,0,0,0,0,0,0,0,0,0,0,0,0,0,0,0,0,0,0,0,0,0,0,0,0,0,0,0,0,0,0,0,0,0,0,0,0,0,0
"236","uncl_Chaetothyriales","uncl_Chaetothyriales","Chaetothyriales","Eurotiomycetes","Ascomycota","Fungi",0.793577981651376,0.540540540540541,0.3125,0.889830508474576,1,0.547169811320755,0.746153846153846,0.844444444444444,0.854054054054054,0.826086956521739,0.588235294117647,0.875,0.392857142857143,1,0.571428571428571,0.892857142857143,0.235294117647059,0.857142857142857,0.909090909090909,1,0.978021978021978,0.866666666666667,0.90625,0.98876404494382,0.172413793103448,0.882352941176471,1,1,0.666666666666667,1,0.471698113207547,0.761904761904762,1,1,0.636363636363636,0.416666666666667,1,1,0.714285714285714,0.75,1,0.363636363636364,0.4,0.416666666666667,1,1,0.25,0.5,1,1,0.75,1,0.363636363636364,0,0.857142857142857,0.916666666666667,0.9,1,1,0.9,1,1,0.95,1,1,1,1,1,0.818181818181818,0.909090909090909,0.833333333333333,1,1,0.95,1,1,1,1,1,0.25,0.2,0.0833333333333333,1,0.666666666666667,1,1,1,1,1,0.666666666666667,1,1,1,0.777777777777778,0.5,0.45,0.666666666666667,0.230769230769231,0.9,0.636363636363636,1
"237","Nidulariopsis","Geastraceae","Geastrales","Agaricomycetes","Basidiomycota","Fungi",0.00764525993883792,0,0.0625,0.00847457627118644,0,0,0.0230769230769231,0,0.00540540540540541,0,0.0588235294117647,0,0,0,0,0.0357142857142857,0,0,0,0.125,0,0,0,0,0,0,0,0.0454545454545455,0,0,0.0188679245283019,0,0,0,0,0,0.2,0,0,0,0,0,0,0,0,0,0,0,0,0,0,0.0909090909090909,0,0,0,0,0,1,0,0,0,0,0,0,0,0,0,0,0,0,0,0,0,0,0,0,0,0,0,0,0,0,0,0,0,0,0,0.1,0,0,0,0,0,0,0,0,0.333333333333333,0,0,0,0
"238","Pyrenochaeta","Cucurbitariaceae","Pleosporales","Dothideomycetes","Ascomycota","Fungi",0.119266055045872,NA,NA,0.211864406779661,0.24,0.00943396226415094,0.1,0.144444444444444,0.108108108108108,0,0.0588235294117647,0,0.107142857142857,0.0625,0,0,0.0588235294117647,0.285714285714286,0,0,0.175824175824176,0.133333333333333,0.0625,0.460674157303371,0.0689655172413793,0.117647058823529,0,0,0.166666666666667,0.2,0,0,0.333333333333333,0,0,0,0.2,0,0,0,0,0,0,0.25,0.0909090909090909,0,0,0,0,0,0,0,0,0.166666666666667,0.285714285714286,0,0,0,0,0.4,0.15,0.333333333333333,0.05,0.3,0.1,0.0909090909090909,0.25,0.25,0.0909090909090909,0,0.166666666666667,0,0.666666666666667,0.55,0.6,0.444444444444444,0.454545454545455,0.333333333333333,0.3,0,0.2,0.0833333333333333,0.181818181818182,0.0833333333333333,0.0909090909090909,0,0,0,0,0.166666666666667,0,0.5,0,0,0,0,0,0,0,0,0.333333333333333
"239","Conlarium","Conlariaceae","Atractosporales","Sordariomycetes","Ascomycota","Fungi",0.0519877675840979,NA,NA,0.0254237288135593,0,0.0849056603773585,0.0461538461538462,0.0333333333333333,0.0702702702702703,0,0.0588235294117647,0,0,0.5625,0.107142857142857,0.0357142857142857,0.0588235294117647,0,0,0.125,0.032967032967033,0,0.1875,0.0337078651685393,0,0.0294117647058824,0.1,0.136363636363636,0,0,0,0,0,0,0,0,0.2,0,0,0,0,0,0,0,0.727272727272727,0.2,0,0,0.3,0.2,0,0,0.0909090909090909,0,0,0,0,1,0,0,0,0,0.05,0.1,0,0,0.25,0,0,0.0909090909090909,0,0.555555555555556,0,0.05,0,0.111111111111111,0.0909090909090909,0,0,0,0,0,0,0.0833333333333333,0,0,0.2,0.1,0.166666666666667,0,0,0,0,0,0,0,0,0,0,0,0
"240","uncl_Rhizopogonaceae","Rhizopogonaceae","Boletales","Agaricomycetes","Basidiomycota","Fungi",0.00917431192660551,0.027027027027027,0,0.00847457627118644,0,0.00943396226415094,0.00769230769230769,0,0.0162162162162162,0,0.0588235294117647,0,0,0,0.107142857142857,0,0,0,0,0,0,0,0,0,0,0,0,0.0454545454545455,0,0,0.0188679245283019,0,0,0,0,0,0.2,0,0,0,0,0,0,0,0,0,0,0,0.3,0,0,0,0,0,0,0,0,0,0,0,0,0,0,0,0,0,0,0,0,0,0,0,0,0,0,0,0,0,0,0,0,0,0,0,0,0,0,0.1,0,0,0,0,0,0.111111111111111,0,0,0,0,0,0,0
"241","uncl_Chytridiomycota","uncl_Chytridiomycota","uncl_Chytridiomycota","uncl_Chytridiomycota","Chytridiomycota","Fungi",0.0978593272171254,0,0.0625,0.0932203389830508,0.24,0.0283018867924528,0.123076923076923,0.111111111111111,0.0972972972972973,0.0434782608695652,0,0.075,0.0357142857142857,0.0625,0.0357142857142857,0.178571428571429,0.0588235294117647,0.428571428571429,0,0,0.197802197802198,0,0.03125,0.146067415730337,0.0344827586206897,0.176470588235294,0.05,0,0.166666666666667,0,0.0188679245283019,0.238095238095238,0.333333333333333,0,0.0909090909090909,0,0,0.0909090909090909,0,0.0833333333333333,0.1,0.0909090909090909,0,0,0.0909090909090909,0,0.0833333333333333,0,0,0.8,0,0.0909090909090909,0,0.166666666666667,0.428571428571429,0,0,0,0,0,0.3,0.166666666666667,0.35,0.2,0.1,0,0.25,0,0,0.0909090909090909,0,0,0.25,0.1,0,0,0.363636363636364,0,0.2,0,0.2,0,0.181818181818182,0.166666666666667,0.181818181818182,0,0.1,0,0,0.166666666666667,0,0,0,0,0,0,0,0.0769230769230769,0.2,0.272727272727273,0.333333333333333
"242","uncl_GS27_ord_Incertae_sedis","uncl_GS27_ord_Incertae_sedis","GS27_ord_Incertae_sedis","GS27","Basidiomycota","Fungi",0.055045871559633,NA,NA,0.0932203389830508,0,0,0.0153846153846154,0.0222222222222222,0.113513513513514,0,0.0588235294117647,0,0,0,0.214285714285714,0,0,0.142857142857143,0,0,0.032967032967033,0.0666666666666667,0.0625,0.0786516853932584,0.0344827586206897,0,0.5,0.136363636363636,0,0,0,0.0476190476190476,0,0,0,0,0.2,0,0,0,0,0,0,0,0,0,0,0,0.6,0,0,0,0,0,0.142857142857143,0,0,0,0,0,0,0,0.05,0,0.1,0.0909090909090909,0,0,0.0909090909090909,0.0909090909090909,0,0.111111111111111,0.0833333333333333,0.1,0,0,0,0.166666666666667,0.1,0,0,0.0833333333333333,0,0,0,0.5,0.5,0.1,0.166666666666667,0,0,0,0,0,0,0,0,0,0.1,0,0
"243","uncl_GS27","uncl_GS27","uncl_GS27","GS27","Basidiomycota","Fungi",0.0168195718654434,NA,NA,0.0423728813559322,0,0,0.00769230769230769,0,0.027027027027027,0,0.0588235294117647,0,0,0,0.0357142857142857,0,0,0,0,0,0.010989010989011,0,0.03125,0.0224719101123595,0,0,0.2,0,0,0,0,0.0476190476190476,0,0,0,0,0.2,0,0,0,0,0,0,0,0,0,0,0,0.1,0,0,0,0,0,0,0,0,0,0,0,0,0,0,0,0,0.0909090909090909,0,0,0,0.0909090909090909,0,0,0,0.05,0,0,0,0,0.05,0,0,0,0,0,0,0.2,0.2,0,0,0,0,0,0,0,0,0,0,0,0.1,0,0
"244","uncl_Bionectriaceae","Bionectriaceae","Hypocreales","Sordariomycetes","Ascomycota","Fungi",0.0764525993883792,NA,NA,0.0847457627118644,0.08,0.00943396226415094,0.0230769230769231,0.0888888888888889,0.140540540540541,0,0.0588235294117647,0.15,0,0,0.0714285714285714,0.142857142857143,0,0.428571428571429,0.0454545454545455,0,0.0659340659340659,0,0.15625,0.0337078651685393,0,0.147058823529412,0.35,0,0,0,0,0.19047619047619,1,0,0,0,0.2,0,0,0.0833333333333333,0.5,0,0,0,0,0,0.0833333333333333,0,0.1,0,0.0833333333333333,0.272727272727273,0,0,0.428571428571429,0,0.1,0,0,0.1,0.1,0,0.05,0,0.1,0.0909090909090909,0,0,0,0,0.416666666666667,0,0,0,0,0,0,0.0833333333333333,0.1,0,0,0,0.272727272727273,0,0.181818181818182,0.5,0.2,0,0,0,0,0,0,0,0,0,0,0,0.1,0.272727272727273,1
"245","uncl_Entolomataceae","Entolomataceae","Agaricales","Agaricomycetes","Basidiomycota","Fungi",0.0290519877675841,NA,NA,0.0169491525423729,0.08,0,0.0461538461538462,0.0444444444444444,0.027027027027027,0,0.117647058823529,0,0,0,0,0.0357142857142857,0,0,0,0.125,0.0879120879120879,0,0.03125,0.0112359550561798,0,0,0,0.0454545454545455,0.166666666666667,0,0,0.142857142857143,0,0,0,0,0.4,0,0,0,0,0,0,0,0,0,0,0,0,0,0,0.0909090909090909,0,0,0,0,0,0,0.142857142857143,0,0.05,0.166666666666667,0.1,0,0.3,0.0909090909090909,0,0,0,0,0.0833333333333333,0,0,0,0.2,0,0,0,0,0,0,0,0,0,0,0,0,0,0.0833333333333333,0.166666666666667,0,0,0,0,0,0,0,0,0.2,0.0909090909090909,0
"246","uncl_Cyphellaceae","Cyphellaceae","Agaricales","Agaricomycetes","Basidiomycota","Fungi",0.00458715596330275,NA,NA,0.0169491525423729,0,0,0,0,0.00540540540540541,0,0,0,0,0,0,0,0,0,0,0,0,0,0,0,0,0,0,0.136363636363636,0,0,0,0,0,0,0,0,0,0,0,0,0,0,0,0,0,0,0,0,0,0,0,0,0,0,0,0,0,0,0,0,0,0,0,0,0,0,0,0,0,0,0,0,0,0,0,0,0,0,0,0,0,0,0,0,0,0,0,0.2,0.0833333333333333,0,0,0,0,0,0,0,0,0,0,0,0
"247","Rhizoglomus","Glomeraceae","Glomerales","Glomeromycetes","Glomeromycota","Fungi",0.0779816513761468,NA,NA,0.0423728813559322,0.12,0,0.107692307692308,0.133333333333333,0.0918918918918919,0,0.0588235294117647,0.025,0,0,0.0357142857142857,0,0,0,0,0.125,0.230769230769231,0,0.03125,0.224719101123595,0,0.0294117647058824,0.1,0,0,0.4,0,0,0,0,0,0,0.2,0.0909090909090909,0,0,0,0,0,0,0,0,0,0,0.1,0,0,0,0,0,0,0,0,0,0.142857142857143,0,0.1,0.333333333333333,0.3,0.6,0,0.181818181818182,0.75,0,0,0,0,0.111111111111111,0.166666666666667,0.1,0.2,0.333333333333333,0.545454545454545,0.333333333333333,0.1,0,0,0,0,0,0.0909090909090909,0,0.2,0,0,0,0,1,0,0,0,0,0,0,0,0,0
"248","uncl_Pezizomycetes","uncl_Pezizomycetes","uncl_Pezizomycetes","Pezizomycetes","Ascomycota","Fungi",0.103975535168196,0.135135135135135,0.125,0.0593220338983051,0.04,0.169811320754717,0.130769230769231,0.188888888888889,0.0432432432432432,0.0434782608695652,0.0588235294117647,0.3,0.178571428571429,0,0.285714285714286,0.142857142857143,0.294117647058824,0,0.272727272727273,0,0.043956043956044,0.266666666666667,0.03125,0.0224719101123595,0.103448275862069,0.117647058823529,0,0,0.166666666666667,0,0.132075471698113,0,0,0,0.0909090909090909,0,0.2,0.181818181818182,0.285714285714286,0.583333333333333,0.1,0.363636363636364,0.2,0,0,0,0.416666666666667,0.333333333333333,0.1,0,0.0833333333333333,0.272727272727273,0,0.833333333333333,0,0.333333333333333,0.2,0,0,0.1,0.05,0,0,0.2,0,0,0,0,0.363636363636364,0,0.0833333333333333,0,0.0833333333333333,0,0,0,0,0.0833333333333333,0,0.0833333333333333,0.2,0.0833333333333333,0.181818181818182,0.166666666666667,0,0,0,0,0,0.166666666666667,0,0,0,0.222222222222222,0.25,0.05,0.333333333333333,0.0769230769230769,0,0,0
"249","Beauveria","Cordycipitaceae","Hypocreales","Sordariomycetes","Ascomycota","Fungi",0.0198776758409786,NA,NA,0.0338983050847458,0,0,0.0153846153846154,0.0222222222222222,0.027027027027027,0,0,0,0.0357142857142857,0,0.0714285714285714,0.0714285714285714,0.0588235294117647,0.142857142857143,0,0,0.021978021978022,0,0.03125,0.0224719101123595,0.0344827586206897,0,0,0,0,0,0,0,0,0,0,0,0,0,0,0,0,0,0,0.0833333333333333,0,0,0,0,0.2,0,0.166666666666667,0,0,0.166666666666667,0.142857142857143,0,0,0,0,0.1,0,0,0,0,0,0.0909090909090909,0,0,0,0.0909090909090909,0,0,0,0.05,0,0.111111111111111,0,0,0,0.0833333333333333,0,0,0,0,0,0,0,0,0,0,0,0,0,0,0,0,0,0,0,0,0
"250","uncl_Glomeromycetes","uncl_Glomeromycetes","uncl_Glomeromycetes","Glomeromycetes","Glomeromycota","Fungi",0.660550458715596,0.621621621621622,0.75,0.483050847457627,0.4,0.69811320754717,0.730769230769231,0.866666666666667,0.637837837837838,0.608695652173913,0.823529411764706,0.9,0.642857142857143,0.5,0.714285714285714,0.821428571428571,0.352941176470588,0.428571428571429,0.772727272727273,0.875,0.802197802197802,1,0.53125,0.685393258426966,0.206896551724138,0.470588235294118,0.65,0.590909090909091,0.666666666666667,0.8,0.660377358490566,0.428571428571429,0,0.833333333333333,0.363636363636364,1,0.4,0.818181818181818,1,0.833333333333333,1,0.727272727272727,1,0.416666666666667,0.545454545454545,0.4,0.666666666666667,0.833333333333333,0.7,0.6,0.916666666666667,0.818181818181818,0.545454545454545,0,0.428571428571429,0.916666666666667,0.6,1,0.857142857142857,1,0.3,0.833333333333333,0.95,1,0.9,1,0.75,1,1,0.181818181818182,0.75,0.666666666666667,0.75,0.2,0.8,0.777777777777778,1,0.916666666666667,0.75,0.25,0.2,0.166666666666667,0.545454545454545,0.583333333333333,0.272727272727273,0.6,0.7,0.4,0.75,0.666666666666667,0,1,1,0.555555555555556,0.5,0.7,0,0.923076923076923,0.4,0.454545454545455,0
"251","uncl_Phaeococcomycetaceae","Phaeococcomycetaceae","Lichenostigmatales","Arthoniomycetes","Ascomycota","Fungi",0.00611620795107034,NA,NA,0,0.08,0.00943396226415094,0.00769230769230769,0,0,0,0,0,0,0,0.0357142857142857,0,0,0,0,0,0.032967032967033,0,0,0,0,0,0,0,0,0,0,0,0,0,0,0,0,0,0,0,0,0,0,0,0,0,0.0833333333333333,0,0,0,0,0,0,0,0,0,0,0,0,0,0.1,0,0.05,0,0,0,0,0,0,0,0,0,0,0,0,0,0,0,0,0,0,0,0,0,0,0,0,0,0,0,0,0,0,0,0,0,0,0,0,0,0
"252","Podospora","Podosporaceae","Sordariales","Sordariomycetes","Ascomycota","Fungi",0.117737003058104,0.0540540540540541,0.0625,0.135593220338983,0.32,0.0377358490566038,0.107692307692308,0.233333333333333,0.0756756756756757,0,0,0.15,0,0.1875,0.0357142857142857,0.107142857142857,0.117647058823529,0.142857142857143,0,0,0.263736263736264,0,0.1875,0.191011235955056,0,0.235294117647059,0.05,0,0.333333333333333,0,0.0566037735849057,0,0,0,0,0,0,0.181818181818182,0,0.25,0.1,0,0,0,0.0909090909090909,0.4,0,0,0.1,0.2,0.166666666666667,0,0.0909090909090909,0.166666666666667,0.142857142857143,0,0,0,0,0.2,0.35,0,0.2,0.3,0.4,0.181818181818182,0.5,0,0,0,0.333333333333333,0.222222222222222,0.416666666666667,0.05,0.2,0.333333333333333,0.363636363636364,0.166666666666667,0.05,0,0,0,0.454545454545455,0.0833333333333333,0.181818181818182,0.1,0,0,0,0.333333333333333,0,0,0,0.222222222222222,0,0,0.333333333333333,0,0,0,0
"253","Xenasmatella","Xenasmataceae","Agaricomycetes_ord_Incertae_sedis","Agaricomycetes","Basidiomycota","Fungi",0.00917431192660551,NA,NA,0.0254237288135593,0,0,0,0,0.0162162162162162,0,0,0.075,0.0357142857142857,0,0,0,0,0,0,0,0,0,0,0,0,0,0,0.0909090909090909,0,0,0,0,0,0,0,0,0,0.181818181818182,0,0,0.1,0,0,0.0833333333333333,0,0,0,0,0,0,0,0,0,0,0,0,0,0,0,0,0,0,0,0,0,0,0,0,0,0,0,0,0,0,0,0,0,0,0,0,0,0,0,0,0,0,0,0.1,0.0833333333333333,0,0,0,0,0,0,0,0,0,0,0,0
"254","uncl_Herpotrichiellaceae","Herpotrichiellaceae","Chaetothyriales","Eurotiomycetes","Ascomycota","Fungi",0.551987767584098,0.216216216216216,0.25,0.754237288135593,0.64,0.160377358490566,0.4,0.444444444444444,0.794594594594595,0.217391304347826,0.0588235294117647,0.7,0.5,0.25,0.392857142857143,0.428571428571429,0,1,0.272727272727273,0.875,0.769230769230769,0.0666666666666667,0.34375,0.842696629213483,0.344827586206897,0.676470588235294,0.7,0.954545454545455,0.166666666666667,0.8,0.226415094339623,1,1,0.25,0.181818181818182,0,0.2,1,0.285714285714286,0.416666666666667,1,0.181818181818182,0,1,0.181818181818182,0.4,0.0833333333333333,0.166666666666667,0.9,0.6,0.166666666666667,0.636363636363636,0,0,1,0.333333333333333,0.2,0,1,0.6,0.55,0.666666666666667,0.95,0.8,0.7,1,1,0,0.0909090909090909,0.363636363636364,0.416666666666667,0.222222222222222,1,0.85,1,0.777777777777778,0.818181818181818,0.833333333333333,0.75,0.166666666666667,0.2,0.583333333333333,0.818181818181818,0.25,1,0.8,0.6,1,0.916666666666667,0.166666666666667,0,1,1,0.222222222222222,0.375,0.15,0.333333333333333,0.230769230769231,1,1,1
"255","Tremella","Tremellaceae","Tremellales","Tremellomycetes","Basidiomycota","Fungi",0.0336391437308868,NA,NA,0.0423728813559322,0,0,0,0,0.0918918918918919,0,0,0.1,0.0357142857142857,0,0,0.0357142857142857,0,0,0,0,0.032967032967033,0,0,0.101123595505618,0,0.0294117647058824,0.1,0.0454545454545455,0,0,0,0,0,0,0,0,0,0.0909090909090909,0,0,0.3,0,0,0.0833333333333333,0,0,0,0,0,0,0,0.0909090909090909,0,0,0,0,0,0,0,0,0,0,0,0,0,0.272727272727273,0,0,0,0,0,0,0.0833333333333333,0.05,0,0,0,0.25,0.2,0,0,0,0,0,0.0909090909090909,0.1,0.1,0.1,0,0,0,0,0,0,0,0,0,0,0,0,0
"256","Orbilia","Orbiliaceae","Orbiliales","Orbiliomycetes","Ascomycota","Fungi",0.103975535168196,0.027027027027027,0,0.0423728813559322,0.28,0.00943396226415094,0.130769230769231,0.111111111111111,0.151351351351351,0.173913043478261,0,0.425,0.0357142857142857,0,0,0.321428571428571,0,0.142857142857143,0,0.5,0.197802197802198,0.133333333333333,0,0,0.310344827586207,0.0588235294117647,0,0,0,0,0.0188679245283019,0,0,0.0833333333333333,0.272727272727273,0,0,0.181818181818182,0.857142857142857,0.333333333333333,0.5,0,0,0.0833333333333333,0,0,0,0,0,0,0.166666666666667,0.636363636363636,0,0,0.142857142857143,0,0,0,0.571428571428571,0.1,0.35,0.166666666666667,0.2,0.1,0.2,0.181818181818182,0,0.5,0,0,0,0,0,0,0,0,0,0,0,0.0833333333333333,0.6,0.416666666666667,0.0909090909090909,0.0833333333333333,0,0,0,0,0,0,0,0,0,0.111111111111111,0,0,0,0,0,0,0
"257","uncl_Rozellomycotina_cls_Incertae_sedis","uncl_Rozellomycotina_cls_Incertae_sedis","uncl_Rozellomycotina_cls_Incertae_sedis","Rozellomycotina_cls_Incertae_sedis","Rozellomycota","Fungi",0.0244648318042813,NA,NA,0.0508474576271186,0,0,0,0.0444444444444444,0.0324324324324324,0,0,0.05,0,0,0,0,0,0.285714285714286,0,0,0.010989010989011,0,0.03125,0,0.0344827586206897,0.0882352941176471,0.05,0,0,0,0,0.19047619047619,0.333333333333333,0,0,0,0,0.0909090909090909,0,0.0833333333333333,0,0,0,0,0,0,0,0,0,0,0,0,0,0,0.285714285714286,0,0,0,0,0,0,0,0,0,0,0,0.25,0,0,0,0.0833333333333333,0,0,0,0,0,0,0,0,0.0833333333333333,0,0,0,0.166666666666667,0.0909090909090909,0.1,0,0,0,0,0,0,0,0,0,0,0,0,0.3,0.0909090909090909,0.333333333333333
"258","Toxicocladosporium","Cladosporiaceae","Capnodiales","Dothideomycetes","Ascomycota","Fungi",0.0474006116207951,NA,NA,0.0254237288135593,0.08,0.00943396226415094,0.0307692307692308,0.1,0.0648648648648649,0,0,0.075,0.0357142857142857,0.0625,0,0.107142857142857,0,0.285714285714286,0,0,0.0879120879120879,0,0.0625,0.0786516853932584,0,0.0882352941176471,0,0.0454545454545455,0,0,0,0,0,0,0,0,0,0.0909090909090909,0,0.0833333333333333,0.1,0,0,0.0833333333333333,0.0909090909090909,0,0,0,0,0,0.166666666666667,0.0909090909090909,0,0,0.285714285714286,0,0,0,0,0,0.1,0,0.1,0.1,0.2,0.0909090909090909,0,0,0,0,0.0833333333333333,0.111111111111111,0.0833333333333333,0,0,0.222222222222222,0.181818181818182,0.166666666666667,0,0,0,0,0,0,0.272727272727273,0,0,0.1,0,0,0,0,0,0,0,0,0,0,0,0,0
"259","Alfaria","Stachybotryaceae","Hypocreales","Sordariomycetes","Ascomycota","Fungi",0.129969418960245,NA,NA,0.279661016949153,0.12,0,0.0461538461538462,0.133333333333333,0.167567567567568,0,0,0.2,0.0357142857142857,0,0,0.0714285714285714,0.0588235294117647,0.571428571428571,0,0,0.197802197802198,0,0.46875,0.0337078651685393,0.0689655172413793,0.588235294117647,0,0.318181818181818,0,0.2,0,0.142857142857143,0,0,0,0,0,0.363636363636364,0,0.0833333333333333,0.3,0,0,0.0833333333333333,0,0,0,0,0,0,0.166666666666667,0,0,0.166666666666667,0.571428571428571,0,0,0,0,0.3,0.15,0.166666666666667,0.15,0,0,0.636363636363636,0.25,0,0,0.636363636363636,0.5,0.222222222222222,0,0,0,0.111111111111111,0.0909090909090909,0,0.05,0.166666666666667,0,0,0.636363636363636,0.166666666666667,1,0,0,0.6,0.0833333333333333,0,1,0,0,0,0,0,0,0,0.3,0,0
"260","Scutellinia","Pyronemataceae","Pezizales","Pezizomycetes","Ascomycota","Fungi",0.0611620795107034,NA,NA,0.152542372881356,0.08,0,0.0153846153846154,0.0333333333333333,0.0810810810810811,0,0,0.35,0,0,0,0.0357142857142857,0,0,0,0,0.0659340659340659,0.133333333333333,0,0.134831460674157,0,0.0294117647058824,0,0,0,0,0,0.19047619047619,0,0,0,0,0,0.727272727272727,0,0,0.6,0,0,0,0,0,0,0,0,0,0,0.0909090909090909,0,0,0,0,0,0,0,0.1,0.05,0,0,0,0.2,0.181818181818182,0,0.5,0,0,0,0,0.416666666666667,0.05,0.2,0,0.0909090909090909,0.333333333333333,0,0,0,0,0,0,0.0909090909090909,0,0,0,0,0,0,0,0,0,0,0,0,0,0.3,0.0909090909090909,0
"261","uncl_Pezizaceae","Pezizaceae","Pezizales","Pezizomycetes","Ascomycota","Fungi",0.0764525993883792,0.0540540540540541,0.0625,0.0932203389830508,0.08,0.0377358490566038,0.0769230769230769,0.0888888888888889,0.0810810810810811,0,0.0588235294117647,0.225,0.0714285714285714,0.0625,0,0.0714285714285714,0,0,0.0454545454545455,0.25,0.0769230769230769,0.333333333333333,0,0.168539325842697,0,0.0294117647058824,0,0.0454545454545455,0,0,0.0566037735849057,0,0,0,0,0.0833333333333333,0,0.454545454545455,0,0,0.4,0.0909090909090909,0.2,0,0,0.2,0,0,0,0,0.0833333333333333,0.0909090909090909,0,0,0,0,0.1,0,0.285714285714286,0.1,0,0.166666666666667,0.05,0.3,0,0.0909090909090909,0,0.5,0.272727272727273,0,0,0,0.416666666666667,0,0.4,0.222222222222222,0.0909090909090909,0.333333333333333,0.05,0,0,0,0,0,0.0909090909090909,0,0,0,0.0833333333333333,0,0,0,0,0.111111111111111,0.125,0,0,0.0769230769230769,0,0,0
"262","Macrophomina","Botryosphaeriaceae","Botryosphaeriales","Dothideomycetes","Ascomycota","Fungi",0.137614678899083,NA,NA,0.186440677966102,0.08,0.0283018867924528,0.0538461538461538,0.255555555555556,0.178378378378378,0,0,0.35,0.0357142857142857,0,0.0357142857142857,0.25,0.0588235294117647,0.571428571428571,0,0,0.241758241758242,0,0.28125,0.0224719101123595,0.517241379310345,0.205882352941176,0.1,0,0,0.2,0,0.142857142857143,0.333333333333333,0,0,0,0,0.363636363636364,0.142857142857143,0.416666666666667,0.4,0.0909090909090909,0,0,0,0,0.0833333333333333,0,0,0.2,0.25,0.272727272727273,0.0909090909090909,0,0.571428571428571,0,0,0,0,0.4,0.1,0.166666666666667,0.1,0.4,0.2,0.454545454545455,0.5,0,0,0.272727272727273,0.416666666666667,0.111111111111111,0,0,0,0,0.0909090909090909,0.0833333333333333,0,0.5,0.2,0.666666666666667,0.181818181818182,0.25,0.181818181818182,0.1,0.1,0,0,0,0,0.5,0,0,0,0,0,0,0.2,0.0909090909090909,0.333333333333333
"263","uncl_Oliveoniaceae","Oliveoniaceae","Auriculariales","Agaricomycetes","Basidiomycota","Fungi",0.0305810397553517,NA,NA,0.0338983050847458,0.04,0.00943396226415094,0.00769230769230769,0.0222222222222222,0.0594594594594595,0,0,0.05,0,0.0625,0,0,0,0,0,0,0.010989010989011,0,0.03125,0.0898876404494382,0,0.176470588235294,0,0,0,0.2,0,0,0,0,0,0,0,0,0,0,0.2,0,0,0,0.0909090909090909,0,0,0,0,0,0,0,0,0,0,0,0,0,0,0,0.05,0,0,0,0,0,0,0,0,0.0909090909090909,0,0,0.0833333333333333,0.1,0,0,0.181818181818182,0.166666666666667,0.05,0,0,0,0,0,0.545454545454545,0,0,0,0,0,0,0.5,0,0,0,0,0,0,0,0,0
"264","Colletotrichum","Glomerellaceae","Glomerellales","Sordariomycetes","Ascomycota","Fungi",0.0412844036697248,NA,NA,0.076271186440678,0,0,0.00769230769230769,0.0111111111111111,0.0864864864864865,0,0,0.125,0.0357142857142857,0,0,0.107142857142857,0,0,0,0,0.043956043956044,0,0,0.101123595505618,0.0344827586206897,0.0294117647058824,0.1,0,0,0.2,0,0,0,0,0,0,0,0.272727272727273,0,0.0833333333333333,0.1,0,0,0.0833333333333333,0,0,0,0,0,0,0,0.272727272727273,0,0,0,0,0,0,0,0.1,0,0,0.05,0,0,0.181818181818182,0,0,0,0,0,0,0.0833333333333333,0.1,0,0,0,0.0833333333333333,0.25,0.0833333333333333,0,0,0.0909090909090909,0,0,0,0.2,0,0,0,0,0,0.5,0,0,0,0,0,0,0,0
"265","uncl_Paraglomeraceae","Paraglomeraceae","Paraglomerales","Paraglomeromycetes","Glomeromycota","Fungi",0.00611620795107034,NA,NA,0.0338983050847458,0,0,0,0,0,0,0,0.025,0,0,0,0,0,0,0,0,0,0,0,0,0,0,0,0,0,0,0,0.142857142857143,0,0,0,0,0,0.0909090909090909,0,0,0,0,0,0,0,0,0,0,0,0,0,0,0,0,0,0,0,0,0,0,0,0,0,0,0,0,0,0,0,0,0,0,0,0,0,0,0,0,0,0,0,0,0,0,0,0,0,0,0,0,0,0,0,0,0,0,0,0,0.3,0,0
"266","Scolecobasidium","Sympoventuriaceae","Venturiales","Dothideomycetes","Ascomycota","Fungi",0.0229357798165138,NA,NA,0.0423728813559322,0.08,0,0,0.0111111111111111,0.0378378378378378,0,0,0.075,0,0,0,0.0714285714285714,0,0.142857142857143,0,0,0.043956043956044,0,0.03125,0.0112359550561798,0,0.0588235294117647,0,0.0454545454545455,0,0,0,0,0,0,0,0,0,0.272727272727273,0,0,0,0,0,0,0,0,0,0,0,0,0,0.181818181818182,0,0,0.142857142857143,0,0,0,0,0.1,0.1,0,0,0,0,0.0909090909090909,0,0,0,0,0.0833333333333333,0,0,0,0,0,0,0.0833333333333333,0,0,0,0,0,0,0.181818181818182,0,0,0.1,0,0,0,0,0,0,0,0,0,0,0,0,0
"267","Arthrobotrys","Orbiliaceae","Orbiliales","Orbiliomycetes","Ascomycota","Fungi",0.0611620795107034,NA,NA,0.101694915254237,0.2,0,0.0307692307692308,0.144444444444444,0.0324324324324324,0,0,0.175,0,0,0,0.214285714285714,0,0,0,0,0.153846153846154,0,0,0.0112359550561798,0.137931034482759,0.176470588235294,0,0,0,0,0,0.0952380952380952,0,0,0,0,0,0.272727272727273,0.142857142857143,0.166666666666667,0.1,0,0,0,0,0,0,0,0,0.2,0.333333333333333,0.0909090909090909,0,0,0,0,0,0,0,0,0.25,0,0.1,0.2,0.4,0.0909090909090909,0,0,0,0,0,0,0,0.05,0,0,0,0,0,0.166666666666667,0,0.166666666666667,0.363636363636364,0.0833333333333333,0.0909090909090909,0,0,0,0,0,0,0,0,0,0,0,0,0,0.2,0,0
"268","Efibulobasidium","Sebacinaceae","Sebacinales","Agaricomycetes","Basidiomycota","Fungi",0.0152905198776758,NA,NA,0.0169491525423729,0,0,0,0.0111111111111111,0.0378378378378378,0,0,0.05,0.178571428571429,0,0,0.0357142857142857,0,0,0,0.125,0.010989010989011,0,0,0,0,0,0,0,0,0,0,0,0,0,0,0,0,0.181818181818182,0,0,0,0,0,0.416666666666667,0,0,0,0,0,0,0.0833333333333333,0,0,0,0,0,0,0,0.142857142857143,0,0,0,0,0,0,0.0909090909090909,0,0,0,0,0,0,0,0,0,0,0,0,0,0,0,0,0,0,0,0,0,0,0,0,0,0,0,0,0,0,0,0,0,0,0
"269","uncl_Niessliaceae","Niessliaceae","Hypocreales","Sordariomycetes","Ascomycota","Fungi",0.00611620795107034,NA,NA,0.00847457627118644,0,0.00943396226415094,0,0,0.0108108108108108,0,0,0.05,0.0357142857142857,0,0,0,0,0,0,0,0,0,0,0,0,0.0294117647058824,0,0,0,0,0,0,0,0,0,0,0,0,0,0,0.2,0.0909090909090909,0,0,0,0,0,0,0,0,0,0,0,0,0,0,0,0,0,0,0,0,0,0,0,0,0,0,0,0,0,0,0,0,0,0,0,0,0,0,0,0,0.0909090909090909,0,0,0,0,0,0,0,0,0,0,0,0,0,0,0,0,0,0
"270","Xenoanthostomella","Xylariales_fam_Incertae_sedis","Xylariales","Sordariomycetes","Ascomycota","Fungi",0.00458715596330275,NA,NA,0.00847457627118644,0,0,0,0,0.0108108108108108,0,0,0.05,0,0,0,0,0,0,0,0,0,0,0,0,0,0,0.05,0,0,0,0,0,0,0,0,0,0,0.0909090909090909,0,0,0.1,0,0,0,0,0,0,0,0,0,0,0,0,0,0,0,0,0,0,0,0,0,0,0,0,0,0,0,0,0,0,0,0,0,0,0,0,0,0,0,0,0,0,0,0,0,0.1,0,0,0,0,0,0,0,0,0,0,0,0,0,0
"271","uncl_Cucurbitariaceae","Cucurbitariaceae","Pleosporales","Dothideomycetes","Ascomycota","Fungi",0.110091743119266,NA,NA,0.203389830508475,0.24,0.00943396226415094,0.0307692307692308,0.0777777777777778,0.162162162162162,0,0.117647058823529,0.075,0,0,0,0,0,0,0,0,0.142857142857143,0,0.03125,0.438202247191011,0,0.294117647058824,0.05,0,0,0.2,0,0.0476190476190476,0.333333333333333,0,0,0.0833333333333333,0.2,0.0909090909090909,0,0.0833333333333333,0.1,0,0,0,0,0,0,0,0,0,0,0,0,0,0,0,0,0,0,0,0.2,0,0.15,0.3,0.1,0.181818181818182,0,0,0,0,0.0833333333333333,0,0.416666666666667,0.8,0.4,0,0,0.25,0.65,0,0,0,0.0909090909090909,0.0833333333333333,0.727272727272727,0,0.1,0,0,0,0,0,0.5,0,0,0,0,0,0.1,0,0.333333333333333
"272","Neosetophoma","Phaeosphaeriaceae","Pleosporales","Dothideomycetes","Ascomycota","Fungi",0.073394495412844,0.027027027027027,0,0.144067796610169,0.04,0.00943396226415094,0.0230769230769231,0.144444444444444,0.0702702702702703,0,0,0.025,0.0357142857142857,0,0,0,0,0,0,0,0.043956043956044,0.0666666666666667,0.25,0.0898876404494382,0.103448275862069,0.470588235294118,0.2,0,0,0,0.0188679245283019,0,0.333333333333333,0,0,0,0,0.0909090909090909,0,0,0,0,0,0.0833333333333333,0,0,0,0,0,0,0,0,0,0,0,0,0,0,0,0.1,0.05,0.166666666666667,0,0,0,0.0909090909090909,0,0,0.0909090909090909,0.181818181818182,0.5,0,0.166666666666667,0.1,0,0.111111111111111,0,0,0.15,0.166666666666667,0.2,0,0.454545454545455,0.5,0.454545454545455,0.2,0.2,0,0,0,0,0,0,0.111111111111111,0,0,0,0,0,0,0.333333333333333
"273","uncl_Botryosphaeriales","uncl_Botryosphaeriales","Botryosphaeriales","Dothideomycetes","Ascomycota","Fungi",0.073394495412844,NA,NA,0.135593220338983,0,0.0377358490566038,0.0307692307692308,0.0666666666666667,0.0972972972972973,0,0.117647058823529,0.5,0,0,0,0.142857142857143,0.117647058823529,0.142857142857143,0,0,0,0,0.03125,0,0,0.441176470588235,0,0,0,0,0,0.0952380952380952,0.333333333333333,0,0,0.166666666666667,0,0.636363636363636,0.285714285714286,0.333333333333333,0.7,0,0,0,0,0,0,0,0,0.4,0,0.181818181818182,0.181818181818182,0,0.142857142857143,0,0,0,0,0,0,0,0,0,0,0,0,0,0,0,0.0833333333333333,0,0,0,0,0,0,0,0,0,0,0,0.636363636363636,0.0833333333333333,0.636363636363636,0,0,0,0,0,0,0,0,0,0,0,0,0,0.2,0,0.333333333333333
"274","Astrosphaeriella","Pleosporales_fam_Incertae_sedis","Pleosporales","Dothideomycetes","Ascomycota","Fungi",0.0168195718654434,NA,NA,0.0423728813559322,0,0,0.00769230769230769,0,0.027027027027027,0,0,0.225,0,0,0,0,0,0,0,0,0,0,0,0,0,0,0,0,0,0,0,0.0952380952380952,0,0,0,0,0,0.454545454545455,0.142857142857143,0,0.3,0,0,0,0,0,0,0,0,0,0,0,0,0,0,0,0,0,0,0,0,0,0,0,0,0,0,0,0,0,0,0,0,0,0,0,0,0,0,0,0,0,0,0,0,0,0,0,0,0,0,0,0,0,0,0,0,0,0,0.181818181818182,0
"275","uncl_Hypocreales_fam_Incertae_sedis","Hypocreales_fam_Incertae_sedis","Hypocreales","Sordariomycetes","Ascomycota","Fungi",0.0596330275229358,NA,NA,0.101694915254237,0.08,0.00943396226415094,0.0153846153846154,0.0777777777777778,0.0810810810810811,0,0,0.025,0.0357142857142857,0.0625,0,0.178571428571429,0,0.142857142857143,0,0,0.0989010989010989,0,0.28125,0.0449438202247191,0.0689655172413793,0.117647058823529,0.05,0.0454545454545455,0,0,0,0,0,0,0,0,0,0.0909090909090909,0,0,0,0,0,0.0833333333333333,0.0909090909090909,0,0,0,0,0,0.25,0.181818181818182,0,0,0.142857142857143,0,0,0,0,0.1,0.1,0,0.1,0,0.1,0.0909090909090909,0.5,0,0,0.454545454545455,0.0833333333333333,0.333333333333333,0,0.05,0,0,0,0.166666666666667,0.05,0.166666666666667,0,0,0,0.166666666666667,0.181818181818182,0.1,0,0.1,0,0,0,0,0,0,0,0,0,0,0,0,0
"276","uncl_Phallales","uncl_Phallales","Phallales","Agaricomycetes","Basidiomycota","Fungi",0.00458715596330275,NA,NA,0.00847457627118644,0,0,0,0,0.0108108108108108,0,0,0.05,0,0,0,0,0,0,0,0,0,0,0,0,0,0,0.05,0,0,0,0,0,0,0,0,0,0,0.0909090909090909,0,0,0.1,0,0,0,0,0,0,0,0,0,0,0,0,0,0,0,0,0,0,0,0,0,0,0,0,0,0,0,0,0,0,0,0,0,0,0,0,0,0,0,0,0,0,0,0,0,0.1,0,0,0,0,0,0,0,0,0,0,0,0,0,0
"277","Coniophora","Coniophoraceae","Boletales","Agaricomycetes","Basidiomycota","Fungi",0.0198776758409786,0.027027027027027,0.0625,0.0169491525423729,0,0.0188679245283019,0.0230769230769231,0,0.0324324324324324,0,0,0.025,0.0357142857142857,0.0625,0.0357142857142857,0.107142857142857,0,0,0,0,0.021978021978022,0,0,0.0112359550561798,0,0.0294117647058824,0,0,0,0,0.0377358490566038,0,0,0,0,0,0,0.0909090909090909,0,0,0,0,0,0.0833333333333333,0.0909090909090909,0,0,0.166666666666667,0,0,0,0.272727272727273,0,0,0,0,0,0,0,0,0,0,0.05,0,0,0.0909090909090909,0,0,0,0,0,0,0.0833333333333333,0,0,0,0,0,0,0,0,0,0,0,0.0909090909090909,0,0,0,0,0,0,0,0,0.111111111111111,0,0,0.333333333333333,0,0,0,0
"278","Parasarocladium","Sarocladiaceae","Hypocreales","Sordariomycetes","Ascomycota","Fungi",0.0198776758409786,NA,NA,0.0423728813559322,0,0,0,0.0333333333333333,0.027027027027027,0,0,0.025,0,0,0.0357142857142857,0,0,0,0,0,0,0,0.09375,0.0224719101123595,0,0.117647058823529,0.05,0.0454545454545455,0,0,0,0,0,0,0,0,0,0.0909090909090909,0,0,0,0,0,0,0,0,0,0,0.1,0,0,0,0,0,0,0,0,0,0,0,0,0,0,0,0,0,0,0,0,0.0909090909090909,0.166666666666667,0,0,0.05,0,0,0,0,0.05,0,0,0,0.0909090909090909,0.0833333333333333,0.181818181818182,0,0.1,0.1,0,0,0,0,0,0,0,0,0,0,0,0,0
"279","uncl_Sebacinaceae","Sebacinaceae","Sebacinales","Agaricomycetes","Basidiomycota","Fungi",0.0596330275229358,NA,NA,0.0508474576271186,0,0.0188679245283019,0.0307692307692308,0.0555555555555556,0.118918918918919,0,0,0.025,0.25,0,0,0.178571428571429,0,0,0.0454545454545455,0.25,0.0769230769230769,0,0,0.112359550561798,0,0.0588235294117647,0,0,0,0.2,0,0.142857142857143,0,0,0,0,0,0.0909090909090909,0,0,0,0.181818181818182,0,0.416666666666667,0,0,0,0,0,0,0.0833333333333333,0.363636363636364,0,0,0,0,0.1,0,0.285714285714286,0,0,0,0.05,0.1,0.1,0.181818181818182,0.5,0,0,0,0,0,0.25,0.05,0,0.222222222222222,0.0909090909090909,0.0833333333333333,0.1,0,0,0,0,0.0833333333333333,0.0909090909090909,0,0,0,0,0,1,0,0,0,0,0,0,0,0,0.272727272727273,0
"280","uncl_Orbiliaceae","Orbiliaceae","Orbiliales","Orbiliomycetes","Ascomycota","Fungi",0.125382262996942,NA,NA,0.152542372881356,0.24,0.0471698113207547,0.138461538461538,0.122222222222222,0.12972972972973,0.173913043478261,0,0.25,0.142857142857143,0.125,0.178571428571429,0.107142857142857,0,0.142857142857143,0.363636363636364,0.125,0.0989010989010989,0.0666666666666667,0.09375,0.146067415730337,0.206896551724138,0.0588235294117647,0,0.136363636363636,0.166666666666667,0,0,0.285714285714286,0,0.25,0.0909090909090909,0,0,0.181818181818182,0.142857142857143,0.166666666666667,0.5,0.0909090909090909,0.2,0.166666666666667,0,0.4,0.166666666666667,0.166666666666667,0.2,0,0.166666666666667,0.0909090909090909,0,0,0.142857142857143,0.166666666666667,0.6,0,0.142857142857143,0.2,0.2,0,0.05,0,0.1,0.0909090909090909,0,0.25,0,0,0.25,0,0.0833333333333333,0.2,0.4,0,0.181818181818182,0,0.2,0.25,0.2,0.166666666666667,0,0.0833333333333333,0.0909090909090909,0,0,0.1,0.166666666666667,0.166666666666667,0,0,0,0,0,0,0,0,0.5,0.0909090909090909,0
"281","uncl_Lachnocladiaceae","Lachnocladiaceae","Russulales","Agaricomycetes","Basidiomycota","Fungi",0.0107033639143731,NA,NA,0.0423728813559322,0.04,0,0,0,0.00540540540540541,0,0,0.025,0,0,0,0,0,0,0,0,0,0,0,0.0561797752808989,0,0,0,0.0454545454545455,0,0,0,0,0,0,0,0,0,0.0909090909090909,0,0,0,0,0,0,0,0,0,0,0,0,0,0,0,0,0,0,0,0,0,0,0,0,0,0,0,0,0,0,0,0,0,0,0,0.15,0.2,0,0,0,0.05,0,0,0,0,0,0,0,0,0.1,0,0,0,0,0,0,0,0,0,0,0,0,0
"282","Massariosphaeria","Thyridariaceae","Pleosporales","Dothideomycetes","Ascomycota","Fungi",0.0137614678899083,NA,NA,0.0169491525423729,0.08,0.00943396226415094,0.0153846153846154,0,0.0108108108108108,0,0,0.025,0.0714285714285714,0.0625,0,0,0,0,0,0,0.043956043956044,0,0,0,0.0344827586206897,0,0,0,0,0,0,0,0,0,0,0,0,0.0909090909090909,0,0,0,0,0,0.166666666666667,0.0909090909090909,0,0,0,0,0,0,0,0,0,0,0,0,0,0,0.1,0.1,0.166666666666667,0,0,0,0,0,0,0,0,0,0,0,0,0,0,0,0,0,0,0.2,0,0,0,0,0,0,0,0,0,0,0,0,0,0,0,0,0,0,0,0
"283","Dominikia","Glomeraceae","Glomerales","Glomeromycetes","Glomeromycota","Fungi",0.146788990825688,NA,NA,0.101694915254237,0.2,0.0660377358490566,0.123076923076923,0.266666666666667,0.172972972972973,0,0.294117647058824,0.425,0.0357142857142857,0,0.25,0.357142857142857,0,0.571428571428571,0.181818181818182,0,0.285714285714286,0.333333333333333,0.09375,0.0786516853932584,0.0344827586206897,0.0588235294117647,0,0,0,0.2,0,0.0476190476190476,0.666666666666667,0,0,0.25,0.4,0.363636363636364,0.142857142857143,0.416666666666667,0.7,0,0,0.0833333333333333,0,0,0.166666666666667,0.5,0.2,0,0.166666666666667,0.727272727272727,0,0,0.571428571428571,0.166666666666667,0.2,0,0,0.3,0.2,0.333333333333333,0.15,0.3,0.4,0.636363636363636,0,0.25,0.363636363636364,0,0.25,0,0.0833333333333333,0.05,0.2,0.111111111111111,0.272727272727273,0,0,0.0833333333333333,0,0,0.0909090909090909,0,0.0909090909090909,0,0,0,0,0,0,0.5,0,0,0,0,0,0,0.1,0,0.666666666666667
"284","Cyphellophora","Cyphellophoraceae","Chaetothyriales","Eurotiomycetes","Ascomycota","Fungi",0.0535168195718654,NA,NA,0.0677966101694915,0.16,0,0.0307692307692308,0.0222222222222222,0.0918918918918919,0,0,0.075,0.178571428571429,0,0.0357142857142857,0,0,0.142857142857143,0,0,0.153846153846154,0,0.09375,0.0449438202247191,0,0.0588235294117647,0,0.0454545454545455,0,0,0,0.0476190476190476,0,0,0,0,0,0.0909090909090909,0,0,0.2,0,0,0.416666666666667,0,0,0,0,0.1,0,0,0,0,0,0.142857142857143,0,0,0,0,0.2,0.2,0.166666666666667,0.05,0,0,0.454545454545455,0.25,0,0,0.0909090909090909,0.0833333333333333,0.111111111111111,0,0.05,0,0.222222222222222,0.0909090909090909,0,0,0,0,0,0.0909090909090909,0,0.0909090909090909,0,0,0.1,0,0,0,0,0,0,0,0,0,0,0.1,0,0
"285","Zalaria","Zalariaceae","Dothideales","Dothideomycetes","Ascomycota","Fungi",0.00152905198776758,NA,NA,0,0,0,0,0,0.00540540540540541,0,0,0,0,0,0,0,0,0,0,0,0,0,0,0,0.0344827586206897,0,0,0,0,0,0,0,0,0,0,0,0,0,0,0,0,0,0,0,0,0,0,0,0,0,0,0,0,0,0,0,0,0,0,0,0,0,0,0,0,0,0,0,0,0,0,0,0,0,0,0,0,0,0,0,0,0.0833333333333333,0,0,0,0,0,0,0,0,0,0,0,0,0,0,0,0,0,0,0
"286","uncl_Dictyosporiaceae","Dictyosporiaceae","Pleosporales","Dothideomycetes","Ascomycota","Fungi",0.00611620795107034,NA,NA,0,0,0,0,0,0.0216216216216216,0,0,0,0,0,0,0,0,0,0,0,0,0,0,0,0,0,0.1,0,0,0,0,0.0476190476190476,0.333333333333333,0,0,0,0,0,0,0,0,0,0,0,0,0,0,0,0,0,0,0,0,0,0,0,0,0,0,0,0,0,0,0,0,0,0,0,0,0,0,0,0,0,0,0,0,0,0,0,0,0,0,0,0,0,0.2,0,0,0,0,0,0,0,0,0,0,0,0,0.0909090909090909,0.333333333333333
"287","Scleroramularia","Mycosphaerellaceae","Mycosphaerellales","Dothideomycetes","Ascomycota","Fungi",0.00764525993883792,NA,NA,0.0169491525423729,0,0,0,0,0.0162162162162162,0,0,0,0,0,0,0,0,0,0,0,0,0,0,0.0449438202247191,0,0.0294117647058824,0,0,0,0,0,0,0,0,0,0,0,0,0,0,0,0,0,0,0,0,0,0,0,0,0,0,0,0,0,0,0,0,0,0,0,0,0,0,0,0,0,0,0,0,0,0,0,0.1,0,0,0,0,0.1,0,0,0,0,0,0.0909090909090909,0,0,0,0,0,0,0,0,0,0,0,0,0,0,0,0
"288","Baeospora","Tricholomataceae","Agaricales","Agaricomycetes","Basidiomycota","Fungi",0.00764525993883792,0,0.0625,0.0169491525423729,0,0,0.0153846153846154,0,0.00540540540540541,0,0,0,0,0,0,0,0,0,0,0,0,0,0.03125,0,0.0344827586206897,0,0,0,0.166666666666667,0,0.0188679245283019,0,0.333333333333333,0,0,0,0,0,0,0,0,0,0,0,0,0,0,0,0,0,0,0,0,0,0,0,0,0,0,0,0,0,0,0,0,0,0,0,0,0.0909090909090909,0,0,0,0,0,0,0,0,0,0.0833333333333333,0,0,0,0,0,0,0,0,0,0.166666666666667,0,0,0,0,0,0,0,0.0769230769230769,0,0,0.333333333333333
"289","Vishniacozyma","Bulleribasidiaceae","Tremellales","Tremellomycetes","Basidiomycota","Fungi",0.036697247706422,0.027027027027027,0,0.00847457627118644,0.08,0.0377358490566038,0.0615384615384615,0.0111111111111111,0.0432432432432432,0.217391304347826,0.0588235294117647,0.075,0.178571428571429,0,0,0.0714285714285714,0,0,0,0,0.043956043956044,0,0,0,0,0,0,0,0.5,0,0.0188679245283019,0,0,0.25,0.181818181818182,0.0833333333333333,0,0.0909090909090909,0,0,0.2,0.181818181818182,0,0.25,0,0,0,0,0,0,0.0833333333333333,0.0909090909090909,0,0,0,0,0,0,0,0,0.1,0,0.1,0,0,0,0,0,0,0,0,0,0,0,0,0,0,0,0,0,0,0,0,0,0,0,0,0,0,0.5,0,0,0,0,0,0.05,0,0,0,0,0
"290","uncl_Phaeomoniellales","uncl_Phaeomoniellales","Phaeomoniellales","Eurotiomycetes","Ascomycota","Fungi",0.00152905198776758,NA,NA,0.00847457627118644,0,0,0,0,0,0,0,0.025,0,0,0,0,0,0,0,0,0,0,0,0,0,0,0,0,0,0,0,0,0,0,0,0,0,0.0909090909090909,0,0,0,0,0,0,0,0,0,0,0,0,0,0,0,0,0,0,0,0,0,0,0,0,0,0,0,0,0,0,0,0,0,0,0,0,0,0,0,0,0,0,0,0,0,0,0,0,0,0,0,0,0,0,0,0,0,0,0,0,0,0,0
"291","uncl_Auriculariales","uncl_Auriculariales","Auriculariales","Agaricomycetes","Basidiomycota","Fungi",0.27217125382263,0.027027027027027,0,0.330508474576271,0.44,0.0471698113207547,0.253846153846154,0.3,0.340540540540541,0.217391304347826,0.235294117647059,0.35,0.107142857142857,0.25,0.25,0.285714285714286,0.0588235294117647,0.142857142857143,0.0909090909090909,0.125,0.307692307692308,0.266666666666667,0.25,0.674157303370786,0.0344827586206897,0.294117647058824,0.4,0.0454545454545455,0.166666666666667,0,0.0188679245283019,0.238095238095238,0.333333333333333,0.25,0.181818181818182,0,0.8,0.363636363636364,0.142857142857143,0.416666666666667,0.4,0.0909090909090909,0,0.166666666666667,0.272727272727273,0.2,0,0,0.7,0.2,0.166666666666667,0.454545454545455,0,0.166666666666667,0.142857142857143,0,0.2,1,0,0.3,0.35,0.666666666666667,0.35,0.1,0.4,0.0909090909090909,0.25,0.25,0.272727272727273,0.363636363636364,0.25,0.111111111111111,0.666666666666667,0.7,0.8,0.555555555555556,0.636363636363636,0.416666666666667,0.85,0,0.2,0,0.0909090909090909,0.166666666666667,0.636363636363636,0.2,0.6,0.1,0,0.166666666666667,0,0,0,0,0,0.05,0,0,0.2,0.272727272727273,0.333333333333333
"292","Funneliformis","Glomeraceae","Glomerales","Glomeromycetes","Glomeromycota","Fungi",0.0214067278287462,NA,NA,0.0254237288135593,0,0.00943396226415094,0.0307692307692308,0.0444444444444444,0.0108108108108108,0,0.0588235294117647,0.1,0.0714285714285714,0,0,0.0357142857142857,0,0,0,0,0.010989010989011,0.0666666666666667,0,0,0.0344827586206897,0.0588235294117647,0.05,0,0,0,0,0,0,0,0,0,0.2,0.0909090909090909,0.285714285714286,0.0833333333333333,0,0.0909090909090909,0.2,0,0,0,0,0,0,0,0.0833333333333333,0,0,0,0,0,0,0,0,0.1,0,0,0,0,0,0,0,0,0.0909090909090909,0,0,0,0,0,0,0,0,0,0,0,0,0.0833333333333333,0.0909090909090909,0.0833333333333333,0,0,0.1,0,0,0,0,0,0,0,0,0,0,0,0,0,0
"293","uncl_GS11","uncl_GS11","GS11","Rozellomycotina_cls_Incertae_sedis","Rozellomycota","Fungi",0.0305810397553517,NA,NA,0.101694915254237,0,0,0,0,0.0432432432432432,0,0,0,0,0,0,0,0,0.285714285714286,0,0,0,0,0,0,0,0,0.5,0.0454545454545455,0,0,0,0.285714285714286,0.333333333333333,0,0,0,0,0,0,0,0,0,0,0,0,0,0,0,0,0,0,0,0,0,0.285714285714286,0,0,0,0,0,0,0,0,0,0,0,0,0,0,0,0,0,0,0,0,0,0,0,0,0,0,0,0,0,0,0.5,0.5,0.1,0,0,0,0,0,0,0,0,0,0,0.6,0,0.333333333333333
"294","Septoglomus","Glomeraceae","Glomerales","Glomeromycetes","Glomeromycota","Fungi",0.0198776758409786,NA,NA,0.0169491525423729,0,0,0.0230769230769231,0.0555555555555556,0.0162162162162162,0,0,0.025,0,0,0,0,0,0,0,0,0.021978021978022,0.2,0.03125,0.0112359550561798,0.172413793103448,0,0,0,0,0,0,0,0,0,0,0,0,0.0909090909090909,0,0,0,0,0,0,0,0,0,0,0,0,0,0,0,0,0,0,0,0,0,0.1,0,0,0,0,0.1,0,0,0,0.272727272727273,0,0.0833333333333333,0,0,0,0,0.111111111111111,0,0,0,0,0.4,0.25,0,0,0,0,0,0,0,0,0,0,0,0,0,0,0,0,0,0,0
"295","Tulasnella","Tulasnellaceae","Cantharellales","Agaricomycetes","Basidiomycota","Fungi",0.0596330275229358,0.027027027027027,0,0.076271186440678,0.04,0.0566037735849057,0.0384615384615385,0.111111111111111,0.0432432432432432,0,0.176470588235294,0.15,0.0714285714285714,0,0,0.0357142857142857,0.176470588235294,0.142857142857143,0.0454545454545455,0,0.0879120879120879,0,0.0625,0,0.206896551724138,0.117647058823529,0,0,0,0,0.0188679245283019,0,0.333333333333333,0,0,0.25,0,0.181818181818182,0.142857142857143,0.25,0,0.0909090909090909,0,0.0833333333333333,0,0,0,0,0,0,0,0.0909090909090909,0.0909090909090909,0.333333333333333,0.142857142857143,0,0.1,0,0,0.3,0.05,0,0,0,0.4,0,0,0,0,0,0.0833333333333333,0.111111111111111,0,0,0,0,0,0,0,0.166666666666667,0.2,0.25,0.181818181818182,0.166666666666667,0,0,0,0,0,0,0,0,0,0,0,0.05,0,0,0,0,0.333333333333333
"296","uncl_Ramicandelaberomycetes","uncl_Ramicandelaberomycetes","uncl_Ramicandelaberomycetes","Ramicandelaberomycetes","Kickxellomycota","Fungi",0.00458715596330275,NA,NA,0,0,0,0,0.0111111111111111,0.0108108108108108,0,0,0,0,0,0,0,0,0,0,0,0.021978021978022,0,0,0,0,0.0294117647058824,0,0,0,0,0,0,0,0,0,0,0,0,0,0,0,0,0,0,0,0,0,0,0,0,0,0,0,0,0,0,0,0,0,0,0,0,0,0,0.1,0.0909090909090909,0,0,0,0,0,0,0,0,0,0,0,0,0,0,0,0,0,0,0.0909090909090909,0,0,0,0,0,0,0,0,0,0,0,0,0,0,0,0
"297","Minimelanolocus","Herpotrichiellaceae","Chaetothyriales","Eurotiomycetes","Ascomycota","Fungi",0.00458715596330275,NA,NA,0,0,0,0,0,0.0162162162162162,0,0,0.05,0.0357142857142857,0,0,0,0,0,0,0,0,0,0,0,0,0,0,0,0,0,0,0,0,0,0,0,0,0,0,0,0.2,0,0,0.0833333333333333,0,0,0,0,0,0,0,0,0,0,0,0,0,0,0,0,0,0,0,0,0,0,0,0,0,0,0,0,0,0,0,0,0,0,0,0,0,0,0,0,0,0,0,0,0,0,0,0,0,0,0,0,0,0,0,0,0
"298","Setophaeosphaeria","Phaeosphaeriaceae","Pleosporales","Dothideomycetes","Ascomycota","Fungi",0.00152905198776758,NA,NA,0,0,0,0,0,0.00540540540540541,0,0,0,0,0,0,0,0,0,0,0,0,0,0,0.0112359550561798,0,0,0,0,0,0,0,0,0,0,0,0,0,0,0,0,0,0,0,0,0,0,0,0,0,0,0,0,0,0,0,0,0,0,0,0,0,0,0,0,0,0,0,0,0,0,0,0,0,0,0,0,0,0,0.05,0,0,0,0,0,0,0,0,0,0,0,0,0,0,0,0,0,0,0,0,0,0
"299","uncl_Ustilaginaceae","Ustilaginaceae","Ustilaginales","Ustilaginomycetes","Basidiomycota","Fungi",0.0688073394495413,NA,NA,0.220338983050847,0,0,0.00769230769230769,0.0333333333333333,0.0810810810810811,0,0,0.1,0.0357142857142857,0,0,0.107142857142857,0,0,0,0,0.0989010989010989,0,0.125,0.123595505617978,0.275862068965517,0.0588235294117647,0,0.0454545454545455,0,0.2,0,0.0476190476190476,0,0,0,0,0,0.181818181818182,0,0.0833333333333333,0.1,0,0,0.0833333333333333,0,0,0,0,0,0,0.0833333333333333,0.181818181818182,0,0,0,0,0,0,0,0.6,0,0,0,0,0,0.181818181818182,0.25,0,0,0.272727272727273,0.0833333333333333,0,0.25,0.15,0,0.111111111111111,0,0.0833333333333333,0.15,0.583333333333333,0,0.0833333333333333,0,0,0.181818181818182,0,0,0,0.0833333333333333,0,1,0,0,0,0,0,0,0,0.1,0,0
"300","Gaeumannomyces","Magnaporthaceae","Magnaporthales","Sordariomycetes","Ascomycota","Fungi",0.018348623853211,NA,NA,0,0.2,0,0.0153846153846154,0.0222222222222222,0.0162162162162162,0,0,0,0,0,0,0,0,0,0,0,0.0879120879120879,0,0.03125,0,0,0,0,0.0454545454545455,0.166666666666667,0,0,0.0476190476190476,0,0,0,0,0,0,0,0,0,0,0,0,0,0,0,0,0,0,0,0,0,0,0,0,0,0,0,0,0.25,0,0.05,0,0.1,0.0909090909090909,0,0,0,0,0.0833333333333333,0,0,0,0,0,0,0,0,0,0,0,0,0,0,0,0,0,0.0833333333333333,0.166666666666667,0,0,0,0,0,0,0,0,0,0.0909090909090909,0
"301","Candida","Saccharomycetales_fam_Incertae_sedis","Saccharomycetales","Saccharomycetes","Ascomycota","Fungi",0.00152905198776758,NA,NA,0,0,0.00943396226415094,0,0,0,0,0,0,0.0357142857142857,0,0,0,0,0,0,0,0,0,0,0,0,0,0,0,0,0,0,0,0,0,0,0,0,0,0,0,0,0.0909090909090909,0,0,0,0,0,0,0,0,0,0,0,0,0,0,0,0,0,0,0,0,0,0,0,0,0,0,0,0,0,0,0,0,0,0,0,0,0,0,0,0,0,0,0,0,0,0,0,0,0,0,0,0,0,0,0,0,0,0,0
"302","uncl_GS14","uncl_GS14","uncl_GS14","GS14","Chytridiomycota","Fungi",0.00152905198776758,NA,NA,0,0,0,0.00769230769230769,0,0,0,0,0,0,0,0,0.0357142857142857,0,0,0,0,0,0,0,0,0,0,0,0,0,0,0,0,0,0,0,0,0,0,0,0,0,0,0,0,0,0,0,0,0,0.2,0,0,0,0,0,0,0,0,0,0,0,0,0,0,0,0,0,0,0,0,0,0,0,0,0,0,0,0,0,0,0,0,0,0,0,0,0,0,0,0,0,0,0,0,0,0,0,0,0,0,0
"303","Ophiosphaerella","Phaeosphaeriaceae","Pleosporales","Dothideomycetes","Ascomycota","Fungi",0.00917431192660551,0,0.0625,0.00847457627118644,0,0,0.0384615384615385,0,0,0,0,0.025,0,0,0,0,0,0,0,0,0,0.133333333333333,0,0,0,0,0,0,0.333333333333333,0,0.0188679245283019,0,0,0,0,0,0,0.0909090909090909,0,0,0,0,0,0,0,0,0,0,0,0,0,0,0,0,0,0,0,0,0,0,0,0,0,0,0,0,0,0.5,0,0,0,0,0,0,0,0,0,0,0,0,0,0,0,0,0,0,0,0,0,0.333333333333333,0,0,0,0,0,0,0,0.0769230769230769,0,0,0
"304","uncl_Helicobasidiaceae","Helicobasidiaceae","Helicobasidiales","Pucciniomycetes","Basidiomycota","Fungi",0.0565749235474006,NA,NA,0.0932203389830508,0.04,0,0.00769230769230769,0.0777777777777778,0.0918918918918919,0,0,0,0,0,0,0.107142857142857,0,0,0,0,0.0989010989010989,0,0,0.280898876404494,0,0,0,0,0,0,0,0,0,0,0,0,0,0,0,0,0,0,0,0,0,0,0,0,0,0,0.25,0,0,0,0,0,0,0,0,0,0,0,0.05,0,0.4,0.181818181818182,0.5,0,0,0,0,0,0.25,0.4,0.2,0,0,0.5,0.35,0,0,0,0,0,0,0,0,0,0,0,0,0,0,0,0,0,0,0,0,0,0
"305","uncl_Branch06","uncl_Branch06","Branch06","Sordariomycetes","Ascomycota","Fungi",0.215596330275229,0.189189189189189,0.0625,0.330508474576271,0.24,0.122641509433962,0.1,0.422222222222222,0.172972972972973,0,0.117647058823529,0.625,0.0714285714285714,0.125,0.0357142857142857,0.214285714285714,0,0.142857142857143,0,0,0.252747252747253,0.133333333333333,0.34375,0.235955056179775,0.275862068965517,0.235294117647059,0.3,0.0454545454545455,0,0,0.150943396226415,0.571428571428571,0.666666666666667,0,0,0.166666666666667,0,0.909090909090909,0,0.833333333333333,0.5,0.0909090909090909,0.2,0,0.181818181818182,0,0.0833333333333333,0,0,0,0.5,0,0,0,0.142857142857143,0,0,0,0,0.6,0.2,0.166666666666667,0.25,0.1,0.2,0.272727272727273,0.25,0.25,0.0909090909090909,0,0.833333333333333,0.111111111111111,0.5,0.1,0.4,0.222222222222222,0.454545454545455,0.166666666666667,0.1,0.166666666666667,0.4,0.333333333333333,0.272727272727273,0.25,0.181818181818182,0.3,0.3,0,0.0833333333333333,0,0,0,0,0.111111111111111,0,0.3,0,0.0769230769230769,0.7,0.454545454545455,0.666666666666667
"306","uncl_Omphalotaceae","Omphalotaceae","Agaricales","Agaricomycetes","Basidiomycota","Fungi",0.0198776758409786,NA,NA,0.0254237288135593,0.04,0,0,0,0.0486486486486487,0,0,0.15,0,0,0,0,0,0,0,0,0.010989010989011,0,0.03125,0,0,0.0588235294117647,0.05,0.0909090909090909,0,0,0,0,0,0,0,0,0,0.272727272727273,0,0,0.3,0,0,0,0,0,0,0,0,0,0,0,0,0,0,0,0,0,0,0,0.05,0,0,0,0,0,0,0,0,0,0,0.111111111111111,0,0,0,0,0,0,0,0,0,0,0,0,0.181818181818182,0,0.1,0,0.166666666666667,0,0,0,0,0,0,0,0,0,0,0,0
"307","Xenopenidiella","Teratosphaeriaceae","Mycosphaerellales","Dothideomycetes","Ascomycota","Fungi",0.0428134556574924,NA,NA,0.076271186440678,0,0,0,0.0111111111111111,0.0972972972972973,0,0,0.075,0,0,0,0.142857142857143,0,0.571428571428571,0,0,0,0,0.03125,0.0112359550561798,0,0.264705882352941,0,0,0,0,0,0.19047619047619,0.666666666666667,0,0,0,0,0,0,0,0.3,0,0,0,0,0,0,0,0,0,0,0.363636363636364,0,0,0.571428571428571,0,0,0,0,0,0,0,0,0,0,0,0,0,0,0,0.0833333333333333,0,0.0833333333333333,0,0,0,0,0,0,0,0,0,0.454545454545455,0,0.363636363636364,0,0,0,0,0,0,0,0,0,0,0,0,0,0.3,0.0909090909090909,0.666666666666667
"308","Trichoglossum","Geoglossaceae","Geoglossales","Geoglossomycetes","Ascomycota","Fungi",0.0443425076452599,NA,NA,0.0932203389830508,0,0,0.0153846153846154,0.0666666666666667,0.0540540540540541,0,0,0.025,0.0714285714285714,0,0,0,0,0,0,0,0,0,0,0.235955056179775,0,0,0.1,0.0454545454545455,0,0.2,0,0,0.333333333333333,0,0,0,0,0.0909090909090909,0,0,0,0,0,0.166666666666667,0,0,0,0,0,0,0,0,0,0,0,0,0,0,0,0,0,0,0,0,0,0,0,0,0,0,0,0,0.25,0.2,0,0.111111111111111,0.545454545454545,0.0833333333333333,0.3,0,0,0,0,0,0,0.2,0,0.1,0,0,0,0.5,0,0,0,0,0,0,0,0,0.333333333333333
"309","Uwebraunia","Dissoconiaceae","Capnodiales","Dothideomycetes","Ascomycota","Fungi",0.00152905198776758,NA,NA,0.00847457627118644,0,0,0,0,0,0,0,0,0,0,0,0,0,0,0,0,0,0,0,0,0,0,0,0.0454545454545455,0,0,0,0,0,0,0,0,0,0,0,0,0,0,0,0,0,0,0,0,0,0,0,0,0,0,0,0,0,0,0,0,0,0,0,0,0,0,0,0,0,0,0,0,0,0,0,0,0,0,0,0,0,0,0,0,0,0,0,0.1,0,0,0,0,0,0,0,0,0,0,0,0,0
"310","Phyllozyma","Spiculogloeaceae","Spiculogloeales","Spiculogloeomycetes","Basidiomycota","Fungi",0.00764525993883792,NA,NA,0.0254237288135593,0,0,0,0.0111111111111111,0.00540540540540541,0,0,0.025,0,0,0,0,0,0,0,0,0,0,0,0,0,0.0588235294117647,0.05,0.0454545454545455,0,0,0,0,0,0,0,0,0,0.0909090909090909,0,0,0,0,0,0,0,0,0,0,0,0,0,0,0,0,0,0,0,0,0,0,0,0,0,0,0,0,0,0,0,0,0,0,0,0,0,0,0,0,0,0,0,0,0,0.0833333333333333,0.0909090909090909,0.1,0,0.1,0,0,0,0,0,0,0,0,0,0,0,0,0
"311","Ramicandelaber","Ramicandelaberaceae","Ramicandelaberales","Ramicandelaberomycetes","Kickxellomycota","Fungi",0.0948012232415902,NA,NA,0.135593220338983,0.12,0,0.0692307692307692,0.1,0.135135135135135,0,0,0.125,0,0.0625,0,0.107142857142857,0,0,0,0,0.252747252747253,0,0.125,0.146067415730337,0,0.205882352941176,0.1,0,0,0.2,0,0.142857142857143,0,0,0,0,0,0.181818181818182,0,0,0.3,0,0,0,0,0.2,0,0,0,0,0.0833333333333333,0.181818181818182,0,0,0,0,0,0,0,0.3,0.15,0,0.35,0,0.4,0.454545454545455,0.25,0,0,0,0.333333333333333,0,0.25,0.1,0,0.111111111111111,0,0.25,0.2,0,0,0,0.363636363636364,0,0.272727272727273,0.1,0.1,0,0,0,0,0,0.5,0,0,0,0,0,0.1,0.181818181818182,0
"312","uncl_Spizellomycetaceae","Spizellomycetaceae","Spizellomycetales","Spizellomycetes","Chytridiomycota","Fungi",0.0107033639143731,NA,NA,0.00847457627118644,0,0.0377358490566038,0,0.0111111111111111,0.00540540540540541,0.0434782608695652,0,0.05,0,0.0625,0.0714285714285714,0,0.0588235294117647,0,0,0,0,0,0,0,0,0,0,0,0,0,0,0,0,0,0.0909090909090909,0,0,0.0909090909090909,0,0.0833333333333333,0,0,0,0,0.0909090909090909,0,0.166666666666667,0,0,0,0,0,0.0909090909090909,0,0,0,0,0,0,0,0,0,0,0,0,0,0,0,0,0,0,0,0,0,0,0,0,0,0,0,0,0,0,0,0,0,0,0,0,0,0,0,0,0,0,0,0,0,0,0,0
"313","uncl_Mycosphaerellaceae","Mycosphaerellaceae","Mycosphaerellales","Dothideomycetes","Ascomycota","Fungi",0.00458715596330275,NA,NA,0.00847457627118644,0,0,0,0,0.0108108108108108,0,0,0,0,0,0,0,0,0,0,0,0,0,0,0.0337078651685393,0,0,0,0,0,0,0,0,0,0,0,0,0,0,0,0,0,0,0,0,0,0,0,0,0,0,0,0,0,0,0,0,0,0,0,0,0,0,0,0,0,0,0,0,0,0,0,0,0,0.05,0,0,0,0,0.1,0,0,0,0,0,0,0,0,0,0,0,0,0,0,0,0,0,0,0,0,0,0
"314","Edenia","Pleosporaceae","Pleosporales","Dothideomycetes","Ascomycota","Fungi",0.0122324159021407,NA,NA,0,0,0.00943396226415094,0,0.0666666666666667,0.00540540540540541,0,0,0.025,0,0,0.0357142857142857,0,0,0,0,0,0,0,0,0.0224719101123595,0,0.117647058823529,0,0,0,0,0,0,0,0,0,0,0,0,0,0.0833333333333333,0,0,0,0,0,0,0.0833333333333333,0,0,0,0,0,0,0,0,0,0,0,0,0,0,0,0,0,0,0,0,0,0,0,0,0,0,0,0,0,0.181818181818182,0,0,0,0,0,0,0.25,0.0909090909090909,0,0,0,0,0,0,0,0,0,0,0,0,0,0,0,0
"315","uncl_Amniculicolaceae","Amniculicolaceae","Pleosporales","Dothideomycetes","Ascomycota","Fungi",0.018348623853211,0.0540540540540541,0,0,0,0.0283018867924528,0.00769230769230769,0.0555555555555556,0.0162162162162162,0,0,0.075,0.0714285714285714,0,0,0.0714285714285714,0,0,0,0,0.010989010989011,0.0666666666666667,0,0,0,0,0,0,0,0,0.0377358490566038,0.0476190476190476,0,0,0,0,0,0,0.142857142857143,0.166666666666667,0,0.0909090909090909,0,0.0833333333333333,0,0,0,0,0,0,0.0833333333333333,0.0909090909090909,0,0,0,0,0,0,0,0,0,0,0,0,0.1,0,0,0,0.0909090909090909,0,0,0,0,0,0,0,0,0,0,0,0,0,0,0,0,0,0,0,0,0,0,0,0,0,0.25,0,0,0,0,0.0909090909090909,0
"316","Cladorrhinum","Podosporaceae","Sordariales","Sordariomycetes","Ascomycota","Fungi",0.00611620795107034,NA,NA,0,0,0,0.00769230769230769,0.0222222222222222,0.00540540540540541,0,0,0.025,0,0,0,0.0357142857142857,0.0588235294117647,0,0,0,0,0,0,0,0,0,0,0.0454545454545455,0,0,0,0,0,0,0,0,0,0,0,0.0833333333333333,0,0,0,0,0,0,0,0,0,0,0.0833333333333333,0,0,0.166666666666667,0,0,0,0,0,0,0,0,0,0,0,0,0,0,0,0,0,0,0,0,0,0,0,0,0,0,0,0,0,0,0,0,0,0,0.0833333333333333,0,0,0,0,0,0,0,0,0,0,0,0
"317","Leptosphaeria","Leptosphaeriaceae","Pleosporales","Dothideomycetes","Ascomycota","Fungi",0.0122324159021407,NA,NA,0.00847457627118644,0.08,0,0,0.0333333333333333,0.0108108108108108,0,0,0.05,0,0,0,0,0,0,0,0,0.0659340659340659,0,0,0,0,0,0,0,0,0,0,0,0,0,0,0,0,0,0,0.166666666666667,0,0,0,0,0,0,0,0,0,0,0,0,0,0,0,0,0,0,0,0.1,0.1,0,0,0.1,0,0.181818181818182,0,0,0,0,0,0,0,0,0,0,0,0,0,0,0,0,0,0,0,0,0,0,0,0,0,0,0,0,0,0,0,0,0,0,0
"318","Murispora","Amniculicolaceae","Pleosporales","Dothideomycetes","Ascomycota","Fungi",0.00305810397553517,0.027027027027027,0,0,0,0.00943396226415094,0,0.0111111111111111,0,0,0,0.025,0,0,0,0,0,0,0,0,0,0,0,0,0,0,0,0,0,0,0.0188679245283019,0,0,0,0,0,0,0,0,0.0833333333333333,0,0,0,0,0,0,0,0,0,0,0,0,0,0,0,0,0,0,0,0,0,0,0,0,0,0,0,0,0,0,0,0,0,0,0,0,0,0,0,0,0,0,0,0,0,0,0,0,0,0,0,0,0,0,0.125,0,0,0,0,0,0
"319","Natantispora","Halosphaeriaceae","Microascales","Sordariomycetes","Ascomycota","Fungi",0.00305810397553517,NA,NA,0,0,0,0,0.0222222222222222,0,0,0,0.05,0,0,0,0,0,0,0,0,0,0,0,0,0,0,0,0,0,0,0,0,0,0,0,0,0,0,0,0.166666666666667,0,0,0,0,0,0,0,0,0,0,0,0,0,0,0,0,0,0,0,0,0,0,0,0,0,0,0,0,0,0,0,0,0,0,0,0,0,0,0,0,0,0,0,0,0,0,0,0,0,0,0,0,0,0,0,0,0,0,0,0,0
"320","uncl_GS25_ord_Incertae_sedis","uncl_GS25_ord_Incertae_sedis","GS25_ord_Incertae_sedis","GS25","Basidiomycota","Fungi",0.00917431192660551,0.027027027027027,0,0.0169491525423729,0,0.0188679245283019,0,0,0.0108108108108108,0,0,0,0,0,0.0357142857142857,0,0,0,0,0,0.010989010989011,0,0.03125,0,0.0689655172413793,0,0,0,0,0,0.0188679245283019,0,0,0,0,0,0,0,0,0,0,0,0,0,0,0,0.0833333333333333,0,0,0,0,0,0,0,0,0,0,0,0,0.1,0,0,0,0,0,0,0,0,0,0,0,0.111111111111111,0,0,0,0,0,0,0,0.0833333333333333,0,0.0833333333333333,0,0,0,0,0,0,0,0,0,0,0,0,0,0.05,0,0,0,0,0
"321","uncl_Crepidotaceae","Crepidotaceae","Agaricales","Agaricomycetes","Basidiomycota","Fungi",0.018348623853211,NA,NA,0.0338983050847458,0,0,0.00769230769230769,0.0666666666666667,0.00540540540540541,0,0,0.05,0,0,0,0.107142857142857,0,0,0,0,0.010989010989011,0,0.03125,0.0224719101123595,0,0.0882352941176471,0,0,0,0,0,0,0,0,0,0,0,0,0,0.166666666666667,0,0,0,0,0,0,0,0,0,0,0.166666666666667,0.0909090909090909,0,0,0,0,0,0,0,0,0,0,0.05,0,0,0,0,0,0,0,0.0833333333333333,0,0,0.1,0,0,0,0,0,0,0,0,0.181818181818182,0.0833333333333333,0,0,0,0,0,0,0,0,0,0,0,0,0,0,0,0,0
"322","uncl_Endogonomycetes","uncl_Endogonomycetes","uncl_Endogonomycetes","Endogonomycetes","Mucoromycota","Fungi",0.00611620795107034,NA,NA,0.0169491525423729,0,0,0,0.0222222222222222,0,0,0,0.075,0,0,0,0,0,0,0,0,0,0,0,0,0,0,0,0,0,0,0,0.0476190476190476,0,0,0,0,0,0.0909090909090909,0,0.166666666666667,0,0,0,0,0,0,0,0,0,0,0,0,0,0,0,0,0,0,0,0,0,0,0,0,0,0,0,0,0,0,0,0,0,0,0,0,0,0,0,0,0,0,0,0,0,0,0,0,0,0,0,0,0,0,0,0,0,0,0.1,0,0
"323","uncl_Rhizophydiales","uncl_Rhizophydiales","Rhizophydiales","Rhizophydiomycetes","Chytridiomycota","Fungi",0.0290519877675841,NA,NA,0.0423728813559322,0,0,0.0153846153846154,0.0555555555555556,0.0378378378378378,0,0,0.025,0,0,0.0357142857142857,0.0357142857142857,0,0.142857142857143,0,0,0.010989010989011,0,0,0.0224719101123595,0.0344827586206897,0.0588235294117647,0.35,0,0,0,0,0.0952380952380952,0,0,0,0,0,0,0,0.0833333333333333,0,0,0,0,0,0,0,0.166666666666667,0,0,0.0833333333333333,0,0,0,0.142857142857143,0,0,0,0,0,0,0,0,0,0,0.0909090909090909,0,0,0,0,0,0,0,0,0,0.111111111111111,0.0909090909090909,0,0,0,0,0.0833333333333333,0,0.166666666666667,0,0.3,0.4,0,0,0,0,0,0,0,0,0,0,0,0.2,0,0
"324","uncl_Russulales","uncl_Russulales","Russulales","Agaricomycetes","Basidiomycota","Fungi",0.0428134556574924,0.027027027027027,0,0.0254237288135593,0,0.00943396226415094,0.0384615384615385,0.0555555555555556,0.0756756756756757,0,0,0,0,0,0.107142857142857,0.142857142857143,0,0.142857142857143,0,0,0.043956043956044,0,0.03125,0.0786516853932584,0,0.147058823529412,0.05,0,0,0.2,0.0188679245283019,0,0,0,0,0,0,0,0,0,0,0,0,0,0,0,0,0,0.3,0,0.166666666666667,0.181818181818182,0,0,0.142857142857143,0,0,0,0,0,0,0.166666666666667,0.1,0,0.1,0,0,0,0,0,0.0833333333333333,0,0,0.1,0,0.222222222222222,0.0909090909090909,0.166666666666667,0,0,0,0,0.0909090909090909,0,0.363636363636364,0,0.1,0,0,0,0,0,0.5,0.111111111111111,0,0,0,0,0,0,0
"325","Clavulinopsis","Clavariaceae","Agaricales","Agaricomycetes","Basidiomycota","Fungi",0.0259938837920489,NA,NA,0.0508474576271186,0.08,0,0,0,0.0486486486486487,0,0,0,0,0,0,0,0,0,0,0,0.010989010989011,0,0.03125,0.134831460674157,0,0,0,0.136363636363636,0,0,0,0,0,0,0,0,0,0,0,0,0,0,0,0,0,0,0,0,0,0,0,0,0,0,0,0,0,0,0,0,0.05,0,0,0,0,0,0,0,0,0.0909090909090909,0,0,0,0.15,0.2,0,0,0.0833333333333333,0.35,0,0,0,0,0,0,0,0,0.2,0.0833333333333333,0,0,0,0,0,0,0,0,0,0,0,0
"326","Pseudoarachniotus","Gymnoascaceae","Onygenales","Eurotiomycetes","Ascomycota","Fungi",0.00305810397553517,NA,NA,0,0,0,0.00769230769230769,0.0111111111111111,0,0,0,0,0,0,0,0,0,0,0,0,0.021978021978022,0,0,0,0,0,0,0,0,0,0,0,0,0,0,0,0,0,0,0,0,0,0,0,0,0,0,0,0,0,0,0,0,0,0,0,0,0,0,0,0,0,0.05,0,0.1,0,0,0,0,0,0,0,0,0,0,0,0,0,0,0,0,0,0,0,0,0,0,0,0,0,0,0,0,0,0,0,0,0,0,0,0
"327","Mycenella","Tricholomataceae","Agaricales","Agaricomycetes","Basidiomycota","Fungi",0.0122324159021407,NA,NA,0.0254237288135593,0,0,0.00769230769230769,0,0.0216216216216216,0,0,0,0,0,0,0,0,0,0,0,0,0,0,0.0786516853932584,0,0,0,0.0454545454545455,0,0,0,0,0,0,0,0,0,0,0,0,0,0,0,0,0,0,0,0,0,0,0,0,0,0,0,0,0,0,0,0,0,0,0,0,0,0,0,0,0,0,0,0,0,0.1,0,0.111111111111111,0,0.333333333333333,0,0,0,0,0,0,0,0,0,0.1,0,0,0,0,0,0,0,0,0,0,0,0,0
"328","Dactylonectria","Nectriaceae","Hypocreales","Sordariomycetes","Ascomycota","Fungi",0.0458715596330275,NA,NA,0.11864406779661,0.04,0,0.00769230769230769,0,0.0756756756756757,0,0,0,0,0,0,0,0,0.428571428571429,0,0,0.021978021978022,0,0.0625,0,0,0,0.55,0,0,0,0,0.523809523809524,0.333333333333333,0,0,0,0,0,0,0,0,0,0,0,0,0,0,0,0,0,0,0,0,0,0.428571428571429,0,0,0,0,0,0.05,0,0.05,0,0,0,0,0,0,0.181818181818182,0,0,0,0,0,0,0,0,0,0,0,0,0,0,0,0.6,0.5,0,0,0,0,0,0,0,0,0,0,0,0.6,0.454545454545455,0.333333333333333
"329","Dictyosporium","Dictyosporiaceae","Pleosporales","Dothideomycetes","Ascomycota","Fungi",0.0290519877675841,NA,NA,0.0508474576271186,0.04,0,0,0.0444444444444444,0.0432432432432432,0,0,0.075,0,0,0,0,0,0.142857142857143,0,0,0.010989010989011,0,0,0.112359550561798,0,0.0588235294117647,0,0,0,0,0,0.0952380952380952,0,0,0,0,0,0.0909090909090909,0,0.0833333333333333,0.1,0,0,0,0,0,0,0,0,0,0,0,0,0,0.142857142857143,0,0,0,0,0,0.05,0,0,0,0,0,0,0,0,0,0,0,0.166666666666667,0,0,0,0.272727272727273,0.333333333333333,0.05,0,0,0,0.0909090909090909,0,0.0909090909090909,0,0,0,0,0,0,0,0,0,0,0,0,0,0.2,0,0
"330","Basidioascus","Geminibasidiaceae","Geminibasidiales","Geminibasidiomycetes","Basidiomycota","Fungi",0.0137614678899083,NA,NA,0.00847457627118644,0,0.00943396226415094,0.0153846153846154,0.0333333333333333,0.0108108108108108,0,0,0.1,0,0,0.0357142857142857,0,0,0,0,0,0.010989010989011,0,0,0.0224719101123595,0,0.0294117647058824,0,0,0,0,0,0,0,0,0,0,0,0,0.142857142857143,0.0833333333333333,0.2,0,0,0,0,0,0.0833333333333333,0,0,0,0,0,0,0,0,0,0,0,0,0,0,0,0,0,0.1,0,0,0,0,0,0,0,0.0833333333333333,0,0,0.111111111111111,0,0,0,0,0,0,0,0.0833333333333333,0,0,0,0,0,0,0,0,0,0,0,0,0,0,0,0,0
"331","Botryosphaeria","Botryosphaeriaceae","Botryosphaeriales","Dothideomycetes","Ascomycota","Fungi",0.0122324159021407,NA,NA,0.0254237288135593,0,0,0,0.0222222222222222,0.0162162162162162,0,0,0.025,0,0,0,0,0,0,0,0,0,0,0.0625,0,0,0.147058823529412,0,0,0,0,0,0,0,0,0,0,0,0,0,0,0.1,0,0,0,0,0,0,0,0,0,0,0,0,0,0,0,0,0,0,0,0,0,0,0,0,0,0,0,0,0,0.166666666666667,0,0,0,0,0,0,0,0,0,0,0,0.272727272727273,0,0.181818181818182,0,0,0,0,0,0,0,0,0,0,0,0,0,0,0,0
"332","uncl_Podosporaceae","Podosporaceae","Sordariales","Sordariomycetes","Ascomycota","Fungi",0.018348623853211,NA,NA,0.00847457627118644,0,0.0188679245283019,0.0230769230769231,0.0555555555555556,0.00540540540540541,0,0,0.075,0,0,0,0,0.176470588235294,0,0.0454545454545455,0,0,0,0.0625,0,0,0.0588235294117647,0,0,0,0,0,0.0476190476190476,0,0,0,0,0,0,0.142857142857143,0.166666666666667,0,0,0,0,0,0,0,0,0,0,0,0,0.181818181818182,0.166666666666667,0,0,0.1,0,0,0,0,0,0,0,0,0,0,0,0,0,0.166666666666667,0,0,0,0,0,0,0,0,0,0,0,0.0909090909090909,0.0833333333333333,0,0,0,0,0,0,0,0,0,0,0,0,0,0,0,0.0909090909090909,0
"333","Hyphodermella","Phanerochaetaceae","Polyporales","Agaricomycetes","Basidiomycota","Fungi",0.0107033639143731,NA,NA,0.00847457627118644,0,0,0.00769230769230769,0,0.027027027027027,0,0,0.025,0,0,0,0,0,0,0,0,0,0,0.0625,0,0,0.0882352941176471,0.05,0,0,0,0,0,0,0,0,0,0,0,0.142857142857143,0,0,0,0,0,0,0,0,0,0,0,0,0,0,0,0,0,0,0,0,0,0,0,0,0,0,0,0,0,0,0.0909090909090909,0,0.111111111111111,0,0,0,0,0,0,0,0,0,0,0,0,0.272727272727273,0,0.1,0,0,0,0,0,0,0,0,0,0,0,0,0,0
"334","Panaeolus","Bolbitiaceae","Agaricales","Agaricomycetes","Basidiomycota","Fungi",0.0152905198776758,NA,NA,0.0254237288135593,0,0,0,0.0222222222222222,0.027027027027027,0,0,0,0,0,0,0.0357142857142857,0,0,0,0,0,0,0,0.0674157303370786,0,0.0588235294117647,0.05,0,0,0,0,0,0,0,0,0,0,0,0,0,0,0,0,0,0,0,0,0,0,0,0.0833333333333333,0,0,0,0,0,0,0,0,0,0,0,0,0,0,0,0,0,0,0,0,0,0.0833333333333333,0.05,0,0,0,0.166666666666667,0.1,0,0,0,0,0.0833333333333333,0.0909090909090909,0.1,0,0,0,0,0,0,0,0,0,0,0,0,0,0,0
"335","Brocchiosphaera","Pisorisporiales_fam._incertae_sedis","Pisorisporiales","Sordariomycetes","Ascomycota","Fungi",0.036697247706422,NA,NA,0.101694915254237,0.08,0,0,0.0222222222222222,0.0432432432432432,0,0,0.075,0,0,0,0,0,0,0,0,0,0,0,0.191011235955056,0,0,0,0,0,0,0,0.142857142857143,0.333333333333333,0,0,0,0,0.0909090909090909,0,0,0.2,0,0,0,0,0,0,0,0,0,0,0,0,0,0,0,0,0,0,0,0,0,0,0,0,0,0,0,0,0,0,0,0.416666666666667,0.2,0.4,0,0.181818181818182,0.166666666666667,0.1,0,0,0,0,0,0,0,0,0,0,0,0,0,0,0,0,0,0,0,0.2,0.0909090909090909,0.333333333333333
"336","uncl_Agaricaceae","Agaricaceae","Agaricales","Agaricomycetes","Basidiomycota","Fungi",0.0336391437308868,0.0810810810810811,0.0625,0.00847457627118644,0,0.0943396226415094,0.0538461538461538,0.0222222222222222,0.0108108108108108,0,0.176470588235294,0.05,0.0714285714285714,0,0.107142857142857,0,0.352941176470588,0,0,0,0.010989010989011,0,0,0,0,0,0.05,0,0,0,0.0754716981132075,0,0,0,0,0.166666666666667,0.2,0.0909090909090909,0,0.0833333333333333,0,0,0.4,0,0,0,0,0.333333333333333,0.1,0,0,0,0.454545454545455,0.166666666666667,0,0,0,0,0,0,0,0,0,0,0.1,0,0,0,0,0,0,0,0,0,0,0,0,0,0,0,0,0,0,0,0,0,0.1,0,0,0,0,0,0,0,0,0.15,0,0.0769230769230769,0,0,0
"337","uncl_Lophiostomataceae","Lophiostomataceae","Pleosporales","Dothideomycetes","Ascomycota","Fungi",0.0107033639143731,0.027027027027027,0,0,0,0.0188679245283019,0,0.0111111111111111,0.0216216216216216,0,0,0.025,0,0,0,0,0.0588235294117647,0.142857142857143,0,0,0,0,0,0,0,0.0882352941176471,0,0,0,0,0.0188679245283019,0,0,0,0,0,0,0,0,0.0833333333333333,0,0,0,0,0,0,0,0,0,0,0,0,0.0909090909090909,0,0.142857142857143,0,0,0,0,0,0,0,0,0,0,0,0,0,0,0,0,0,0,0,0,0,0,0,0,0,0,0,0,0,0.272727272727273,0,0,0,0,0,0,0,0,0,0,0.05,0,0,0,0,0
"338","Pseudoophiosphaerella","Phaeosphaeriaceae","Pleosporales","Dothideomycetes","Ascomycota","Fungi",0.0137614678899083,NA,NA,0,0,0,0,0.0222222222222222,0.0378378378378378,0,0,0.05,0,0,0.0357142857142857,0.107142857142857,0,0,0,0,0.010989010989011,0,0,0,0,0.0588235294117647,0,0,0,0,0,0,0,0,0,0,0,0,0,0.166666666666667,0,0,0,0,0,0,0,0,0.1,0,0,0.272727272727273,0,0,0,0,0,0,0,0,0,0,0,0,0,0.0909090909090909,0,0,0,0,0,0,0,0,0,0,0,0,0,0,0,0,0,0,0.181818181818182,0,0,0,0,0,0,0,0,0,0,0,0,0,0,0,0
"339","Tilletiopsis","Entylomataceae","Entylomatales","Exobasidiomycetes","Basidiomycota","Fungi",0.00611620795107034,NA,NA,0.00847457627118644,0,0,0.00769230769230769,0.0111111111111111,0.00540540540540541,0,0,0,0,0,0,0,0,0,0,0,0.021978021978022,0,0,0.0224719101123595,0,0,0,0,0,0,0,0,0,0,0,0,0,0,0,0,0,0,0,0,0,0,0,0,0,0,0,0,0,0,0,0,0,0,0,0,0,0,0.05,0,0.1,0,0,0,0,0,0,0,0,0.05,0,0,0,0,0.05,0,0,0,0,0,0,0,0,0,0,0,0,0,0,0,0,0,0,0,0,0,0
"340","Pluteus","Pluteaceae","Agaricales","Agaricomycetes","Basidiomycota","Fungi",0.0321100917431193,NA,NA,0.0254237288135593,0.12,0,0.0384615384615385,0.0444444444444444,0.0324324324324324,0,0,0.075,0,0,0,0.0357142857142857,0,0.142857142857143,0,0.125,0.10989010989011,0.0666666666666667,0,0.0224719101123595,0,0,0,0,0,0,0,0.0952380952380952,0,0,0,0,0,0,0,0.166666666666667,0.1,0,0,0,0,0,0,0,0,0,0.0833333333333333,0,0,0,0.142857142857143,0,0,0,0.142857142857143,0.2,0.15,0.166666666666667,0.05,0,0.1,0.181818181818182,0,0.25,0,0,0,0,0,0,0,0.222222222222222,0,0,0,0,0,0,0,0,0,0,0,0,0,0,0,0,0,0,0,0,0,0,0.1,0.0909090909090909,0
"341","uncl_Orbiliales","uncl_Orbiliales","Orbiliales","Orbiliomycetes","Ascomycota","Fungi",0.207951070336391,0.0540540540540541,0,0.203389830508475,0.28,0.0943396226415094,0.192307692307692,0.255555555555556,0.254054054054054,0.217391304347826,0.117647058823529,0.05,0,0.375,0.321428571428571,0.321428571428571,0.0588235294117647,0.428571428571429,0.136363636363636,0,0.318681318681319,0,0.40625,0.269662921348315,0.0689655172413793,0.0882352941176471,0.85,0.0454545454545455,0.166666666666667,0.2,0.0377358490566038,0.142857142857143,0,0.416666666666667,0,0.0833333333333333,0.2,0,0.142857142857143,0.0833333333333333,0,0,0,0,0.363636363636364,0.4,0,0.166666666666667,0.8,0,0.25,0.545454545454545,0.0909090909090909,0,0.428571428571429,0.166666666666667,0.1,0,0,0.1,0.3,0.5,0.25,0.3,0.5,0.363636363636364,0.5,0,0,0.272727272727273,0.5,0.444444444444444,0.25,0.25,0.2,0.444444444444444,0.454545454545455,0.333333333333333,0.1,0,0,0.166666666666667,0.181818181818182,0,0.0909090909090909,0.8,0.9,0,0.0833333333333333,0.166666666666667,0,0.5,0,0.111111111111111,0,0.05,0,0,0.2,0.0909090909090909,0
"342","uncl_Ambisporaceae","Ambisporaceae","Archaeosporales","Archaeosporomycetes","Glomeromycota","Fungi",0.00611620795107034,NA,NA,0,0,0,0,0.0111111111111111,0.0162162162162162,0,0,0,0,0,0,0.0357142857142857,0,0,0,0,0,0,0,0,0.103448275862069,0,0,0,0,0,0,0,0,0,0,0,0,0,0,0,0,0,0,0,0,0,0,0,0,0,0.0833333333333333,0,0,0,0,0,0,0,0,0,0,0,0,0,0,0,0,0,0,0,0,0,0,0,0,0,0,0,0,0,0,0.25,0,0,0,0,0,0,0,0,0,0,0,0,0,0,0,0,0,0,0
"343","Acrospermum","Acrospermaceae","Acrospermales","Dothideomycetes","Ascomycota","Fungi",0.0107033639143731,NA,NA,0,0,0,0.00769230769230769,0.0222222222222222,0.0216216216216216,0,0,0,0,0,0.0714285714285714,0.0357142857142857,0,0.142857142857143,0,0,0.021978021978022,0,0,0,0,0,0,0.0454545454545455,0,0,0,0,0,0,0,0,0,0,0,0,0,0,0,0,0,0,0,0,0.2,0,0.0833333333333333,0,0,0,0.142857142857143,0,0,0,0,0,0,0.166666666666667,0,0,0.1,0,0,0,0,0,0,0,0,0,0,0,0,0,0,0,0,0,0,0,0,0,0,0,0.0833333333333333,0,0,0,0,0,0,0,0,0,0,0,0
"344","Neodevriesia","Neodevriesiaceae","Capnodiales","Dothideomycetes","Ascomycota","Fungi",0.0428134556574924,NA,NA,0.0423728813559322,0.12,0,0.0307692307692308,0.0333333333333333,0.0702702702702703,0,0,0,0.0357142857142857,0,0,0,0,0,0,0,0.10989010989011,0,0.0625,0.0674157303370786,0.103448275862069,0.117647058823529,0,0.0454545454545455,0,0,0,0.0476190476190476,0,0,0,0,0,0,0,0,0,0,0,0.0833333333333333,0,0,0,0,0,0,0,0,0,0,0,0,0,0,0,0.1,0.15,0.333333333333333,0,0.1,0.1,0.181818181818182,0,0,0,0,0.0833333333333333,0.111111111111111,0.0833333333333333,0,0,0.222222222222222,0,0.0833333333333333,0.1,0.166666666666667,0,0.0833333333333333,0,0,0.363636363636364,0,0,0,0.0833333333333333,0,0,0,0,0,0,0,0,0,0.1,0,0
"345","Rhizoctonia","Ceratobasidiaceae","Cantharellales","Agaricomycetes","Basidiomycota","Fungi",0.00458715596330275,NA,NA,0,0.04,0,0,0,0.0108108108108108,0,0,0.05,0,0,0,0,0,0,0,0,0.010989010989011,0,0,0,0,0,0,0,0,0,0,0,0,0,0,0,0,0,0,0,0.2,0,0,0,0,0,0,0,0,0,0,0,0,0,0,0,0,0,0,0,0.05,0,0,0,0,0,0,0,0,0,0,0,0,0,0,0,0,0,0,0,0,0,0,0,0,0,0,0,0,0,0,0,0,0,0,0,0,0,0,0,0
"346","Fusidium","Xylariales_fam_Incertae_sedis","Xylariales","Sordariomycetes","Ascomycota","Fungi",0.0137614678899083,NA,NA,0.0338983050847458,0.04,0,0,0,0.0216216216216216,0,0,0.025,0,0,0.0357142857142857,0,0,0,0,0,0,0,0,0.0224719101123595,0,0.0294117647058824,0.2,0,0,0,0,0,0,0,0,0,0,0,0,0,0.1,0,0,0,0,0,0,0,0.1,0,0,0,0,0,0,0,0,0,0,0,0,0,0,0,0,0,0,0,0,0,0,0,0,0.05,0.2,0,0,0,0,0,0,0,0,0,0.0909090909090909,0.3,0.1,0,0,0,0,0,0,0,0,0,0,0,0,0,0
"347","Cladosporium","Cladosporiaceae","Capnodiales","Dothideomycetes","Ascomycota","Fungi",0.00305810397553517,NA,NA,0,0,0,0,0,0.0108108108108108,0,0,0,0,0,0,0,0,0,0,0,0,0,0.03125,0,0,0.0294117647058824,0,0,0,0,0,0,0,0,0,0,0,0,0,0,0,0,0,0,0,0,0,0,0,0,0,0,0,0,0,0,0,0,0,0,0,0,0,0,0,0,0,0,0,0,0,0.111111111111111,0,0,0,0,0,0,0,0,0,0,0,0,0.0909090909090909,0,0,0,0,0,0,0,0,0,0,0,0,0,0,0,0
"348","Anthracocystis","Ustilaginaceae","Ustilaginales","Ustilaginomycetes","Basidiomycota","Fungi",0.0198776758409786,NA,NA,0.0169491525423729,0,0,0,0.0222222222222222,0.0486486486486487,0,0,0.025,0,0,0,0,0,0,0,0,0.032967032967033,0,0.0625,0.0112359550561798,0.0344827586206897,0.117647058823529,0,0,0,0,0,0.0476190476190476,0,0,0,0,0,0,0,0,0.1,0,0,0,0,0,0,0,0,0,0,0,0,0,0,0,0,0,0,0.1,0,0,0,0,0,0.181818181818182,0,0,0,0,0.166666666666667,0,0,0,0,0,0,0,0.05,0,0,0.0833333333333333,0,0,0.363636363636364,0,0,0,0,0,0,0,0,0,0,0,0,0,0.1,0,0
"349","uncl_Pleosporales_fam_Incertae_sedis","Pleosporales_fam_Incertae_sedis","Pleosporales","Dothideomycetes","Ascomycota","Fungi",0.0168195718654434,NA,NA,0.0254237288135593,0,0,0.00769230769230769,0.0111111111111111,0.0324324324324324,0,0,0.025,0,0,0,0,0,0.142857142857143,0,0,0.043956043956044,0,0.03125,0.0224719101123595,0,0.0294117647058824,0,0,0,0,0,0.0476190476190476,0,0,0,0,0,0,0,0,0.1,0,0,0,0,0,0,0,0,0,0,0,0,0,0.142857142857143,0,0,0,0,0.1,0,0,0,0,0,0.272727272727273,0,0,0,0.0909090909090909,0,0,0,0,0,0.111111111111111,0.0909090909090909,0,0,0,0,0,0.0909090909090909,0,0,0,0,0,0,0,0,0,0,0,0,0,0,0,0,0.0909090909090909,0
"350","Catenulostroma","Teratosphaeriaceae","Mycosphaerellales","Dothideomycetes","Ascomycota","Fungi",0.00611620795107034,NA,NA,0,0.08,0,0,0,0.0108108108108108,0,0,0,0,0,0,0,0,0,0,0,0.021978021978022,0,0,0,0,0.0588235294117647,0,0,0,0,0,0,0,0,0,0,0,0,0,0,0,0,0,0,0,0,0,0,0,0,0,0,0,0,0,0,0,0,0,0,0.1,0,0,0,0,0,0,0,0,0,0,0,0,0,0,0,0,0,0,0,0,0,0,0,0.181818181818182,0,0,0,0,0,0,0,0,0,0,0,0,0,0,0,0
"351","uncl_Clavicipitaceae","Clavicipitaceae","Hypocreales","Sordariomycetes","Ascomycota","Fungi",0.0764525993883792,NA,NA,0.11864406779661,0.08,0,0.0461538461538462,0.0888888888888889,0.108108108108108,0.0434782608695652,0,0.05,0,0,0.0714285714285714,0.107142857142857,0,0,0,0,0.153846153846154,0.0666666666666667,0.25,0.0337078651685393,0.0344827586206897,0.176470588235294,0.35,0.0909090909090909,0,0,0,0,0,0.0833333333333333,0,0,0,0,0,0,0.2,0,0,0,0,0,0,0,0.2,0,0.166666666666667,0.0909090909090909,0,0,0,0,0,0,0,0.2,0.1,0,0.1,0,0.1,0.454545454545455,0.5,0.25,0,0.363636363636364,0.333333333333333,0,0,0.05,0,0.111111111111111,0,0.0833333333333333,0,0,0.2,0,0.0909090909090909,0.0833333333333333,0.363636363636364,0.5,0.2,0.1,0.0833333333333333,0,0,0,0,0,0,0,0,0,0,0,0
"352","Langdonia","Ustilaginaceae","Ustilaginales","Ustilaginomycetes","Basidiomycota","Fungi",0.00611620795107034,NA,NA,0.00847457627118644,0,0,0,0,0.0162162162162162,0,0,0.025,0,0,0,0,0,0.142857142857143,0,0,0,0,0,0,0,0.0588235294117647,0,0,0,0,0,0,0,0,0,0,0,0,0,0,0.1,0,0,0,0,0,0,0,0,0,0,0,0,0,0.142857142857143,0,0,0,0,0,0,0,0,0,0,0,0,0,0,0,0,0,0,0,0,0,0,0,0,0,0,0,0.0909090909090909,0,0.0909090909090909,0,0,0,0,0,0,0,0,0,0,0,0,0,0,0,0
"353","Bovista","Lycoperdaceae","Agaricales","Agaricomycetes","Basidiomycota","Fungi",0.00611620795107034,NA,NA,0.00847457627118644,0,0,0.0153846153846154,0.0111111111111111,0,0,0,0,0,0,0,0.0357142857142857,0,0,0,0,0.010989010989011,0,0,0,0,0.0294117647058824,0,0,0.166666666666667,0,0,0,0,0,0,0,0,0,0,0,0,0,0,0,0,0,0,0,0,0,0.0833333333333333,0,0,0,0,0,0,0,0,0,0,0,0.05,0,0,0,0,0,0,0,0,0,0,0,0,0,0,0,0,0,0,0,0.0909090909090909,0,0,0,0,0,0,0.166666666666667,0,0,0,0,0,0,0,0,0,0,0
"354","uncl_Apiosporaceae","Apiosporaceae","Xylariales","Sordariomycetes","Ascomycota","Fungi",0.0871559633027523,NA,NA,0.169491525423729,0.2,0,0.0153846153846154,0.0444444444444444,0.140540540540541,0,0,0,0,0,0.142857142857143,0.142857142857143,0,0,0,0,0.197802197802198,0,0.15625,0.0337078651685393,0.482758620689655,0.0882352941176471,0,0.0909090909090909,0,0,0,0.142857142857143,0.333333333333333,0,0,0,0,0,0,0,0,0,0,0,0,0,0,0,0.4,0,0,0.363636363636364,0,0,0,0,0,0,0,0.4,0.25,0,0.05,0,0.1,0.454545454545455,0.5,0,0,0.181818181818182,0.25,0,0,0,0,0.111111111111111,0,0.0833333333333333,0.05,0.833333333333333,0,0.333333333333333,0,0,0.272727272727273,0,0,0.1,0.0833333333333333,0,0,0,0,0,0,0,0,0,0.3,0,0.333333333333333
"355","Nanoglomus","Glomeraceae","Glomerales","Glomeromycetes","Glomeromycota","Fungi",0.0152905198776758,NA,NA,0.00847457627118644,0,0,0,0,0.0486486486486487,0,0,0.025,0,0,0,0,0,0,0,0,0,0,0,0.0674157303370786,0,0,0,0,0,0,0,0.0952380952380952,0.333333333333333,0,0,0,0,0,0,0,0.1,0,0,0,0,0,0,0,0,0,0,0,0,0,0,0,0,0,0,0,0,0,0,0,0,0,0,0,0,0,0,0,0,0.05,0,0,0,0,0.25,0,0,0,0,0,0,0,0,0,0,0,0,0,0,0,0,0,0,0,0,0.181818181818182,0.333333333333333
"356","Microdochium","Amphisphaeriaceae","Xylariales","Sordariomycetes","Ascomycota","Fungi",0.00458715596330275,NA,NA,0.00847457627118644,0,0,0.00769230769230769,0,0.00540540540540541,0,0,0,0,0,0,0,0,0,0,0,0,0,0,0.0224719101123595,0,0.0294117647058824,0,0,0,0,0,0,0,0,0,0,0,0,0,0,0,0,0,0,0,0,0,0,0,0,0,0,0,0,0,0,0,0,0,0,0,0,0,0,0,0,0,0,0,0,0,0,0,0.05,0,0.111111111111111,0,0,0,0,0,0,0,0,0.0909090909090909,0,0,0,0,0,0,0,0,0,0,0,0,0,0,0,0
"357","Fonsecazyma","Bulleraceae","Tremellales","Tremellomycetes","Basidiomycota","Fungi",0.0152905198776758,NA,NA,0.0338983050847458,0.04,0,0.0153846153846154,0,0.0162162162162162,0,0,0,0,0,0,0,0,0,0,0,0.0769230769230769,0,0,0.0337078651685393,0,0,0,0,0,0,0,0,0,0,0,0,0,0,0,0,0,0,0,0,0,0,0,0,0,0,0,0,0,0,0,0,0,0,0,0.2,0.05,0.166666666666667,0,0,0,0.272727272727273,0,0,0,0,0,0,0.166666666666667,0,0,0.111111111111111,0,0,0,0,0,0,0,0,0,0,0,0,0,0,0,0,0,0,0,0,0,0,0,0,0
"358","uncl_Mortierellaceae","Mortierellaceae","Mortierellales","Mortierellomycetes","Mortierellomycota","Fungi",0.159021406727829,0.216216216216216,0.0625,0.228813559322034,0.08,0.150943396226415,0.0923076923076923,0.133333333333333,0.189189189189189,0.0869565217391304,0,0.05,0.142857142857143,0.0625,0.142857142857143,0.0714285714285714,0.176470588235294,0.285714285714286,0.181818181818182,0,0.0549450549450549,0,0.3125,0.146067415730337,0.137931034482759,0.264705882352941,0.6,0.545454545454545,0,0.6,0.169811320754717,0.142857142857143,0,0.0833333333333333,0.0909090909090909,0,0,0,0.142857142857143,0.0833333333333333,0,0.0909090909090909,0.4,0.0833333333333333,0.0909090909090909,0,0.166666666666667,0.333333333333333,0,0,0.0833333333333333,0.0909090909090909,0.181818181818182,0.166666666666667,0.285714285714286,0.166666666666667,0.2,0,0,0.2,0.05,0,0,0,0,0.181818181818182,0,0,0,0.0909090909090909,0.583333333333333,0.222222222222222,0.166666666666667,0.15,0.2,0.222222222222222,0.272727272727273,0.0833333333333333,0.05,0.0833333333333333,0,0.25,0.363636363636364,0,0.454545454545455,0.7,0.5,0.5,0.583333333333333,0,1,0,1,0.111111111111111,0.25,0.25,0,0.0769230769230769,0.1,0.181818181818182,0
"359","Cruentomycena","Tricholomataceae","Agaricales","Agaricomycetes","Basidiomycota","Fungi",0.00458715596330275,NA,NA,0.00847457627118644,0,0,0.00769230769230769,0,0.00540540540540541,0,0,0.025,0,0,0,0,0,0,0,0,0,0.0666666666666667,0,0.0112359550561798,0,0,0,0,0,0,0,0,0,0,0,0,0,0,0,0,0.1,0,0,0,0,0,0,0,0,0,0,0,0,0,0,0,0,0,0,0,0,0,0,0,0,0,0,0.25,0,0,0,0,0,0.05,0,0,0,0,0,0,0,0,0,0,0,0,0,0,0,0,0,0,0,0,0,0,0,0,0,0,0
"360","Distoseptispora","Distoseptisporaceae","Distoseptisporales","Sordariomycetes","Ascomycota","Fungi",0.00152905198776758,NA,NA,0,0,0,0,0,0.00540540540540541,0,0,0.025,0,0,0,0,0,0,0,0,0,0,0,0,0,0,0,0,0,0,0,0,0,0,0,0,0,0,0,0,0.1,0,0,0,0,0,0,0,0,0,0,0,0,0,0,0,0,0,0,0,0,0,0,0,0,0,0,0,0,0,0,0,0,0,0,0,0,0,0,0,0,0,0,0,0,0,0,0,0,0,0,0,0,0,0,0,0,0,0,0,0
"361","uncl_Pisorisporiales","uncl_Pisorisporiales","Pisorisporiales","Sordariomycetes","Ascomycota","Fungi",0.0336391437308868,NA,NA,0.0254237288135593,0.04,0,0.0153846153846154,0.0111111111111111,0.0810810810810811,0,0,0.075,0,0,0,0,0,0.571428571428571,0,0,0.021978021978022,0,0,0.0224719101123595,0,0.0588235294117647,0,0,0,0,0,0.380952380952381,0.333333333333333,0,0,0,0,0,0.142857142857143,0.0833333333333333,0.1,0,0,0,0,0,0,0,0,0,0,0,0,0,0.571428571428571,0,0,0,0,0,0.05,0,0.05,0,0,0,0,0,0,0,0,0,0,0,0,0,0,0.0833333333333333,0.05,0,0,0,0,0,0.181818181818182,0,0,0,0,0,0,0,0,0,0,0,0,0,0.3,0.454545454545455,0.333333333333333
"362","Tubeufia","Tubeufiaceae","Tubeufiales","Dothideomycetes","Ascomycota","Fungi",0.0152905198776758,NA,NA,0,0.04,0.00943396226415094,0,0.0333333333333333,0.027027027027027,0,0.0588235294117647,0.05,0,0,0,0.0714285714285714,0,0,0,0,0.010989010989011,0,0,0.0112359550561798,0.0689655172413793,0,0,0,0,0,0,0.0476190476190476,0,0,0,0.0833333333333333,0,0,0,0.0833333333333333,0.1,0,0,0,0,0,0,0,0,0,0.0833333333333333,0.0909090909090909,0,0,0,0,0,0,0,0,0.05,0,0,0,0,0,0,0,0,0,0,0,0,0,0,0,0.0909090909090909,0,0,0,0,0.166666666666667,0,0,0,0,0,0,0,0,0,0,0,0,0,0,0,0,0,0.0909090909090909,0
"363","Scytalidium","Helotiaceae","Helotiales","Leotiomycetes","Ascomycota","Fungi",0.00917431192660551,NA,NA,0,0,0.0188679245283019,0,0,0.0216216216216216,0,0,0.025,0,0.125,0,0,0,0.142857142857143,0,0,0,0,0,0.0112359550561798,0,0,0.05,0,0,0,0,0,0,0,0,0,0,0,0,0,0.1,0,0,0,0.181818181818182,0,0,0,0,0,0,0,0,0,0.142857142857143,0,0,0,0,0,0,0,0,0,0,0,0,0,0,0,0,0,0,0,0,0,0,0,0.05,0,0,0,0,0,0,0,0.1,0,0,0,0,0,0,0,0,0,0,0,0,0,0
"364","Lycoperdon","Lycoperdaceae","Agaricales","Agaricomycetes","Basidiomycota","Fungi",0.0229357798165138,0.027027027027027,0,0.0169491525423729,0,0.0283018867924528,0.0153846153846154,0.0222222222222222,0.0324324324324324,0,0,0.025,0,0.125,0,0,0,0.285714285714286,0,0,0.032967032967033,0,0.03125,0.0112359550561798,0,0.0294117647058824,0.05,0,0,0,0.0188679245283019,0.0952380952380952,0,0,0,0,0,0,0,0,0.1,0,0,0,0.181818181818182,0,0,0,0,0,0,0,0,0,0.285714285714286,0,0,0,0,0,0,0.166666666666667,0.05,0,0,0.0909090909090909,0,0,0,0,0,0.111111111111111,0,0,0,0,0.0909090909090909,0,0,0,0,0,0,0.0833333333333333,0,0,0.1,0,0,0,0,0,0,0,0,0.05,0,0,0.2,0,0
"365","Vararia","Lachnocladiaceae","Russulales","Agaricomycetes","Basidiomycota","Fungi",0.0688073394495413,0.0810810810810811,0.25,0.0169491525423729,0.28,0.0471698113207547,0.138461538461538,0.0555555555555556,0.0432432432432432,0,0,0,0.0357142857142857,0.0625,0.142857142857143,0,0,0,0,0.25,0.241758241758242,0,0,0.0561797752808989,0,0,0,0.0909090909090909,0,0.2,0.132075471698113,0,0,0,0,0,0,0,0,0,0,0,0,0.0833333333333333,0,0.2,0.166666666666667,0,0.2,0,0,0,0,0,0,0,0,1,0.142857142857143,0,0.35,0.333333333333333,0.45,0.1,0.2,0.0909090909090909,0,0,0,0,0,0,0,0.1,0,0.111111111111111,0.181818181818182,0,0,0,0,0,0,0,0,0,0,0,0.166666666666667,0,0,0,0.5,0.111111111111111,0.125,0.05,0.333333333333333,0.230769230769231,0,0,0
"366","uncl_Hyponectriaceae","Hyponectriaceae","Xylariales","Sordariomycetes","Ascomycota","Fungi",0.00917431192660551,NA,NA,0.0169491525423729,0,0,0,0.0222222222222222,0.0108108108108108,0,0,0.025,0,0,0,0,0,0,0,0,0.010989010989011,0,0.0625,0,0,0.0588235294117647,0,0,0,0,0,0,0,0,0,0,0,0,0,0,0.1,0,0,0,0,0,0,0,0,0,0,0,0,0,0,0,0,0,0,0,0,0,0,0,0.1,0,0,0,0,0.0909090909090909,0.0833333333333333,0,0,0,0,0,0,0,0,0,0,0,0.0909090909090909,0,0.0909090909090909,0,0,0,0,0,0,0,0,0,0,0,0,0,0,0,0
"367","Corticifraga","Gomphillaceae","Ostropales","Lecanoromycetes","Ascomycota","Fungi",0.00917431192660551,NA,NA,0.00847457627118644,0,0,0.00769230769230769,0,0.0216216216216216,0.0434782608695652,0,0,0,0,0.0357142857142857,0,0,0,0,0,0,0,0,0.0112359550561798,0.0689655172413793,0.0294117647058824,0,0,0,0,0,0,0,0.0833333333333333,0,0,0,0,0,0,0,0,0,0,0,0,0,0,0.1,0,0,0,0,0,0,0,0,0,0,0,0,0,0,0,0,0,0,0,0,0,0,0,0,0,0,0,0,0.0833333333333333,0,0.0833333333333333,0,0.0833333333333333,0,0,0.0909090909090909,0,0,0,0,0,0,0,0,0,0,0,0,0,0,0,0
"368","uncl_Helotiaceae","Helotiaceae","Helotiales","Leotiomycetes","Ascomycota","Fungi",0.00917431192660551,NA,NA,0.0169491525423729,0.04,0,0,0.0111111111111111,0.0108108108108108,0,0,0,0,0,0,0.0357142857142857,0,0,0,0,0.010989010989011,0,0,0,0.0689655172413793,0.0294117647058824,0.05,0,0,0,0,0,0,0,0,0,0,0,0,0,0,0,0,0,0,0,0,0,0,0,0.0833333333333333,0,0,0,0,0,0,0,0,0,0.05,0,0,0,0,0,0,0,0,0,0,0,0,0,0,0,0,0,0,0.0833333333333333,0,0.0833333333333333,0.0909090909090909,0,0,0,0.1,0,0,0,0,0,0,0,0,0,0,0,0,0,0
"369","Claroideoglomus","Claroideoglomeraceae","Glomerales","Glomeromycetes","Glomeromycota","Fungi",0.0412844036697248,NA,NA,0.101694915254237,0.04,0.0283018867924528,0.0230769230769231,0.0222222222222222,0.0324324324324324,0,0,0,0,0.0625,0,0.0357142857142857,0,0,0.0909090909090909,0,0.010989010989011,0,0.03125,0.101123595505618,0.0689655172413793,0,0.35,0.0454545454545455,0.166666666666667,0.2,0,0,0,0,0,0,0,0,0,0,0,0,0,0,0.0909090909090909,0,0,0,0,0.2,0,0,0,0,0,0.166666666666667,0,0,0,0,0,0,0,0,0.1,0,0,0,0,0,0,0.111111111111111,0.25,0.1,0.2,0.111111111111111,0.0909090909090909,0.0833333333333333,0,0.0833333333333333,0,0.0833333333333333,0,0,0,0.4,0.3,0.1,0,0.166666666666667,1,0,0,0,0,0,0,0,0,0,0
"370","uncl_Tremellomycetes","uncl_Tremellomycetes","uncl_Tremellomycetes","Tremellomycetes","Basidiomycota","Fungi",0.0519877675840979,0.108108108108108,0.3125,0.00847457627118644,0,0.122641509433962,0.1,0.0222222222222222,0.027027027027027,0.0869565217391304,0,0,0.0714285714285714,0.125,0.214285714285714,0,0.294117647058824,0,0.0454545454545455,0.125,0.021978021978022,0,0,0.0224719101123595,0,0,0,0,0.166666666666667,0,0.169811320754717,0.0476190476190476,0,0.166666666666667,0,0,0,0,0,0,0,0,0,0.166666666666667,0.0909090909090909,0.2,0.333333333333333,0,0.2,0,0,0,0.363636363636364,0.166666666666667,0,0,0.1,0,0.142857142857143,0,0,0.166666666666667,0.05,0,0,0,0,0,0,0,0,0,0,0,0,0,0.181818181818182,0,0,0,0,0,0,0,0,0,0,0,0,0.166666666666667,0,0,0,0.111111111111111,0.125,0.1,0.333333333333333,0.307692307692308,0.1,0,0
"371","Lepiota","Agaricaceae","Agaricales","Agaricomycetes","Basidiomycota","Fungi",0.0107033639143731,NA,NA,0,0,0,0.0230769230769231,0.0222222222222222,0.0108108108108108,0,0,0.025,0,0,0.0357142857142857,0,0.0588235294117647,0,0,0,0.021978021978022,0,0.03125,0,0,0,0,0,0.166666666666667,0,0,0,0,0,0,0,0,0,0.142857142857143,0,0,0,0,0,0,0,0,0,0.1,0,0,0,0,0.166666666666667,0,0,0,0,0,0,0,0,0,0,0.1,0.0909090909090909,0,0,0,0,0.0833333333333333,0,0,0,0,0,0,0,0,0,0,0,0,0,0,0,0,0,0,0.166666666666667,0,0,0,0,0,0,0,0,0,0,0
"372","uncl_Psathyrellaceae","Psathyrellaceae","Agaricales","Agaricomycetes","Basidiomycota","Fungi",0.0917431192660551,0.0540540540540541,0.0625,0.0932203389830508,0.2,0.0377358490566038,0.1,0.122222222222222,0.0864864864864865,0,0.0588235294117647,0.125,0.0357142857142857,0,0.0357142857142857,0.142857142857143,0.0588235294117647,0,0,0.5,0.120879120879121,0.333333333333333,0.09375,0.0898876404494382,0.0344827586206897,0.147058823529412,0,0,0,0.2,0.0566037735849057,0.285714285714286,0,0,0,0.0833333333333333,0,0.181818181818182,0,0.0833333333333333,0.2,0,0,0.0833333333333333,0,0,0,0.166666666666667,0,0.2,0.0833333333333333,0.181818181818182,0.0909090909090909,0,0,0,0,0,0.571428571428571,0.1,0.2,0.333333333333333,0.2,0,0,0,0,0.5,0.272727272727273,0.181818181818182,0.0833333333333333,0,0,0.05,0.2,0.111111111111111,0.0909090909090909,0.166666666666667,0.1,0,0,0.0833333333333333,0.0909090909090909,0.333333333333333,0,0,0,0,0,0,0,0.5,0,0,0,0.1,0,0.0769230769230769,0.4,0.181818181818182,0
"373","Leucoagaricus","Agaricaceae","Agaricales","Agaricomycetes","Basidiomycota","Fungi",0.00305810397553517,NA,NA,0,0,0.00943396226415094,0.00769230769230769,0,0,0,0.0588235294117647,0.025,0,0,0,0,0,0,0,0,0,0,0,0,0,0,0,0,0,0,0,0,0,0,0,0.0833333333333333,0,0,0.142857142857143,0,0,0,0,0,0,0,0,0,0,0,0,0,0,0,0,0,0,0,0,0,0,0,0,0,0,0,0,0,0,0,0,0,0,0,0,0,0,0,0,0,0,0,0,0,0,0,0,0,0,0,0,0,0,0,0,0,0,0,0,0,0
"374","Auxarthron","Onygenaceae","Onygenales","Eurotiomycetes","Ascomycota","Fungi",0.00152905198776758,NA,NA,0,0,0.00943396226415094,0,0,0,0,0,0,0.0357142857142857,0,0,0,0,0,0,0,0,0,0,0,0,0,0,0,0,0,0,0,0,0,0,0,0,0,0,0,0,0.0909090909090909,0,0,0,0,0,0,0,0,0,0,0,0,0,0,0,0,0,0,0,0,0,0,0,0,0,0,0,0,0,0,0,0,0,0,0,0,0,0,0,0,0,0,0,0,0,0,0,0,0,0,0,0,0,0,0,0,0,0,0
"375","Montagnea","Agaricaceae","Agaricales","Agaricomycetes","Basidiomycota","Fungi",0.00458715596330275,0.0540540540540541,0,0,0,0.0283018867924528,0,0,0,0,0,0,0.0357142857142857,0,0,0,0,0,0,0,0,0,0,0,0,0,0,0,0,0,0.0377358490566038,0,0,0,0,0,0,0,0,0,0,0.0909090909090909,0,0,0,0,0,0,0,0,0,0,0,0,0,0,0,0,0,0,0,0,0,0,0,0,0,0,0,0,0,0,0,0,0,0,0,0,0,0,0,0,0,0,0,0,0,0,0,0,0,0,0,0,0,0.1,0,0,0,0,0
"376","Tulostoma","Agaricaceae","Agaricales","Agaricomycetes","Basidiomycota","Fungi",0.0321100917431193,0.108108108108108,0.125,0,0,0.122641509433962,0.0384615384615385,0,0.0162162162162162,0.0434782608695652,0,0,0.142857142857143,0,0.142857142857143,0,0.294117647058824,0,0,0,0.010989010989011,0,0,0,0,0,0,0,0,0,0.113207547169811,0,0,0,0.0909090909090909,0,0,0,0,0,0,0.272727272727273,0.2,0,0,0,0.166666666666667,0.166666666666667,0.1,0,0,0,0.363636363636364,0.166666666666667,0,0,0,0,0,0,0,0,0,0,0,0.0909090909090909,0,0,0,0,0,0,0,0,0,0,0,0,0,0,0,0,0,0,0,0,0,0,0,0,0,0,0,0.111111111111111,0.125,0.1,0,0.153846153846154,0,0,0
"377","uncl_Mortierellales","uncl_Mortierellales","Mortierellales","Mortierellomycetes","Mortierellomycota","Fungi",0.0917431192660551,0.486486486486487,0.3125,0.0593220338983051,0,0.254716981132075,0.138461538461538,0.0333333333333333,0.027027027027027,0,0,0.075,0.0714285714285714,0.3125,0.107142857142857,0.0714285714285714,0.176470588235294,0,0.136363636363636,0.125,0.043956043956044,0.0666666666666667,0.0625,0,0.0344827586206897,0.117647058823529,0,0,0.166666666666667,0,0.433962264150943,0.0476190476190476,0.333333333333333,0,0,0,0,0.0909090909090909,0.142857142857143,0,0.1,0.181818181818182,0,0,0.272727272727273,0.4,0.166666666666667,0,0.1,0,0.0833333333333333,0.0909090909090909,0,0.5,0,0.166666666666667,0.1,1,0,0.1,0,0.166666666666667,0.1,0,0,0,0,0.25,0,0.0909090909090909,0.0833333333333333,0,0,0,0,0,0,0,0,0,0,0.0833333333333333,0.272727272727273,0.0833333333333333,0,0,0,0,0,0.166666666666667,0,0,0,0.444444444444444,0.625,0.45,0.333333333333333,0.307692307692308,0.1,0,0.333333333333333
"378","Paraphoma","Phaeosphaeriaceae","Pleosporales","Dothideomycetes","Ascomycota","Fungi",0.00611620795107034,NA,NA,0,0,0,0.0230769230769231,0,0.00540540540540541,0,0,0,0,0,0,0,0.176470588235294,0,0,0.125,0,0,0,0,0,0,0,0,0,0,0,0,0,0,0,0,0,0,0,0,0,0,0,0,0,0,0,0,0,0,0,0,0,0.5,0,0,0,0,0.142857142857143,0,0,0,0,0,0,0,0,0,0,0,0,0,0,0,0,0,0,0,0,0,0,0,0,0,0,0,0,0,0,0,0,0,0,0,0,0,0,0,0,0,0
"379","uncl_Meruliaceae","Meruliaceae","Polyporales","Agaricomycetes","Basidiomycota","Fungi",0.00458715596330275,NA,NA,0,0,0.00943396226415094,0,0,0.0108108108108108,0,0,0,0.0357142857142857,0,0,0,0,0.142857142857143,0,0,0,0,0,0,0,0,0.05,0,0,0,0,0,0,0,0,0,0,0,0,0,0,0.0909090909090909,0,0,0,0,0,0,0,0,0,0,0,0,0.142857142857143,0,0,0,0,0,0,0,0,0,0,0,0,0,0,0,0,0,0,0,0,0,0,0,0,0,0,0,0,0,0,0,0.1,0,0,0,0,0,0,0,0,0,0,0,0,0,0
"380","Hyalorbilia","Orbiliaceae","Orbiliales","Orbiliomycetes","Ascomycota","Fungi",0.00764525993883792,NA,NA,0,0,0.00943396226415094,0,0.0111111111111111,0.0162162162162162,0.0434782608695652,0,0,0.0357142857142857,0,0,0,0,0,0,0,0.021978021978022,0,0,0,0,0,0,0.0454545454545455,0,0,0,0,0,0,0.0909090909090909,0,0,0,0,0,0,0.0909090909090909,0,0,0,0,0,0,0,0,0,0,0,0,0,0,0,0,0,0,0,0,0,0,0.1,0.0909090909090909,0,0,0,0,0,0,0,0,0,0,0,0,0,0,0,0,0,0,0,0,0,0,0.0833333333333333,0,0,0,0,0,0,0,0,0,0,0,0
"381","Monosporascus","Diatrypaceae","Xylariales","Sordariomycetes","Ascomycota","Fungi",0.00611620795107034,0.027027027027027,0,0,0,0.00943396226415094,0.0153846153846154,0.0111111111111111,0,0,0,0,0.0357142857142857,0,0,0.0357142857142857,0.0588235294117647,0,0,0,0,0,0,0,0,0,0,0,0,0,0.0188679245283019,0,0,0,0,0,0,0,0,0,0,0,0.2,0,0,0,0,0,0,0,0.0833333333333333,0,0,0.166666666666667,0,0,0,0,0,0,0,0,0,0,0,0,0,0,0,0,0,0,0,0,0,0,0,0,0,0,0,0,0,0,0,0,0,0,0,0,0,0,0,0,0,0.05,0,0,0,0,0
"382","Wilcoxina","Pyronemataceae","Pezizales","Pezizomycetes","Ascomycota","Fungi",0.0152905198776758,NA,NA,0,0.04,0,0,0,0.0486486486486487,0,0,0,0.321428571428571,0,0,0,0,0,0,0,0.010989010989011,0,0,0,0,0,0,0,0,0,0,0,0,0,0,0,0,0,0,0,0,0,0,0.75,0,0,0,0,0,0,0,0,0,0,0,0,0,0,0,0,0.05,0,0,0,0,0,0,0,0,0,0,0,0,0,0,0,0,0,0,0,0,0,0,0,0,0,0,0,0,0,0,0,0,0,0,0,0,0,0,0,0
"383","Solicoccozyma","Piskurozymaceae","Filobasidiales","Tremellomycetes","Basidiomycota","Fungi",0.0152905198776758,NA,NA,0.0254237288135593,0,0,0.0153846153846154,0.0222222222222222,0.0162162162162162,0,0,0,0.0357142857142857,0,0,0,0,0,0.0454545454545455,0,0.010989010989011,0.0666666666666667,0.09375,0.0112359550561798,0.0344827586206897,0,0,0.0454545454545455,0,0,0,0,0,0,0,0,0,0,0,0,0,0,0,0.0833333333333333,0,0,0,0,0,0,0,0,0,0,0,0,0.1,0,0,0,0,0,0,0,0.1,0,0,0.25,0,0.181818181818182,0,0.111111111111111,0,0,0,0,0.0909090909090909,0,0,0.0833333333333333,0,0,0,0,0,0,0,0,0.0833333333333333,0,0,0,0,0,0,0,0,0,0,0,0
"384","Taphrina","Taphrinaceae","Taphrinales","Taphrinomycetes","Ascomycota","Fungi",0.00152905198776758,NA,NA,0,0,0,0.00769230769230769,0,0,0,0,0,0,0,0,0,0,0,0,0,0.010989010989011,0,0,0,0,0,0,0,0,0,0,0,0,0,0,0,0,0,0,0,0,0,0,0,0,0,0,0,0,0,0,0,0,0,0,0,0,0,0,0,0,0.166666666666667,0,0,0,0,0,0,0,0,0,0,0,0,0,0,0,0,0,0,0,0,0,0,0,0,0,0,0,0,0,0,0,0,0,0,0,0,0,0,0
"385","Thysanorea","Herpotrichiellaceae","Chaetothyriales","Eurotiomycetes","Ascomycota","Fungi",0.0122324159021407,NA,NA,0,0.04,0,0,0,0.0378378378378378,0,0,0,0.214285714285714,0,0,0,0,0,0,0,0.010989010989011,0,0,0,0,0,0,0,0,0,0,0,0.333333333333333,0,0,0,0,0,0,0,0,0,0,0.5,0,0,0,0,0,0,0,0,0,0,0,0,0,0,0,0,0.05,0,0,0,0,0,0,0,0,0,0,0,0,0,0,0,0,0,0,0,0,0,0,0,0,0,0,0,0,0,0,0,0,0,0,0,0,0,0,0,0.333333333333333
"386","uncl_Lichenostigmatales","uncl_Lichenostigmatales","Lichenostigmatales","Arthoniomycetes","Ascomycota","Fungi",0.00152905198776758,NA,NA,0,0,0,0,0,0.00540540540540541,0,0,0,0.0357142857142857,0,0,0,0,0,0,0,0,0,0,0,0,0,0,0,0,0,0,0,0,0,0,0,0,0,0,0,0,0,0,0.0833333333333333,0,0,0,0,0,0,0,0,0,0,0,0,0,0,0,0,0,0,0,0,0,0,0,0,0,0,0,0,0,0,0,0,0,0,0,0,0,0,0,0,0,0,0,0,0,0,0,0,0,0,0,0,0,0,0,0,0
"387","uncl_Thelephoraceae","Thelephoraceae","Thelephorales","Agaricomycetes","Basidiomycota","Fungi",0.0688073394495413,NA,NA,0.0593220338983051,0.04,0.00943396226415094,0.00769230769230769,0.0333333333333333,0.172972972972973,0.0434782608695652,0,0.025,0.178571428571429,0,0.285714285714286,0,0,0.428571428571429,0,0.125,0.021978021978022,0,0.09375,0.0112359550561798,0.0344827586206897,0.0294117647058824,0.1,0.727272727272727,0,0,0,0,0,0,0.0909090909090909,0,0,0,0,0,0.1,0,0,0.416666666666667,0,0,0.0833333333333333,0,0.7,0,0,0,0,0,0.428571428571429,0,0,1,0,0.1,0.05,0,0,0,0,0,0,0,0,0,0.166666666666667,0.111111111111111,0,0,0,0,0,0.0833333333333333,0,0,0,0.0833333333333333,0,0.0833333333333333,0,0,0.2,0.6,0.833333333333333,0,0,0,0,0,0,0,0,0,0,0,0
"388","Aquilomyces","Morosphaeriaceae","Pleosporales","Dothideomycetes","Ascomycota","Fungi",0.00458715596330275,NA,NA,0,0,0,0,0,0.0162162162162162,0,0,0,0.0714285714285714,0,0,0,0,0,0,0,0,0,0,0,0.0344827586206897,0,0,0,0,0,0,0,0,0,0,0,0,0,0,0,0,0,0,0.166666666666667,0,0,0,0,0,0,0,0,0,0,0,0,0,0,0,0,0,0,0,0,0,0,0,0,0,0,0,0,0,0,0,0,0,0,0,0,0,0.0833333333333333,0,0,0,0,0,0,0,0,0,0,0,0,0,0,0,0,0,0,0
"389","Exophiala","Herpotrichiellaceae","Chaetothyriales","Eurotiomycetes","Ascomycota","Fungi",0.0259938837920489,NA,NA,0.0254237288135593,0,0.00943396226415094,0.00769230769230769,0,0.0648648648648649,0.0869565217391304,0,0,0.142857142857143,0,0.107142857142857,0,0,0,0.0454545454545455,0,0.010989010989011,0,0.0625,0,0.103448275862069,0.0294117647058824,0,0,0,0,0,0,0,0.0833333333333333,0.0909090909090909,0,0,0,0,0,0,0,0,0.333333333333333,0,0,0,0,0.3,0,0,0,0,0,0,0.0833333333333333,0,0,0,0,0,0,0,0,0,0.0909090909090909,0,0,0,0,0,0.222222222222222,0,0,0,0,0,0,0,0.25,0,0,0,0,0.0909090909090909,0,0,0,0,0,0,0,0,0,0,0,0,0,0,0,0
"390","Tricholoma","Tricholomataceae","Agaricales","Agaricomycetes","Basidiomycota","Fungi",0.00305810397553517,NA,NA,0,0,0,0,0,0.0108108108108108,0,0,0,0.0714285714285714,0,0,0,0,0,0,0,0,0,0,0,0,0,0,0,0,0,0,0,0,0,0,0,0,0,0,0,0,0,0,0.166666666666667,0,0,0,0,0,0,0,0,0,0,0,0,0,0,0,0,0,0,0,0,0,0,0,0,0,0,0,0,0,0,0,0,0,0,0,0,0,0,0,0,0,0,0,0,0,0,0,0,0,0,0,0,0,0,0,0,0
"391","Curvibasidium","Microbotryomycetes_fam_Incertae_sedis","Microbotryomycetes_ord_Incertae_sedis","Microbotryomycetes","Basidiomycota","Fungi",0.00917431192660551,NA,NA,0.00847457627118644,0,0,0,0,0.027027027027027,0,0,0,0.0357142857142857,0,0.0357142857142857,0,0,0,0,0,0.021978021978022,0,0.03125,0,0,0,0.05,0,0,0,0,0,0,0,0,0,0,0,0,0,0,0,0,0.0833333333333333,0,0,0,0,0.1,0,0,0,0,0,0,0,0,0,0,0.1,0,0,0,0,0,0.0909090909090909,0,0,0,0,0,0.111111111111111,0,0,0,0,0,0,0,0,0,0,0,0,0,0,0.1,0,0,0,0,0,0,0,0,0,0,0,0,0,0
"392","Suillus","Suillaceae","Boletales","Agaricomycetes","Basidiomycota","Fungi",0.0107033639143731,NA,NA,0.00847457627118644,0,0,0,0,0.0324324324324324,0,0,0,0.0357142857142857,0,0,0,0,0.285714285714286,0,0,0,0,0,0,0,0,0,0.181818181818182,0,0,0,0,0,0,0,0,0,0,0,0,0,0,0,0.0833333333333333,0,0,0,0,0,0,0,0,0,0,0.285714285714286,0,0,0,0,0,0,0,0,0,0,0,0,0,0,0,0,0,0,0,0,0,0,0,0,0,0,0,0,0,0,0,0,0.1,0.25,0,0,0,0,0,0,0,0,0,0,0,0
"393","uncl_Peniophoraceae","Peniophoraceae","Russulales","Agaricomycetes","Basidiomycota","Fungi",0.0259938837920489,NA,NA,0.0169491525423729,0,0,0.00769230769230769,0.0555555555555556,0.0486486486486487,0,0,0.05,0.0357142857142857,0,0,0.0714285714285714,0,0,0,0,0.010989010989011,0.0666666666666667,0.0625,0.0112359550561798,0,0.0294117647058824,0.2,0,0,0,0,0.0952380952380952,0,0,0,0,0,0,0,0.166666666666667,0,0,0,0.0833333333333333,0,0,0,0,0,0,0.166666666666667,0,0,0,0,0,0,0,0,0,0,0,0,0,0,0.0909090909090909,0,0,0.0909090909090909,0.181818181818182,0,0,0,0,0,0.111111111111111,0,0,0,0,0,0,0,0,0.0909090909090909,0,0.4,0,0,0,0,0,0,0,0,0,0,0,0,0.181818181818182,0
"394","Rhodotorula","Sporidiobolaceae","Sporidiobolales","Microbotryomycetes","Basidiomycota","Fungi",0.00917431192660551,NA,NA,0.0169491525423729,0,0.00943396226415094,0,0,0.0162162162162162,0,0,0,0.0357142857142857,0,0.0357142857142857,0,0,0,0.0454545454545455,0,0,0,0,0,0.0344827586206897,0,0.1,0,0,0,0,0,0,0,0,0,0,0,0,0,0,0,0,0.0833333333333333,0,0,0,0,0.1,0,0,0,0,0,0,0.0833333333333333,0,0,0,0,0,0,0,0,0,0,0,0,0,0,0,0,0,0,0,0,0,0,0,0.0833333333333333,0,0,0,0,0,0.1,0.1,0,0,0,0,0,0,0,0,0,0,0,0,0,0
"395","Tetraploa","Tetraplosphaeriaceae","Pleosporales","Dothideomycetes","Ascomycota","Fungi",0.0703363914373089,NA,NA,0.101694915254237,0.04,0,0.0230769230769231,0.0555555555555556,0.135135135135135,0,0,0,0.107142857142857,0,0.0357142857142857,0.0714285714285714,0,0,0,0,0.10989010989011,0,0.09375,0.0561797752808989,0.413793103448276,0.117647058823529,0.2,0,0,0,0,0.0476190476190476,0.333333333333333,0,0,0,0,0,0,0,0,0,0,0.25,0,0,0,0,0.1,0,0.0833333333333333,0.0909090909090909,0,0,0,0,0,0,0,0.2,0.05,0,0,0,0.1,0.363636363636364,0.5,0,0,0.0909090909090909,0,0.222222222222222,0,0,0,0.111111111111111,0.181818181818182,0.166666666666667,0,0.416666666666667,0.4,0.416666666666667,0.0909090909090909,0.0833333333333333,0.181818181818182,0.2,0.2,0,0,0,0,0,0,0,0,0,0,0,0.1,0,0.333333333333333
"396","Pustularia","Pyronemataceae","Pezizales","Pezizomycetes","Ascomycota","Fungi",0.00152905198776758,NA,NA,0,0,0,0,0,0.00540540540540541,0,0,0,0.0357142857142857,0,0,0,0,0,0,0,0,0,0,0,0,0,0,0,0,0,0,0,0,0,0,0,0,0,0,0,0,0,0,0.0833333333333333,0,0,0,0,0,0,0,0,0,0,0,0,0,0,0,0,0,0,0,0,0,0,0,0,0,0,0,0,0,0,0,0,0,0,0,0,0,0,0,0,0,0,0,0,0,0,0,0,0,0,0,0,0,0,0,0,0
"397","uncl_Lentitheciaceae","Lentitheciaceae","Pleosporales","Dothideomycetes","Ascomycota","Fungi",0.00917431192660551,0.027027027027027,0,0.00847457627118644,0,0.0188679245283019,0.00769230769230769,0,0.0108108108108108,0,0,0,0,0,0,0,0.0588235294117647,0,0,0,0,0,0,0.0224719101123595,0.0689655172413793,0,0,0,0,0,0.0188679245283019,0,0,0,0,0,0,0,0,0,0,0,0,0,0,0,0,0,0,0,0,0,0.0909090909090909,0,0,0,0,0,0,0,0,0,0,0,0,0,0,0,0,0,0,0,0.0833333333333333,0,0,0,0,0.0833333333333333,0,0,0.2,0.0833333333333333,0,0,0,0,0,0,0,0,0,0,0,0.111111111111111,0,0,0,0,0,0,0
"398","Capronia","Herpotrichiellaceae","Chaetothyriales","Eurotiomycetes","Ascomycota","Fungi",0.0229357798165138,NA,NA,0.0593220338983051,0,0,0,0.0222222222222222,0.0324324324324324,0,0,0,0,0,0,0.0357142857142857,0,0,0,0,0,0,0.03125,0,0.241379310344828,0.0294117647058824,0,0.227272727272727,0,0,0,0,0,0,0,0,0,0,0,0,0,0,0,0,0,0,0,0,0,0,0,0.0909090909090909,0,0,0,0,0,0,0,0,0,0,0,0,0,0,0,0,0,0,0.0833333333333333,0,0,0,0,0,0,0,0,0.333333333333333,0,0.25,0,0.0833333333333333,0,0,0,0.3,0.166666666666667,0,0,0,0,0,0,0,0,0,0,0,0
"399","Dirkmeia","Ustilaginaceae","Ustilaginales","Ustilaginomycetes","Basidiomycota","Fungi",0.00458715596330275,NA,NA,0.00847457627118644,0,0,0,0.0222222222222222,0,0,0,0,0,0,0,0,0,0,0,0,0,0,0.0625,0,0,0,0,0.0454545454545455,0,0,0,0,0,0,0,0,0,0,0,0,0,0,0,0,0,0,0,0,0,0,0,0,0,0,0,0,0,0,0,0,0,0,0,0,0,0,0,0,0,0,0.166666666666667,0,0,0,0,0,0,0,0,0,0,0,0,0,0,0,0,0.1,0,0,0,0,0,0,0,0,0,0,0,0,0
"400","Paradevriesia","Paradevriesiaceae","Capnodiales","Dothideomycetes","Ascomycota","Fungi",0.0259938837920489,NA,NA,0.0169491525423729,0.12,0,0.0153846153846154,0.0111111111111111,0.0486486486486487,0,0,0,0,0,0,0,0,0,0,0,0.120879120879121,0,0.03125,0.0449438202247191,0.0344827586206897,0,0,0,0,0,0,0,0,0,0,0,0,0,0,0,0,0,0,0,0,0,0,0,0,0,0,0,0,0,0,0,0,0,0,0.1,0.15,0,0.05,0,0,0.545454545454545,0,0,0,0,0,0.111111111111111,0,0.05,0,0.111111111111111,0.0909090909090909,0,0.05,0,0,0.0833333333333333,0,0,0,0,0,0,0,0,0,0,0,0,0,0,0,0,0,0,0
"401","uncl_Microbotryomycetes","uncl_Microbotryomycetes","uncl_Microbotryomycetes","Microbotryomycetes","Basidiomycota","Fungi",0.0244648318042813,0.027027027027027,0.0625,0.0254237288135593,0.08,0.0188679245283019,0.0307692307692308,0,0.027027027027027,0,0,0.025,0.0714285714285714,0.0625,0,0,0,0,0,0,0.043956043956044,0,0,0.0112359550561798,0.0689655172413793,0,0,0.0909090909090909,0,0.2,0.0377358490566038,0,0,0,0,0,0,0,0,0,0.1,0,0,0.166666666666667,0.0909090909090909,0,0,0,0,0,0,0,0,0,0,0,0,0,0,0.1,0.1,0.166666666666667,0,0,0,0,0,0,0,0,0,0,0,0,0,0.111111111111111,0,0,0,0,0.2,0.0833333333333333,0,0,0,0,0,0.1,0.0833333333333333,0,1,0,0,0.111111111111111,0,0,0,0.0769230769230769,0,0,0
"402","Pulvinula","Pyronemataceae","Pezizales","Pezizomycetes","Ascomycota","Fungi",0.0107033639143731,0.027027027027027,0,0.0169491525423729,0,0.0188679245283019,0.0153846153846154,0.0111111111111111,0,0,0,0.05,0.0357142857142857,0,0,0,0.117647058823529,0,0,0,0,0,0,0.0112359550561798,0,0,0,0,0,0,0.0188679245283019,0,0,0,0,0,0,0.0909090909090909,0,0.0833333333333333,0,0.0909090909090909,0,0,0,0,0,0,0,0,0,0,0,0.333333333333333,0,0,0,0,0,0,0,0,0,0,0,0,0,0,0,0,0,0,0.0833333333333333,0,0,0,0,0,0,0,0,0,0,0,0,0,0,0,0,0,0,0,0,0,0,0.05,0,0,0,0,0
"403","Arcopilus","Chaetomiaceae","Sordariales","Sordariomycetes","Ascomycota","Fungi",0.0336391437308868,NA,NA,0.101694915254237,0,0.00943396226415094,0,0,0.0486486486486487,0,0,0,0,0.0625,0,0,0,0,0,0,0,0,0.40625,0,0,0,0,0.318181818181818,0,0,0,0.0476190476190476,0,0,0,0,0,0,0,0,0,0,0,0,0.0909090909090909,0,0,0,0,0,0,0,0,0,0,0,0,0,0,0,0,0,0,0,0,0,0,0,0,0.636363636363636,0,0.666666666666667,0,0,0,0,0,0,0,0,0,0,0,0,0,0,0,0.4,0.25,0,0,0,0,0,0,0,0,0,0.1,0,0
"404","Chlorophyllum","Agaricaceae","Agaricales","Agaricomycetes","Basidiomycota","Fungi",0.00305810397553517,NA,NA,0,0,0.00943396226415094,0.00769230769230769,0,0,0,0,0,0,0.0625,0,0,0.0588235294117647,0,0,0,0,0,0,0,0,0,0,0,0,0,0,0,0,0,0,0,0,0,0,0,0,0,0,0,0.0909090909090909,0,0,0,0,0,0,0,0,0.166666666666667,0,0,0,0,0,0,0,0,0,0,0,0,0,0,0,0,0,0,0,0,0,0,0,0,0,0,0,0,0,0,0,0,0,0,0,0,0,0,0,0,0,0,0,0,0,0,0
"405","uncl_Stereaceae","Stereaceae","Russulales","Agaricomycetes","Basidiomycota","Fungi",0.00611620795107034,NA,NA,0.00847457627118644,0,0.00943396226415094,0,0,0.0108108108108108,0,0,0,0,0.0625,0.0714285714285714,0,0,0,0,0,0,0,0,0.0112359550561798,0,0,0,0,0,0,0,0,0,0,0,0,0,0,0,0,0,0,0,0,0.0909090909090909,0,0,0,0.2,0,0,0,0,0,0,0,0,0,0,0,0,0,0,0,0,0,0,0,0,0,0,0,0,0.05,0,0,0,0,0,0,0,0,0,0,0,0,0,0,0,0,0,0,0,0,0,0,0,0,0,0,0
"406","Geastrum","Geastraceae","Geastrales","Agaricomycetes","Basidiomycota","Fungi",0.099388379204893,0.108108108108108,0.125,0.0847457627118644,0.08,0.141509433962264,0.1,0.0333333333333333,0.118918918918919,0.304347826086957,0.0588235294117647,0.05,0,0.4375,0.0714285714285714,0.107142857142857,0.176470588235294,0.285714285714286,0.0454545454545455,0,0.10989010989011,0,0.125,0.0337078651685393,0.0689655172413793,0.0882352941176471,0.2,0.227272727272727,0,0,0.113207547169811,0,0,0.25,0.363636363636364,0.0833333333333333,0,0,0,0,0.2,0,0,0,0.636363636363636,0,0,0,0.2,0.2,0,0.181818181818182,0.272727272727273,0,0.285714285714286,0,0.1,0,0,0.1,0.1,0.333333333333333,0.15,0.1,0,0.0909090909090909,0,0,0,0.0909090909090909,0.0833333333333333,0.222222222222222,0,0.15,0,0,0,0,0,0.0833333333333333,0.2,0,0.0909090909090909,0.0833333333333333,0.0909090909090909,0.1,0.3,0.2,0.25,0,0,0,0,0.333333333333333,0,0.05,0.333333333333333,0.0769230769230769,0,0,0
"407","uncl_Agaricostilbales","uncl_Agaricostilbales","Agaricostilbales","Agaricostilbomycetes","Basidiomycota","Fungi",0.0244648318042813,NA,NA,0.00847457627118644,0.04,0.00943396226415094,0.0230769230769231,0.0777777777777778,0.0162162162162162,0,0,0.05,0,0.0625,0,0.107142857142857,0,0,0,0,0.021978021978022,0,0,0.0674157303370786,0.0689655172413793,0,0,0,0,0,0,0,0,0,0,0,0,0,0,0.166666666666667,0,0,0,0,0.0909090909090909,0,0,0,0,0,0.0833333333333333,0.181818181818182,0,0,0,0,0,0,0,0,0,0,0.05,0.1,0,0,0,0,0,0,0,0,0,0,0.2,0.222222222222222,0.272727272727273,0,0,0.0833333333333333,0,0.0833333333333333,0,0,0,0,0,0,0,0,0,0,0,0,0,0,0,0,0,0,0
"408","Sparassis","Fomitopsidaceae","Polyporales","Agaricomycetes","Basidiomycota","Fungi",0.0107033639143731,NA,NA,0.0423728813559322,0.04,0,0,0,0.00540540540540541,0,0,0,0,0,0,0,0,0,0,0,0.010989010989011,0,0,0.0449438202247191,0,0.0294117647058824,0,0,0,0,0,0,0.333333333333333,0,0,0,0,0,0,0,0,0,0,0,0,0,0,0,0,0,0,0,0,0,0,0,0,0,0,0,0.05,0,0,0,0,0,0,0,0,0,0,0,0.0833333333333333,0.15,0,0,0,0,0,0,0,0,0.0909090909090909,0,0,0,0,0,0,0,0,0,0,0,0,0,0,0,0,0,0.333333333333333
"409","uncl_Entrophosporales","uncl_Entrophosporales","Entrophosporales","Glomeromycetes","Glomeromycota","Fungi",0.00305810397553517,NA,NA,0,0,0,0.00769230769230769,0,0.00540540540540541,0,0,0,0,0,0.0357142857142857,0,0,0,0,0,0,0,0,0.0112359550561798,0,0,0,0,0,0,0,0,0,0,0,0,0,0,0,0,0,0,0,0,0,0,0,0,0.1,0,0,0,0,0,0,0,0,0,0,0,0,0,0,0,0,0,0,0,0,0,0,0,0,0,0,0.111111111111111,0,0,0,0,0,0,0,0,0,0,0,0,0,0,0,0,0,0,0,0,0,0,0,0,0
"410","Leucosporidium","Leucosporidiaceae","Leucosporidiales","Microbotryomycetes","Basidiomycota","Fungi",0.00611620795107034,NA,NA,0.0169491525423729,0,0,0.00769230769230769,0,0.00540540540540541,0,0,0,0,0.0625,0,0,0,0,0,0,0.010989010989011,0,0.03125,0.0112359550561798,0,0,0,0,0,0,0,0,0,0,0,0,0,0,0,0,0,0,0,0,0,0.2,0,0,0,0,0,0,0,0,0,0,0,0,0,0.1,0,0,0,0,0,0,0,0,0,0,0,0.111111111111111,0.0833333333333333,0,0,0,0,0,0,0,0,0,0,0,0,0,0,0,0,0,0,0,0,0,0,0,0,0,0,0,0
"411","uncl_Coniochaetaceae","Coniochaetaceae","Coniochaetales","Sordariomycetes","Ascomycota","Fungi",0.0137614678899083,NA,NA,0.0169491525423729,0,0,0.0153846153846154,0,0.027027027027027,0,0,0,0,0.0625,0.0357142857142857,0,0,0,0,0,0.010989010989011,0,0.0625,0,0.0689655172413793,0,0.05,0.0454545454545455,0,0,0,0,0,0,0,0,0,0,0,0,0,0,0,0,0,0.2,0,0,0.1,0,0,0,0,0,0,0,0,0,0,0,0,0,0,0,0,0.0909090909090909,0,0,0,0.0909090909090909,0,0.111111111111111,0,0,0,0,0,0,0,0,0.2,0.0833333333333333,0,0,0,0,0.1,0.1,0,0,0,0,0,0,0,0,0,0,0,0,0
"412","uncl_Venturiaceae","Venturiaceae","Venturiales","Dothideomycetes","Ascomycota","Fungi",0.0244648318042813,NA,NA,0.0169491525423729,0,0.00943396226415094,0.0307692307692308,0.0555555555555556,0.0216216216216216,0,0,0.025,0,0,0.107142857142857,0,0,0,0,0,0,0.2,0,0,0,0.0294117647058824,0,0.181818181818182,0.666666666666667,0,0,0,0,0,0,0,0,0,0,0.0833333333333333,0,0,0,0,0,0,0.0833333333333333,0,0.2,0,0,0,0,0,0,0,0,0,0,0,0,0,0,0,0,0,0,0,0.272727272727273,0,0,0,0,0,0,0,0,0,0,0,0,0,0,0.0833333333333333,0,0,0,0.2,0.166666666666667,0.666666666666667,0,0,0,0,0,0,0,0,0,0,0
"413","Geminibasidium","Geminibasidiaceae","Geminibasidiales","Geminibasidiomycetes","Basidiomycota","Fungi",0.00152905198776758,NA,NA,0,0,0.00943396226415094,0,0,0,0,0,0,0,0,0.0357142857142857,0,0,0,0,0,0,0,0,0,0,0,0,0,0,0,0,0,0,0,0,0,0,0,0,0,0,0,0,0,0,0,0.0833333333333333,0,0,0,0,0,0,0,0,0,0,0,0,0,0,0,0,0,0,0,0,0,0,0,0,0,0,0,0,0,0,0,0,0,0,0,0,0,0,0,0,0,0,0,0,0,0,0,0,0,0,0,0,0,0
"414","uncl_Schizoparmaceae","Schizoparmaceae","Diaporthales","Sordariomycetes","Ascomycota","Fungi",0.00305810397553517,NA,NA,0,0,0,0,0,0.0108108108108108,0,0,0,0,0,0,0,0,0.142857142857143,0,0,0,0,0,0,0,0,0,0,0,0,0,0,0.333333333333333,0,0,0,0,0,0,0,0,0,0,0,0,0,0,0,0,0,0,0,0,0,0.142857142857143,0,0,0,0,0,0,0,0,0,0,0,0,0,0,0,0,0,0,0,0,0,0,0,0,0,0,0,0,0,0,0,0,0,0,0,0,0,0,0,0,0,0,0,0,0,0.333333333333333
"415","uncl_Violaceomycetales","uncl_Violaceomycetales","Violaceomycetales","Ustilaginomycetes","Basidiomycota","Fungi",0.00458715596330275,NA,NA,0,0,0.0283018867924528,0,0,0,0,0,0,0,0,0.107142857142857,0,0,0,0,0,0,0,0,0,0,0,0,0,0,0,0,0,0,0,0,0,0,0,0,0,0,0,0,0,0,0,0.25,0,0,0,0,0,0,0,0,0,0,0,0,0,0,0,0,0,0,0,0,0,0,0,0,0,0,0,0,0,0,0,0,0,0,0,0,0,0,0,0,0,0,0,0,0,0,0,0,0,0,0,0,0,0
"416","uncl_Pluteaceae","Pluteaceae","Agaricales","Agaricomycetes","Basidiomycota","Fungi",0.00917431192660551,NA,NA,0,0,0.0377358490566038,0.00769230769230769,0.0111111111111111,0,0,0,0.025,0,0,0.0714285714285714,0,0,0,0.136363636363636,0,0,0,0,0,0,0,0,0,0,0,0,0,0,0,0,0,0,0,0,0.0833333333333333,0,0,0,0,0,0,0.166666666666667,0,0,0,0,0,0,0,0,0.166666666666667,0.1,0,0,0,0,0,0,0,0,0,0,0,0,0,0,0,0,0,0,0,0,0,0,0,0,0,0,0,0,0,0,0,0,0,0,0,0,0,0,0,0,0,0,0,0
"417","uncl_Sympoventuriaceae","Sympoventuriaceae","Venturiales","Dothideomycetes","Ascomycota","Fungi",0.0168195718654434,0.027027027027027,0,0.0254237288135593,0,0.0188679245283019,0.0153846153846154,0.0333333333333333,0.00540540540540541,0,0,0,0,0,0.0357142857142857,0.0714285714285714,0.117647058823529,0,0,0,0,0,0.03125,0,0,0.0882352941176471,0,0.0454545454545455,0,0,0.0188679245283019,0,0,0,0,0,0,0,0,0,0,0,0,0,0,0,0.0833333333333333,0,0,0,0.166666666666667,0,0,0.333333333333333,0,0,0,0,0,0,0,0,0,0,0,0,0,0,0,0.0909090909090909,0,0,0,0,0,0,0,0,0,0,0,0,0.0909090909090909,0.0833333333333333,0.0909090909090909,0,0,0.1,0,0,0,0,0,0,0,0.05,0,0,0,0,0
"418","uncl_Sebacinales","uncl_Sebacinales","Sebacinales","Agaricomycetes","Basidiomycota","Fungi",0.36697247706422,NA,NA,0.423728813559322,0.48,0.0754716981132075,0.376923076923077,0.266666666666667,0.524324324324324,0.173913043478261,0.176470588235294,0.35,0.214285714285714,0.0625,0.285714285714286,0.428571428571429,0.0588235294117647,1,0.454545454545455,0.375,0.56043956043956,0,0.15625,0.528089887640449,0.586206896551724,0.441176470588235,0.25,0.409090909090909,0,0.6,0,0.761904761904762,1,0.333333333333333,0,0.0833333333333333,0.4,0.636363636363636,0.285714285714286,0,0.5,0,0,0.5,0,0.2,0.166666666666667,0.666666666666667,0.2,0.4,0.416666666666667,0.454545454545455,0,0.166666666666667,1,0.416666666666667,0.5,0,0.428571428571429,0.4,0.45,0.666666666666667,0.6,0.7,0.4,0.636363636363636,1,0,0,0,0.166666666666667,0.333333333333333,0.5,0.45,0.6,0.555555555555556,0.454545454545455,0.583333333333333,0.6,0.416666666666667,1,0.583333333333333,0.545454545454545,0.0833333333333333,0.727272727272727,0.2,0.3,0.3,0.5,0,0,1,0.5,0,0,0,0,0,0.8,0.727272727272727,1
"419","uncl_Mortierellomycota","uncl_Mortierellomycota","uncl_Mortierellomycota","uncl_Mortierellomycota","Mortierellomycota","Fungi",0.0290519877675841,0.27027027027027,0,0.00847457627118644,0,0.122641509433962,0.00769230769230769,0.0111111111111111,0.0162162162162162,0.0434782608695652,0,0,0,0.0625,0.107142857142857,0,0,0,0,0,0,0,0,0.0112359550561798,0,0.0294117647058824,0.1,0,0,0,0.188679245283019,0,0,0.0833333333333333,0,0,0,0,0,0,0,0,0,0,0.0909090909090909,0,0.166666666666667,0,0.1,0,0,0,0,0,0,0,0,0,0,0,0,0,0,0,0,0,0,0,0,0,0,0,0.0833333333333333,0,0,0,0,0,0,0,0,0,0,0.0833333333333333,0,0,0.2,0,0,0,0,0,0,0.444444444444444,0.75,0,0,0,0,0,0
"420","Coprinus","Agaricaceae","Agaricales","Agaricomycetes","Basidiomycota","Fungi",0.00305810397553517,NA,NA,0,0,0.00943396226415094,0,0,0.00540540540540541,0,0,0,0,0,0.0357142857142857,0,0,0,0,0,0,0,0,0,0,0,0,0,0,0,0,0.0476190476190476,0,0,0,0,0,0,0,0,0,0,0,0,0,0,0.0833333333333333,0,0,0,0,0,0,0,0,0,0,0,0,0,0,0,0,0,0,0,0,0,0,0,0,0,0,0,0,0,0,0,0,0,0,0,0,0,0,0,0,0,0,0,0,0,0,0,0,0,0,0,0,0.0909090909090909,0
"421","Psathyrella","Psathyrellaceae","Agaricales","Agaricomycetes","Basidiomycota","Fungi",0.0581039755351682,NA,NA,0.0677966101694915,0,0.00943396226415094,0.0923076923076923,0.1,0.0432432432432432,0.0869565217391304,0,0.05,0.0714285714285714,0.0625,0.0357142857142857,0.142857142857143,0.176470588235294,0,0,0.125,0.0879120879120879,0.4,0.03125,0.0337078651685393,0.103448275862069,0.0294117647058824,0,0,0,0,0,0,0,0,0.181818181818182,0,0,0,0,0.0833333333333333,0.1,0,0,0.166666666666667,0.0909090909090909,0,0,0.166666666666667,0,0,0.166666666666667,0.181818181818182,0,0.5,0,0,0,0,0.142857142857143,0.4,0,0.333333333333333,0.1,0,0,0,0,0.5,0.363636363636364,0,0.0833333333333333,0,0,0.1,0,0.111111111111111,0,0,0,0.166666666666667,0.2,0,0,0.0833333333333333,0,0,0,0,0,0,0,0,0,0,0,0,0,0,0,0,0
"422","Sporobolomyces","Sporidiobolaceae","Sporidiobolales","Microbotryomycetes","Basidiomycota","Fungi",0.00152905198776758,NA,NA,0,0,0,0,0,0.00540540540540541,0,0,0,0,0,0,0,0,0,0,0,0,0,0,0,0,0.0294117647058824,0,0,0,0,0,0,0,0,0,0,0,0,0,0,0,0,0,0,0,0,0,0,0,0,0,0,0,0,0,0,0,0,0,0,0,0,0,0,0,0,0,0,0,0,0,0,0,0,0,0,0,0,0,0,0,0,0,0,0.0909090909090909,0,0,0,0,0,0,0,0,0,0,0,0,0,0,0,0
"423","Agaricus","Agaricaceae","Agaricales","Agaricomycetes","Basidiomycota","Fungi",0.0214067278287462,0.0540540540540541,0.0625,0.00847457627118644,0.04,0.0283018867924528,0.0461538461538462,0.0111111111111111,0.0108108108108108,0,0,0.025,0,0.1875,0.0357142857142857,0,0.0588235294117647,0,0,0,0.043956043956044,0,0,0,0,0,0,0,0.166666666666667,0,0.0566037735849057,0,0,0,0,0,0,0,0,0,0.1,0,0,0,0.0909090909090909,0.4,0,0,0.1,0,0,0,0,0.166666666666667,0,0,0,0,0,0.1,0.05,0,0.05,0.1,0,0,0,0,0,0,0,0,0,0,0,0,0,0,0,0,0,0,0,0,0,0,0,0,0,0.166666666666667,0,0,0,0.222222222222222,0,0,0,0.0769230769230769,0,0,0
"424","Lectera","Plectosphaerellaceae","Glomerellales","Sordariomycetes","Ascomycota","Fungi",0.0198776758409786,NA,NA,0.0254237288135593,0.04,0,0.0230769230769231,0.0111111111111111,0.027027027027027,0,0,0,0,0,0,0,0.176470588235294,0,0,0,0.032967032967033,0,0,0,0.0344827586206897,0.147058823529412,0.05,0,0,0,0,0,0,0,0,0,0,0,0,0,0,0,0,0,0,0,0,0,0,0,0,0,0,0.5,0,0,0,0,0,0.1,0.05,0,0,0,0,0.0909090909090909,0,0,0,0,0,0,0,0,0,0,0,0,0,0,0,0.0833333333333333,0.181818181818182,0.0833333333333333,0.181818181818182,0,0.1,0,0,0,0,0,0,0,0,0,0,0,0,0,0
"425","Phaeosphaeriopsis","Phaeosphaeriaceae","Pleosporales","Dothideomycetes","Ascomycota","Fungi",0.00152905198776758,NA,NA,0,0,0,0.00769230769230769,0,0,0,0,0,0,0,0.0357142857142857,0,0,0,0,0,0,0,0,0,0,0,0,0,0,0,0,0,0,0,0,0,0,0,0,0,0,0,0,0,0,0,0,0.166666666666667,0,0,0,0,0,0,0,0,0,0,0,0,0,0,0,0,0,0,0,0,0,0,0,0,0,0,0,0,0,0,0,0,0,0,0,0,0,0,0,0,0,0,0,0,0,0,0,0,0,0,0,0,0
"426","Aquapteridospora","Sordariomycetes_fam_Incertae_sedis","Sordariomycetes_ord_Incertae_sedis","Sordariomycetes","Ascomycota","Fungi",0.00458715596330275,NA,NA,0,0,0,0,0,0.0162162162162162,0,0,0,0,0,0.0714285714285714,0,0,0,0,0,0,0,0,0,0,0,0,0.0454545454545455,0,0,0,0,0,0,0,0,0,0,0,0,0,0,0,0,0,0,0,0,0.2,0,0,0,0,0,0,0,0,0,0,0,0,0,0,0,0,0,0,0,0,0,0,0,0,0,0,0,0,0,0,0,0,0,0,0,0,0,0,0,0.0833333333333333,0,0,0,0,0,0,0,0,0,0,0,0
"427","Botryobasidium","Botryobasidiaceae","Cantharellales","Agaricomycetes","Basidiomycota","Fungi",0.00458715596330275,NA,NA,0.00847457627118644,0,0,0,0,0.0108108108108108,0,0,0,0,0,0,0,0,0,0,0,0,0,0,0,0,0,0,0.136363636363636,0,0,0,0,0,0,0,0,0,0,0,0,0,0,0,0,0,0,0,0,0,0,0,0,0,0,0,0,0,0,0,0,0,0,0,0,0,0,0,0,0,0,0,0,0,0,0,0,0,0,0,0,0,0,0,0,0,0,0,0.1,0.166666666666667,0,0,0,0,0,0,0,0,0,0,0,0
"428","Mytilinidion","Mytilinidiaceae","Mytilinidiales","Dothideomycetes","Ascomycota","Fungi",0.0107033639143731,NA,NA,0.0169491525423729,0,0,0.00769230769230769,0,0.0216216216216216,0,0,0,0,0,0.0714285714285714,0,0.0588235294117647,0.142857142857143,0,0,0,0,0,0,0,0,0,0.136363636363636,0,0,0,0,0,0,0,0,0,0,0,0,0,0,0,0,0,0,0,0,0.2,0,0,0,0,0.166666666666667,0.142857142857143,0,0,0,0,0,0,0,0,0,0,0,0,0,0,0,0,0,0,0,0,0,0,0,0,0,0,0,0,0,0,0,0,0.2,0.0833333333333333,0,0,0,0,0,0,0,0,0,0,0,0
"429","Neobulgaria","Gelatinodiscaceae","Helotiales","Leotiomycetes","Ascomycota","Fungi",0.00152905198776758,NA,NA,0.00847457627118644,0,0,0,0,0,0,0,0,0,0,0,0,0,0,0,0,0.010989010989011,0,0,0,0,0,0,0,0,0,0,0,0,0,0,0,0,0,0,0,0,0,0,0,0,0,0,0,0,0,0,0,0,0,0,0,0,0,0,0.1,0,0,0,0,0,0,0,0,0,0,0,0,0,0,0,0,0,0,0,0,0,0,0,0,0,0,0,0,0,0,0,0,0,0,0,0,0,0,0,0,0
"430","Diplogelasinospora","Sordariaceae","Sordariales","Sordariomycetes","Ascomycota","Fungi",0.00458715596330275,NA,NA,0.00847457627118644,0,0,0,0,0.0108108108108108,0,0,0,0,0,0,0,0,0,0,0,0.010989010989011,0,0.03125,0,0,0,0.05,0,0,0,0,0,0,0,0,0,0,0,0,0,0,0,0,0,0,0,0,0,0,0,0,0,0,0,0,0,0,0,0,0.1,0,0,0,0,0,0,0,0,0,0,0,0.111111111111111,0,0,0,0,0,0,0,0,0,0,0,0,0,0,0.1,0,0,0,0,0,0,0,0,0,0,0,0,0,0
"431","Tausonia","Mrakiaceae","Cystofilobasidiales","Tremellomycetes","Basidiomycota","Fungi",0.0152905198776758,0,0.0625,0.0423728813559322,0,0,0.00769230769230769,0.0111111111111111,0.0162162162162162,0,0,0,0,0,0,0,0,0,0,0,0.010989010989011,0,0.03125,0,0.172413793103448,0,0.1,0,0,0,0.0188679245283019,0,0,0,0,0,0,0,0,0,0,0,0,0,0,0,0,0,0,0,0,0,0,0,0,0,0,0,0,0.1,0,0,0,0,0,0,0,0,0,0,0.0833333333333333,0,0,0,0,0,0,0,0,0.25,0,0.166666666666667,0,0,0,0.1,0.1,0,0,0,0,0,0,0,0,0,0,0.0769230769230769,0,0,0
"432","Dichotomopilus","Chaetomiaceae","Sordariales","Sordariomycetes","Ascomycota","Fungi",0.0198776758409786,NA,NA,0.0423728813559322,0,0,0,0,0.0432432432432432,0,0,0,0,0,0.0714285714285714,0,0,0,0,0,0.010989010989011,0,0,0,0.103448275862069,0.0588235294117647,0.15,0,0,0,0,0.0952380952380952,0,0,0,0,0,0,0,0,0,0,0,0,0,0,0,0,0.2,0,0,0,0,0,0,0,0,0,0,0,0,0,0,0,0,0.0909090909090909,0,0,0,0,0,0,0,0,0,0,0,0,0,0.166666666666667,0,0.0833333333333333,0,0,0.181818181818182,0.2,0.1,0,0,0,0,0,0,0,0,0,0,0,0.1,0.0909090909090909,0
"433","Geranomyces","Powellomycetaceae","Spizellomycetales","Spizellomycetes","Chytridiomycota","Fungi",0.00152905198776758,NA,NA,0,0,0,0,0,0.00540540540540541,0,0,0,0,0,0.0357142857142857,0,0,0,0,0,0,0,0,0,0,0,0,0,0,0,0,0,0,0,0,0,0,0,0,0,0,0,0,0,0,0,0,0,0.1,0,0,0,0,0,0,0,0,0,0,0,0,0,0,0,0,0,0,0,0,0,0,0,0,0,0,0,0,0,0,0,0,0,0,0,0,0,0,0,0,0,0,0,0,0,0,0,0,0,0,0,0
"434","Astraeus","Astraeaceae","Boletales","Agaricomycetes","Basidiomycota","Fungi",0.00152905198776758,NA,NA,0,0,0,0.00769230769230769,0,0,0,0,0,0,0,0,0,0,0,0,0.125,0,0,0,0,0,0,0,0,0,0,0,0,0,0,0,0,0,0,0,0,0,0,0,0,0,0,0,0,0,0,0,0,0,0,0,0,0,1,0,0,0,0,0,0,0,0,0,0,0,0,0,0,0,0,0,0,0,0,0,0,0,0,0,0,0,0,0,0,0,0,0,0,0,0,0,0,0,0,0,0,0
"435","uncl_Mucoromycetes","uncl_Mucoromycetes","uncl_Mucoromycetes","Mucoromycetes","Mucoromycota","Fungi",0.00305810397553517,NA,NA,0,0,0,0,0,0.0108108108108108,0,0,0,0,0,0.0714285714285714,0,0,0,0,0,0,0,0,0,0,0,0,0,0,0,0,0,0,0,0,0,0,0,0,0,0,0,0,0,0,0,0,0,0.2,0,0,0,0,0,0,0,0,0,0,0,0,0,0,0,0,0,0,0,0,0,0,0,0,0,0,0,0,0,0,0,0,0,0,0,0,0,0,0,0,0,0,0,0,0,0,0,0,0,0,0,0
"436","uncl_Tremellaceae","Tremellaceae","Tremellales","Tremellomycetes","Basidiomycota","Fungi",0.00152905198776758,NA,NA,0,0,0,0,0,0.00540540540540541,0,0,0,0,0,0.0357142857142857,0,0,0,0,0,0,0,0,0,0,0,0,0,0,0,0,0,0,0,0,0,0,0,0,0,0,0,0,0,0,0,0,0,0.1,0,0,0,0,0,0,0,0,0,0,0,0,0,0,0,0,0,0,0,0,0,0,0,0,0,0,0,0,0,0,0,0,0,0,0,0,0,0,0,0,0,0,0,0,0,0,0,0,0,0,0,0
"437","Flavocillium","Cordycipitaceae","Hypocreales","Sordariomycetes","Ascomycota","Fungi",0.00152905198776758,NA,NA,0,0,0,0,0,0.00540540540540541,0,0,0,0,0,0.0357142857142857,0,0,0,0,0,0,0,0,0,0,0,0,0,0,0,0,0,0,0,0,0,0,0,0,0,0,0,0,0,0,0,0,0,0.1,0,0,0,0,0,0,0,0,0,0,0,0,0,0,0,0,0,0,0,0,0,0,0,0,0,0,0,0,0,0,0,0,0,0,0,0,0,0,0,0,0,0,0,0,0,0,0,0,0,0,0,0
"438","uncl_Junewangiaceae","Junewangiaceae","Sordariomycetes_ord_Incertae_sedis","Sordariomycetes","Ascomycota","Fungi",0.0244648318042813,NA,NA,0.0169491525423729,0.12,0,0.0230769230769231,0.0111111111111111,0.0378378378378378,0,0,0.025,0,0,0.142857142857143,0,0,0.285714285714286,0,0,0.0549450549450549,0,0,0.0337078651685393,0,0,0,0,0.166666666666667,0,0,0,0,0,0,0,0,0.0909090909090909,0,0,0,0,0,0,0,0,0,0,0.4,0,0,0,0,0,0.285714285714286,0,0,0,0,0,0.1,0,0.1,0,0,0,0.25,0,0,0,0,0,0.0833333333333333,0,0.2,0,0.0909090909090909,0,0,0,0,0,0,0,0,0,0,0,0,0.166666666666667,0,0,0,0,0,0,0,0,0,0,0
"439","Degelia","Pannariaceae","Peltigerales","Lecanoromycetes","Ascomycota","Fungi",0.00152905198776758,NA,NA,0,0,0,0,0,0.00540540540540541,0,0,0,0,0,0.0357142857142857,0,0,0,0,0,0,0,0,0,0,0,0,0,0,0,0,0,0,0,0,0,0,0,0,0,0,0,0,0,0,0,0,0,0.1,0,0,0,0,0,0,0,0,0,0,0,0,0,0,0,0,0,0,0,0,0,0,0,0,0,0,0,0,0,0,0,0,0,0,0,0,0,0,0,0,0,0,0,0,0,0,0,0,0,0,0,0
"440","Dimennazyma","Naemateliaceae","Tremellales","Tremellomycetes","Basidiomycota","Fungi",0.0397553516819572,NA,NA,0.0338983050847458,0.08,0,0.00769230769230769,0.0222222222222222,0.0918918918918919,0,0,0,0,0,0,0,0,0.142857142857143,0,0,0.120879120879121,0,0,0.0449438202247191,0.137931034482759,0.0882352941176471,0,0.0454545454545455,0,0,0,0.0952380952380952,0,0,0,0,0,0,0,0,0,0,0,0,0,0,0,0,0,0,0,0,0,0,0.142857142857143,0,0,0,0,0.1,0.1,0,0,0.1,0,0.636363636363636,0,0,0,0,0,0,0.0833333333333333,0,0,0,0.0909090909090909,0.0833333333333333,0.05,0,0.2,0.25,0,0,0.272727272727273,0,0,0,0.0833333333333333,0,0,0,0,0,0,0,0,0,0.2,0,0
"441","Sydowia","Dothioraceae","Dothideales","Dothideomycetes","Ascomycota","Fungi",0.00458715596330275,NA,NA,0,0,0,0,0,0.0162162162162162,0,0,0,0,0,0.107142857142857,0,0,0,0,0,0,0,0,0,0,0,0,0,0,0,0,0,0,0,0,0,0,0,0,0,0,0,0,0,0,0,0,0,0.3,0,0,0,0,0,0,0,0,0,0,0,0,0,0,0,0,0,0,0,0,0,0,0,0,0,0,0,0,0,0,0,0,0,0,0,0,0,0,0,0,0,0,0,0,0,0,0,0,0,0,0,0
"442","Cunninghamella","Cunninghamellaceae","Mucorales","Mucoromycetes","Mucoromycota","Fungi",0.0214067278287462,NA,NA,0.0593220338983051,0,0,0,0,0.0378378378378378,0,0,0,0,0,0,0,0,0,0,0,0,0,0.15625,0,0.0344827586206897,0,0.25,0.0454545454545455,0,0.4,0,0,0,0,0,0,0,0,0,0,0,0,0,0,0,0,0,0,0,0,0,0,0,0,0,0,0,0,0,0,0,0,0,0,0,0,0,0,0,0.181818181818182,0,0.333333333333333,0,0,0,0,0,0,0,0,0,0.0833333333333333,0,0,0,0.3,0.2,0.1,0,0,1,0,0.5,0,0,0,0,0,0,0,0
"443","Clavulina","Hydnaceae","Cantharellales","Agaricomycetes","Basidiomycota","Fungi",0.00305810397553517,NA,NA,0.00847457627118644,0,0,0,0,0.00540540540540541,0,0,0,0,0,0.0357142857142857,0,0,0,0,0,0,0,0,0,0,0,0,0.0454545454545455,0,0,0,0,0,0,0,0,0,0,0,0,0,0,0,0,0,0,0,0,0.1,0,0,0,0,0,0,0,0,0,0,0,0,0,0,0,0,0,0,0,0,0,0,0,0,0,0,0,0,0,0,0,0,0,0,0,0,0,0,0.1,0,0,0,0,0,0,0,0,0,0,0,0,0
"444","uncl_Schizoporaceae","Schizoporaceae","Hymenochaetales","Agaricomycetes","Basidiomycota","Fungi",0.00458715596330275,NA,NA,0,0,0,0,0,0.0162162162162162,0,0,0,0.0357142857142857,0,0.0357142857142857,0,0,0,0,0,0,0,0,0,0,0,0,0,0,0,0,0.0476190476190476,0,0,0,0,0,0,0,0,0,0,0,0.0833333333333333,0,0,0,0,0.1,0,0,0,0,0,0,0,0,0,0,0,0,0,0,0,0,0,0,0,0,0,0,0,0,0,0,0,0,0,0,0,0,0,0,0,0,0,0,0,0,0,0,0,0,0,0,0,0,0,0,0.0909090909090909,0
"445","uncl_Trechisporales","uncl_Trechisporales","Trechisporales","Agaricomycetes","Basidiomycota","Fungi",0.036697247706422,NA,NA,0.0423728813559322,0.08,0.0471698113207547,0.0153846153846154,0.0111111111111111,0.0486486486486487,0,0,0.05,0.0714285714285714,0.25,0.107142857142857,0,0,0.285714285714286,0.0454545454545455,0,0.010989010989011,0,0.03125,0.0224719101123595,0.0344827586206897,0,0.05,0,0,0,0,0.19047619047619,0,0,0,0,0,0.0909090909090909,0,0,0.1,0.0909090909090909,0.2,0,0.272727272727273,0.2,0,0,0.3,0,0,0,0,0,0.285714285714286,0.0833333333333333,0,0,0,0,0.05,0,0,0,0,0,0,0,0,0,0.0833333333333333,0,0,0.05,0.2,0,0,0,0,0,0,0.0833333333333333,0,0,0,0,0.1,0,0,0,0,0,0,0,0,0,0,0,0.3,0.0909090909090909,0
"446","uncl_Capnodiaceae","Capnodiaceae","Capnodiales","Dothideomycetes","Ascomycota","Fungi",0.0443425076452599,0.027027027027027,0,0.0423728813559322,0.08,0.00943396226415094,0.0461538461538462,0,0.0810810810810811,0,0,0,0,0,0.0357142857142857,0.0357142857142857,0,0,0.0454545454545455,0,0.120879120879121,0,0,0.0112359550561798,0,0.147058823529412,0,0,0.666666666666667,0,0.0188679245283019,0.19047619047619,0,0,0,0,0,0,0,0,0,0,0,0,0,0,0,0,0.1,0,0,0.0909090909090909,0,0,0,0,0.1,0,0,0.2,0.1,0,0,0,0,0.545454545454545,0.25,0,0,0,0,0,0,0,0,0.111111111111111,0,0,0,0,0,0,0,0,0.454545454545455,0,0,0,0,0.666666666666667,0,0,0,0,0,0.05,0,0,0.3,0.0909090909090909,0
"447","Atractospora","Myrmecridiales_fam_Incertae_sedis","Myrmecridiales","Sordariomycetes","Ascomycota","Fungi",0.0107033639143731,NA,NA,0.0254237288135593,0,0,0.00769230769230769,0,0.0162162162162162,0,0,0,0,0,0.0357142857142857,0,0,0,0,0,0,0,0,0.0112359550561798,0,0,0.15,0.0909090909090909,0,0,0,0,0,0,0,0,0,0,0,0,0,0,0,0,0,0,0,0,0.1,0,0,0,0,0,0,0,0,0,0,0,0,0,0,0,0,0,0,0,0,0,0,0,0,0,0,0.111111111111111,0,0,0,0,0,0,0,0,0,0.1,0.2,0.2,0,0,0,0,0,0,0,0,0,0,0,0,0
"448","Hyphodontia","Schizoporaceae","Hymenochaetales","Agaricomycetes","Basidiomycota","Fungi",0.00305810397553517,NA,NA,0.00847457627118644,0,0,0,0,0.00540540540540541,0,0,0,0,0,0.0357142857142857,0,0,0,0,0,0,0,0,0,0,0,0.05,0,0,0,0,0,0,0,0,0,0,0,0,0,0,0,0,0,0,0,0,0,0.1,0,0,0,0,0,0,0,0,0,0,0,0,0,0,0,0,0,0,0,0,0,0,0,0,0,0,0,0,0,0,0,0,0,0,0,0,0.1,0,0,0,0,0,0,0,0,0,0,0,0,0,0,0
"449","Cyathus","Nidulariaceae","Agaricales","Agaricomycetes","Basidiomycota","Fungi",0.0428134556574924,0.0540540540540541,0,0.0254237288135593,0.04,0.0471698113207547,0.0384615384615385,0.0777777777777778,0.0378378378378378,0,0,0,0,0,0.0357142857142857,0.178571428571429,0.117647058823529,0,0.0909090909090909,0.125,0.0769230769230769,0,0.03125,0.0224719101123595,0.103448275862069,0.0294117647058824,0,0,0,0,0.0377358490566038,0.0476190476190476,0,0,0,0,0,0,0,0,0,0,0,0,0,0,0,0,0.1,0.4,0.0833333333333333,0.181818181818182,0.181818181818182,0,0,0.0833333333333333,0.1,0,0.142857142857143,0,0.05,0,0.05,0.1,0.3,0,0.25,0,0,0,0.0833333333333333,0,0.0833333333333333,0,0,0.111111111111111,0,0,0,0.0833333333333333,0,0.166666666666667,0,0.0833333333333333,0,0,0,0,0,0,0,0,0,0,0.125,0.05,0,0,0.1,0,0
"450","Collybiopsis","Omphalotaceae","Agaricales","Agaricomycetes","Basidiomycota","Fungi",0.00458715596330275,NA,NA,0.0169491525423729,0,0,0,0,0.00540540540540541,0,0,0,0,0,0.0357142857142857,0,0,0,0,0,0,0,0.03125,0,0,0,0.05,0,0,0,0,0,0,0,0,0,0,0,0,0,0,0,0,0,0,0,0,0,0.1,0,0,0,0,0,0,0,0,0,0,0,0,0,0,0,0,0,0,0,0,0.0909090909090909,0,0,0,0,0,0,0,0,0,0,0,0,0,0,0,0.1,0,0,0,0,0,0,0,0,0,0,0,0,0,0,0
"451","Thelephora","Thelephoraceae","Thelephorales","Agaricomycetes","Basidiomycota","Fungi",0.00152905198776758,NA,NA,0,0,0,0,0,0.00540540540540541,0,0,0,0,0,0.0357142857142857,0,0,0,0,0,0,0,0,0,0,0,0,0,0,0,0,0,0,0,0,0,0,0,0,0,0,0,0,0,0,0,0,0,0.1,0,0,0,0,0,0,0,0,0,0,0,0,0,0,0,0,0,0,0,0,0,0,0,0,0,0,0,0,0,0,0,0,0,0,0,0,0,0,0,0,0,0,0,0,0,0,0,0,0,0,0,0
"452","Xylodon","Schizoporaceae","Hymenochaetales","Agaricomycetes","Basidiomycota","Fungi",0.0107033639143731,NA,NA,0.0338983050847458,0,0.00943396226415094,0,0,0.0108108108108108,0,0,0,0,0,0.0357142857142857,0,0,0,0.0454545454545455,0,0,0,0.125,0,0.0344827586206897,0,0,0,0,0,0,0,0,0,0,0,0,0,0,0,0,0,0,0,0,0,0,0,0.1,0,0,0,0,0,0,0.0833333333333333,0,0,0,0,0,0,0,0,0,0,0,0,0,0.272727272727273,0,0.111111111111111,0,0,0,0,0,0,0,0.0833333333333333,0,0,0,0,0,0,0,0,0,0,0,0,0,0,0,0,0,0,0,0,0
"453","Rhodosporidiobolus","Sporidiobolaceae","Sporidiobolales","Microbotryomycetes","Basidiomycota","Fungi",0.00917431192660551,0,0.0625,0.00847457627118644,0,0,0.0153846153846154,0,0.0162162162162162,0,0,0,0,0,0.0357142857142857,0,0.0588235294117647,0.142857142857143,0,0,0,0,0,0,0,0.0588235294117647,0,0,0,0,0.0188679245283019,0,0,0,0,0,0,0,0,0,0,0,0,0,0,0,0,0,0.1,0,0,0,0,0.166666666666667,0.142857142857143,0,0,0,0,0,0,0,0,0,0,0,0,0,0,0,0,0,0,0,0,0,0,0,0,0,0,0,0.0909090909090909,0,0.0909090909090909,0,0,0,0,0,0,0,0,0,0,0,0.333333333333333,0,0,0,0
"454","Litschauerella","Hydnodontaceae","Trechisporales","Agaricomycetes","Basidiomycota","Fungi",0.00152905198776758,NA,NA,0,0,0,0,0,0.00540540540540541,0,0,0,0,0,0.0357142857142857,0,0,0,0,0,0,0,0,0,0,0,0,0,0,0,0,0,0,0,0,0,0,0,0,0,0,0,0,0,0,0,0,0,0.1,0,0,0,0,0,0,0,0,0,0,0,0,0,0,0,0,0,0,0,0,0,0,0,0,0,0,0,0,0,0,0,0,0,0,0,0,0,0,0,0,0,0,0,0,0,0,0,0,0,0,0,0
"455","Hemimycena","Tricholomataceae","Agaricales","Agaricomycetes","Basidiomycota","Fungi",0.0259938837920489,NA,NA,0.0254237288135593,0,0,0.0461538461538462,0.0222222222222222,0.0324324324324324,0,0,0,0,0,0.0357142857142857,0,0,0,0,0.125,0.021978021978022,0,0.0625,0.101123595505618,0,0,0,0,0,0.4,0,0,0,0,0,0,0,0,0,0,0,0,0,0,0,0,0,0,0.1,0,0,0,0,0,0,0,0,1,0,0.1,0,0,0,0,0,0.0909090909090909,0,0,0,0,0.166666666666667,0,0.0833333333333333,0.05,0,0.333333333333333,0,0.25,0.05,0,0,0,0,0,0,0,0,0,0,0,0,1,0,0,0,0,0,0,0,0,0
"456","uncl_Ostropales","uncl_Ostropales","Ostropales","Lecanoromycetes","Ascomycota","Fungi",0.0596330275229358,NA,NA,0.0593220338983051,0,0.00943396226415094,0.0538461538461538,0.0666666666666667,0.0972972972972973,0.217391304347826,0.0588235294117647,0,0.178571428571429,0.1875,0.0357142857142857,0.107142857142857,0,0,0,0,0.010989010989011,0.4,0.15625,0.0337078651685393,0,0,0.15,0.0454545454545455,0,0.2,0,0.0476190476190476,0,0,0.454545454545455,0,0.2,0,0,0,0,0,0,0.416666666666667,0.0909090909090909,0.4,0,0,0.1,0.2,0,0.181818181818182,0,0,0,0,0,0,0,0,0,0,0,0,0.1,0,0,0.25,0.454545454545455,0.272727272727273,0,0.222222222222222,0.0833333333333333,0.05,0,0.111111111111111,0,0,0,0,0,0,0,0,0,0.1,0.2,0,0.0833333333333333,0,0,0.5,0,0,0,0,0,0,0.1,0,0
"457","uncl_Pezizomycotina_cls_Incertae_sedis","uncl_Pezizomycotina_cls_Incertae_sedis","uncl_Pezizomycotina_cls_Incertae_sedis","Pezizomycotina_cls_Incertae_sedis","Ascomycota","Fungi",0.13914373088685,NA,NA,0.203389830508475,0.12,0.0188679245283019,0.0769230769230769,0.0777777777777778,0.243243243243243,0,0.117647058823529,0.525,0,0,0.0714285714285714,0.214285714285714,0,0,0.0454545454545455,0.375,0.285714285714286,0,0.125,0.123595505617978,0,0.205882352941176,0.3,0.0909090909090909,0,0,0,0,0,0,0,0.0833333333333333,0.2,0.636363636363636,0.428571428571429,0.166666666666667,0.9,0,0,0,0,0,0,0,0.2,0,0,0.545454545454545,0,0,0,0.0833333333333333,0,0,0.428571428571429,0.6,0.15,0.333333333333333,0.15,0.2,0.1,0.727272727272727,0.25,0,0,0.0909090909090909,0.0833333333333333,0.222222222222222,0,0.1,0,0.111111111111111,0.0909090909090909,0.416666666666667,0.1,0,0,0,0.363636363636364,0,0.272727272727273,0.3,0.3,0.1,0.0833333333333333,0,0,0,0,0,0,0,0,0,0,0,0
"458","uncl_Botryobasidiaceae","Botryobasidiaceae","Cantharellales","Agaricomycetes","Basidiomycota","Fungi",0.00152905198776758,NA,NA,0,0,0,0,0,0.00540540540540541,0,0,0,0,0,0.0357142857142857,0,0,0,0,0,0,0,0,0,0,0,0,0,0,0,0,0,0,0,0,0,0,0,0,0,0,0,0,0,0,0,0,0,0.1,0,0,0,0,0,0,0,0,0,0,0,0,0,0,0,0,0,0,0,0,0,0,0,0,0,0,0,0,0,0,0,0,0,0,0,0,0,0,0,0,0,0,0,0,0,0,0,0,0,0,0,0
"459","Rhizopus","Rhizopodaceae","Mucorales","Mucoromycetes","Mucoromycota","Fungi",0.0259938837920489,0.189189189189189,0.1875,0.00847457627118644,0,0.0660377358490566,0.0230769230769231,0.0444444444444444,0.0108108108108108,0,0,0,0,0,0,0,0,0,0,0,0,0,0.09375,0,0.0689655172413793,0.0588235294117647,0,0,0,0,0.188679245283019,0,0,0,0,0,0,0,0,0,0,0,0,0,0,0,0,0,0,0,0,0,0,0,0,0,0,0,0,0,0,0,0,0,0,0,0,0,0,0.0909090909090909,0.166666666666667,0,0,0,0,0,0,0,0,0,0,0.166666666666667,0,0.166666666666667,0,0,0,0,0,0,0,0,0,0.555555555555556,0.125,0.05,0.333333333333333,0.153846153846154,0,0,0
"460","uncl_Clavariaceae","Clavariaceae","Agaricales","Agaricomycetes","Basidiomycota","Fungi",0.0443425076452599,NA,NA,0.076271186440678,0.2,0,0.0230769230769231,0.0222222222222222,0.0540540540540541,0,0,0,0,0,0,0,0,0,0,0,0.032967032967033,0,0.0625,0.213483146067416,0,0,0.05,0.0909090909090909,0,0.4,0,0,0,0,0,0,0,0,0,0,0,0,0,0,0,0,0,0,0,0,0,0,0,0,0,0,0,0,0,0,0.1,0,0,0,0,0,0.25,0,0,0.0909090909090909,0,0.111111111111111,0.333333333333333,0.2,0.6,0.111111111111111,0.181818181818182,0.25,0.1,0,0,0,0,0,0,0,0.1,0,0.166666666666667,0,0,1,0,0,0,0,0,0,0,0,0
"461","Exserohilum","Pleosporaceae","Pleosporales","Dothideomycetes","Ascomycota","Fungi",0.111620795107034,NA,NA,0.169491525423729,0,0.0377358490566038,0.0230769230769231,0.133333333333333,0.183783783783784,0,0.0588235294117647,0,0,0,0,0.178571428571429,0.176470588235294,0.714285714285714,0,0,0.043956043956044,0,0.3125,0.0224719101123595,0.758620689655172,0.294117647058824,0.35,0.0454545454545455,0,0,0,0.0476190476190476,0.666666666666667,0,0,0.0833333333333333,0,0,0,0,0,0,0,0,0,0,0,0,0,0,0.25,0.181818181818182,0.272727272727273,0,0.714285714285714,0,0,0,0,0.1,0,0,0,0,0,0.0909090909090909,0.5,0,0,0.454545454545455,0.333333333333333,0.111111111111111,0.0833333333333333,0.05,0,0,0,0,0,0.75,0.6,0.833333333333333,0.0909090909090909,0.416666666666667,0.363636363636364,0.1,0.6,0,0.0833333333333333,0,0,0,0,0,0,0,0,0,0.1,0,0.666666666666667
"462","Ophioceras","Ophioceraceae","Magnaporthales","Sordariomycetes","Ascomycota","Fungi",0.0321100917431193,NA,NA,0.0169491525423729,0,0,0,0.0222222222222222,0.0918918918918919,0,0,0.1,0,0,0.178571428571429,0.0714285714285714,0,0.428571428571429,0,0,0.032967032967033,0,0.03125,0,0,0.0588235294117647,0,0.0454545454545455,0,0,0,0,0,0,0,0,0,0.0909090909090909,0,0,0.3,0,0,0,0,0,0,0,0.5,0,0.0833333333333333,0.0909090909090909,0,0,0.428571428571429,0,0,0,0,0.1,0,0,0,0,0,0.0909090909090909,0.25,0,0,0,0.0833333333333333,0,0,0,0,0,0,0,0,0,0,0,0,0,0.181818181818182,0,0,0,0.0833333333333333,0,0,0,0,0,0,0,0,0,0,0,0
"463","Exidia","Exidiaceae","Auriculariales","Agaricomycetes","Basidiomycota","Fungi",0.00458715596330275,NA,NA,0.00847457627118644,0,0,0,0.0111111111111111,0.00540540540540541,0,0,0,0,0,0,0,0,0,0,0,0,0,0.03125,0,0.0344827586206897,0,0,0,0,0,0,0.0476190476190476,0,0,0,0,0,0,0,0,0,0,0,0,0,0,0,0,0,0,0,0,0,0,0,0,0,0,0,0,0,0,0,0,0,0,0,0,0,0,0.0833333333333333,0,0,0,0,0,0,0,0,0,0,0.0833333333333333,0,0,0,0,0,0,0,0,0,0,0,0,0,0,0,0,0.1,0,0
"464","Cyanodermella","Stictidaceae","Ostropales","Lecanoromycetes","Ascomycota","Fungi",0.00611620795107034,NA,NA,0.00847457627118644,0,0,0,0.0111111111111111,0.0108108108108108,0,0,0,0,0,0,0.0357142857142857,0,0,0,0,0,0,0,0,0.103448275862069,0,0,0,0,0,0,0,0,0,0,0,0,0,0,0,0,0,0,0,0,0,0,0,0,0,0.0833333333333333,0,0,0,0,0,0,0,0,0,0,0,0,0,0,0,0,0,0,0,0,0,0,0,0,0,0,0,0,0.0833333333333333,0,0.166666666666667,0,0,0,0,0,0,0,0,0,0,0,0,0,0,0,0,0,0,0
"465","Melanoleuca","Tricholomataceae","Agaricales","Agaricomycetes","Basidiomycota","Fungi",0.00305810397553517,NA,NA,0,0,0,0,0.0111111111111111,0.00540540540540541,0,0,0.025,0,0,0,0.0357142857142857,0,0,0,0,0,0,0,0,0,0,0,0,0,0,0,0,0,0,0,0,0,0,0,0,0.1,0,0,0,0,0,0,0,0,0,0.0833333333333333,0,0,0,0,0,0,0,0,0,0,0,0,0,0,0,0,0,0,0,0,0,0,0,0,0,0,0,0,0,0,0,0,0,0,0,0,0,0,0,0,0,0,0,0,0,0,0,0,0,0
"466","uncl_Rozellomycota","uncl_Rozellomycota","uncl_Rozellomycota","uncl_Rozellomycota","Rozellomycota","Fungi",0.0642201834862385,NA,NA,0.110169491525424,0.04,0.0188679245283019,0.00769230769230769,0.0666666666666667,0.102702702702703,0,0.0588235294117647,0,0,0.0625,0,0.178571428571429,0,0.285714285714286,0,0.25,0.010989010989011,0,0.0625,0.0561797752808989,0.344827586206897,0.147058823529412,0.3,0,0,0,0,0.0476190476190476,0.333333333333333,0,0,0.0833333333333333,0,0,0,0,0,0,0,0,0.0909090909090909,0,0,0,0,0,0.333333333333333,0.0909090909090909,0,0,0.285714285714286,0,0,0,0.285714285714286,0,0.05,0,0,0,0,0,0,0,0,0.181818181818182,0,0,0.25,0,0,0,0,0.0833333333333333,0.05,0.25,0.2,0.5,0.181818181818182,0.166666666666667,0.0909090909090909,0.2,0.4,0,0,0,0,0,0,0,0,0,0,0,0.1,0,0.333333333333333
"467","Plenodomus","Leptosphaeriaceae","Pleosporales","Dothideomycetes","Ascomycota","Fungi",0.0214067278287462,NA,NA,0.0254237288135593,0.12,0,0,0.0222222222222222,0.0324324324324324,0,0,0,0,0,0,0.142857142857143,0,0,0,0,0.0989010989010989,0,0,0,0.0344827586206897,0,0,0,0,0,0,0,0,0,0,0,0,0,0,0,0,0,0,0,0,0,0,0,0,0,0.0833333333333333,0.272727272727273,0,0,0,0,0,0,0,0.2,0.15,0,0,0,0.1,0.272727272727273,0,0,0,0,0,0,0,0,0,0,0,0,0,0.0833333333333333,0,0,0,0,0,0,0,0,0,0,0,0,0,0,0,0,0,0,0,0,0
"468","uncl_Pterulaceae","Pterulaceae","Agaricales","Agaricomycetes","Basidiomycota","Fungi",0.00152905198776758,NA,NA,0,0,0,0,0.0111111111111111,0,0,0,0,0,0,0,0.0357142857142857,0,0,0,0,0,0,0,0,0,0,0,0,0,0,0,0,0,0,0,0,0,0,0,0,0,0,0,0,0,0,0,0,0,0,0.0833333333333333,0,0,0,0,0,0,0,0,0,0,0,0,0,0,0,0,0,0,0,0,0,0,0,0,0,0,0,0,0,0,0,0,0,0,0,0,0,0,0,0,0,0,0,0,0,0,0,0,0,0
"469","uncl_Halosphaeriaceae","Halosphaeriaceae","Microascales","Sordariomycetes","Ascomycota","Fungi",0.0565749235474006,NA,NA,0.0677966101694915,0.08,0,0.0538461538461538,0.0888888888888889,0.0648648648648649,0,0.0588235294117647,0.1,0.0357142857142857,0,0,0.0357142857142857,0,0,0,0,0.0769230769230769,0,0.125,0.0449438202247191,0.0344827586206897,0.235294117647059,0.1,0,0,0.2,0,0,1,0,0,0,0.2,0,0.142857142857143,0,0.3,0,0,0.0833333333333333,0,0,0,0,0,0,0.0833333333333333,0,0,0,0,0,0,0,0,0,0.1,0,0.15,0,0.2,0,0,0,0,0,0.333333333333333,0,0.166666666666667,0,0,0.111111111111111,0,0.0833333333333333,0,0.0833333333333333,0,0,0.363636363636364,0.0833333333333333,0.272727272727273,0.1,0.1,0,0,0,0,0.5,0,0,0,0,0,0,0,0,1
"470","uncl_Chytridiales_fam_Incertae_sedis","Chytridiales_fam_Incertae_sedis","Chytridiales","Chytridiomycetes","Chytridiomycota","Fungi",0.0152905198776758,NA,NA,0.0593220338983051,0,0,0,0.0111111111111111,0.0108108108108108,0,0,0,0,0,0,0,0,0,0,0,0.010989010989011,0,0.03125,0.0112359550561798,0.0689655172413793,0,0,0,0,0,0,0.238095238095238,0,0,0,0,0,0,0,0,0,0,0,0,0,0,0,0,0,0,0,0,0,0,0,0,0,0,0,0.1,0,0,0,0,0,0,0,0,0,0,0.0833333333333333,0,0,0.05,0,0,0,0,0,0.0833333333333333,0,0.0833333333333333,0,0,0,0,0,0,0,0,0,0,0,0,0,0,0,0,0.4,0.0909090909090909,0
"471","Papiliotrema","Rhynchogastremataceae","Tremellales","Tremellomycetes","Basidiomycota","Fungi",0.0764525993883792,0.0540540540540541,0.0625,0.11864406779661,0.08,0.0283018867924528,0.0384615384615385,0.0111111111111111,0.135135135135135,0.0434782608695652,0.0588235294117647,0.075,0,0.0625,0.0714285714285714,0.0357142857142857,0,0,0.0454545454545455,0,0.131868131868132,0,0,0.101123595505618,0.0344827586206897,0.117647058823529,0.3,0.0909090909090909,0,0,0.0566037735849057,0.142857142857143,0,0,0.0909090909090909,0,0.2,0.181818181818182,0,0,0.1,0,0,0,0.0909090909090909,0,0,0.166666666666667,0.1,0,0,0.0909090909090909,0,0,0,0,0.1,0,0,0.3,0.1,0,0.05,0,0,0.545454545454545,0,0,0,0,0,0,0,0.2,0,0,0.0909090909090909,0.0833333333333333,0.15,0.0833333333333333,0,0,0,0,0.363636363636364,0.2,0.4,0.1,0.0833333333333333,0,0,0,0,0.111111111111111,0,0.05,0,0.0769230769230769,0.1,0.181818181818182,0
"472","Pestalotiopsis","Pestalotiopsidaceae","Amphisphaeriales","Sordariomycetes","Ascomycota","Fungi",0.0259938837920489,NA,NA,0.0338983050847458,0,0,0,0.0222222222222222,0.0594594594594595,0,0,0,0,0,0,0.0357142857142857,0,0.428571428571429,0,0,0,0,0.03125,0,0,0.147058823529412,0.25,0.0454545454545455,0,0,0,0.0476190476190476,0,0,0,0,0,0,0,0,0,0,0,0,0,0,0,0,0,0,0,0.0909090909090909,0,0,0.428571428571429,0,0,0,0,0,0,0,0,0,0,0,0,0,0,0.0909090909090909,0,0,0,0,0,0,0,0,0,0,0,0,0,0.166666666666667,0.272727272727273,0.1,0.4,0.1,0,0,0,0,0,0,0,0,0,0,0.1,0,0
"473","Biscogniauxia","Graphostromataceae","Xylariales","Sordariomycetes","Ascomycota","Fungi",0.00917431192660551,NA,NA,0.0338983050847458,0,0,0,0,0.0108108108108108,0,0,0,0,0,0,0.0357142857142857,0,0,0,0,0,0,0.03125,0,0,0,0.15,0.0454545454545455,0,0,0,0,0,0,0,0,0,0,0,0,0,0,0,0,0,0,0,0,0,0,0,0.0909090909090909,0,0,0,0,0,0,0,0,0,0,0,0,0,0,0,0,0,0.0909090909090909,0,0,0,0,0,0,0,0,0,0,0,0,0,0,0,0.3,0,0,0.0833333333333333,0,0,0,0,0,0,0,0,0,0,0,0
"474","Yamadazyma","Debaryomycetaceae","Saccharomycetales","Saccharomycetes","Ascomycota","Fungi",0.00152905198776758,NA,NA,0,0,0,0,0,0.00540540540540541,0,0,0,0,0,0,0.0357142857142857,0,0,0,0,0,0,0,0,0,0,0,0,0,0,0,0,0,0,0,0,0,0,0,0,0,0,0,0,0,0,0,0,0,0,0,0.0909090909090909,0,0,0,0,0,0,0,0,0,0,0,0,0,0,0,0,0,0,0,0,0,0,0,0,0,0,0,0,0,0,0,0,0,0,0,0,0,0,0,0,0,0,0,0,0,0,0,0,0
"475","Naganishia","Filobasidiaceae","Filobasidiales","Tremellomycetes","Basidiomycota","Fungi",0.00152905198776758,NA,NA,0,0,0,0,0,0.00540540540540541,0,0,0,0,0,0,0.0357142857142857,0,0,0,0,0,0,0,0,0,0,0,0,0,0,0,0,0,0,0,0,0,0,0,0,0,0,0,0,0,0,0,0,0,0,0,0.0909090909090909,0,0,0,0,0,0,0,0,0,0,0,0,0,0,0,0,0,0,0,0,0,0,0,0,0,0,0,0,0,0,0,0,0,0,0,0,0,0,0,0,0,0,0,0,0,0,0,0,0
"476","uncl_Ustilaginomycetes","uncl_Ustilaginomycetes","uncl_Ustilaginomycetes","Ustilaginomycetes","Basidiomycota","Fungi",0.00917431192660551,NA,NA,0.00847457627118644,0,0,0.00769230769230769,0.0111111111111111,0.0162162162162162,0.0434782608695652,0,0,0,0,0,0,0,0,0,0,0.032967032967033,0,0.03125,0,0,0.0294117647058824,0,0,0,0,0,0,0,0.0833333333333333,0,0,0,0,0,0,0,0,0,0,0,0,0,0,0,0,0,0,0,0,0,0,0,0,0,0,0,0,0,0,0,0.181818181818182,0.25,0,0,0,0.0833333333333333,0,0,0,0,0,0,0,0,0,0,0,0.0909090909090909,0,0,0,0,0,0,0,0,0,0,0,0,0,0,0,0,0,0
"477","Phallus","Phallaceae","Phallales","Agaricomycetes","Basidiomycota","Fungi",0.0290519877675841,0.027027027027027,0,0.0677966101694915,0,0.0188679245283019,0.00769230769230769,0.0111111111111111,0.0378378378378378,0,0,0.025,0.0357142857142857,0,0,0.0357142857142857,0,0.142857142857143,0,0,0.010989010989011,0,0.09375,0.0112359550561798,0.241379310344828,0,0.05,0,0,0.2,0.0188679245283019,0,0,0,0,0,0,0,0,0,0.1,0.0909090909090909,0,0,0,0,0,0,0,0,0,0.0909090909090909,0,0,0.142857142857143,0,0,0,0,0.1,0,0,0,0,0,0,0,0,0,0.181818181818182,0.0833333333333333,0,0,0,0,0,0,0,0.05,0.416666666666667,0,0.166666666666667,0,0,0,0,0.1,0,0,0,0,0.5,0,0.111111111111111,0,0,0,0,0,0,0
"478","Parasola","Psathyrellaceae","Agaricales","Agaricomycetes","Basidiomycota","Fungi",0.0703363914373089,NA,NA,0.0423728813559322,0.04,0,0.0846153846153846,0.122222222222222,0.0972972972972973,0.0434782608695652,0,0.125,0.107142857142857,0,0.0357142857142857,0.0714285714285714,0.0588235294117647,0.142857142857143,0,0.25,0.0879120879120879,0.0666666666666667,0.15625,0.123595505617978,0,0.0294117647058824,0.05,0,0,0.2,0,0.0476190476190476,0.333333333333333,0.0833333333333333,0,0,0,0.0909090909090909,0,0.0833333333333333,0.3,0,0,0.25,0,0,0,0.166666666666667,0,0,0,0.181818181818182,0,0.166666666666667,0.142857142857143,0,0,1,0.142857142857143,0,0.05,0.166666666666667,0.1,0,0.2,0.181818181818182,0,0.25,0,0.0909090909090909,0.25,0.111111111111111,0.0833333333333333,0,0,0.222222222222222,0.454545454545455,0.0833333333333333,0.1,0,0,0,0.0909090909090909,0,0,0.1,0,0,0,0,0,0.5,0,0,0,0,0,0,0,0.0909090909090909,0.333333333333333
"479","uncl_Spizellomycetales","uncl_Spizellomycetales","Spizellomycetales","Spizellomycetes","Chytridiomycota","Fungi",0.0596330275229358,0.0540540540540541,0,0.0508474576271186,0.04,0.0660377358490566,0.0692307692307692,0.0555555555555556,0.0594594594594595,0.130434782608696,0.0588235294117647,0.05,0,0.0625,0,0.107142857142857,0.117647058823529,0.142857142857143,0.0909090909090909,0,0.021978021978022,0.0666666666666667,0.0625,0.0898876404494382,0,0,0.1,0.181818181818182,0.166666666666667,0,0.0377358490566038,0.0952380952380952,0,0.25,0,0,0.2,0,0,0.0833333333333333,0.1,0,0,0,0.0909090909090909,0,0,0,0,0.4,0,0.0909090909090909,0.181818181818182,0,0.142857142857143,0.166666666666667,0,0,0,0,0.05,0,0.05,0,0,0,0,0.25,0,0.0909090909090909,0,0.111111111111111,0.0833333333333333,0.05,0,0,0.363636363636364,0,0.1,0,0,0,0,0,0,0,0.2,0.2,0.166666666666667,0.166666666666667,0,0,0,0.111111111111111,0.125,0,0,0,0.1,0.0909090909090909,0
"480","Corynascella","Chaetomiaceae","Sordariales","Sordariomycetes","Ascomycota","Fungi",0.00611620795107034,NA,NA,0,0,0.0377358490566038,0,0,0,0,0,0,0,0,0,0,0.235294117647059,0,0,0,0,0,0,0,0,0,0,0,0,0,0,0,0,0,0,0,0,0,0,0,0,0,0,0,0,0,0,0,0,0,0,0,0.363636363636364,0,0,0,0,0,0,0,0,0,0,0,0,0,0,0,0,0,0,0,0,0,0,0,0,0,0,0,0,0,0,0,0,0,0,0,0,0,0,0,0,0,0,0,0,0,0,0,0
"481","uncl_Polyporales","uncl_Polyporales","Polyporales","Agaricomycetes","Basidiomycota","Fungi",0.229357798165138,0.0540540540540541,0,0.288135593220339,0.04,0.216981132075472,0.192307692307692,0.155555555555556,0.286486486486487,0.304347826086957,0,0,0.714285714285714,0,0.107142857142857,0.142857142857143,0.352941176470588,0,0.727272727272727,0.125,0.0549450549450549,0.333333333333333,0.21875,0.101123595505618,0.0344827586206897,0.588235294117647,0.5,0.590909090909091,0.833333333333333,0,0.0377358490566038,0.761904761904762,0,0.333333333333333,0.272727272727273,0,0,0,0,0,0,0.636363636363636,0.8,0.75,0,0,0.0833333333333333,0,0.2,0,0.0833333333333333,0.272727272727273,0.454545454545455,0.166666666666667,0,0.666666666666667,0.8,1,0,0.2,0.05,0,0.05,0,0,0,0.25,0,0.454545454545455,0.181818181818182,0,0.555555555555556,0,0.2,0,0,0,0.0833333333333333,0.2,0,0.2,0,0.727272727272727,0.666666666666667,0.363636363636364,0.4,0.6,0.4,0.75,0.833333333333333,0,0,0,0.222222222222222,0,0,0,0,1,0.545454545454545,0
"482","Neophaeococcomyces","Chaetothyriales_fam_Incertae_sedis","Chaetothyriales","Eurotiomycetes","Ascomycota","Fungi",0.00152905198776758,NA,NA,0,0,0.00943396226415094,0,0,0,0,0,0,0,0,0,0,0.0588235294117647,0,0,0,0,0,0,0,0,0,0,0,0,0,0,0,0,0,0,0,0,0,0,0,0,0,0,0,0,0,0,0,0,0,0,0,0.0909090909090909,0,0,0,0,0,0,0,0,0,0,0,0,0,0,0,0,0,0,0,0,0,0,0,0,0,0,0,0,0,0,0,0,0,0,0,0,0,0,0,0,0,0,0,0,0,0,0,0
"483","Pachylepyrium","Tubariaceae","Agaricales","Agaricomycetes","Basidiomycota","Fungi",0.00152905198776758,NA,NA,0,0,0.00943396226415094,0,0,0,0,0,0,0,0,0,0,0.0588235294117647,0,0,0,0,0,0,0,0,0,0,0,0,0,0,0,0,0,0,0,0,0,0,0,0,0,0,0,0,0,0,0,0,0,0,0,0.0909090909090909,0,0,0,0,0,0,0,0,0,0,0,0,0,0,0,0,0,0,0,0,0,0,0,0,0,0,0,0,0,0,0,0,0,0,0,0,0,0,0,0,0,0,0,0,0,0,0,0
"484","uncl_Spizellomycetes","uncl_Spizellomycetes","uncl_Spizellomycetes","Spizellomycetes","Chytridiomycota","Fungi",0.00458715596330275,0.027027027027027,0,0,0,0.0188679245283019,0.00769230769230769,0,0,0,0,0,0,0,0,0,0.0588235294117647,0,0,0,0.010989010989011,0,0,0,0,0,0,0,0,0,0.0188679245283019,0,0,0,0,0,0,0,0,0,0,0,0,0,0,0,0,0,0,0,0,0,0.0909090909090909,0,0,0,0,0,0,0,0,0,0.05,0,0,0,0,0,0,0,0,0,0,0,0,0,0,0,0,0,0,0,0,0,0,0,0,0,0,0,0,0,0,0.111111111111111,0,0,0,0,0,0,0
"485","uncl_Kondoaceae","Kondoaceae","Agaricostilbales","Agaricostilbomycetes","Basidiomycota","Fungi",0.00152905198776758,NA,NA,0,0,0,0.00769230769230769,0,0,0,0,0,0,0,0,0,0.0588235294117647,0,0,0,0,0,0,0,0,0,0,0,0,0,0,0,0,0,0,0,0,0,0,0,0,0,0,0,0,0,0,0,0,0,0,0,0,0.166666666666667,0,0,0,0,0,0,0,0,0,0,0,0,0,0,0,0,0,0,0,0,0,0,0,0,0,0,0,0,0,0,0,0,0,0,0,0,0,0,0,0,0,0,0,0,0,0,0
"486","Pseudostrickeria","Melanommataceae","Pleosporales","Dothideomycetes","Ascomycota","Fungi",0.00152905198776758,NA,NA,0,0,0,0.00769230769230769,0,0,0,0,0,0,0,0,0,0.0588235294117647,0,0,0,0,0,0,0,0,0,0,0,0,0,0,0,0,0,0,0,0,0,0,0,0,0,0,0,0,0,0,0,0,0,0,0,0,0.166666666666667,0,0,0,0,0,0,0,0,0,0,0,0,0,0,0,0,0,0,0,0,0,0,0,0,0,0,0,0,0,0,0,0,0,0,0,0,0,0,0,0,0,0,0,0,0,0,0
"487","Tricharina","Pyronemataceae","Pezizales","Pezizomycetes","Ascomycota","Fungi",0.00152905198776758,NA,NA,0,0,0,0.00769230769230769,0,0,0,0,0,0,0,0,0,0.0588235294117647,0,0,0,0,0,0,0,0,0,0,0,0,0,0,0,0,0,0,0,0,0,0,0,0,0,0,0,0,0,0,0,0,0,0,0,0,0.166666666666667,0,0,0,0,0,0,0,0,0,0,0,0,0,0,0,0,0,0,0,0,0,0,0,0,0,0,0,0,0,0,0,0,0,0,0,0,0,0,0,0,0,0,0,0,0,0,0
"488","Neoschizothecium","Neoschizotheciaceae","Sordariales","Sordariomycetes","Ascomycota","Fungi",0.00152905198776758,NA,NA,0,0,0,0.00769230769230769,0,0,0,0,0,0,0,0,0,0.0588235294117647,0,0,0,0,0,0,0,0,0,0,0,0,0,0,0,0,0,0,0,0,0,0,0,0,0,0,0,0,0,0,0,0,0,0,0,0,0.166666666666667,0,0,0,0,0,0,0,0,0,0,0,0,0,0,0,0,0,0,0,0,0,0,0,0,0,0,0,0,0,0,0,0,0,0,0,0,0,0,0,0,0,0,0,0,0,0,0
"489","Marquandomyces","Clavicipitaceae","Hypocreales","Sordariomycetes","Ascomycota","Fungi",0.0214067278287462,NA,NA,0.0593220338983051,0,0,0.00769230769230769,0.0111111111111111,0.027027027027027,0.0434782608695652,0,0,0,0,0.107142857142857,0,0.0588235294117647,0,0,0,0.032967032967033,0,0,0,0,0,0.3,0,0,0,0,0,0,0,0.0909090909090909,0,0,0,0,0,0,0,0,0,0,0,0,0,0.3,0,0,0,0,0.166666666666667,0,0,0,0,0,0.2,0,0,0,0,0.1,0,0,0,0,0,0,0,0,0,0,0,0,0,0,0,0,0,0,0,0,0.5,0.1,0,0,0,0,0,0,0,0,0,0,0,0,0,0
"490","Polyschema","Pleosporales_fam_Incertae_sedis","Pleosporales","Dothideomycetes","Ascomycota","Fungi",0.0137614678899083,NA,NA,0.0169491525423729,0,0,0.00769230769230769,0.0333333333333333,0.0162162162162162,0,0,0,0,0,0,0,0.0588235294117647,0,0,0,0.021978021978022,0,0.03125,0,0.103448275862069,0.0588235294117647,0,0,0,0,0,0,0,0,0,0,0,0,0,0,0,0,0,0,0,0,0,0,0,0,0,0,0,0.166666666666667,0,0,0,0,0,0,0,0,0,0.2,0,0,0,0,0,0,0.0833333333333333,0,0,0,0,0,0,0,0,0.166666666666667,0,0.0833333333333333,0,0,0.181818181818182,0,0,0,0,0,0,0,0,0,0,0,0,0,0,0,0
"491","Calcarisporiella","Calcarisporiellaceae","Calcarisporiellales","Calcarisporiellomycetes","Calcarisporiellomycota","Fungi",0.00611620795107034,0,0.0625,0,0,0.0188679245283019,0.0153846153846154,0,0,0,0.0588235294117647,0,0,0,0,0,0.117647058823529,0,0,0,0,0,0,0,0,0,0,0,0,0,0.0188679245283019,0,0,0,0,0.0833333333333333,0,0,0,0,0,0,0,0,0,0,0,0,0,0,0,0,0.0909090909090909,0.166666666666667,0,0,0,0,0,0,0,0,0,0,0,0,0,0,0,0,0,0,0,0,0,0,0,0,0,0,0,0,0,0,0,0,0,0,0,0,0,0,0,0,0,0,0,0.0769230769230769,0,0,0
"492","Acremoniopsis","Nectriaceae","Hypocreales","Sordariomycetes","Ascomycota","Fungi",0.0152905198776758,NA,NA,0,0,0,0,0,0.0540540540540541,0,0,0,0,0,0,0,0,1,0,0,0,0,0,0,0,0,0,0,0,0,0,0,1,0,0,0,0,0,0,0,0,0,0,0,0,0,0,0,0,0,0,0,0,0,1,0,0,0,0,0,0,0,0,0,0,0,0,0,0,0,0,0,0,0,0,0,0,0,0,0,0,0,0,0,0,0,0,0,0,0,0,0,0,0,0,0,0,0,0,0,1
"493","Ochronectria","Bionectriaceae","Hypocreales","Sordariomycetes","Ascomycota","Fungi",0.0275229357798165,NA,NA,0.0338983050847458,0.04,0,0,0.0111111111111111,0.0648648648648649,0,0,0,0,0,0,0,0,1,0,0,0.032967032967033,0.0666666666666667,0,0,0,0.0588235294117647,0.05,0,0,0,0,0.0476190476190476,1,0,0,0,0,0,0,0,0,0,0,0,0,0,0,0,0,0,0,0,0,0,1,0,0,0,0,0.1,0.05,0,0,0,0,0.0909090909090909,0,0,0.0909090909090909,0,0,0,0,0,0,0,0,0,0,0,0,0,0.0909090909090909,0,0.0909090909090909,0.1,0,0,0,0,0,0,0,0,0,0,0,0,0.1,0,1
"494","Penidiellopsis","Teratosphaeriaceae","Mycosphaerellales","Dothideomycetes","Ascomycota","Fungi",0.0152905198776758,NA,NA,0.0338983050847458,0.04,0,0,0,0.027027027027027,0,0,0,0,0,0,0,0,0.428571428571429,0,0,0.010989010989011,0,0,0,0,0,0,0,0,0,0,0.238095238095238,0.333333333333333,0,0,0,0,0,0,0,0,0,0,0,0,0,0,0,0,0,0,0,0,0,0.428571428571429,0,0,0,0,0,0.05,0,0,0,0,0,0,0,0,0,0,0,0,0,0,0,0,0,0,0,0,0,0,0,0,0,0,0,0,0,0,0,0,0,0,0,0,0,0.4,0.0909090909090909,0.333333333333333
"495","uncl_Hydnodontaceae","Hydnodontaceae","Trechisporales","Agaricomycetes","Basidiomycota","Fungi",0.00917431192660551,NA,NA,0.0338983050847458,0,0,0,0.0111111111111111,0.00540540540540541,0,0,0.025,0,0,0,0,0,0,0,0,0.010989010989011,0,0.03125,0,0,0,0,0,0,0,0,0.0952380952380952,0.333333333333333,0,0,0,0,0.0909090909090909,0,0,0,0,0,0,0,0,0,0,0,0,0,0,0,0,0,0,0,0,0,0.1,0,0,0,0,0,0,0,0,0,0,0.0833333333333333,0,0,0,0,0,0,0,0,0,0,0,0,0,0,0,0,0,0,0,0,0,0,0,0,0,0,0,0.2,0,0.333333333333333
"496","Rhizopogon","Rhizopogonaceae","Boletales","Agaricomycetes","Basidiomycota","Fungi",0.0229357798165138,NA,NA,0.0423728813559322,0,0,0,0,0.0540540540540541,0,0,0,0,0,0,0,0,0.857142857142857,0,0,0,0,0,0,0,0,0.05,0.318181818181818,0,0,0,0,0.333333333333333,0,0,0,0,0,0,0,0,0,0,0,0,0,0,0,0,0,0,0,0,0,0.857142857142857,0,0,0,0,0,0,0,0,0,0,0,0,0,0,0,0,0,0,0,0,0,0,0,0,0,0,0,0,0,0,0,0.1,0.5,0.166666666666667,0,0,0,0,0,0,0,0,0,0,0,0.333333333333333
"497","Flagelloscypha","Tricholomataceae","Agaricales","Agaricomycetes","Basidiomycota","Fungi",0.0611620795107034,NA,NA,0.135593220338983,0.08,0,0.00769230769230769,0,0.113513513513514,0,0,0,0,0,0.0357142857142857,0,0,0.285714285714286,0,0,0,0,0.125,0.179775280898876,0,0.0294117647058824,0.45,0.227272727272727,0,0,0,0.0476190476190476,0.333333333333333,0,0,0,0,0,0,0,0,0,0,0,0,0,0,0,0.1,0,0,0,0,0,0.285714285714286,0,0,0,0,0,0,0,0,0,0,0,0,0,0,0.181818181818182,0,0.222222222222222,0.166666666666667,0.25,0.4,0.111111111111111,0,0.25,0.15,0,0,0,0,0,0.0909090909090909,0.3,0.6,0.4,0.0833333333333333,0,0,0,0,0,0,0,0,0,0,0.0909090909090909,0.333333333333333
"498","uncl_Catenochytridiaceae","Catenochytridiaceae","Cladochytriales","Cladochytriomycetes","Chytridiomycota","Fungi",0.00611620795107034,NA,NA,0.00847457627118644,0,0,0,0.0111111111111111,0.0108108108108108,0,0,0,0,0,0,0,0,0.142857142857143,0,0,0,0,0.03125,0,0,0.0588235294117647,0,0,0,0,0,0,0,0,0,0,0,0,0,0,0,0,0,0,0,0,0,0,0,0,0,0,0,0,0.142857142857143,0,0,0,0,0,0,0,0,0,0,0,0,0,0,0,0.0833333333333333,0,0,0,0,0,0,0,0,0,0,0,0.0909090909090909,0,0.0909090909090909,0,0,0,0,0,0,0,0,0,0,0,0,0,0,0,0
"499","uncl_Saccharomycetales","uncl_Saccharomycetales","Saccharomycetales","Saccharomycetes","Ascomycota","Fungi",0.00458715596330275,0.027027027027027,0,0.00847457627118644,0,0.00943396226415094,0,0,0.00540540540540541,0,0,0,0,0,0,0,0,0.142857142857143,0,0,0,0,0,0,0,0,0,0.0454545454545455,0,0,0.0188679245283019,0,0,0,0,0,0,0,0,0,0,0,0,0,0,0,0,0,0,0,0,0,0,0,0.142857142857143,0,0,0,0,0,0,0,0,0,0,0,0,0,0,0,0,0,0,0,0,0,0,0,0,0,0,0,0,0,0,0,0,0.1,0,0,0,0,0,0.111111111111111,0,0,0,0,0,0,0
"500","Ramichloridium","Dissoconiaceae","Capnodiales","Dothideomycetes","Ascomycota","Fungi",0.0137614678899083,NA,NA,0.00847457627118644,0,0,0,0,0.0432432432432432,0,0,0.1,0,0,0,0,0,0.142857142857143,0,0,0,0,0.03125,0.0112359550561798,0,0.0588235294117647,0,0,0,0,0,0,0,0,0,0,0,0,0,0,0.4,0,0,0,0,0,0,0,0,0,0,0,0,0,0.142857142857143,0,0,0,0,0,0,0,0,0,0,0,0,0,0,0,0,0.111111111111111,0,0.05,0,0,0,0,0,0,0,0,0,0,0.181818181818182,0,0,0,0,0,0,0,0,0,0,0,0,0,0,0,0
"501","Mucor","Mucoraceae","Mucorales","Mucoromycetes","Mucoromycota","Fungi",0.0565749235474006,NA,NA,0.169491525423729,0,0,0.0153846153846154,0,0.0810810810810811,0.0434782608695652,0,0,0,0,0.0357142857142857,0,0,0.428571428571429,0,0,0.032967032967033,0,0.28125,0.0561797752808989,0,0,0.15,0.272727272727273,0,0.2,0,0.238095238095238,0,0.0833333333333333,0,0,0,0,0,0,0,0,0,0,0,0,0,0,0.1,0,0,0,0,0,0.428571428571429,0,0,0,0,0.1,0,0,0.05,0,0,0,0.25,0,0,0.545454545454545,0,0.333333333333333,0,0.2,0,0,0,0,0.05,0,0,0,0,0,0,0.1,0.2,0.2,0.333333333333333,0,1,0,0,0,0,0,0,0,0.5,0,0
"502","uncl_Cordanales","uncl_Cordanales","Cordanales","Sordariomycetes","Ascomycota","Fungi",0.00152905198776758,NA,NA,0,0,0,0,0,0.00540540540540541,0,0,0,0,0,0,0,0,0,0,0,0,0,0,0,0,0,0,0,0,0,0,0.0476190476190476,0,0,0,0,0,0,0,0,0,0,0,0,0,0,0,0,0,0,0,0,0,0,0,0,0,0,0,0,0,0,0,0,0,0,0,0,0,0,0,0,0,0,0,0,0,0,0,0,0,0,0,0,0,0,0,0,0,0,0,0,0,0,0,0,0,0,0,0.0909090909090909,0
"503","Urnula","Sarcosomataceae","Pezizales","Pezizomycetes","Ascomycota","Fungi",0.0137614678899083,NA,NA,0.0254237288135593,0,0,0,0,0.0324324324324324,0,0,0,0,0,0,0,0,0.285714285714286,0,0,0,0,0,0,0,0,0.2,0.136363636363636,0,0,0,0,0,0,0,0,0,0,0,0,0,0,0,0,0,0,0,0,0,0,0,0,0,0,0.285714285714286,0,0,0,0,0,0,0,0,0,0,0,0,0,0,0,0,0,0,0,0,0,0,0,0,0,0,0,0,0,0,0.2,0.2,0.1,0.166666666666667,0,0,0,0,0,0,0,0,0,0,0,0
"504","Microkamienskia","Glomeraceae","Glomerales","Glomeromycetes","Glomeromycota","Fungi",0.00152905198776758,NA,NA,0,0,0,0,0,0.00540540540540541,0,0,0,0,0,0,0,0,0.142857142857143,0,0,0,0,0,0,0,0,0,0,0,0,0,0,0,0,0,0,0,0,0,0,0,0,0,0,0,0,0,0,0,0,0,0,0,0,0.142857142857143,0,0,0,0,0,0,0,0,0,0,0,0,0,0,0,0,0,0,0,0,0,0,0,0,0,0,0,0,0,0,0,0,0,0,0,0,0,0,0,0,0,0,0,0,0,0
"505","Ramariopsis","Clavariaceae","Agaricales","Agaricomycetes","Basidiomycota","Fungi",0.00458715596330275,NA,NA,0,0,0,0.00769230769230769,0,0.0108108108108108,0,0,0,0,0,0,0,0,0,0,0,0,0,0,0.0112359550561798,0,0,0,0,0,0.2,0,0,0.333333333333333,0,0,0,0,0,0,0,0,0,0,0,0,0,0,0,0,0,0,0,0,0,0,0,0,0,0,0,0,0,0,0,0,0,0,0,0,0,0,0,0,0,0,0,0,0.0833333333333333,0,0,0,0,0,0,0,0,0,0,0,0,0,0.5,0,0,0,0,0,0,0,0,0.333333333333333
"506","uncl_Fomitopsidaceae","Fomitopsidaceae","Polyporales","Agaricomycetes","Basidiomycota","Fungi",0.0137614678899083,NA,NA,0.0593220338983051,0,0,0,0,0.0108108108108108,0,0,0,0,0,0,0,0,0,0,0,0,0,0,0.0786516853932584,0,0.0294117647058824,0,0,0,0,0,0,0.333333333333333,0,0,0,0,0,0,0,0,0,0,0,0,0,0,0,0,0,0,0,0,0,0,0,0,0,0,0,0,0,0,0,0,0,0,0,0,0,0,0,0.166666666666667,0.2,0,0,0,0,0.05,0,0,0,0.0909090909090909,0,0,0,0,0,0,0,0,0,0,0,0,0,0,0,0,0,0.333333333333333
"507","uncl_Dissoconiaceae","Dissoconiaceae","Capnodiales","Dothideomycetes","Ascomycota","Fungi",0.00152905198776758,NA,NA,0,0,0,0,0,0.00540540540540541,0,0,0,0,0,0,0,0,0,0,0,0,0,0,0,0,0,0,0,0,0,0,0,0.333333333333333,0,0,0,0,0,0,0,0,0,0,0,0,0,0,0,0,0,0,0,0,0,0,0,0,0,0,0,0,0,0,0,0,0,0,0,0,0,0,0,0,0,0,0,0,0,0,0,0,0,0,0,0,0,0,0,0,0,0,0,0,0,0,0,0,0,0,0,0.333333333333333
"508","Chloridium","Chaetosphaeriaceae","Chaetosphaeriales","Sordariomycetes","Ascomycota","Fungi",0.0779816513761468,NA,NA,0.161016949152542,0.04,0,0,0.0333333333333333,0.151351351351351,0,0,0,0,0,0,0,0,0.285714285714286,0,0,0,0,0.40625,0.101123595505618,0.137931034482759,0.294117647058824,0.35,0.136363636363636,0,0.2,0,0.0476190476190476,0.333333333333333,0,0,0,0,0,0,0,0,0,0,0,0,0,0,0,0,0,0,0,0,0,0.285714285714286,0,0,0,0,0,0,0,0,0,0,0,0,0,0,0.636363636363636,0.166666666666667,0.444444444444444,0.166666666666667,0,0.2,0,0,0.416666666666667,0.05,0.166666666666667,0,0.166666666666667,0.272727272727273,0.0833333333333333,0.545454545454545,0.4,0.3,0,0.25,0,0,0,0.5,0,0,0,0,0,0.1,0,0.333333333333333
"509","Ilyonectria","Nectriaceae","Hypocreales","Sordariomycetes","Ascomycota","Fungi",0.0321100917431193,NA,NA,0.0932203389830508,0,0,0,0,0.0540540540540541,0,0,0,0.214285714285714,0,0,0,0,0,0,0,0,0,0,0,0,0,0.1,0.0454545454545455,0,0,0,0.523809523809524,0.333333333333333,0,0,0,0,0,0,0,0,0,0,0.5,0,0,0,0,0,0,0,0,0,0,0,0,0,0,0,0,0,0,0,0,0,0,0,0,0,0,0,0,0,0,0,0,0,0,0,0,0,0,0,0,0,0.2,0,0.1,0,0,0,0,0,0,0,0,0,0,0.8,0.272727272727273,0.333333333333333
"510","Cystobasidium","Cystobasidiaceae","Cystobasidiales","Cystobasidiomycetes","Basidiomycota","Fungi",0.0107033639143731,NA,NA,0.00847457627118644,0,0,0.0153846153846154,0,0.0216216216216216,0,0,0,0.0357142857142857,0,0,0,0.117647058823529,0.142857142857143,0,0,0,0,0,0,0,0.0294117647058824,0,0.0454545454545455,0,0,0,0,0.333333333333333,0,0,0,0,0,0,0,0,0,0,0.0833333333333333,0,0,0,0,0,0,0,0,0,0.333333333333333,0.142857142857143,0,0,0,0,0,0,0,0,0,0,0,0,0,0,0,0,0,0,0,0,0,0,0,0,0,0,0,0,0,0.0909090909090909,0,0,0.1,0,0,0,0,0,0,0,0,0,0,0,0,0.333333333333333
"511","Ganoderma","Ganodermataceae","Polyporales","Agaricomycetes","Basidiomycota","Fungi",0.00458715596330275,NA,NA,0.00847457627118644,0,0,0,0,0.0108108108108108,0,0,0,0,0,0,0,0,0.142857142857143,0,0,0,0,0,0,0,0,0.05,0,0,0,0,0.0476190476190476,0,0,0,0,0,0,0,0,0,0,0,0,0,0,0,0,0,0,0,0,0,0,0.142857142857143,0,0,0,0,0,0,0,0,0,0,0,0,0,0,0,0,0,0,0,0,0,0,0,0,0,0,0,0,0,0,0,0.1,0,0,0,0,0,0,0,0,0,0,0,0.1,0,0
"512","Umbelopsis","Umbelopsidaceae","Umbelopsidales","Umbelopsidomycetes","Mucoromycota","Fungi",0.0428134556574924,NA,NA,0.11864406779661,0,0,0,0,0.0756756756756757,0,0,0,0,0,0.0357142857142857,0,0,0.285714285714286,0,0,0,0,0.0625,0,0,0.0294117647058824,0.1,0.909090909090909,0,0,0,0,0,0,0,0,0,0,0,0,0,0,0,0,0,0,0,0,0.1,0,0,0,0,0,0.285714285714286,0,0,0,0,0,0,0,0,0,0,0,0,0,0,0.181818181818182,0,0,0,0,0,0,0,0,0,0,0,0,0,0,0.0909090909090909,0.2,0,1,0.833333333333333,0,0,0,0,0,0,0,0,0,0,0,0
"513","Sphaeronaemella","Microascales_fam_Incertae_sedis","Microascales","Sordariomycetes","Ascomycota","Fungi",0.00152905198776758,NA,NA,0,0,0,0,0,0.00540540540540541,0,0,0,0,0,0,0,0,0,0,0,0,0,0,0,0,0,0,0,0,0,0,0,0.333333333333333,0,0,0,0,0,0,0,0,0,0,0,0,0,0,0,0,0,0,0,0,0,0,0,0,0,0,0,0,0,0,0,0,0,0,0,0,0,0,0,0,0,0,0,0,0,0,0,0,0,0,0,0,0,0,0,0,0,0,0,0,0,0,0,0,0,0,0,0.333333333333333
"514","uncl_Sordariomycetes_ord_Incertae_sedis","uncl_Sordariomycetes_ord_Incertae_sedis","Sordariomycetes_ord_Incertae_sedis","Sordariomycetes","Ascomycota","Fungi",0.103975535168196,NA,NA,0.186440677966102,0.2,0,0.0769230769230769,0.133333333333333,0.102702702702703,0,0,0.1,0,0,0,0,0,0.142857142857143,0,0,0.142857142857143,0,0.28125,0.213483146067416,0,0.0882352941176471,0.7,0.0454545454545455,0,0.2,0,0.0952380952380952,0.333333333333333,0,0,0,0,0,0,0.0833333333333333,0.3,0,0,0,0,0,0,0,0,0,0,0,0,0,0.142857142857143,0,0,0,0,0.1,0.25,0,0.2,0,0.2,0,0.25,0,0,0.0909090909090909,0.416666666666667,0.333333333333333,0.416666666666667,0.1,0,0.666666666666667,0.363636363636364,0.166666666666667,0,0,0,0,0.0909090909090909,0,0.181818181818182,0.8,0.6,0.1,0,0,1,0,0,0,0,0,0,0,0.2,0,0.333333333333333
"515","Tilletia","Tilletiaceae","Tilletiales","Exobasidiomycetes","Basidiomycota","Fungi",0.00152905198776758,NA,NA,0,0,0,0,0,0.00540540540540541,0,0,0,0,0,0,0,0,0,0,0,0,0,0,0,0,0,0,0,0,0,0,0,0.333333333333333,0,0,0,0,0,0,0,0,0,0,0,0,0,0,0,0,0,0,0,0,0,0,0,0,0,0,0,0,0,0,0,0,0,0,0,0,0,0,0,0,0,0,0,0,0,0,0,0,0,0,0,0,0,0,0,0,0,0,0,0,0,0,0,0,0,0,0,0.333333333333333
"516","uncl_Chytridiales","uncl_Chytridiales","Chytridiales","Chytridiomycetes","Chytridiomycota","Fungi",0.00305810397553517,NA,NA,0,0,0,0,0,0.0108108108108108,0,0,0,0,0,0,0,0,0.142857142857143,0,0,0,0,0,0,0,0,0,0,0,0,0,0,0.333333333333333,0,0,0,0,0,0,0,0,0,0,0,0,0,0,0,0,0,0,0,0,0,0.142857142857143,0,0,0,0,0,0,0,0,0,0,0,0,0,0,0,0,0,0,0,0,0,0,0,0,0,0,0,0,0,0,0,0,0,0,0,0,0,0,0,0,0,0,0,0,0,0.333333333333333
"517","uncl_Helotiales","uncl_Helotiales","Helotiales","Leotiomycetes","Ascomycota","Fungi",0.711009174311927,0.0540540540540541,0,0.906779661016949,0.84,0.311320754716981,0.561538461538462,0.688888888888889,0.913513513513514,0.956521739130435,0.117647058823529,0.7,1,0.625,0.321428571428571,0.321428571428571,0.0588235294117647,0.571428571428571,1,0.875,0.791208791208791,1,0.59375,0.910112359550562,0.827586206896552,1,1,1,1,1,0.0377358490566038,1,0.666666666666667,1,0.909090909090909,0,0.4,1,0.285714285714286,0.5,0.9,1,1,1,0.636363636363636,0.6,0,0,0.9,0.2,0.25,0.454545454545455,0.0909090909090909,0,0.571428571428571,1,1,0,1,0.7,0.8,0.666666666666667,0.75,0.8,0.8,0.909090909090909,1,1,1,0.545454545454545,0.5,0.777777777777778,1,1,1,0.444444444444444,0.727272727272727,1,1,0.75,0.6,1,1,1,1,1,1,1,1,1,1,1,1,0.111111111111111,0,0.05,0,0,1,1,0.666666666666667
"518","uncl_Umbelopsidaceae","Umbelopsidaceae","Umbelopsidales","Umbelopsidomycetes","Mucoromycota","Fungi",0.00305810397553517,NA,NA,0.00847457627118644,0,0,0,0,0.00540540540540541,0,0,0,0,0,0,0,0,0.142857142857143,0,0,0,0,0,0,0,0,0,0.0454545454545455,0,0,0,0,0,0,0,0,0,0,0,0,0,0,0,0,0,0,0,0,0,0,0,0,0,0,0.142857142857143,0,0,0,0,0,0,0,0,0,0,0,0,0,0,0,0,0,0,0,0,0,0,0,0,0,0,0,0,0,0,0,0,0.1,0,0,0,0,0,0,0,0,0,0,0,0,0
"519","Drechslerella","Orbiliaceae","Orbiliales","Orbiliomycetes","Ascomycota","Fungi",0.00152905198776758,NA,NA,0,0,0,0,0,0.00540540540540541,0,0,0,0,0,0,0,0,0.142857142857143,0,0,0,0,0,0,0,0,0,0,0,0,0,0,0,0,0,0,0,0,0,0,0,0,0,0,0,0,0,0,0,0,0,0,0,0,0.142857142857143,0,0,0,0,0,0,0,0,0,0,0,0,0,0,0,0,0,0,0,0,0,0,0,0,0,0,0,0,0,0,0,0,0,0,0,0,0,0,0,0,0,0,0,0,0,0
"520","Diversispora","Diversisporaceae","Diversisporales","Glomeromycetes","Glomeromycota","Fungi",0.0122324159021407,NA,NA,0.0338983050847458,0,0.00943396226415094,0,0.0222222222222222,0.00540540540540541,0,0,0.025,0,0.0625,0,0,0,0.142857142857143,0,0,0,0,0.03125,0,0,0,0.1,0,0,0,0,0.0952380952380952,0,0,0,0,0,0,0,0.0833333333333333,0,0,0,0,0.0909090909090909,0,0,0,0,0,0,0,0,0,0.142857142857143,0,0,0,0,0,0,0,0,0,0,0,0,0,0,0,0.0833333333333333,0,0,0,0,0,0,0,0,0,0,0,0,0,0,0.2,0,0,0,0,0,0,0,0,0,0,0,0,0.2,0,0
"521","Sepedonium","Hypocreaceae","Hypocreales","Sordariomycetes","Ascomycota","Fungi",0.00152905198776758,NA,NA,0,0,0,0,0,0.00540540540540541,0,0,0,0,0,0,0,0,0.142857142857143,0,0,0,0,0,0,0,0,0,0,0,0,0,0,0,0,0,0,0,0,0,0,0,0,0,0,0,0,0,0,0,0,0,0,0,0,0.142857142857143,0,0,0,0,0,0,0,0,0,0,0,0,0,0,0,0,0,0,0,0,0,0,0,0,0,0,0,0,0,0,0,0,0,0,0,0,0,0,0,0,0,0,0,0,0,0
"522","uncl_Chaetosphaeriales","uncl_Chaetosphaeriales","Chaetosphaeriales","Sordariomycetes","Ascomycota","Fungi",0.0764525993883792,NA,NA,0.177966101694915,0.04,0,0,0.0777777777777778,0.113513513513514,0,0,0.15,0,0,0.0357142857142857,0,0,0.285714285714286,0,0,0,0,0.5,0.0674157303370786,0.103448275862069,0.205882352941176,0.15,0.136363636363636,0,0,0,0.142857142857143,0,0,0,0,0,0.0909090909090909,0,0.166666666666667,0.3,0,0,0,0,0,0,0,0.1,0,0,0,0,0,0.285714285714286,0,0,0,0,0,0,0,0,0,0,0,0,0,0,0.818181818181818,0,0.777777777777778,0.0833333333333333,0.1,0.2,0,0,0.166666666666667,0,0.166666666666667,0,0.0833333333333333,0,0.416666666666667,0.181818181818182,0.1,0.2,0.3,0,0,0,0,0,0,0,0,0,0,0.2,0.0909090909090909,0
"523","uncl_Sporidiobolales","uncl_Sporidiobolales","Sporidiobolales","Microbotryomycetes","Basidiomycota","Fungi",0.00611620795107034,NA,NA,0.0169491525423729,0,0,0,0,0.0108108108108108,0,0,0,0,0,0,0,0,0.142857142857143,0,0,0,0,0,0,0,0,0.05,0.0454545454545455,0,0,0,0.0476190476190476,0,0,0,0,0,0,0,0,0,0,0,0,0,0,0,0,0,0,0,0,0,0,0.142857142857143,0,0,0,0,0,0,0,0,0,0,0,0,0,0,0,0,0,0,0,0,0,0,0,0,0,0,0,0,0,0,0,0.1,0.1,0,0,0,0,0,0,0,0,0,0,0.1,0,0
"524","Mariannaea","Nectriaceae","Hypocreales","Sordariomycetes","Ascomycota","Fungi",0.0168195718654434,NA,NA,0.0593220338983051,0,0,0,0.0111111111111111,0.0162162162162162,0,0,0,0,0,0,0,0,0.142857142857143,0,0,0,0,0.03125,0,0,0,0,0.227272727272727,0,0,0,0.19047619047619,0,0,0,0,0,0,0,0,0,0,0,0,0,0,0,0,0,0,0,0,0,0,0.142857142857143,0,0,0,0,0,0,0,0,0,0,0,0,0,0,0,0.0833333333333333,0,0,0,0,0,0,0,0,0,0,0,0,0,0,0,0,0.5,0,0,0,0,0,0,0,0,0,0,0.2,0.181818181818182,0
"525","Subulicystidium","Hydnodontaceae","Trechisporales","Agaricomycetes","Basidiomycota","Fungi",0.00305810397553517,NA,NA,0,0,0,0,0,0.0108108108108108,0,0,0,0,0,0,0,0,0.142857142857143,0,0,0,0,0,0,0,0,0,0,0,0,0,0.0476190476190476,0,0,0,0,0,0,0,0,0,0,0,0,0,0,0,0,0,0,0,0,0,0,0.142857142857143,0,0,0,0,0,0,0,0,0,0,0,0,0,0,0,0,0,0,0,0,0,0,0,0,0,0,0,0,0,0,0,0,0,0,0,0,0,0,0,0,0,0,0,0,0.0909090909090909,0
"526","Helicoma","Tubeufiaceae","Tubeufiales","Dothideomycetes","Ascomycota","Fungi",0.00917431192660551,NA,NA,0.00847457627118644,0,0,0.00769230769230769,0,0.0216216216216216,0,0,0,0,0,0,0,0,0.142857142857143,0,0,0,0,0,0.0112359550561798,0.0344827586206897,0,0,0,0.166666666666667,0,0,0.0952380952380952,0,0,0,0,0,0,0,0,0,0,0,0,0,0,0,0,0,0,0,0,0,0,0.142857142857143,0,0,0,0,0,0,0,0,0,0,0,0,0,0,0,0,0,0,0,0,0,0,0.0833333333333333,0,0,0,0.0833333333333333,0,0,0,0,0,0,0,0.166666666666667,0,0,0,0,0,0,0,0,0.1,0.0909090909090909,0
"527","uncl_Archaeorhizomycetales","uncl_Archaeorhizomycetales","Archaeorhizomycetales","Archaeorhizomycetes","Ascomycota","Fungi",0.00152905198776758,NA,NA,0,0,0,0,0.0111111111111111,0,0,0,0,0,0,0,0,0,0,0,0,0,0,0,0.0112359550561798,0,0,0,0,0,0,0,0,0,0,0,0,0,0,0,0,0,0,0,0,0,0,0,0,0,0,0,0,0,0,0,0,0,0,0,0,0,0,0,0,0,0,0,0,0,0,0,0,0,0,0,0,0.0909090909090909,0,0,0,0,0,0,0,0,0,0,0,0,0,0,0,0,0,0,0,0,0,0,0,0
"528","Diddensiella","Trichomonascaceae","Saccharomycetales","Saccharomycetes","Ascomycota","Fungi",0.00152905198776758,NA,NA,0,0,0,0,0,0.00540540540540541,0,0,0,0,0,0,0,0,0.142857142857143,0,0,0,0,0,0,0,0,0,0,0,0,0,0,0,0,0,0,0,0,0,0,0,0,0,0,0,0,0,0,0,0,0,0,0,0,0.142857142857143,0,0,0,0,0,0,0,0,0,0,0,0,0,0,0,0,0,0,0,0,0,0,0,0,0,0,0,0,0,0,0,0,0,0,0,0,0,0,0,0,0,0,0,0,0,0
"529","uncl_Rhizophydiomycetes","uncl_Rhizophydiomycetes","uncl_Rhizophydiomycetes","Rhizophydiomycetes","Chytridiomycota","Fungi",0.00152905198776758,NA,NA,0,0,0,0,0,0.00540540540540541,0,0,0,0,0,0,0,0,0.142857142857143,0,0,0,0,0,0,0,0,0,0,0,0,0,0,0,0,0,0,0,0,0,0,0,0,0,0,0,0,0,0,0,0,0,0,0,0,0.142857142857143,0,0,0,0,0,0,0,0,0,0,0,0,0,0,0,0,0,0,0,0,0,0,0,0,0,0,0,0,0,0,0,0,0,0,0,0,0,0,0,0,0,0,0,0,0,0
"530","Rhytidhysteron","Hysteriaceae","Hysteriales","Dothideomycetes","Ascomycota","Fungi",0.00305810397553517,NA,NA,0,0,0,0,0,0.0108108108108108,0,0,0,0,0,0,0,0,0.142857142857143,0,0,0,0,0,0,0,0.0294117647058824,0,0,0,0,0,0,0,0,0,0,0,0,0,0,0,0,0,0,0,0,0,0,0,0,0,0,0,0,0.142857142857143,0,0,0,0,0,0,0,0,0,0,0,0,0,0,0,0,0,0,0,0,0,0,0,0,0,0,0,0,0,0.0909090909090909,0,0,0,0,0,0,0,0,0,0,0,0,0,0,0,0
"531","Neopyrenochaeta","Neopyrenochaetaceae","Pleosporales","Dothideomycetes","Ascomycota","Fungi",0.00305810397553517,NA,NA,0,0,0,0,0.0111111111111111,0.00540540540540541,0,0,0,0,0,0,0,0,0.142857142857143,0,0,0,0,0,0,0,0.0294117647058824,0,0,0,0,0,0,0,0,0,0,0,0,0,0,0,0,0,0,0,0,0,0,0,0,0,0,0,0,0.142857142857143,0,0,0,0,0,0,0,0,0,0,0,0,0,0,0,0,0,0,0,0,0,0,0,0,0,0,0,0,0.0833333333333333,0,0,0,0,0,0,0,0,0,0,0,0,0,0,0,0,0
"532","Pisolithus","Pisolithaceae","Boletales","Agaricomycetes","Basidiomycota","Fungi",0.00764525993883792,NA,NA,0.0254237288135593,0,0,0,0,0.0108108108108108,0,0,0,0,0,0,0,0,0.142857142857143,0,0,0,0,0,0,0,0.0882352941176471,0.05,0,0,0,0,0,0,0,0,0,0,0,0,0,0,0,0,0,0,0,0,0,0,0,0,0,0,0,0.142857142857143,0,0,0,0,0,0,0,0,0,0,0,0,0,0,0,0,0,0,0,0,0,0,0,0,0,0,0,0.272727272727273,0,0,0,0.1,0,0,0,0,0,0,0,0,0,0,0,0,0,0
"533","Microporellus","Steccherinaceae","Polyporales","Agaricomycetes","Basidiomycota","Fungi",0.00152905198776758,NA,NA,0,0,0,0,0,0.00540540540540541,0,0,0,0,0,0,0,0,0.142857142857143,0,0,0,0,0,0,0,0,0,0,0,0,0,0,0,0,0,0,0,0,0,0,0,0,0,0,0,0,0,0,0,0,0,0,0,0,0.142857142857143,0,0,0,0,0,0,0,0,0,0,0,0,0,0,0,0,0,0,0,0,0,0,0,0,0,0,0,0,0,0,0,0,0,0,0,0,0,0,0,0,0,0,0,0,0,0
"534","Hypholoma","Strophariaceae","Agaricales","Agaricomycetes","Basidiomycota","Fungi",0.00152905198776758,NA,NA,0,0,0,0.00769230769230769,0,0,0,0,0,0,0,0,0,0,0,0,0,0.010989010989011,0,0,0,0,0,0,0,0,0,0,0,0,0,0,0,0,0,0,0,0,0,0,0,0,0,0,0,0,0,0,0,0,0,0,0,0,0,0,0,0,0,0.05,0,0,0,0,0,0,0,0,0,0,0,0,0,0,0,0,0,0,0,0,0,0,0,0,0,0,0,0,0,0,0,0,0,0,0,0,0,0
"535","Penicillifer","Nectriaceae","Hypocreales","Sordariomycetes","Ascomycota","Fungi",0.00305810397553517,NA,NA,0.00847457627118644,0,0,0,0,0.00540540540540541,0,0,0,0,0,0,0,0,0.142857142857143,0,0,0,0,0.03125,0,0,0,0,0,0,0,0,0,0,0,0,0,0,0,0,0,0,0,0,0,0,0,0,0,0,0,0,0,0,0,0.142857142857143,0,0,0,0,0,0,0,0,0,0,0,0,0,0,0.0909090909090909,0,0,0,0,0,0,0,0,0,0,0,0,0,0,0,0,0,0,0,0,0,0,0,0,0,0,0,0,0,0,0
"536","Ustanciosporium","Cintractiaceae","Ustilaginales","Ustilaginomycetes","Basidiomycota","Fungi",0.00152905198776758,NA,NA,0,0,0,0,0,0.00540540540540541,0,0,0,0,0,0,0,0,0.142857142857143,0,0,0,0,0,0,0,0,0,0,0,0,0,0,0,0,0,0,0,0,0,0,0,0,0,0,0,0,0,0,0,0,0,0,0,0,0.142857142857143,0,0,0,0,0,0,0,0,0,0,0,0,0,0,0,0,0,0,0,0,0,0,0,0,0,0,0,0,0,0,0,0,0,0,0,0,0,0,0,0,0,0,0,0,0,0
"537","Bjerkandera","Phanerochaetaceae","Polyporales","Agaricomycetes","Basidiomycota","Fungi",0.00764525993883792,NA,NA,0.00847457627118644,0,0,0,0,0.0216216216216216,0,0,0,0,0,0,0,0,0.142857142857143,0,0,0.021978021978022,0,0,0.0224719101123595,0,0,0,0,0,0,0,0,0,0,0,0,0,0,0,0,0,0,0,0,0,0,0,0,0,0,0,0,0,0,0.142857142857143,0,0,0,0,0.1,0,0,0,0,0,0,0.25,0,0,0,0,0,0,0,0,0,0,0,0.1,0,0,0,0,0,0,0,0,0,0,0,0,0,0,0,0,0,0,0,0,0,0
"538","Basidiobolus","Basidiobolaceae","Basidiobolales","Basidiobolomycetes","Basidiobolomycota","Fungi",0.00152905198776758,NA,NA,0,0,0.00943396226415094,0,0,0,0,0,0,0,0,0,0,0,0,0.0454545454545455,0,0,0,0,0,0,0,0,0,0,0,0,0,0,0,0,0,0,0,0,0,0,0,0,0,0,0,0,0,0,0,0,0,0,0,0,0.0833333333333333,0,0,0,0,0,0,0,0,0,0,0,0,0,0,0,0,0,0,0,0,0,0,0,0,0,0,0,0,0,0,0,0,0,0,0,0,0,0,0,0,0,0,0,0,0
"539","uncl_Diversisporaceae","Diversisporaceae","Diversisporales","Glomeromycetes","Glomeromycota","Fungi",0.00152905198776758,NA,NA,0.00847457627118644,0,0,0,0,0,0,0,0,0,0,0,0,0,0,0,0,0.010989010989011,0,0,0,0,0,0,0,0,0,0,0,0,0,0,0,0,0,0,0,0,0,0,0,0,0,0,0,0,0,0,0,0,0,0,0,0,0,0,0.1,0,0,0,0,0,0,0,0,0,0,0,0,0,0,0,0,0,0,0,0,0,0,0,0,0,0,0,0,0,0,0,0,0,0,0,0,0,0,0,0,0
"540","Scleroderma","Sclerodermataceae","Boletales","Agaricomycetes","Basidiomycota","Fungi",0.00611620795107034,NA,NA,0.0169491525423729,0,0,0.00769230769230769,0,0.00540540540540541,0,0,0,0,0,0,0,0,0,0,0.125,0,0,0.09375,0,0,0,0,0,0,0,0,0,0,0,0,0,0,0,0,0,0,0,0,0,0,0,0,0,0,0,0,0,0,0,0,0,0,1,0,0,0,0,0,0,0,0,0,0,0,0.181818181818182,0,0.111111111111111,0,0,0,0,0,0,0,0,0,0,0,0,0,0,0,0,0,0,0,0,0,0,0,0,0,0,0,0,0
"541","Waitea","Corticiaceae","Corticiales","Agaricomycetes","Basidiomycota","Fungi",0.0152905198776758,NA,NA,0.0338983050847458,0.04,0,0.0153846153846154,0,0.0162162162162162,0,0,0,0,0,0,0,0,0,0,0.125,0.010989010989011,0,0,0.0112359550561798,0.241379310344828,0,0,0,0,0,0,0,0,0,0,0,0,0,0,0,0,0,0,0,0,0,0,0,0,0,0,0,0,0,0,0,0,1,0,0,0,0,0,0,0,0.0909090909090909,0,0,0,0,0,0,0,0,0.2,0,0,0,0,0.333333333333333,0.2,0.166666666666667,0,0,0,0,0,0,0,0,0,0,0,0,0,0,0,0,0,0,0
"542","uncl_Cunninghamellaceae","Cunninghamellaceae","Mucorales","Mucoromycetes","Mucoromycota","Fungi",0.160550458715596,NA,NA,0.457627118644068,0.16,0,0.0384615384615385,0.0555555555555556,0.2,0,0,0.05,0,0,0,0.0357142857142857,0,0,0,0,0.142857142857143,0,0.5,0.460674157303371,0.344827586206897,0.176470588235294,0.2,0.227272727272727,0,0.6,0,0.19047619047619,0,0,0,0,0,0.0909090909090909,0,0,0.1,0,0,0,0,0,0,0,0,0,0,0.0909090909090909,0,0,0,0,0,0,0,0.3,0.05,0,0.15,0,0.1,0.454545454545455,0,0,0,0.909090909090909,0.25,0.333333333333333,0.5,0.85,0.6,0.222222222222222,0.0909090909090909,0.166666666666667,0.5,0.5,0,0.333333333333333,0,0,0.545454545454545,0.3,0.1,0.4,0.0833333333333333,0,1,0,1,0,0,0,0,0,0.3,0.0909090909090909,0
"543","Erythricium","Corticiaceae","Corticiales","Agaricomycetes","Basidiomycota","Fungi",0.00305810397553517,NA,NA,0.00847457627118644,0,0,0,0,0.00540540540540541,0,0,0,0,0,0,0,0,0,0,0,0.021978021978022,0,0,0,0,0,0,0,0,0,0,0,0,0,0,0,0,0,0,0,0,0,0,0,0,0,0,0,0,0,0,0,0,0,0,0,0,0,0,0.1,0,0,0,0,0,0.0909090909090909,0,0,0,0,0,0,0,0,0,0,0,0,0,0,0,0,0,0,0,0,0,0,0,0,0,0,0,0,0,0,0,0,0,0,0
"544","uncl_Aspergillaceae","Aspergillaceae","Eurotiales","Eurotiomycetes","Ascomycota","Fungi",0.0152905198776758,NA,NA,0.0254237288135593,0,0,0,0.0111111111111111,0.0324324324324324,0,0,0,0,0,0.0357142857142857,0,0,0.142857142857143,0,0,0.010989010989011,0,0.03125,0.0224719101123595,0,0.0294117647058824,0.05,0,0,0,0,0.0952380952380952,0,0,0,0,0,0,0,0,0,0,0,0,0,0,0,0,0.1,0,0,0,0,0,0.142857142857143,0,0,0,0,0.1,0,0,0,0,0,0,0,0,0,0,0.0833333333333333,0,0,0.05,0,0,0,0,0.05,0,0,0,0.0909090909090909,0,0,0,0.1,0,0,0,0,0,0,0,0,0,0,0,0,0.181818181818182,0
"545","Alternariaster","Leptosphaeriaceae","Pleosporales","Dothideomycetes","Ascomycota","Fungi",0.018348623853211,NA,NA,0.0254237288135593,0.16,0,0,0,0.027027027027027,0,0,0,0,0,0,0,0,0,0,0,0.120879120879121,0,0,0,0.0344827586206897,0,0,0,0,0,0,0,0,0,0,0,0,0,0,0,0,0,0,0,0,0,0,0,0,0,0,0,0,0,0,0,0,0,0,0.2,0.2,0,0,0,0,0.363636363636364,0.25,0,0,0,0,0,0,0,0,0,0,0,0,0.0833333333333333,0,0,0,0,0,0,0,0,0,0,0,0,0,0,0,0,0,0,0,0,0
"546","uncl_Cantharellales_fam_Incertae_sedis","Cantharellales_fam_Incertae_sedis","Cantharellales","Agaricomycetes","Basidiomycota","Fungi",0.00458715596330275,NA,NA,0.00847457627118644,0,0,0.00769230769230769,0.0111111111111111,0,0,0,0,0,0,0,0,0,0,0,0,0.010989010989011,0.0666666666666667,0,0.0112359550561798,0,0,0,0,0,0,0,0,0,0,0,0,0,0,0,0,0,0,0,0,0,0,0,0,0,0,0,0,0,0,0,0,0,0,0,0.1,0,0,0,0,0,0,0,0,0.0909090909090909,0,0,0,0,0,0,0.111111111111111,0,0,0,0,0,0,0,0,0,0,0,0,0,0,0,0,0,0,0,0,0,0,0,0,0
"547","Microglossum","Geoglossaceae","Geoglossales","Geoglossomycetes","Ascomycota","Fungi",0.00305810397553517,NA,NA,0.0169491525423729,0,0,0,0,0,0,0,0,0,0,0,0,0,0,0,0,0.010989010989011,0,0,0.0112359550561798,0,0,0,0,0,0,0,0,0,0,0,0,0,0,0,0,0,0,0,0,0,0,0,0,0,0,0,0,0,0,0,0,0,0,0,0.1,0,0,0,0,0,0,0,0,0,0,0,0,0.0833333333333333,0,0,0,0,0,0,0,0,0,0,0,0,0,0,0,0,0,0,0,0,0,0,0,0,0,0,0,0
"548","Saksenaea","Saksenaeaceae","Mucorales","Mucoromycetes","Mucoromycota","Fungi",0.00917431192660551,NA,NA,0.0338983050847458,0,0,0,0,0.0108108108108108,0,0,0,0,0,0,0,0,0,0,0,0.010989010989011,0,0.03125,0.0337078651685393,0,0.0294117647058824,0,0,0,0,0,0,0,0,0,0,0,0,0,0,0,0,0,0,0,0,0,0,0,0,0,0,0,0,0,0,0,0,0,0.1,0,0,0,0,0,0,0,0,0,0.0909090909090909,0,0,0,0.1,0,0,0,0,0.05,0,0,0,0,0,0.0909090909090909,0,0,0,0,0,0,0,0,0,0,0,0,0,0,0,0
"549","Puccinia","Pucciniaceae","Pucciniales","Pucciniomycetes","Basidiomycota","Fungi",0.00152905198776758,NA,NA,0,0.04,0,0,0,0,0,0,0,0,0,0,0,0,0,0,0,0.010989010989011,0,0,0,0,0,0,0,0,0,0,0,0,0,0,0,0,0,0,0,0,0,0,0,0,0,0,0,0,0,0,0,0,0,0,0,0,0,0,0,0.05,0,0,0,0,0,0,0,0,0,0,0,0,0,0,0,0,0,0,0,0,0,0,0,0,0,0,0,0,0,0,0,0,0,0,0,0,0,0,0,0
"550","Udeniomyces","Mrakiaceae","Cystofilobasidiales","Tremellomycetes","Basidiomycota","Fungi",0.00152905198776758,NA,NA,0.00847457627118644,0,0,0,0,0,0,0,0,0,0,0,0,0,0,0,0,0.010989010989011,0,0,0,0,0,0,0,0,0,0,0,0,0,0,0,0,0,0,0,0,0,0,0,0,0,0,0,0,0,0,0,0,0,0,0,0,0,0,0.1,0,0,0,0,0,0,0,0,0,0,0,0,0,0,0,0,0,0,0,0,0,0,0,0,0,0,0,0,0,0,0,0,0,0,0,0,0,0,0,0,0
"551","Chalara","Helotiales_fam_Incertae_sedis","Helotiales","Leotiomycetes","Ascomycota","Fungi",0.00152905198776758,NA,NA,0.00847457627118644,0,0,0,0,0,0,0,0,0,0,0,0,0,0,0,0,0.010989010989011,0,0,0,0,0,0,0,0,0,0,0,0,0,0,0,0,0,0,0,0,0,0,0,0,0,0,0,0,0,0,0,0,0,0,0,0,0,0,0.1,0,0,0,0,0,0,0,0,0,0,0,0,0,0,0,0,0,0,0,0,0,0,0,0,0,0,0,0,0,0,0,0,0,0,0,0,0,0,0,0,0
"552","Cystofilobasidium","Cystofilobasidiaceae","Cystofilobasidiales","Tremellomycetes","Basidiomycota","Fungi",0.00305810397553517,NA,NA,0,0,0,0,0.0222222222222222,0,0,0,0,0,0,0,0,0,0,0,0,0.010989010989011,0,0,0,0,0.0294117647058824,0,0,0,0,0,0,0,0,0,0,0,0,0,0,0,0,0,0,0,0,0,0,0,0,0,0,0,0,0,0,0,0,0,0,0,0,0,0,0.1,0,0,0,0,0,0,0,0,0,0,0,0,0,0,0,0,0,0,0.0833333333333333,0,0,0,0,0,0,0,0,0,0,0,0,0,0,0,0,0
"553","uncl_Platygloeales","uncl_Platygloeales","Platygloeales","Pucciniomycetes","Basidiomycota","Fungi",0.00152905198776758,NA,NA,0.00847457627118644,0,0,0,0,0,0,0,0,0,0,0,0,0,0,0,0,0.010989010989011,0,0,0,0,0,0,0,0,0,0,0,0,0,0,0,0,0,0,0,0,0,0,0,0,0,0,0,0,0,0,0,0,0,0,0,0,0,0,0.1,0,0,0,0,0,0,0,0,0,0,0,0,0,0,0,0,0,0,0,0,0,0,0,0,0,0,0,0,0,0,0,0,0,0,0,0,0,0,0,0,0
"554","uncl_Glomerellales","uncl_Glomerellales","Glomerellales","Sordariomycetes","Ascomycota","Fungi",0.0305810397553517,NA,NA,0.0593220338983051,0,0,0,0.0666666666666667,0.0378378378378378,0,0,0,0,0,0,0,0,0,0,0,0,0,0.03125,0,0.0344827586206897,0.294117647058824,0.4,0,0,0,0,0,0,0,0,0,0,0,0,0,0,0,0,0,0,0,0,0,0,0,0,0,0,0,0,0,0,0,0,0,0,0,0,0,0,0,0,0,0,0,0.0833333333333333,0,0,0,0,0,0,0,0,0,0,0.0833333333333333,0.272727272727273,0.416666666666667,0.181818181818182,0.4,0.4,0,0,0,0,0,0,0,0,0,0,0,0,0,0
"555","uncl_Cladochytriales_fam_Incertae_sedis","Cladochytriales_fam_Incertae_sedis","Cladochytriales","Cladochytriomycetes","Chytridiomycota","Fungi",0.0168195718654434,NA,NA,0,0.04,0,0.0307692307692308,0.0444444444444444,0.0108108108108108,0,0,0,0,0,0,0,0,0,0,0,0.0769230769230769,0,0,0.0449438202247191,0,0,0,0,0,0,0,0,0,0,0,0,0,0,0,0,0,0,0,0,0,0,0,0,0,0,0,0,0,0,0,0,0,0,0,0,0.05,0.166666666666667,0.15,0,0.1,0,0.25,0,0,0,0,0,0,0,0,0,0.272727272727273,0.0833333333333333,0,0,0,0,0,0,0,0,0,0,0,0,0,0,0,0,0,0,0,0,0,0,0
"556","Ustilago","Ustilaginaceae","Ustilaginales","Ustilaginomycetes","Basidiomycota","Fungi",0.154434250764526,0.108108108108108,0,0.161016949152542,0.92,0.0377358490566038,0.161538461538462,0.1,0.135135135135135,0,0,0,0,0,0,0,0,0,0,0,0.56043956043956,0,0.03125,0.48314606741573,0.0344827586206897,0,0.05,0,0,0,0.0754716981132075,0,0,0,0,0,0,0,0,0,0,0,0,0,0,0,0,0,0,0,0,0,0,0,0,0,0,0,0,0,0.9,0.166666666666667,1,0.1,0.7,0,1,0,0,0,0.0833333333333333,0,0,0.9,1,0,0,0,1,0,0,0.0833333333333333,0,0,0,0.1,0,0,0,0,0,0,0,0.222222222222222,0.125,0.05,0,0,0,0,0
"557","Davidiellomyces","Cladosporiaceae","Capnodiales","Dothideomycetes","Ascomycota","Fungi",0.00152905198776758,NA,NA,0,0,0,0,0.0111111111111111,0,0,0,0,0,0,0,0,0,0,0,0,0.010989010989011,0,0,0,0,0,0,0,0,0,0,0,0,0,0,0,0,0,0,0,0,0,0,0,0,0,0,0,0,0,0,0,0,0,0,0,0,0,0,0,0,0,0,0.1,0,0,0,0,0,0,0,0,0,0,0,0,0,0,0,0,0,0,0,0,0,0,0,0,0,0,0,0,0,0,0,0,0,0,0,0,0
"558","uncl_Rhynchogastremataceae","Rhynchogastremataceae","Tremellales","Tremellomycetes","Basidiomycota","Fungi",0.00458715596330275,NA,NA,0,0,0,0.00769230769230769,0.0111111111111111,0.00540540540540541,0,0,0,0,0,0,0,0,0,0,0,0.032967032967033,0,0,0,0,0,0,0,0,0,0,0,0,0,0,0,0,0,0,0,0,0,0,0,0,0,0,0,0,0,0,0,0,0,0,0,0,0,0,0,0,0,0.05,0.1,0,0.0909090909090909,0,0,0,0,0,0,0,0,0,0,0,0,0,0,0,0,0,0,0,0,0,0,0,0,0,0,0,0,0,0,0,0,0,0,0
"559","uncl_Ascobolaceae","Ascobolaceae","Pezizales","Pezizomycetes","Ascomycota","Fungi",0.00458715596330275,NA,NA,0,0.04,0,0,0.0111111111111111,0.00540540540540541,0,0,0,0,0,0,0,0,0,0,0,0.010989010989011,0,0.0625,0,0,0,0,0,0,0,0,0,0,0,0,0,0,0,0,0,0,0,0,0,0,0,0,0,0,0,0,0,0,0,0,0,0,0,0,0,0.05,0,0,0,0,0,0,0,0,0,0.0833333333333333,0.111111111111111,0,0,0,0,0,0,0,0,0,0,0,0,0,0,0,0,0,0,0,0,0,0,0,0,0,0,0,0,0
"560","Eutypella","Diatrypaceae","Xylariales","Sordariomycetes","Ascomycota","Fungi",0.00152905198776758,NA,NA,0,0.04,0,0,0,0,0,0,0,0,0,0,0,0,0,0,0,0.010989010989011,0,0,0,0,0,0,0,0,0,0,0,0,0,0,0,0,0,0,0,0,0,0,0,0,0,0,0,0,0,0,0,0,0,0,0,0,0,0,0,0.05,0,0,0,0,0,0,0,0,0,0,0,0,0,0,0,0,0,0,0,0,0,0,0,0,0,0,0,0,0,0,0,0,0,0,0,0,0,0,0,0
"561","uncl_Stephanosporaceae","Stephanosporaceae","Agaricales","Agaricomycetes","Basidiomycota","Fungi",0.00611620795107034,NA,NA,0,0.04,0,0.0230769230769231,0,0,0,0,0,0,0,0,0,0.0588235294117647,0,0,0,0.010989010989011,0,0,0.0224719101123595,0,0,0,0,0,0,0,0,0,0,0,0,0,0,0,0,0,0,0,0,0,0,0,0,0,0,0,0,0,0.166666666666667,0,0,0,0,0,0,0.05,0,0,0,0,0,0,0,0,0,0,0,0,0,0,0.222222222222222,0,0,0,0,0,0,0,0,0,0,0,0,0,0,0,0,0,0,0,0,0,0,0,0,0
"562","Marchandiomyces","Corticiaceae","Corticiales","Agaricomycetes","Basidiomycota","Fungi",0.00458715596330275,NA,NA,0,0.04,0,0,0,0.0108108108108108,0,0,0,0.0714285714285714,0,0,0,0,0,0,0,0.010989010989011,0,0,0,0,0,0,0,0,0,0,0,0,0,0,0,0,0,0,0,0,0,0,0.166666666666667,0,0,0,0,0,0,0,0,0,0,0,0,0,0,0,0,0.05,0,0,0,0,0,0,0,0,0,0,0,0,0,0,0,0,0,0,0,0,0,0,0,0,0,0,0,0,0,0,0,0,0,0,0,0,0,0,0,0
"563","uncl_Cystobasidiaceae","Cystobasidiaceae","Cystobasidiales","Cystobasidiomycetes","Basidiomycota","Fungi",0.00611620795107034,NA,NA,0.0169491525423729,0,0,0,0,0.0108108108108108,0,0,0,0,0,0,0,0,0,0,0,0,0,0,0.0112359550561798,0.0689655172413793,0,0.05,0,0,0,0,0,0,0,0,0,0,0,0,0,0,0,0,0,0,0,0,0,0,0,0,0,0,0,0,0,0,0,0,0,0,0,0,0,0,0,0,0,0,0,0,0,0,0,0,0,0,0,0.05,0.0833333333333333,0,0.0833333333333333,0,0,0,0.1,0,0,0,0,0,0,0,0,0,0,0,0,0,0,0
"564","Macroconia","Nectriaceae","Hypocreales","Sordariomycetes","Ascomycota","Fungi",0.00305810397553517,NA,NA,0,0.08,0,0,0,0,0,0,0,0,0,0,0,0,0,0,0,0.021978021978022,0,0,0,0,0,0,0,0,0,0,0,0,0,0,0,0,0,0,0,0,0,0,0,0,0,0,0,0,0,0,0,0,0,0,0,0,0,0,0,0.1,0,0,0,0,0,0,0,0,0,0,0,0,0,0,0,0,0,0,0,0,0,0,0,0,0,0,0,0,0,0,0,0,0,0,0,0,0,0,0,0
"565","Irpex","Irpicaceae","Polyporales","Agaricomycetes","Basidiomycota","Fungi",0.00917431192660551,0.027027027027027,0,0,0,0.00943396226415094,0.0153846153846154,0,0.0162162162162162,0,0,0,0,0,0,0,0,0,0,0,0.032967032967033,0,0,0,0,0.0294117647058824,0,0.0454545454545455,0,0,0.0188679245283019,0,0,0,0,0,0,0,0,0,0,0,0,0,0,0,0,0,0,0,0,0,0,0,0,0,0,0,0,0,0,0,0.1,0,0,0.0909090909090909,0,0,0,0,0,0,0,0,0,0,0,0,0,0,0,0,0,0,0.0909090909090909,0,0,0,0.0833333333333333,0,0,0,0,0,0,0.05,0,0,0,0,0
"566","Serendipita","Serendipitaceae","Sebacinales","Agaricomycetes","Basidiomycota","Fungi",0.0902140672782875,NA,NA,0.161016949152542,0.16,0,0.0461538461538462,0.111111111111111,0.108108108108108,0,0.0588235294117647,0.3,0,0,0,0.0357142857142857,0.117647058823529,0.857142857142857,0,0,0.0769230769230769,0,0,0.146067415730337,0.0344827586206897,0.117647058823529,0.05,0,0,0,0,0.380952380952381,1,0,0,0,0.2,0.454545454545455,0.142857142857143,0.333333333333333,0.2,0,0,0,0,0,0,0,0,0,0,0.0909090909090909,0,0.333333333333333,0.857142857142857,0,0,0,0,0,0.15,0,0.05,0,0.1,0.0909090909090909,0.25,0,0,0,0,0,0.166666666666667,0.1,0.2,0.111111111111111,0.363636363636364,0.25,0,0,0,0.0833333333333333,0.272727272727273,0.0833333333333333,0,0,0.1,0,0,0,0,0,0,0,0,0,0,0,0.7,0.0909090909090909,1
"567","uncl_Verrucariaceae","Verrucariaceae","Verrucariales","Eurotiomycetes","Ascomycota","Fungi",0.00305810397553517,NA,NA,0,0,0,0,0,0.0108108108108108,0,0,0,0,0,0,0,0,0,0,0,0.021978021978022,0,0,0,0,0,0,0,0,0,0,0,0,0,0,0,0,0,0,0,0,0,0,0,0,0,0,0,0,0,0,0,0,0,0,0,0,0,0,0,0,0,0,0,0,0,0.5,0,0,0,0,0,0,0,0,0,0,0,0,0,0,0,0,0,0,0,0,0,0,0,0,0,0,0,0,0,0,0,0,0,0
"568","Polyporus","Polyporaceae","Polyporales","Agaricomycetes","Basidiomycota","Fungi",0.00152905198776758,NA,NA,0,0,0,0,0,0.00540540540540541,0,0,0,0,0,0,0,0,0,0,0,0.010989010989011,0,0,0,0,0,0,0,0,0,0,0,0,0,0,0,0,0,0,0,0,0,0,0,0,0,0,0,0,0,0,0,0,0,0,0,0,0,0,0,0,0,0,0,0,0,0.25,0,0,0,0,0,0,0,0,0,0,0,0,0,0,0,0,0,0,0,0,0,0,0,0,0,0,0,0,0,0,0,0,0,0
"569","Pseudolophiotrema","Pseudolophiotremataceae","Pleosporales","Dothideomycetes","Ascomycota","Fungi",0.00305810397553517,NA,NA,0,0.04,0,0,0,0.00540540540540541,0,0,0,0,0,0,0,0,0,0,0,0.010989010989011,0,0,0.0112359550561798,0,0,0,0,0,0,0,0,0,0,0,0,0,0,0,0,0,0,0,0,0,0,0,0,0,0,0,0,0,0,0,0,0,0,0,0,0.05,0,0,0,0,0,0,0,0,0,0,0,0,0,0,0,0,0.0833333333333333,0,0,0,0,0,0,0,0,0,0,0,0,0,0,0,0,0,0,0,0,0,0,0
"570","Mycetinis","Omphalotaceae","Agaricales","Agaricomycetes","Basidiomycota","Fungi",0.00458715596330275,NA,NA,0.00847457627118644,0,0,0,0,0.0108108108108108,0,0,0,0,0,0,0,0,0,0,0,0,0,0,0,0,0,0,0.136363636363636,0,0,0,0,0,0,0,0,0,0,0,0,0,0,0,0,0,0,0,0,0,0,0,0,0,0,0,0,0,0,0,0,0,0,0,0,0,0,0,0,0,0,0,0,0,0,0,0,0,0,0,0,0,0,0,0,0,0,0,0.1,0.166666666666667,0,0,0,0,0,0,0,0,0,0,0,0
"571","uncl_Helotiales_fam_Incertae_sedis","Helotiales_fam_Incertae_sedis","Helotiales","Leotiomycetes","Ascomycota","Fungi",0.0305810397553517,NA,NA,0.0932203389830508,0,0,0,0,0.0486486486486487,0,0,0,0,0,0,0,0,0,0,0,0,0,0.09375,0.0786516853932584,0,0.0588235294117647,0,0.363636363636364,0,0,0,0,0,0,0,0,0,0,0,0,0,0,0,0,0,0,0,0,0,0,0,0,0,0,0,0,0,0,0,0,0,0,0,0,0,0,0,0,0,0.181818181818182,0,0.111111111111111,0.0833333333333333,0.2,0,0,0,0.0833333333333333,0.05,0,0,0,0,0,0.181818181818182,0,0,0.4,0.333333333333333,0,0,0,0,0,0,0,0,0,0,0,0
"572","Pseudorobillarda","Pleosporales_fam_Incertae_sedis","Pleosporales","Dothideomycetes","Ascomycota","Fungi",0.018348623853211,NA,NA,0.0338983050847458,0.08,0,0,0,0.0324324324324324,0.0869565217391304,0,0,0,0,0,0,0,0,0,0,0.032967032967033,0,0,0.0112359550561798,0.0344827586206897,0.117647058823529,0.05,0,0,0,0,0,0,0,0.181818181818182,0,0,0,0,0,0,0,0,0,0,0,0,0,0,0,0,0,0,0,0,0,0,0,0,0.1,0.1,0,0,0,0,0,0,0,0,0,0,0,0,0,0,0,0,0,0.05,0.0833333333333333,0,0,0.181818181818182,0,0.181818181818182,0,0.1,0,0,0,0,0,0,0,0,0,0,0,0,0,0
"573","Tomentella","Thelephoraceae","Thelephorales","Agaricomycetes","Basidiomycota","Fungi",0.0657492354740061,NA,NA,0.0847457627118644,0.04,0,0.0538461538461538,0.0222222222222222,0.124324324324324,0.0869565217391304,0.235294117647059,0.05,0.357142857142857,0,0.142857142857143,0,0,0,0,0,0.010989010989011,0,0.03125,0.0449438202247191,0,0.0588235294117647,0.15,0.454545454545455,0,0,0,0,0,0.0833333333333333,0.0909090909090909,0,0.8,0,0.285714285714286,0,0,0,0,0.833333333333333,0,0,0,0,0.4,0,0,0,0,0,0,0,0,0,0,0,0.05,0,0,0,0,0,0,0,0,0,0.0833333333333333,0,0,0.05,0,0,0.0909090909090909,0.166666666666667,0,0,0,0,0.181818181818182,0,0,0.1,0.2,0.6,0.333333333333333,0,0,0,0,0,0,0,0,0,0,0,0
"574","Sistotrema","Hydnaceae","Cantharellales","Agaricomycetes","Basidiomycota","Fungi",0.036697247706422,0,0.0625,0.101694915254237,0.08,0,0.00769230769230769,0,0.0486486486486487,0,0,0,0,0,0,0,0,0.142857142857143,0,0,0.021978021978022,0,0.4375,0.0224719101123595,0,0,0.15,0,0,0,0.0188679245283019,0.0476190476190476,0,0,0,0,0,0,0,0,0,0,0,0,0,0,0,0,0,0,0,0,0,0,0.142857142857143,0,0,0,0,0,0.1,0,0,0,0,0,0,0,0,0.636363636363636,0,0.777777777777778,0,0.05,0,0,0,0.0833333333333333,0,0,0,0,0,0,0,0.3,0,0,0,0,0,0,0,0,0,0,0,0.0769230769230769,0.1,0,0
"575","Cortinarius","Cortinariaceae","Agaricales","Agaricomycetes","Basidiomycota","Fungi",0.0168195718654434,NA,NA,0.0338983050847458,0.04,0,0,0,0.0324324324324324,0.0434782608695652,0,0,0,0,0,0,0,0,0,0,0.010989010989011,0,0,0,0,0,0,0.409090909090909,0,0,0,0,0,0,0.0909090909090909,0,0,0,0,0,0,0,0,0,0,0,0,0,0,0,0,0,0,0,0,0,0,0,0,0,0.05,0,0,0,0,0,0,0,0,0,0,0,0,0,0,0,0,0,0,0,0,0,0,0,0,0,0,0.4,0.416666666666667,0,0,0,0,0,0,0,0,0,0,0,0
"576","uncl_Sarcosomataceae","Sarcosomataceae","Pezizales","Pezizomycetes","Ascomycota","Fungi",0.00917431192660551,NA,NA,0.00847457627118644,0.04,0,0,0.0111111111111111,0.0162162162162162,0,0,0,0,0,0,0,0,0,0,0,0.010989010989011,0,0,0.0112359550561798,0,0,0,0.181818181818182,0,0,0,0,0,0,0,0,0,0,0,0,0,0,0,0,0,0,0,0,0,0,0,0,0,0,0,0,0,0,0,0,0.05,0,0,0,0,0,0,0,0,0,0,0,0,0,0,0,0.0909090909090909,0,0,0,0,0,0,0,0,0,0,0.1,0.25,0,0,0,0,0,0,0,0,0,0,0,0
"577","Chaetocalathus","Marasmiaceae","Agaricales","Agaricomycetes","Basidiomycota","Fungi",0.00152905198776758,NA,NA,0,0,0,0,0,0.00540540540540541,0,0,0,0,0,0,0,0,0,0,0,0,0,0,0,0,0.0294117647058824,0,0,0,0,0,0,0,0,0,0,0,0,0,0,0,0,0,0,0,0,0,0,0,0,0,0,0,0,0,0,0,0,0,0,0,0,0,0,0,0,0,0,0,0,0,0,0,0,0,0,0,0,0,0,0,0,0,0,0.0909090909090909,0,0,0,0,0,0,0,0,0,0,0,0,0,0,0,0
"578","Camposporium","Melanommataceae","Pleosporales","Dothideomycetes","Ascomycota","Fungi",0.0214067278287462,NA,NA,0.0423728813559322,0.04,0,0,0,0.0432432432432432,0,0,0,0,0,0,0,0,0,0,0,0.010989010989011,0,0,0,0,0,0.65,0,0,0,0,0,0,0,0,0,0,0,0,0,0,0,0,0,0,0,0,0,0,0,0,0,0,0,0,0,0,0,0,0,0.05,0,0,0,0,0,0,0,0,0,0,0,0,0,0,0,0,0,0,0,0,0,0,0,0,0.5,0.8,0,0,0,0,0,0,0,0,0,0,0,0,0,0
"579","Backusella","Backusellaceae","Mucorales","Mucoromycetes","Mucoromycota","Fungi",0.00305810397553517,NA,NA,0,0,0,0,0,0.0108108108108108,0,0,0,0,0,0,0,0,0,0,0,0,0,0,0,0,0.0294117647058824,0.05,0,0,0,0,0,0,0,0,0,0,0,0,0,0,0,0,0,0,0,0,0,0,0,0,0,0,0,0,0,0,0,0,0,0,0,0,0,0,0,0,0,0,0,0,0,0,0,0,0,0,0,0,0,0,0,0,0,0.0909090909090909,0,0.1,0,0,0,0,0,0,0,0,0,0,0,0,0,0
"580","Piloderma","Pilodermataceae","Atheliales","Agaricomycetes","Basidiomycota","Fungi",0.00458715596330275,NA,NA,0.0254237288135593,0,0,0,0,0,0,0,0,0,0,0,0,0,0,0,0,0,0,0,0,0,0,0,0.136363636363636,0,0,0,0,0,0,0,0,0,0,0,0,0,0,0,0,0,0,0,0,0,0,0,0,0,0,0,0,0,0,0,0,0,0,0,0,0,0,0,0,0,0,0,0,0,0,0,0,0,0,0,0,0,0,0,0,0,0,0,0.3,0,0,0,0,0,0,0,0,0,0,0,0,0
"581","uncl_Malasseziaceae","Malasseziaceae","Malasseziales","Malasseziomycetes","Basidiomycota","Fungi",0.00458715596330275,NA,NA,0.00847457627118644,0,0,0.0153846153846154,0,0,0,0,0,0,0,0,0,0,0,0,0,0.021978021978022,0,0,0.0112359550561798,0,0,0,0,0,0,0,0,0,0,0,0,0,0,0,0,0,0,0,0,0,0,0,0,0,0,0,0,0,0,0,0,0,0,0,0,0,0,0.1,0,0,0,0,0,0,0,0,0,0,0.05,0,0,0,0,0,0,0,0,0,0,0,0,0,0,0,0,0,0,0,0,0,0,0,0,0,0,0
"582","Nectriopsis","Bionectriaceae","Hypocreales","Sordariomycetes","Ascomycota","Fungi",0.00152905198776758,NA,NA,0,0,0,0.00769230769230769,0,0,0,0,0,0,0,0,0,0,0,0,0,0.010989010989011,0,0,0,0,0,0,0,0,0,0,0,0,0,0,0,0,0,0,0,0,0,0,0,0,0,0,0,0,0,0,0,0,0,0,0,0,0,0,0,0,0,0.05,0,0,0,0,0,0,0,0,0,0,0,0,0,0,0,0,0,0,0,0,0,0,0,0,0,0,0,0,0,0,0,0,0,0,0,0,0,0
"583","Buckleyzyma","Buckleyzymaceae","Cystobasidiomycetes_ord_Incertae_sedis","Cystobasidiomycetes","Basidiomycota","Fungi",0.00152905198776758,NA,NA,0,0,0,0.00769230769230769,0,0,0,0,0,0,0,0,0,0,0,0,0,0.010989010989011,0,0,0,0,0,0,0,0,0,0,0,0,0,0,0,0,0,0,0,0,0,0,0,0,0,0,0,0,0,0,0,0,0,0,0,0,0,0,0,0,0,0.05,0,0,0,0,0,0,0,0,0,0,0,0,0,0,0,0,0,0,0,0,0,0,0,0,0,0,0,0,0,0,0,0,0,0,0,0,0,0
"584","Russula","Russulaceae","Russulales","Agaricomycetes","Basidiomycota","Fungi",0.0458715596330275,NA,NA,0.0677966101694915,0,0,0.0307692307692308,0.0555555555555556,0.0702702702702703,0.173913043478261,0,0,0,0,0.107142857142857,0,0,0,0,0.125,0,0,0.1875,0,0,0.0294117647058824,0,0.681818181818182,0,0,0,0,0,0.25,0.0909090909090909,0,0,0,0,0,0,0,0,0,0,0,0,0,0.3,0,0,0,0,0,0,0,0,1,0,0,0,0,0,0,0,0,0,0,0,0,0.416666666666667,0.111111111111111,0,0,0,0,0,0,0,0,0,0,0,0,0.0909090909090909,0,0,0.8,0.583333333333333,0,0,0,0,0,0,0,0,0,0,0,0
"585","uncl_Leotiales","uncl_Leotiales","Leotiales","Leotiomycetes","Ascomycota","Fungi",0.0122324159021407,NA,NA,0.0338983050847458,0,0,0,0.0111111111111111,0.0162162162162162,0,0,0,0,0,0,0,0,0,0,0,0.010989010989011,0,0,0.0112359550561798,0,0,0,0.272727272727273,0,0,0,0,0,0,0,0,0,0,0,0,0,0,0,0,0,0,0,0,0,0,0,0,0,0,0,0,0,0,0,0,0,0,0,0,0.1,0,0,0,0,0,0,0,0,0.05,0,0,0,0,0,0,0,0,0,0,0,0,0,0.3,0.25,0,0,0,0,0,0,0,0,0,0,0,0
"586","Physisporinus","Meripilaceae","Polyporales","Agaricomycetes","Basidiomycota","Fungi",0.00152905198776758,NA,NA,0,0,0,0,0.0111111111111111,0,0,0,0,0,0,0,0,0,0,0,0,0.010989010989011,0,0,0,0,0,0,0,0,0,0,0,0,0,0,0,0,0,0,0,0,0,0,0,0,0,0,0,0,0,0,0,0,0,0,0,0,0,0,0,0,0,0,0,0.1,0,0,0,0,0,0,0,0,0,0,0,0,0,0,0,0,0,0,0,0,0,0,0,0,0,0,0,0,0,0,0,0,0,0,0,0
"587","Populomyces","Calloriaceae","Helotiales","Leotiomycetes","Ascomycota","Fungi",0.00917431192660551,NA,NA,0,0,0,0,0.0555555555555556,0.00540540540540541,0,0,0,0,0,0,0,0,0,0,0,0.010989010989011,0,0.0625,0,0,0.0882352941176471,0,0,0,0,0,0,0,0,0,0,0,0,0,0,0,0,0,0,0,0,0,0,0,0,0,0,0,0,0,0,0,0,0,0,0,0,0,0,0.1,0,0,0,0,0,0.166666666666667,0,0,0,0,0,0,0,0,0,0,0,0,0.166666666666667,0.0909090909090909,0,0,0,0,0,0,0,0,0,0,0,0,0,0,0,0
"588","Minutisphaera","Minutisphaeraceae","Minutisphaerales","Dothideomycetes","Ascomycota","Fungi",0.0290519877675841,NA,NA,0.0423728813559322,0.04,0,0.0384615384615385,0.0111111111111111,0.0378378378378378,0,0,0,0,0,0,0,0,0,0,0,0,0.266666666666667,0,0.0786516853932584,0,0,0,0.0909090909090909,0,0.8,0,0.0952380952380952,0,0,0,0,0,0,0,0,0,0,0,0,0,0,0,0,0,0,0,0,0,0,0,0,0,0,0,0,0,0,0,0,0,0,0,0.75,0.0909090909090909,0,0,0,0.0833333333333333,0.15,0.2,0,0,0,0.1,0,0,0,0,0,0,0,0,0,0.166666666666667,0,0,1,1,0,0,0,0,0,0.1,0.0909090909090909,0
"589","Rhinocladiella","Herpotrichiellaceae","Chaetothyriales","Eurotiomycetes","Ascomycota","Fungi",0.00305810397553517,NA,NA,0,0,0,0,0,0.0108108108108108,0,0,0,0,0,0,0,0,0,0,0,0.010989010989011,0,0,0,0.0344827586206897,0,0,0,0,0,0,0,0,0,0,0,0,0,0,0,0,0,0,0,0,0,0,0,0,0,0,0,0,0,0,0,0,0,0,0,0,0,0,0,0,0.0909090909090909,0,0,0,0,0,0,0,0,0,0,0,0,0,0,0,0.0833333333333333,0,0,0,0,0,0,0,0,0,0,0,0,0,0,0,0,0,0,0
"590","uncl_Olpidiomycetes","uncl_Olpidiomycetes","uncl_Olpidiomycetes","Olpidiomycetes","Olpidiomycota","Fungi",0.00152905198776758,NA,NA,0,0,0,0.00769230769230769,0,0,0,0,0,0,0,0,0,0,0,0,0,0,0.0666666666666667,0,0,0,0,0,0,0,0,0,0,0,0,0,0,0,0,0,0,0,0,0,0,0,0,0,0,0,0,0,0,0,0,0,0,0,0,0,0,0,0,0,0,0,0,0,0.25,0,0,0,0,0,0,0,0,0,0,0,0,0,0,0,0,0,0,0,0,0,0,0,0,0,0,0,0,0,0,0,0,0
"591","Ramophialophora","Bombardiaceae","Sordariales","Sordariomycetes","Ascomycota","Fungi",0.00305810397553517,NA,NA,0,0,0,0,0.0222222222222222,0,0,0,0,0,0,0,0,0,0,0,0,0,0,0.0625,0,0,0,0,0,0,0,0,0,0,0,0,0,0,0,0,0,0,0,0,0,0,0,0,0,0,0,0,0,0,0,0,0,0,0,0,0,0,0,0,0,0,0,0,0,0,0,0.166666666666667,0,0,0,0,0,0,0,0,0,0,0,0,0,0,0,0,0,0,0,0,0,0,0,0,0,0,0,0,0,0
"592","Urocystis","Urocystidaceae","Urocystidales","Ustilaginomycetes","Basidiomycota","Fungi",0.00152905198776758,NA,NA,0,0,0,0.00769230769230769,0,0,0,0,0,0,0,0,0,0,0,0,0,0,0.0666666666666667,0,0,0,0,0,0,0,0,0,0,0,0,0,0,0,0,0,0,0,0,0,0,0,0,0,0,0,0,0,0,0,0,0,0,0,0,0,0,0,0,0,0,0,0,0,0.25,0,0,0,0,0,0,0,0,0,0,0,0,0,0,0,0,0,0,0,0,0,0,0,0,0,0,0,0,0,0,0,0,0
"593","Pseudoechria","Schizotheciaceae","Sordariales","Sordariomycetes","Ascomycota","Fungi",0.0122324159021407,NA,NA,0.0423728813559322,0,0,0,0,0.0162162162162162,0,0,0,0,0,0,0,0,0,0,0,0,0,0.1875,0,0.0344827586206897,0.0294117647058824,0,0,0,0,0,0,0,0,0,0,0,0,0,0,0,0,0,0,0,0,0,0,0,0,0,0,0,0,0,0,0,0,0,0,0,0,0,0,0,0,0,0,0,0.454545454545455,0,0.111111111111111,0,0,0,0,0,0,0,0,0,0.0833333333333333,0,0,0.0909090909090909,0,0,0,0,0,0,0,0,0,0,0,0,0,0,0,0
"594","Absidia","Cunninghamellaceae","Mucorales","Mucoromycetes","Mucoromycota","Fungi",0.0764525993883792,NA,NA,0.203389830508475,0,0,0.0307692307692308,0.0111111111111111,0.113513513513514,0,0,0,0,0,0.107142857142857,0.0357142857142857,0,0,0,0.125,0.153846153846154,0,0.34375,0.0112359550561798,0.172413793103448,0.0882352941176471,0,0.272727272727273,0,0.6,0,0.0952380952380952,0,0,0,0,0,0,0,0,0,0,0,0,0,0,0,0,0.3,0,0.0833333333333333,0,0,0,0,0,0,0,0.142857142857143,0.7,0,0,0.15,0,0,0.363636363636364,0,0,0,0.818181818181818,0,0.222222222222222,0,0,0,0.111111111111111,0,0,0,0.166666666666667,0,0.25,0.181818181818182,0,0.0909090909090909,0,0,0.2,0.333333333333333,0,1,0,1,0,0,0,0,0,0.1,0.0909090909090909,0
"595","Aspergillus","Aspergillaceae","Eurotiales","Eurotiomycetes","Ascomycota","Fungi",0.0305810397553517,NA,NA,0.076271186440678,0.08,0.00943396226415094,0.0153846153846154,0.0222222222222222,0.0216216216216216,0,0,0,0,0.0625,0,0.0357142857142857,0,0,0,0,0.0879120879120879,0,0.21875,0,0.0344827586206897,0.0588235294117647,0,0,0,0,0,0,0,0,0,0,0,0,0,0,0,0,0,0,0.0909090909090909,0,0,0,0,0,0,0.0909090909090909,0,0,0,0,0,0,0,0.2,0.1,0,0.1,0,0.1,0.0909090909090909,0,0,0,0.545454545454545,0,0.111111111111111,0,0,0,0,0,0,0,0,0,0.0833333333333333,0.0909090909090909,0.0833333333333333,0,0,0,0,0,0,0,0,0,0,0,0,0,0,0,0,0
"596","Hypoxylon","Hypoxylaceae","Xylariales","Sordariomycetes","Ascomycota","Fungi",0.00458715596330275,0.027027027027027,0,0.0169491525423729,0,0.00943396226415094,0,0,0,0,0,0,0,0,0,0,0,0,0,0,0,0,0.0625,0,0,0,0,0,0,0,0.0188679245283019,0,0,0,0,0,0,0,0,0,0,0,0,0,0,0,0,0,0,0,0,0,0,0,0,0,0,0,0,0,0,0,0,0,0,0,0,0,0,0.181818181818182,0,0,0,0,0,0,0,0,0,0,0,0,0,0,0,0,0,0,0,0,0,0,0,0.111111111111111,0,0,0,0,0,0,0
"597","Metarhizium","Clavicipitaceae","Hypocreales","Sordariomycetes","Ascomycota","Fungi",0.0152905198776758,NA,NA,0.0423728813559322,0,0,0,0,0.027027027027027,0,0,0,0,0,0,0,0,0,0,0,0,0,0.03125,0.0224719101123595,0.0344827586206897,0,0.25,0.0454545454545455,0,0,0,0,0,0,0,0,0,0,0,0,0,0,0,0,0,0,0,0,0,0,0,0,0,0,0,0,0,0,0,0,0,0,0,0,0,0,0,0,0,0.0909090909090909,0,0,0,0,0,0,0,0.0833333333333333,0.05,0,0,0.0833333333333333,0,0,0,0.3,0.2,0.1,0,0,0,0,0,0,0,0,0,0,0,0,0
"598","Stropharia","Strophariaceae","Agaricales","Agaricomycetes","Basidiomycota","Fungi",0.0458715596330275,NA,NA,0.11864406779661,0.12,0,0.0538461538461538,0,0.0324324324324324,0,0,0,0,0,0,0.142857142857143,0,0,0,0,0.0879120879120879,0,0.09375,0.101123595505618,0.172413793103448,0,0.05,0,0,0,0,0,0,0,0,0,0,0,0,0,0,0,0,0,0,0,0,0,0,0.4,0,0.181818181818182,0,0,0,0,0,0,0,0.1,0.15,0.166666666666667,0.15,0,0,0,0,0,0,0.181818181818182,0,0.111111111111111,0.5,0,0,0.111111111111111,0,0.166666666666667,0,0.333333333333333,0,0.0833333333333333,0,0,0,0.1,0,0,0,0,0,0,0,0,0,0,0,0,0,0,0
"599","Septoriella","Phaeosphaeriaceae","Pleosporales","Dothideomycetes","Ascomycota","Fungi",0.0137614678899083,NA,NA,0.0169491525423729,0,0,0,0.0555555555555556,0.0108108108108108,0,0,0,0,0,0,0,0,0,0,0,0,0,0.0625,0,0,0.176470588235294,0.05,0,0,0,0,0,0,0,0,0,0,0,0,0,0,0,0,0,0,0,0,0,0,0,0,0,0,0,0,0,0,0,0,0,0,0,0,0,0,0,0,0,0,0.0909090909090909,0.0833333333333333,0,0,0,0,0,0,0,0,0,0,0,0,0.333333333333333,0.181818181818182,0.1,0,0,0,0,0,0,0,0,0,0,0,0,0,0,0
"600","Clonostachys","Bionectriaceae","Hypocreales","Sordariomycetes","Ascomycota","Fungi",0.018348623853211,NA,NA,0.0338983050847458,0,0,0,0.0666666666666667,0.0108108108108108,0,0,0,0,0,0,0,0,0,0,0,0,0,0.25,0.0112359550561798,0,0.0588235294117647,0.05,0,0,0,0,0,0,0,0,0,0,0,0,0,0,0,0,0,0,0,0,0,0,0,0,0,0,0,0,0,0,0,0,0,0,0,0,0,0,0,0,0,0,0.272727272727273,0.416666666666667,0,0.0833333333333333,0,0,0,0,0,0,0,0,0,0,0.0833333333333333,0.0909090909090909,0,0.1,0,0,0,0,0,0,0,0,0,0,0,0,0,0
"601","Fusicolla","Nectriaceae","Hypocreales","Sordariomycetes","Ascomycota","Fungi",0.0137614678899083,NA,NA,0.0338983050847458,0,0,0,0,0.027027027027027,0,0,0,0,0,0,0,0,0,0,0,0,0,0.1875,0.0112359550561798,0,0.0294117647058824,0,0.0454545454545455,0,0,0,0,0,0,0,0,0,0,0,0,0,0,0,0,0,0,0,0,0,0,0,0,0,0,0,0,0,0,0,0,0,0,0,0,0,0,0,0,0,0.363636363636364,0,0.222222222222222,0,0,0,0,0,0,0.05,0,0,0,0,0,0.0909090909090909,0,0,0,0.0833333333333333,0,0,0,0,0,0,0,0,0,0,0,0
"602","Myrothecium","Stachybotryaceae","Hypocreales","Sordariomycetes","Ascomycota","Fungi",0.0214067278287462,NA,NA,0.0508474576271186,0,0,0,0.0444444444444444,0.0216216216216216,0,0,0,0,0,0,0.0357142857142857,0,0,0,0,0,0,0.1875,0,0,0.0294117647058824,0.25,0,0,0.2,0,0,0,0,0,0,0,0,0,0,0,0,0,0,0,0,0,0,0,0,0.0833333333333333,0,0,0,0,0,0,0,0,0,0,0,0,0,0,0,0,0,0,0.181818181818182,0.25,0.111111111111111,0,0,0,0,0,0,0,0,0,0,0,0,0.0909090909090909,0.3,0.2,0,0,0,1,0,0,0,0,0,0,0,0,0,0
"603","Paraphaeosphaeria","Didymosphaeriaceae","Pleosporales","Dothideomycetes","Ascomycota","Fungi",0.0275229357798165,NA,NA,0.0338983050847458,0,0,0,0.0888888888888889,0.0324324324324324,0,0,0,0,0,0,0,0,0,0,0,0,0,0.15625,0.0449438202247191,0,0.205882352941176,0.05,0,0,0,0,0.0476190476190476,0,0,0,0,0,0,0,0,0,0,0,0,0,0,0,0,0,0,0,0,0,0,0,0,0,0,0,0,0,0,0,0,0,0,0,0,0,0.0909090909090909,0.333333333333333,0,0,0.05,0,0,0,0,0.15,0,0,0,0.0909090909090909,0.333333333333333,0.181818181818182,0,0.1,0,0,0,0,0,0,0,0,0,0,0,0.1,0,0
"604","Lentinus","Polyporaceae","Polyporales","Agaricomycetes","Basidiomycota","Fungi",0.00152905198776758,NA,NA,0.00847457627118644,0,0,0,0,0,0,0,0,0,0,0,0,0,0,0,0,0,0,0.03125,0,0,0,0,0,0,0,0,0,0,0,0,0,0,0,0,0,0,0,0,0,0,0,0,0,0,0,0,0,0,0,0,0,0,0,0,0,0,0,0,0,0,0,0,0,0,0.0909090909090909,0,0,0,0,0,0,0,0,0,0,0,0,0,0,0,0,0,0,0,0,0,0,0,0,0,0,0,0,0,0,0
"605","Trechispora","Hydnodontaceae","Trechisporales","Agaricomycetes","Basidiomycota","Fungi",0.0657492354740061,0.027027027027027,0,0.0847457627118644,0.12,0.00943396226415094,0.0230769230769231,0.0444444444444444,0.118918918918919,0,0,0.05,0,0,0.107142857142857,0,0,0,0,0,0.142857142857143,0,0.28125,0.0561797752808989,0.103448275862069,0,0.2,0.0454545454545455,0,0,0.0188679245283019,0.0952380952380952,0,0,0,0,0,0.0909090909090909,0,0,0.1,0,0,0,0,0,0,0,0.3,0,0,0,0,0,0,0,0,0,0,0.1,0.15,0,0.15,0.2,0.2,0.181818181818182,0,0,0,0.272727272727273,0,0.666666666666667,0,0.1,0,0,0,0.0833333333333333,0.1,0.166666666666667,0,0.0833333333333333,0,0,0,0.1,0.3,0,0.0833333333333333,0,0,0,0,0.111111111111111,0,0,0,0,0,0.181818181818182,0
"606","Chaetomium","Chaetomiaceae","Sordariales","Sordariomycetes","Ascomycota","Fungi",0.00458715596330275,NA,NA,0.00847457627118644,0,0,0,0,0.0108108108108108,0,0,0,0,0,0,0,0,0,0,0,0,0,0.09375,0,0,0,0,0,0,0,0,0,0,0,0,0,0,0,0,0,0,0,0,0,0,0,0,0,0,0,0,0,0,0,0,0,0,0,0,0,0,0,0,0,0,0,0,0,0,0.0909090909090909,0,0.222222222222222,0,0,0,0,0,0,0,0,0,0,0,0,0,0,0,0,0,0,0,0,0,0,0,0,0,0,0,0,0
"607","Dissophora","Mortierellaceae","Mortierellales","Mortierellomycetes","Mortierellomycota","Fungi",0.0168195718654434,NA,NA,0.0677966101694915,0,0,0,0,0.0162162162162162,0,0,0,0,0,0,0,0,0,0,0,0,0,0.09375,0.0112359550561798,0,0,0.25,0.0909090909090909,0,0,0,0,0,0,0,0,0,0,0,0,0,0,0,0,0,0,0,0,0,0,0,0,0,0,0,0,0,0,0,0,0,0,0,0,0,0,0,0,0,0.181818181818182,0,0.111111111111111,0,0.05,0,0,0,0,0,0,0,0,0,0,0,0.3,0.2,0.2,0,0,0,0,0,0,0,0,0,0,0,0,0
"608","Paraglomus","Paraglomeraceae","Paraglomerales","Paraglomeromycetes","Glomeromycota","Fungi",0.00764525993883792,NA,NA,0.0254237288135593,0,0,0,0,0.0108108108108108,0,0,0,0,0,0,0,0,0,0,0,0,0,0.09375,0,0,0,0.1,0,0,0,0,0,0,0,0,0,0,0,0,0,0,0,0,0,0,0,0,0,0,0,0,0,0,0,0,0,0,0,0,0,0,0,0,0,0,0,0,0,0,0.0909090909090909,0,0.222222222222222,0,0,0,0,0,0,0,0,0,0,0,0,0,0.2,0,0,0,0,0,0,0,0,0,0,0,0,0,0,0
"609","Apiospora","Apiosporaceae","Xylariales","Sordariomycetes","Ascomycota","Fungi",0.0168195718654434,NA,NA,0.0254237288135593,0,0,0,0.0444444444444444,0.0216216216216216,0,0,0,0,0,0,0,0,0,0,0,0.010989010989011,0,0.0625,0,0.0344827586206897,0.176470588235294,0,0,0,0,0,0.0476190476190476,0,0,0,0,0,0,0,0,0,0,0,0,0,0,0,0,0,0,0,0,0,0,0,0,0,0,0,0,0,0,0,0,0,0.0909090909090909,0,0,0,0,0.166666666666667,0,0,0,0,0,0,0,0,0.0833333333333333,0,0,0.0909090909090909,0.166666666666667,0.272727272727273,0,0,0,0,0,0,0,0,0,0,0,0,0,0.1,0,0
"610","uncl_Trimorphomycetaceae","Trimorphomycetaceae","Tremellales","Tremellomycetes","Basidiomycota","Fungi",0.00152905198776758,NA,NA,0.00847457627118644,0,0,0,0,0,0,0,0,0,0,0,0,0,0,0,0,0,0,0.03125,0,0,0,0,0,0,0,0,0,0,0,0,0,0,0,0,0,0,0,0,0,0,0,0,0,0,0,0,0,0,0,0,0,0,0,0,0,0,0,0,0,0,0,0,0,0,0.0909090909090909,0,0,0,0,0,0,0,0,0,0,0,0,0,0,0,0,0,0,0,0,0,0,0,0,0,0,0,0,0,0,0
"611","Pyrenochaetopsis","Cucurbitariaceae","Pleosporales","Dothideomycetes","Ascomycota","Fungi",0.081039755351682,NA,NA,0.161016949152542,0.04,0,0,0.144444444444444,0.108108108108108,0,0,0,0,0,0,0,0,0.285714285714286,0,0,0.021978021978022,0,0.28125,0.0337078651685393,0.0344827586206897,0.235294117647059,0.7,0,0,0.2,0,0.571428571428571,0.333333333333333,0,0,0,0,0,0,0,0,0,0,0,0,0,0,0,0,0,0,0,0,0,0.285714285714286,0,0,0,0,0,0.05,0,0,0,0.1,0,0,0,0,0.272727272727273,0.416666666666667,0.111111111111111,0,0,0,0,0,0,0.15,0.0833333333333333,0,0,0,0.583333333333333,0.0909090909090909,0.6,0.8,0,0,0,1,0,0,0,0,0,0,0,0.8,0.363636363636364,0.333333333333333
"612","Keithomyces","Clavicipitaceae","Hypocreales","Sordariomycetes","Ascomycota","Fungi",0.00764525993883792,NA,NA,0,0,0,0,0.0444444444444444,0.00540540540540541,0,0,0,0,0,0,0,0,0,0,0,0,0,0.125,0,0,0.0294117647058824,0,0,0,0,0,0,0,0,0,0,0,0,0,0,0,0,0,0,0,0,0,0,0,0,0,0,0,0,0,0,0,0,0,0,0,0,0,0,0,0,0,0,0,0,0.333333333333333,0,0,0,0,0,0,0,0,0,0,0,0,0,0.0909090909090909,0,0,0,0,0,0,0,0,0,0,0,0,0,0,0,0
"613","Pseudomicrodochium","Hypocreales_fam_Incertae_sedis","Hypocreales","Sordariomycetes","Ascomycota","Fungi",0.00611620795107034,NA,NA,0,0,0,0,0.0444444444444444,0,0,0,0,0,0,0,0,0,0,0,0,0,0,0.0625,0,0,0.0588235294117647,0,0,0,0,0,0,0,0,0,0,0,0,0,0,0,0,0,0,0,0,0,0,0,0,0,0,0,0,0,0,0,0,0,0,0,0,0,0,0,0,0,0,0,0,0.166666666666667,0,0,0,0,0,0,0,0,0,0,0,0,0.166666666666667,0,0,0,0,0,0,0,0,0,0,0,0,0,0,0,0,0
"614","Tuber","Tuberaceae","Pezizales","Pezizomycetes","Ascomycota","Fungi",0.0259938837920489,NA,NA,0.0423728813559322,0,0,0.0307692307692308,0.0333333333333333,0.027027027027027,0.130434782608696,0.0588235294117647,0,0,0,0.0357142857142857,0,0,0,0.0454545454545455,0,0,0,0.09375,0,0,0.0294117647058824,0.05,0.272727272727273,0,0,0,0,0,0.166666666666667,0.0909090909090909,0,0.2,0,0,0,0,0,0,0,0,0,0,0,0.1,0,0,0,0,0,0,0,0.1,0,0,0,0,0,0,0,0,0,0,0,0,0,0.25,0,0,0,0,0,0,0,0,0,0,0,0.0909090909090909,0,0,0.1,0,0.3,0.25,0,0,0,0,0,0,0,0,0,0,0,0
"615","Entorrhiza","Entorrhizaceae","Entorrhizales","Entorrhizomycetes","Entorrhizomycota","Fungi",0.0107033639143731,NA,NA,0.0254237288135593,0,0,0.00769230769230769,0.0111111111111111,0.0108108108108108,0,0,0,0,0,0,0,0,0,0,0,0,0,0.03125,0.0449438202247191,0,0,0.1,0,0,0,0,0,0,0,0,0,0,0,0,0,0,0,0,0,0,0,0,0,0,0,0,0,0,0,0,0,0,0,0,0,0,0,0,0,0,0,0,0,0,0,0.0833333333333333,0,0.0833333333333333,0.05,0,0.111111111111111,0,0,0.05,0,0,0,0,0,0,0.1,0.1,0,0,0,0,0,0,0,0,0,0,0,0,0,0
"616","Dioszegia","Bulleribasidiaceae","Tremellales","Tremellomycetes","Basidiomycota","Fungi",0.00611620795107034,NA,NA,0,0,0,0.00769230769230769,0,0.0162162162162162,0,0,0,0,0,0,0,0,0,0,0,0,0,0,0.0449438202247191,0,0,0,0,0,0,0,0,0,0,0,0,0,0,0,0,0,0,0,0,0,0,0,0,0,0,0,0,0,0,0,0,0,0,0,0,0,0,0,0,0,0,0,0,0,0,0,0,0,0,0,0.111111111111111,0,0,0.15,0,0,0,0,0,0,0,0,0,0,0,0,0,0,0,0,0,0,0,0,0,0
"617","uncl_Teichosporaceae","Teichosporaceae","Pleosporales","Dothideomycetes","Ascomycota","Fungi",0.0168195718654434,NA,NA,0.00847457627118644,0.04,0,0,0.0111111111111111,0.0432432432432432,0,0,0,0,0,0,0,0,0,0,0,0.032967032967033,0,0.125,0,0,0.117647058823529,0,0,0,0,0,0,0,0,0,0,0,0,0,0,0,0,0,0,0,0,0,0,0,0,0,0,0,0,0,0,0,0,0,0,0.05,0,0,0,0,0.181818181818182,0,0,0,0.0909090909090909,0.0833333333333333,0.222222222222222,0,0,0,0,0,0,0,0,0,0,0,0,0.363636363636364,0,0,0,0,0,0,0,0,0,0,0,0,0,0,0,0
"618","Cystoagaricus","Agaricaceae","Agaricales","Agaricomycetes","Basidiomycota","Fungi",0.00764525993883792,NA,NA,0.0169491525423729,0,0,0,0.0222222222222222,0.00540540540540541,0,0,0,0,0,0,0,0,0,0,0,0,0,0.03125,0.0449438202247191,0,0,0,0,0,0,0,0,0,0,0,0,0,0,0,0,0,0,0,0,0,0,0,0,0,0,0,0,0,0,0,0,0,0,0,0,0,0,0,0,0,0,0,0,0,0,0.0833333333333333,0,0,0.1,0,0,0.0909090909090909,0,0.05,0,0,0,0,0,0,0,0,0,0,0,0,0,0,0,0,0,0,0,0,0,0
"619","Wongia","Papulosaceae","Sordariomycetes_ord_Incertae_sedis","Sordariomycetes","Ascomycota","Fungi",0.0198776758409786,NA,NA,0.0508474576271186,0,0,0,0,0.0378378378378378,0,0,0,0,0,0,0,0,0,0,0,0,0,0.0625,0,0.0689655172413793,0,0.45,0,0,0,0,0,0,0,0,0,0,0,0,0,0,0,0,0,0,0,0,0,0,0,0,0,0,0,0,0,0,0,0,0,0,0,0,0,0,0,0,0,0,0,0,0.222222222222222,0,0,0,0,0,0,0,0.166666666666667,0,0,0,0,0,0.4,0.5,0,0,0,0,0,0,0,0,0,0,0,0,0,0
"620","Nigrograna","Nigrogranaceae","Pleosporales","Dothideomycetes","Ascomycota","Fungi",0.00152905198776758,NA,NA,0,0,0,0,0,0.00540540540540541,0,0,0,0,0,0,0,0,0,0,0,0,0,0,0,0,0.0294117647058824,0,0,0,0,0,0,0,0,0,0,0,0,0,0,0,0,0,0,0,0,0,0,0,0,0,0,0,0,0,0,0,0,0,0,0,0,0,0,0,0,0,0,0,0,0,0,0,0,0,0,0,0,0,0,0,0,0,0,0.0909090909090909,0,0,0,0,0,0,0,0,0,0,0,0,0,0,0,0
"621","uncl_Archaeosporales","uncl_Archaeosporales","Archaeosporales","Archaeosporomycetes","Glomeromycota","Fungi",0.00458715596330275,NA,NA,0,0,0,0,0,0.0162162162162162,0,0,0,0,0,0,0,0,0,0,0,0,0,0.03125,0,0.0689655172413793,0,0,0,0,0,0,0,0,0,0,0,0,0,0,0,0,0,0,0,0,0,0,0,0,0,0,0,0,0,0,0,0,0,0,0,0,0,0,0,0,0,0,0,0,0,0,0.111111111111111,0,0,0,0,0,0,0,0,0,0.166666666666667,0,0,0,0,0,0,0,0,0,0,0,0,0,0,0,0,0,0,0
"622","uncl_Chytridiomycetes","uncl_Chytridiomycetes","uncl_Chytridiomycetes","Chytridiomycetes","Chytridiomycota","Fungi",0.00152905198776758,NA,NA,0.00847457627118644,0,0,0,0,0,0,0,0,0,0,0,0,0,0,0,0,0,0,0,0.0112359550561798,0,0,0,0,0,0,0,0,0,0,0,0,0,0,0,0,0,0,0,0,0,0,0,0,0,0,0,0,0,0,0,0,0,0,0,0,0,0,0,0,0,0,0,0,0,0,0,0,0.0833333333333333,0,0,0,0,0,0,0,0,0,0,0,0,0,0,0,0,0,0,0,0,0,0,0,0,0,0,0,0
"623","uncl_Sordariaceae","Sordariaceae","Sordariales","Sordariomycetes","Ascomycota","Fungi",0.00152905198776758,NA,NA,0,0,0,0,0,0.00540540540540541,0,0,0,0,0,0,0,0,0,0,0,0,0,0.03125,0,0,0,0,0,0,0,0,0,0,0,0,0,0,0,0,0,0,0,0,0,0,0,0,0,0,0,0,0,0,0,0,0,0,0,0,0,0,0,0,0,0,0,0,0,0,0,0,0.111111111111111,0,0,0,0,0,0,0,0,0,0,0,0,0,0,0,0,0,0,0,0,0,0,0,0,0,0,0,0,0
"624","uncl_Elaphomycetaceae","Elaphomycetaceae","Eurotiales","Eurotiomycetes","Ascomycota","Fungi",0.00152905198776758,NA,NA,0,0,0,0,0,0.00540540540540541,0,0,0,0,0,0,0,0,0,0,0,0,0,0.03125,0,0,0,0,0,0,0,0,0,0,0,0,0,0,0,0,0,0,0,0,0,0,0,0,0,0,0,0,0,0,0,0,0,0,0,0,0,0,0,0,0,0,0,0,0,0,0,0,0.111111111111111,0,0,0,0,0,0,0,0,0,0,0,0,0,0,0,0,0,0,0,0,0,0,0,0,0,0,0,0,0
"625","Extremopsis","Extremaceae","Mycosphaerellales","Dothideomycetes","Ascomycota","Fungi",0.00611620795107034,0.0540540540540541,0.0625,0,0,0.0188679245283019,0.0153846153846154,0,0,0,0,0,0,0,0,0,0,0,0,0,0,0,0,0,0.0344827586206897,0,0,0,0,0,0.0566037735849057,0,0,0,0,0,0,0,0,0,0,0,0,0,0,0,0,0,0,0,0,0,0,0,0,0,0,0,0,0,0,0,0,0,0,0,0,0,0,0,0,0,0,0,0,0,0,0,0,0,0.2,0,0,0,0,0,0,0,0,0,0,0,0,0,0,0.1,0,0.0769230769230769,0,0,0
"626","uncl_Atractosporales","uncl_Atractosporales","Atractosporales","Sordariomycetes","Ascomycota","Fungi",0.0275229357798165,NA,NA,0.0932203389830508,0,0,0,0,0.0378378378378378,0,0,0,0,0,0.0357142857142857,0,0,0,0,0,0,0,0,0.112359550561798,0,0,0.3,0.0454545454545455,0,0,0,0,0,0,0,0,0,0,0,0,0,0,0,0,0,0,0,0,0.1,0,0,0,0,0,0,0,0,0,0,0,0,0,0,0,0,0,0,0,0,0,0,0,0.333333333333333,0.1,0,0,0,0.166666666666667,0.1,0,0,0,0,0,0,0.5,0.1,0,0.0833333333333333,0,0,0,0,0,0,0,0,0,0,0,0
"627","Geoglossum","Geoglossaceae","Geoglossales","Geoglossomycetes","Ascomycota","Fungi",0.0351681957186544,NA,NA,0.0593220338983051,0.04,0,0.0384615384615385,0.0444444444444444,0.0324324324324324,0,0,0,0,0,0,0,0,0,0,0,0,0,0.03125,0.213483146067416,0,0,0,0.0454545454545455,0,0.4,0,0,0,0,0,0,0,0,0,0,0,0,0,0,0,0,0,0,0,0,0,0,0,0,0,0,0,0,0,0,0,0,0,0,0,0,0,0,0,0.0909090909090909,0,0,0.333333333333333,0.05,0.2,0.333333333333333,0.363636363636364,0.416666666666667,0.05,0,0,0,0,0,0,0,0,0.1,0,0,0,1,0,0,0,0,0,0,0,0,0
"628","Clavaria","Clavariaceae","Agaricales","Agaricomycetes","Basidiomycota","Fungi",0.0871559633027523,NA,NA,0.194915254237288,0.04,0,0.0230769230769231,0.0222222222222222,0.151351351351351,0,0,0,0.0714285714285714,0,0,0,0,0.285714285714286,0,0,0.021978021978022,0,0,0.382022471910112,0,0,0.25,0.318181818181818,0,0.4,0,0.0952380952380952,0.333333333333333,0,0,0,0,0,0,0,0,0,0,0.166666666666667,0,0,0,0,0,0,0,0,0,0,0.285714285714286,0,0,0,0,0,0,0,0.05,0,0,0.0909090909090909,0,0,0,0,0,0,0.5,0.5,0.2,0,0.181818181818182,0.583333333333333,0.4,0,0,0,0,0,0,0.2,0.3,0.3,0.333333333333333,0,0,1,0,0,0,0,0,0,0.2,0,0.333333333333333
"629","Clarireedia","Sclerotiniaceae","Helotiales","Leotiomycetes","Ascomycota","Fungi",0.00152905198776758,NA,NA,0.00847457627118644,0,0,0,0,0,0,0,0,0,0,0,0,0,0,0,0,0,0,0,0.0112359550561798,0,0,0,0,0,0,0,0,0,0,0,0,0,0,0,0,0,0,0,0,0,0,0,0,0,0,0,0,0,0,0,0,0,0,0,0,0,0,0,0,0,0,0,0,0,0,0,0,0.0833333333333333,0,0,0,0,0,0,0,0,0,0,0,0,0,0,0,0,0,0,0,0,0,0,0,0,0,0,0,0
"630","uncl_Amphisphaeriaceae","Amphisphaeriaceae","Xylariales","Sordariomycetes","Ascomycota","Fungi",0.018348623853211,0,0.0625,0.00847457627118644,0,0,0.0384615384615385,0.0666666666666667,0,0,0,0,0,0,0,0,0,0,0,0,0,0,0,0.123595505617978,0,0,0,0,0,0,0.0188679245283019,0,0,0,0,0,0,0,0,0,0,0,0,0,0,0,0,0,0,0,0,0,0,0,0,0,0,0,0,0,0,0,0,0,0,0,0,0,0,0,0,0,0.0833333333333333,0,0,0.444444444444444,0.545454545454545,0,0,0,0,0,0,0,0,0,0,0,0,0,0,0,0,0,0,0,0,0.0769230769230769,0,0,0
"631","Cuphophyllus","Hygrophoraceae","Agaricales","Agaricomycetes","Basidiomycota","Fungi",0.0244648318042813,NA,NA,0.0508474576271186,0.04,0,0,0.0111111111111111,0.0432432432432432,0,0,0,0,0,0,0,0,0,0,0,0,0,0,0.168539325842697,0,0,0,0,0,0.2,0,0,0,0,0,0,0,0,0,0,0,0,0,0,0,0,0,0,0,0,0,0,0,0,0,0,0,0,0,0,0,0,0,0,0,0,0,0,0,0,0,0,0.25,0.15,0.2,0,0.0909090909090909,0.0833333333333333,0.3,0,0,0,0,0,0,0,0,0,0,0,0,0,0.5,0,0,0,0,0,0,0,0
"632","uncl_Eurotiomycetes_ord_Incertae_sedis","uncl_Eurotiomycetes_ord_Incertae_sedis","Eurotiomycetes_ord_Incertae_sedis","Eurotiomycetes","Ascomycota","Fungi",0.0137614678899083,NA,NA,0.0423728813559322,0.04,0,0.00769230769230769,0,0.0108108108108108,0,0,0,0,0,0,0,0,0,0,0,0.010989010989011,0,0,0.0561797752808989,0,0,0.1,0,0,0.2,0,0,0,0,0,0,0,0,0,0,0,0,0,0,0,0,0,0,0,0,0,0,0,0,0,0,0,0,0,0,0,0,0,0,0,0,0.25,0,0,0,0,0,0.0833333333333333,0.1,0.2,0,0,0.0833333333333333,0,0,0,0,0,0,0,0.2,0,0,0,0,0,0.5,0,0,0,0,0,0,0,0,0
"633","Tubaria","Strophariaceae","Agaricales","Agaricomycetes","Basidiomycota","Fungi",0.00305810397553517,NA,NA,0.00847457627118644,0,0,0,0.0111111111111111,0,0,0,0,0,0,0,0,0,0,0,0,0,0,0,0.0224719101123595,0,0,0,0,0,0,0,0,0,0,0,0,0,0,0,0,0,0,0,0,0,0,0,0,0,0,0,0,0,0,0,0,0,0,0,0,0,0,0,0,0,0,0,0,0,0,0,0,0.0833333333333333,0,0,0,0.0909090909090909,0,0,0,0,0,0,0,0,0,0,0,0,0,0,0,0,0,0,0,0,0,0,0,0
"634","Xeromphalina","Tricholomataceae","Agaricales","Agaricomycetes","Basidiomycota","Fungi",0.00458715596330275,NA,NA,0.00847457627118644,0,0,0,0,0.0108108108108108,0,0,0,0,0,0,0,0,0,0,0,0,0,0,0.0337078651685393,0,0,0,0,0,0,0,0,0,0,0,0,0,0,0,0,0,0,0,0,0,0,0,0,0,0,0,0,0,0,0,0,0,0,0,0,0,0,0,0,0,0,0,0,0,0,0,0,0.0833333333333333,0,0,0,0,0.166666666666667,0,0,0,0,0,0,0,0,0,0,0,0,0,0,0,0,0,0,0,0,0,0,0
"635","Archaeorhizomyces","Archaeorhizomycetaceae","Archaeorhizomycetales","Archaeorhizomycetes","Ascomycota","Fungi",0.00764525993883792,NA,NA,0.00847457627118644,0,0,0.00769230769230769,0.0222222222222222,0.00540540540540541,0,0,0,0,0,0,0,0,0,0,0,0,0,0,0.0561797752808989,0,0,0,0,0,0,0,0,0,0,0,0,0,0,0,0,0,0,0,0,0,0,0,0,0,0,0,0,0,0,0,0,0,0,0,0,0,0,0,0,0,0,0,0,0,0,0,0,0,0.05,0,0.111111111111111,0.181818181818182,0,0.05,0,0,0,0,0,0,0,0,0,0,0,0,0,0,0,0,0,0,0,0,0,0
"636","Pyronema","Pyronemataceae","Pezizales","Pezizomycetes","Ascomycota","Fungi",0.00305810397553517,0.027027027027027,0,0,0,0.00943396226415094,0,0.0111111111111111,0,0,0,0,0,0,0,0,0,0,0,0,0,0,0,0.0112359550561798,0,0,0,0,0,0,0.0188679245283019,0,0,0,0,0,0,0,0,0,0,0,0,0,0,0,0,0,0,0,0,0,0,0,0,0,0,0,0,0,0,0,0,0,0,0,0,0,0,0,0,0,0,0,0,0,0.0909090909090909,0,0,0,0,0,0,0,0,0,0,0,0,0,0,0,0,0,0,0.05,0,0,0,0,0
"637","uncl_Leptosphaeriaceae","Leptosphaeriaceae","Pleosporales","Dothideomycetes","Ascomycota","Fungi",0.00305810397553517,NA,NA,0,0,0,0,0.0222222222222222,0,0,0,0,0,0,0,0,0,0,0,0,0,0,0,0.0224719101123595,0,0,0,0,0,0,0,0,0,0,0,0,0,0,0,0,0,0,0,0,0,0,0,0,0,0,0,0,0,0,0,0,0,0,0,0,0,0,0,0,0,0,0,0,0,0,0,0,0,0,0,0,0.181818181818182,0,0,0,0,0,0,0,0,0,0,0,0,0,0,0,0,0,0,0,0,0,0,0,0
"638","uncl_Exobasidiomycetes","uncl_Exobasidiomycetes","uncl_Exobasidiomycetes","Exobasidiomycetes","Basidiomycota","Fungi",0.0321100917431193,NA,NA,0.0508474576271186,0,0,0,0.0111111111111111,0.0756756756756757,0,0,0,0,0,0,0,0,0,0,0,0,0,0,0.202247191011236,0,0,0.05,0,0,0.4,0,0,0,0,0,0,0,0,0,0,0,0,0,0,0,0,0,0,0,0,0,0,0,0,0,0,0,0,0,0,0,0,0,0,0,0,0,0,0,0,0,0,0,0.25,0,0,0.0909090909090909,0.0833333333333333,0.55,0,0,0,0,0,0,0.1,0,0,0,0,0,0,1,0,0,0,0,0,0,0,0
"639","Eriospora","Stictidaceae","Ostropales","Lecanoromycetes","Ascomycota","Fungi",0.00611620795107034,NA,NA,0,0,0,0,0,0.0216216216216216,0,0,0,0,0,0,0,0,0,0,0,0,0,0,0.0337078651685393,0.0344827586206897,0,0,0,0,0,0,0,0,0,0,0,0,0,0,0,0,0,0,0,0,0,0,0,0,0,0,0,0,0,0,0,0,0,0,0,0,0,0,0,0,0,0,0,0,0,0,0,0,0,0,0,0,0.0833333333333333,0.1,0,0,0.0833333333333333,0,0,0,0,0,0,0,0,0,0,0,0,0,0,0,0,0,0,0
"640","uncl_Clavulinaceae","Clavulinaceae","Cantharellales","Agaricomycetes","Basidiomycota","Fungi",0.00152905198776758,NA,NA,0,0,0,0,0.0111111111111111,0,0,0,0,0,0,0,0,0,0,0,0,0,0,0,0.0112359550561798,0,0,0,0,0,0,0,0,0,0,0,0,0,0,0,0,0,0,0,0,0,0,0,0,0,0,0,0,0,0,0,0,0,0,0,0,0,0,0,0,0,0,0,0,0,0,0,0,0,0,0,0,0.0909090909090909,0,0,0,0,0,0,0,0,0,0,0,0,0,0,0,0,0,0,0,0,0,0,0,0
"641","Diatractium","Capnodiales_fam_Incertae_sedis","Capnodiales","Dothideomycetes","Ascomycota","Fungi",0.00305810397553517,NA,NA,0,0,0,0,0.0222222222222222,0,0,0,0,0,0,0,0,0,0,0,0,0,0,0,0.0224719101123595,0,0,0,0,0,0,0,0,0,0,0,0,0,0,0,0,0,0,0,0,0,0,0,0,0,0,0,0,0,0,0,0,0,0,0,0,0,0,0,0,0,0,0,0,0,0,0,0,0,0,0,0,0.181818181818182,0,0,0,0,0,0,0,0,0,0,0,0,0,0,0,0,0,0,0,0,0,0,0,0
"642","uncl_Trichosporonales","uncl_Trichosporonales","Trichosporonales","Tremellomycetes","Basidiomycota","Fungi",0.00305810397553517,NA,NA,0,0,0,0,0.0111111111111111,0.00540540540540541,0,0,0,0,0,0,0,0,0,0,0,0,0,0,0.0224719101123595,0,0,0,0,0,0,0,0,0,0,0,0,0,0,0,0,0,0,0,0,0,0,0,0,0,0,0,0,0,0,0,0,0,0,0,0,0,0,0,0,0,0,0,0,0,0,0,0,0,0,0,0,0.0909090909090909,0,0.05,0,0,0,0,0,0,0,0,0,0,0,0,0,0,0,0,0,0,0,0,0,0
"643","uncl_Geoglossomycetes","uncl_Geoglossomycetes","uncl_Geoglossomycetes","Geoglossomycetes","Ascomycota","Fungi",0.00611620795107034,NA,NA,0.00847457627118644,0,0,0.00769230769230769,0,0.0108108108108108,0,0,0,0,0,0,0,0,0,0,0,0,0,0,0.0224719101123595,0,0,0,0,0,0.2,0,0.0476190476190476,0,0,0,0,0,0,0,0,0,0,0,0,0,0,0,0,0,0,0,0,0,0,0,0,0,0,0,0,0,0,0,0,0,0,0,0,0,0,0,0,0,0.05,0,0,0,0.0833333333333333,0,0,0,0,0,0,0,0,0,0,0,0,0,0.5,0,0,0,0,0,0,0,0.0909090909090909,0
"644","Hodophilus","Clavariaceae","Agaricales","Agaricomycetes","Basidiomycota","Fungi",0.0137614678899083,NA,NA,0.0508474576271186,0,0,0,0,0.0162162162162162,0,0,0,0,0,0,0,0,0,0,0,0,0,0,0.101123595505618,0,0,0,0,0,0,0,0,0,0,0,0,0,0,0,0,0,0,0,0,0,0,0,0,0,0,0,0,0,0,0,0,0,0,0,0,0,0,0,0,0,0,0,0,0,0,0,0,0,0.3,0,0,0,0,0.15,0,0,0,0,0,0,0,0,0,0,0,0,0,0,0,0,0,0,0,0,0,0
"645","Hygrocybe","Hygrophoraceae","Agaricales","Agaricomycetes","Basidiomycota","Fungi",0.0152905198776758,NA,NA,0.0508474576271186,0,0,0,0,0.0216216216216216,0,0,0,0,0,0,0,0,0,0,0,0,0,0,0.0674157303370786,0,0,0.1,0.0909090909090909,0,0,0,0,0,0,0,0,0,0,0,0,0,0,0,0,0,0,0,0,0,0,0,0,0,0,0,0,0,0,0,0,0,0,0,0,0,0,0,0,0,0,0,0,0,0.15,0,0,0,0,0.15,0,0,0,0,0,0,0.1,0.1,0.2,0,0,0,0,0,0,0,0,0,0,0,0,0
"646","uncl_Venturiales","uncl_Venturiales","Venturiales","Dothideomycetes","Ascomycota","Fungi",0.107033639143731,NA,NA,0.177966101694915,0.16,0,0.0384615384615385,0.0888888888888889,0.172972972972973,0.0434782608695652,0,0.075,0,0,0.178571428571429,0.0357142857142857,0,0,0,0,0.0549450549450549,0,0,0.438202247191011,0,0.147058823529412,0.15,0.227272727272727,0.166666666666667,0,0,0.0952380952380952,0,0.0833333333333333,0,0,0,0.0909090909090909,0,0.0833333333333333,0.1,0,0,0,0,0,0,0,0.5,0,0.0833333333333333,0,0,0,0,0,0,0,0,0.1,0,0,0.1,0,0,0.0909090909090909,0.25,0,0,0,0,0,0.333333333333333,0.5,0.8,0.111111111111111,0.545454545454545,0.416666666666667,0.45,0,0,0,0.0909090909090909,0,0.363636363636364,0.2,0.1,0.1,0.333333333333333,0.166666666666667,0,0,0,0,0,0,0,0,0.1,0.0909090909090909,0
"647","uncl_Irpicaceae","Irpicaceae","Polyporales","Agaricomycetes","Basidiomycota","Fungi",0.00458715596330275,NA,NA,0.0169491525423729,0,0,0,0,0.00540540540540541,0,0,0,0,0,0,0,0,0,0,0,0,0,0.03125,0.0224719101123595,0,0,0,0,0,0,0,0,0,0,0,0,0,0,0,0,0,0,0,0,0,0,0,0,0,0,0,0,0,0,0,0,0,0,0,0,0,0,0,0,0,0,0,0,0,0.0909090909090909,0,0,0,0.05,0,0,0,0,0.05,0,0,0,0,0,0,0,0,0,0,0,0,0,0,0,0,0,0,0,0,0,0
"648","Microcyclospora","Capnodiales_fam_Incertae_sedis","Capnodiales","Dothideomycetes","Ascomycota","Fungi",0.00458715596330275,NA,NA,0,0,0,0,0,0.0162162162162162,0,0,0,0,0,0,0,0,0,0,0,0,0,0,0.0224719101123595,0,0,0,0.0454545454545455,0,0,0,0,0,0,0,0,0,0,0,0,0,0,0,0,0,0,0,0,0,0,0,0,0,0,0,0,0,0,0,0,0,0,0,0,0,0,0,0,0,0,0,0,0,0,0,0,0,0,0.1,0,0,0,0,0,0,0,0,0,0.0833333333333333,0,0,0,0,0,0,0,0,0,0,0,0
"649","uncl_Mollisiaceae","Mollisiaceae","Helotiales","Leotiomycetes","Ascomycota","Fungi",0.00305810397553517,NA,NA,0.00847457627118644,0,0,0,0,0.00540540540540541,0,0,0,0,0,0,0,0,0,0,0,0,0,0,0.0224719101123595,0,0,0,0,0,0,0,0,0,0,0,0,0,0,0,0,0,0,0,0,0,0,0,0,0,0,0,0,0,0,0,0,0,0,0,0,0,0,0,0,0,0,0,0,0,0,0,0,0,0.05,0,0,0,0,0.05,0,0,0,0,0,0,0,0,0,0,0,0,0,0,0,0,0,0,0,0,0,0
"650","Pseudophialocephala","Chaetosphaeriaceae","Chaetosphaeriales","Sordariomycetes","Ascomycota","Fungi",0.00764525993883792,NA,NA,0.00847457627118644,0.04,0,0,0,0.0162162162162162,0,0,0,0,0,0,0,0,0,0,0,0,0,0,0.0449438202247191,0,0.0294117647058824,0,0,0,0,0,0,0,0,0,0,0,0,0,0,0,0,0,0,0,0,0,0,0,0,0,0,0,0,0,0,0,0,0,0,0,0,0,0,0,0,0,0,0,0,0,0,0,0.05,0.2,0,0,0.166666666666667,0,0,0,0,0,0,0.0909090909090909,0,0,0,0,0,0,0,0,0,0,0,0,0,0,0,0
"651","Myriogenospora","Clavicipitaceae","Hypocreales","Sordariomycetes","Ascomycota","Fungi",0.00152905198776758,NA,NA,0.00847457627118644,0,0,0,0,0,0,0,0,0,0,0,0,0,0,0,0,0,0,0,0.0112359550561798,0,0,0,0,0,0,0,0,0,0,0,0,0,0,0,0,0,0,0,0,0,0,0,0,0,0,0,0,0,0,0,0,0,0,0,0,0,0,0,0,0,0,0,0,0,0,0,0,0,0.05,0,0,0,0,0,0,0,0,0,0,0,0,0,0,0,0,0,0,0,0,0,0,0,0,0,0,0
"652","Spirosphaera","Tricladiaceae","Helotiales","Leotiomycetes","Ascomycota","Fungi",0.00458715596330275,NA,NA,0.00847457627118644,0.04,0,0,0,0.00540540540540541,0,0,0,0,0,0,0,0,0,0,0,0,0,0,0.0224719101123595,0,0,0,0,0,0.2,0,0,0,0,0,0,0,0,0,0,0,0,0,0,0,0,0,0,0,0,0,0,0,0,0,0,0,0,0,0,0,0,0,0,0,0,0,0,0,0,0,0,0,0,0.2,0,0,0.0833333333333333,0,0,0,0,0,0,0,0,0,0,0,0,1,0,0,0,0,0,0,0,0,0,0
"653","uncl_Atractiellomycetes","uncl_Atractiellomycetes","uncl_Atractiellomycetes","Atractiellomycetes","Basidiomycota","Fungi",0.00152905198776758,NA,NA,0,0,0,0,0,0.00540540540540541,0,0,0,0,0,0,0,0,0,0,0,0,0,0,0.0112359550561798,0,0,0,0,0,0,0,0,0,0,0,0,0,0,0,0,0,0,0,0,0,0,0,0,0,0,0,0,0,0,0,0,0,0,0,0,0,0,0,0,0,0,0,0,0,0,0,0,0,0,0,0,0,0,0.05,0,0,0,0,0,0,0,0,0,0,0,0,0,0,0,0,0,0,0,0,0,0
"654","Jahnula","Aliquandostipitaceae","Jahnulales","Dothideomycetes","Ascomycota","Fungi",0.00305810397553517,NA,NA,0,0,0,0,0,0.0108108108108108,0,0,0,0,0,0,0,0,0,0,0,0,0,0,0.0224719101123595,0,0,0,0,0,0,0,0,0,0,0,0,0,0,0,0,0,0,0,0,0,0,0,0,0,0,0,0,0,0,0,0,0,0,0,0,0,0,0,0,0,0,0,0,0,0,0,0,0,0,0,0,0,0,0.1,0,0,0,0,0,0,0,0,0,0,0,0,0,0,0,0,0,0,0,0,0,0
"655","uncl_Tremellales","uncl_Tremellales","Tremellales","Tremellomycetes","Basidiomycota","Fungi",0.107033639143731,0.027027027027027,0.125,0.0847457627118644,0.04,0.113207547169811,0.107692307692308,0.0777777777777778,0.140540540540541,0.217391304347826,0.176470588235294,0.075,0.25,0.0625,0.142857142857143,0.107142857142857,0.235294117647059,0.142857142857143,0.0909090909090909,0,0.0879120879120879,0.0666666666666667,0.21875,0.101123595505618,0.103448275862069,0,0.1,0.0454545454545455,0.5,0,0.0566037735849057,0,0,0.333333333333333,0.0909090909090909,0.25,0,0,0,0.0833333333333333,0.2,0,0,0.583333333333333,0.0909090909090909,0,0.25,0,0.1,0,0.25,0,0.272727272727273,0.166666666666667,0.142857142857143,0.0833333333333333,0.1,0,0,0.3,0.05,0.333333333333333,0,0,0,0.181818181818182,0,0.25,0,0.454545454545455,0,0.222222222222222,0,0,0,0,0.272727272727273,0,0.3,0.166666666666667,0,0.0833333333333333,0,0,0,0,0.2,0,0.0833333333333333,0.5,0,0,0,0,0.125,0,0,0.153846153846154,0,0,0
"656","Discosia","Discosiaceae","Amphisphaeriales","Sordariomycetes","Ascomycota","Fungi",0.00458715596330275,NA,NA,0,0,0,0,0,0.0162162162162162,0,0,0,0,0,0,0,0,0,0,0,0,0,0,0.0224719101123595,0,0.0294117647058824,0,0,0,0,0,0,0,0,0,0,0,0,0,0,0,0,0,0,0,0,0,0,0,0,0,0,0,0,0,0,0,0,0,0,0,0,0,0,0,0,0,0,0,0,0,0,0,0,0,0,0,0,0.1,0,0,0,0,0,0.0909090909090909,0,0,0,0,0,0,0,0,0,0,0,0,0,0,0,0
"657","Tremellodendropsis","Tremellodendropsidaceae","Tremellodendropsidales","Agaricomycetes","Basidiomycota","Fungi",0.00152905198776758,NA,NA,0,0,0,0,0,0.00540540540540541,0,0,0,0,0,0,0,0,0,0,0,0,0,0,0.0112359550561798,0,0,0,0,0,0,0,0,0,0,0,0,0,0,0,0,0,0,0,0,0,0,0,0,0,0,0,0,0,0,0,0,0,0,0,0,0,0,0,0,0,0,0,0,0,0,0,0,0,0,0,0,0,0,0.05,0,0,0,0,0,0,0,0,0,0,0,0,0,0,0,0,0,0,0,0,0,0
"658","Gymnopus","Omphalotaceae","Agaricales","Agaricomycetes","Basidiomycota","Fungi",0.00764525993883792,NA,NA,0.0169491525423729,0,0,0,0,0.0162162162162162,0,0,0,0,0,0.0357142857142857,0,0,0,0,0,0.010989010989011,0,0,0.0337078651685393,0,0,0,0,0,0,0,0,0,0,0,0,0,0,0,0,0,0,0,0,0,0,0,0,0.1,0,0,0,0,0,0,0,0,0,0,0.1,0,0,0,0,0,0,0,0,0,0,0,0,0,0.05,0,0,0,0,0.1,0,0,0,0,0,0,0,0,0,0,0,0,0,0,0,0,0,0,0,0,0,0
"659","uncl_Sclerotiniaceae","Sclerotiniaceae","Helotiales","Leotiomycetes","Ascomycota","Fungi",0.00152905198776758,NA,NA,0,0,0,0,0,0.00540540540540541,0,0,0,0,0,0,0,0,0,0,0,0,0,0,0.0112359550561798,0,0,0,0,0,0,0,0,0,0,0,0,0,0,0,0,0,0,0,0,0,0,0,0,0,0,0,0,0,0,0,0,0,0,0,0,0,0,0,0,0,0,0,0,0,0,0,0,0,0,0,0,0,0,0.05,0,0,0,0,0,0,0,0,0,0,0,0,0,0,0,0,0,0,0,0,0,0
"660","Arrhenia","Hygrophoraceae","Agaricales","Agaricomycetes","Basidiomycota","Fungi",0.0137614678899083,NA,NA,0.00847457627118644,0,0.00943396226415094,0.0153846153846154,0.0222222222222222,0.0162162162162162,0.0434782608695652,0,0,0.0357142857142857,0.0625,0,0,0,0,0,0,0.010989010989011,0.0666666666666667,0,0.0337078651685393,0,0,0,0,0,0,0,0.0476190476190476,0,0.0833333333333333,0,0,0,0,0,0,0,0.0909090909090909,0,0,0,0.2,0,0,0,0,0,0,0,0,0,0,0,0,0,0,0,0,0,0,0.1,0,0,0,0.0909090909090909,0,0,0,0,0,0,0,0,0.166666666666667,0.05,0,0,0,0,0,0,0,0,0,0,0,0,0,0,0,0,0,0,0,0.1,0,0
"661","Anthostomella","Xylariaceae","Xylariales","Sordariomycetes","Ascomycota","Fungi",0.00305810397553517,NA,NA,0,0,0,0,0,0.0108108108108108,0,0,0,0,0,0,0,0,0,0,0,0,0,0,0.0112359550561798,0,0,0,0,0,0,0,0.0476190476190476,0,0,0,0,0,0,0,0,0,0,0,0,0,0,0,0,0,0,0,0,0,0,0,0,0,0,0,0,0,0,0,0,0,0,0,0,0,0,0,0,0,0,0,0,0,0.0833333333333333,0,0,0,0,0,0,0,0,0,0,0,0,0,0,0,0,0,0,0,0,0,0.0909090909090909,0
"662","Dermoloma","Tricholomataceae","Agaricales","Agaricomycetes","Basidiomycota","Fungi",0.00152905198776758,NA,NA,0,0,0,0,0,0.00540540540540541,0,0,0,0,0,0,0,0,0,0,0,0,0,0,0.0112359550561798,0,0,0,0,0,0,0,0,0,0,0,0,0,0,0,0,0,0,0,0,0,0,0,0,0,0,0,0,0,0,0,0,0,0,0,0,0,0,0,0,0,0,0,0,0,0,0,0,0,0,0,0,0,0.0833333333333333,0,0,0,0,0,0,0,0,0,0,0,0,0,0,0,0,0,0,0,0,0,0,0
"663","Glomus","Glomeraceae","Glomerales","Glomeromycetes","Glomeromycota","Fungi",0.0428134556574924,NA,NA,0.0508474576271186,0,0.00943396226415094,0.0307692307692308,0.0444444444444444,0.0702702702702703,0.130434782608696,0,0,0,0.0625,0,0,0,0,0,0,0,0,0,0.0898876404494382,0.448275862068966,0,0.15,0,0,0,0,0,0,0.166666666666667,0.0909090909090909,0,0,0,0,0,0,0,0,0,0.0909090909090909,0,0,0,0,0,0,0,0,0,0,0,0,0,0,0,0,0,0,0,0,0,0,0,0,0,0,0,0.0833333333333333,0,0,0,0.363636363636364,0.25,0,0.333333333333333,0.4,0.583333333333333,0,0,0,0.1,0.2,0,0,0,0,0,0,0,0,0,0,0,0,0,0
"664","Sporidesmiella","Melanommataceae","Pleosporales","Dothideomycetes","Ascomycota","Fungi",0.0107033639143731,NA,NA,0.0254237288135593,0.04,0,0,0,0.0162162162162162,0,0,0,0,0,0,0,0,0,0,0,0,0,0.03125,0.0112359550561798,0.103448275862069,0,0.1,0,0,0,0,0,0,0,0,0,0,0,0,0,0,0,0,0,0,0,0,0,0,0,0,0,0,0,0,0,0,0,0,0,0,0,0,0,0,0,0,0,0,0,0,0.111111111111111,0,0,0.2,0,0,0,0,0.166666666666667,0,0.0833333333333333,0,0,0,0.1,0.1,0,0,0,0,0,0,0,0,0,0,0,0,0,0
"665","Entoloma","Entolomataceae","Agaricales","Agaricomycetes","Basidiomycota","Fungi",0.0657492354740061,NA,NA,0.0423728813559322,0.08,0.0188679245283019,0.0846153846153846,0.111111111111111,0.0702702702702703,0.0434782608695652,0,0.025,0.0357142857142857,0.1875,0.0357142857142857,0.214285714285714,0,0,0,0.25,0.0769230769230769,0,0.0625,0.0674157303370786,0.172413793103448,0.0294117647058824,0.25,0,0,0,0,0.0952380952380952,0,0.0833333333333333,0,0,0,0,0,0,0.1,0,0.2,0,0.181818181818182,0.2,0,0.166666666666667,0,0,0.5,0,0,0,0,0,0,1,0.142857142857143,0,0.1,0.166666666666667,0.05,0.1,0.1,0.0909090909090909,0,0,0,0,0.0833333333333333,0.111111111111111,0.166666666666667,0,0,0,0.0909090909090909,0.166666666666667,0.05,0.0833333333333333,0.8,0,0,0,0.0909090909090909,0,0.5,0,0,0,0,0,0,0,0,0,0,0,0.2,0,0
"666","Kluyveromyces","Saccharomycetaceae","Saccharomycetales","Saccharomycetes","Ascomycota","Fungi",0.00305810397553517,0.027027027027027,0,0,0,0.00943396226415094,0.00769230769230769,0,0,0,0,0,0,0,0,0,0,0,0,0,0,0,0,0,0.0344827586206897,0,0,0,0,0,0.0188679245283019,0,0,0,0,0,0,0,0,0,0,0,0,0,0,0,0,0,0,0,0,0,0,0,0,0,0,0,0,0,0,0,0,0,0,0,0,0,0,0,0,0,0,0,0,0,0,0,0,0,0.2,0,0,0,0,0,0,0,0,0,0,0,0,0,0,0.05,0,0,0,0,0
"667","Occultifur","Cystobasidiaceae","Cystobasidiales","Cystobasidiomycetes","Basidiomycota","Fungi",0.00152905198776758,NA,NA,0,0,0,0,0,0.00540540540540541,0,0,0,0,0,0,0,0,0,0,0,0,0,0,0,0.0344827586206897,0,0,0,0,0,0,0,0,0,0,0,0,0,0,0,0,0,0,0,0,0,0,0,0,0,0,0,0,0,0,0,0,0,0,0,0,0,0,0,0,0,0,0,0,0,0,0,0,0,0,0,0,0,0,0,0,0.0833333333333333,0,0,0,0,0,0,0,0,0,0,0,0,0,0,0,0,0,0,0
"668","uncl_Olpidiaceae","Olpidiaceae","Olpidiales","Olpidiomycetes","Olpidiomycota","Fungi",0.00152905198776758,NA,NA,0,0,0,0,0,0.00540540540540541,0,0,0,0,0,0,0,0,0,0,0,0,0,0,0,0.0344827586206897,0,0,0,0,0,0,0,0,0,0,0,0,0,0,0,0,0,0,0,0,0,0,0,0,0,0,0,0,0,0,0,0,0,0,0,0,0,0,0,0,0,0,0,0,0,0,0,0,0,0,0,0,0,0,0,0,0.0833333333333333,0,0,0,0,0,0,0,0,0,0,0,0,0,0,0,0,0,0,0
"669","uncl_Basidiobolomycota","uncl_Basidiobolomycota","uncl_Basidiobolomycota","uncl_Basidiobolomycota","Basidiobolomycota","Fungi",0.00152905198776758,NA,NA,0,0,0,0,0,0.00540540540540541,0,0,0,0,0,0,0,0,0,0,0,0,0,0,0,0.0344827586206897,0,0,0,0,0,0,0,0,0,0,0,0,0,0,0,0,0,0,0,0,0,0,0,0,0,0,0,0,0,0,0,0,0,0,0,0,0,0,0,0,0,0,0,0,0,0,0,0,0,0,0,0,0,0,0,0,0.0833333333333333,0,0,0,0,0,0,0,0,0,0,0,0,0,0,0,0,0,0,0
"670","Coniella","Schizoparmaceae","Diaporthales","Sordariomycetes","Ascomycota","Fungi",0.00305810397553517,NA,NA,0.0169491525423729,0,0,0,0,0,0,0,0,0,0,0,0,0,0,0,0,0,0,0,0,0,0.0588235294117647,0,0,0,0,0,0,0,0,0,0,0,0,0,0,0,0,0,0,0,0,0,0,0,0,0,0,0,0,0,0,0,0,0,0,0,0,0,0,0,0,0,0,0,0,0,0,0,0,0,0,0,0,0,0,0,0,0.181818181818182,0,0,0,0,0,0,0,0,0,0,0,0,0,0,0,0,0,0
"671","Moesziomyces","Ustilaginaceae","Ustilaginales","Ustilaginomycetes","Basidiomycota","Fungi",0.00305810397553517,NA,NA,0.00847457627118644,0,0,0,0,0.00540540540540541,0,0,0,0,0,0,0,0,0,0,0,0,0,0,0,0,0.0588235294117647,0,0,0,0,0,0,0,0,0,0,0,0,0,0,0,0,0,0,0,0,0,0,0,0,0,0,0,0,0,0,0,0,0,0,0,0,0,0,0,0,0,0,0,0,0,0,0,0,0,0,0,0,0,0,0,0,0.0909090909090909,0,0.0909090909090909,0,0,0,0,0,0,0,0,0,0,0,0,0,0,0,0
"672","uncl_Diversisporales","uncl_Diversisporales","Diversisporales","Glomeromycetes","Glomeromycota","Fungi",0.00917431192660551,NA,NA,0.0338983050847458,0,0,0.0153846153846154,0,0,0,0,0,0,0,0,0,0,0,0,0,0,0,0,0,0.0689655172413793,0.0294117647058824,0.05,0,0,0,0,0.0952380952380952,0,0,0,0,0,0,0,0,0,0,0,0,0,0,0,0,0,0,0,0,0,0,0,0,0,0,0,0,0,0,0,0,0,0,0,0,0,0,0,0,0,0,0,0,0,0,0,0,0.4,0,0.0909090909090909,0,0,0.1,0,0,0,0,0,0,0,0,0,0,0,0,0.2,0,0
"673","uncl_Periconiaceae","Periconiaceae","Pleosporales","Dothideomycetes","Ascomycota","Fungi",0.00305810397553517,NA,NA,0.00847457627118644,0,0,0,0,0.00540540540540541,0,0,0,0,0,0,0,0,0,0,0,0,0,0,0,0,0.0294117647058824,0,0,0,0,0,0.0476190476190476,0,0,0,0,0,0,0,0,0,0,0,0,0,0,0,0,0,0,0,0,0,0,0,0,0,0,0,0,0,0,0,0,0,0,0,0,0,0,0,0,0,0,0,0,0,0,0,0,0,0,0,0,0.0909090909090909,0,0,0,0,0,0,0,0,0,0,0,0,0,0.1,0,0
"674","Paurocotylis","Pyronemataceae","Pezizales","Pezizomycetes","Ascomycota","Fungi",0.00152905198776758,NA,NA,0,0,0,0,0.0111111111111111,0,0,0,0,0,0,0,0,0,0,0,0,0,0,0,0,0,0.0294117647058824,0,0,0,0,0,0,0,0,0,0,0,0,0,0,0,0,0,0,0,0,0,0,0,0,0,0,0,0,0,0,0,0,0,0,0,0,0,0,0,0,0,0,0,0,0,0,0,0,0,0,0,0,0,0,0,0,0,0.0833333333333333,0,0,0,0,0,0,0,0,0,0,0,0,0,0,0,0,0
"675","Leucocoprinus","Agaricaceae","Agaricales","Agaricomycetes","Basidiomycota","Fungi",0.00152905198776758,NA,NA,0,0,0,0,0.0111111111111111,0,0,0,0,0,0,0,0,0,0,0,0,0,0,0,0,0,0.0294117647058824,0,0,0,0,0,0,0,0,0,0,0,0,0,0,0,0,0,0,0,0,0,0,0,0,0,0,0,0,0,0,0,0,0,0,0,0,0,0,0,0,0,0,0,0,0,0,0,0,0,0,0,0,0,0,0,0,0,0.0833333333333333,0,0,0,0,0,0,0,0,0,0,0,0,0,0,0,0,0
"676","Elmerina","Aporpiaceae","Auriculariales","Agaricomycetes","Basidiomycota","Fungi",0.00152905198776758,0.027027027027027,0,0,0,0.00943396226415094,0,0,0,0,0,0,0,0,0,0,0,0,0,0,0,0,0,0,0,0,0,0,0,0,0.0188679245283019,0,0,0,0,0,0,0,0,0,0,0,0,0,0,0,0,0,0,0,0,0,0,0,0,0,0,0,0,0,0,0,0,0,0,0,0,0,0,0,0,0,0,0,0,0,0,0,0,0,0,0,0,0,0,0,0,0,0,0,0,0,0,0,0,0.05,0,0,0,0,0
"677","uncl_Cyphellophoraceae","Cyphellophoraceae","Chaetothyriales","Eurotiomycetes","Ascomycota","Fungi",0.00611620795107034,NA,NA,0,0,0,0,0.0222222222222222,0.0108108108108108,0,0,0,0.0357142857142857,0,0,0,0,0,0,0,0,0,0,0.0112359550561798,0,0.0588235294117647,0,0,0,0,0,0,0,0,0,0,0,0,0,0,0,0,0,0.0833333333333333,0,0,0,0,0,0,0,0,0,0,0,0,0,0,0,0,0,0,0,0,0,0,0,0,0,0,0,0,0,0,0,0,0.0909090909090909,0,0,0,0,0,0,0.0833333333333333,0.0909090909090909,0,0,0,0,0,0,0,0,0,0,0,0,0,0,0,0
"678","Pithomyces","Pleosporaceae","Pleosporales","Dothideomycetes","Ascomycota","Fungi",0.00305810397553517,NA,NA,0,0,0,0,0,0.0108108108108108,0,0,0,0,0,0,0,0,0,0,0,0,0,0,0,0,0.0588235294117647,0,0,0,0,0,0,0,0,0,0,0,0,0,0,0,0,0,0,0,0,0,0,0,0,0,0,0,0,0,0,0,0,0,0,0,0,0,0,0,0,0,0,0,0,0,0,0,0,0,0,0,0,0,0,0,0,0,0,0.181818181818182,0,0,0,0,0,0,0,0,0,0,0,0,0,0,0,0
"679","Peniophora","Peniophoraceae","Russulales","Agaricomycetes","Basidiomycota","Fungi",0.00458715596330275,NA,NA,0.0169491525423729,0,0,0,0,0.00540540540540541,0,0,0,0,0,0,0,0,0,0,0,0,0,0,0,0,0.0294117647058824,0,0,0,0,0,0.0952380952380952,0,0,0,0,0,0,0,0,0,0,0,0,0,0,0,0,0,0,0,0,0,0,0,0,0,0,0,0,0,0,0,0,0,0,0,0,0,0,0,0,0,0,0,0,0,0,0,0,0,0,0,0,0.0909090909090909,0,0,0,0,0,0,0,0,0,0,0,0,0,0.2,0,0
"680","Porodiplodia","Porodiplodiaceae","Helotiales","Leotiomycetes","Ascomycota","Fungi",0.00152905198776758,NA,NA,0,0,0,0,0,0.00540540540540541,0,0,0,0,0,0,0,0,0,0,0,0,0,0,0,0,0.0294117647058824,0,0,0,0,0,0,0,0,0,0,0,0,0,0,0,0,0,0,0,0,0,0,0,0,0,0,0,0,0,0,0,0,0,0,0,0,0,0,0,0,0,0,0,0,0,0,0,0,0,0,0,0,0,0,0,0,0,0,0.0909090909090909,0,0,0,0,0,0,0,0,0,0,0,0,0,0,0,0
"681","Erythrobasidium","Erythrobasidiaceae","Erythrobasidiales","Cystobasidiomycetes","Basidiomycota","Fungi",0.00152905198776758,NA,NA,0,0,0,0,0,0.00540540540540541,0,0,0,0,0,0,0,0,0,0,0,0,0,0,0,0,0.0294117647058824,0,0,0,0,0,0,0,0,0,0,0,0,0,0,0,0,0,0,0,0,0,0,0,0,0,0,0,0,0,0,0,0,0,0,0,0,0,0,0,0,0,0,0,0,0,0,0,0,0,0,0,0,0,0,0,0,0,0,0.0909090909090909,0,0,0,0,0,0,0,0,0,0,0,0,0,0,0,0
"682","uncl_Bartaliniaceae","Bartaliniaceae","Xylariales","Sordariomycetes","Ascomycota","Fungi",0.00305810397553517,NA,NA,0,0,0,0,0,0.0108108108108108,0,0,0,0,0,0,0,0,0,0,0,0,0,0,0,0,0.0588235294117647,0,0,0,0,0,0,0,0,0,0,0,0,0,0,0,0,0,0,0,0,0,0,0,0,0,0,0,0,0,0,0,0,0,0,0,0,0,0,0,0,0,0,0,0,0,0,0,0,0,0,0,0,0,0,0,0,0,0,0.181818181818182,0,0,0,0,0,0,0,0,0,0,0,0,0,0,0,0
"683","uncl_Acrogenosporaceae","Acrogenosporaceae","Minutisphaerales","Dothideomycetes","Ascomycota","Fungi",0.00152905198776758,NA,NA,0,0,0,0,0,0.00540540540540541,0,0,0,0,0,0,0,0,0,0,0,0,0,0,0,0,0.0294117647058824,0,0,0,0,0,0,0,0,0,0,0,0,0,0,0,0,0,0,0,0,0,0,0,0,0,0,0,0,0,0,0,0,0,0,0,0,0,0,0,0,0,0,0,0,0,0,0,0,0,0,0,0,0,0,0,0,0,0,0.0909090909090909,0,0,0,0,0,0,0,0,0,0,0,0,0,0,0,0
"684","uncl_Filobasidiales","uncl_Filobasidiales","Filobasidiales","Tremellomycetes","Basidiomycota","Fungi",0.00152905198776758,NA,NA,0,0,0,0,0,0.00540540540540541,0,0,0,0,0,0,0,0,0,0,0,0,0,0,0,0,0.0294117647058824,0,0,0,0,0,0,0,0,0,0,0,0,0,0,0,0,0,0,0,0,0,0,0,0,0,0,0,0,0,0,0,0,0,0,0,0,0,0,0,0,0,0,0,0,0,0,0,0,0,0,0,0,0,0,0,0,0,0,0.0909090909090909,0,0,0,0,0,0,0,0,0,0,0,0,0,0,0,0
"685","Sphaerellopsis","Leptosphaeriaceae","Pleosporales","Dothideomycetes","Ascomycota","Fungi",0.00152905198776758,NA,NA,0,0,0,0,0,0.00540540540540541,0,0,0,0,0,0,0,0,0,0,0,0,0,0,0,0,0.0294117647058824,0,0,0,0,0,0,0,0,0,0,0,0,0,0,0,0,0,0,0,0,0,0,0,0,0,0,0,0,0,0,0,0,0,0,0,0,0,0,0,0,0,0,0,0,0,0,0,0,0,0,0,0,0,0,0,0,0,0,0.0909090909090909,0,0,0,0,0,0,0,0,0,0,0,0,0,0,0,0
"686","Tritirachium","Tritirachiaceae","Tritirachiales","Tritirachiomycetes","Basidiomycota","Fungi",0.00152905198776758,NA,NA,0.00847457627118644,0,0,0,0,0,0,0,0,0,0,0,0,0,0,0,0,0,0,0,0,0,0,0.05,0,0,0,0,0,0,0,0,0,0,0,0,0,0,0,0,0,0,0,0,0,0,0,0,0,0,0,0,0,0,0,0,0,0,0,0,0,0,0,0,0,0,0,0,0,0,0,0,0,0,0,0,0,0,0,0,0,0,0.1,0,0,0,0,0,0,0,0,0,0,0,0,0,0,0
"687","uncl_Ramicandelaberales","uncl_Ramicandelaberales","Ramicandelaberales","Ramicandelaberomycetes","Kickxellomycota","Fungi",0.0168195718654434,NA,NA,0.0254237288135593,0,0,0,0,0.0432432432432432,0,0,0,0,0,0,0,0,0,0,0,0,0,0,0,0,0,0.55,0,0,0,0,0,0,0,0,0,0,0,0,0,0,0,0,0,0,0,0,0,0,0,0,0,0,0,0,0,0,0,0,0,0,0,0,0,0,0,0,0,0,0,0,0,0,0,0,0,0,0,0,0,0,0,0,0,0,0.3,0.8,0,0,0,0,0,0,0,0,0,0,0,0,0,0
"688","uncl_Myrmecridiales","uncl_Myrmecridiales","Myrmecridiales","Sordariomycetes","Ascomycota","Fungi",0.0321100917431193,NA,NA,0.0677966101694915,0,0,0,0.0222222222222222,0.0594594594594595,0.0869565217391304,0,0,0,0,0,0,0,0,0,0,0,0,0,0,0,0.117647058823529,0.75,0,0,0,0,0,0,0,0.181818181818182,0,0,0,0,0,0,0,0,0,0,0,0,0,0,0,0,0,0,0,0,0,0,0,0,0,0,0,0,0,0,0,0,0,0,0,0,0,0,0,0,0,0,0,0,0,0,0,0.0909090909090909,0.166666666666667,0.0909090909090909,0.7,0.8,0,0,0,0,0,0,0,0,0,0,0,0,0,0
"689","uncl_Piptocephalidaceae","Piptocephalidaceae","Zoopagales","Zoopagomycetes","Zoopagomycota","Fungi",0.00152905198776758,NA,NA,0.00847457627118644,0,0,0,0,0,0,0,0,0,0,0,0,0,0,0,0,0,0,0,0,0,0,0.05,0,0,0,0,0,0,0,0,0,0,0,0,0,0,0,0,0,0,0,0,0,0,0,0,0,0,0,0,0,0,0,0,0,0,0,0,0,0,0,0,0,0,0,0,0,0,0,0,0,0,0,0,0,0,0,0,0,0,0.1,0,0,0,0,0,0,0,0,0,0,0,0,0,0,0
"690","Tetrapyrgos","Marasmiaceae","Agaricales","Agaricomycetes","Basidiomycota","Fungi",0.00152905198776758,NA,NA,0.00847457627118644,0,0,0,0,0,0,0,0,0,0,0,0,0,0,0,0,0,0,0,0,0,0,0.05,0,0,0,0,0,0,0,0,0,0,0,0,0,0,0,0,0,0,0,0,0,0,0,0,0,0,0,0,0,0,0,0,0,0,0,0,0,0,0,0,0,0,0,0,0,0,0,0,0,0,0,0,0,0,0,0,0,0,0.1,0,0,0,0,0,0,0,0,0,0,0,0,0,0,0
"691","uncl_Pucciniomycetes","uncl_Pucciniomycetes","uncl_Pucciniomycetes","Pucciniomycetes","Basidiomycota","Fungi",0.00305810397553517,NA,NA,0.00847457627118644,0,0,0,0,0.00540540540540541,0,0,0,0,0,0,0,0,0,0,0,0,0,0,0,0,0,0.1,0,0,0,0,0,0,0,0,0,0,0,0,0,0,0,0,0,0,0,0,0,0,0,0,0,0,0,0,0,0,0,0,0,0,0,0,0,0,0,0,0,0,0,0,0,0,0,0,0,0,0,0,0,0,0,0,0,0,0.1,0.1,0,0,0,0,0,0,0,0,0,0,0,0,0,0
"692","Hyphoderma","Hyphodermataceae","Polyporales","Agaricomycetes","Basidiomycota","Fungi",0.00152905198776758,NA,NA,0,0,0,0,0,0.00540540540540541,0,0,0,0,0,0,0,0,0,0,0,0,0,0,0,0,0,0.05,0,0,0,0,0,0,0,0,0,0,0,0,0,0,0,0,0,0,0,0,0,0,0,0,0,0,0,0,0,0,0,0,0,0,0,0,0,0,0,0,0,0,0,0,0,0,0,0,0,0,0,0,0,0,0,0,0,0,0,0.1,0,0,0,0,0,0,0,0,0,0,0,0,0,0
"693","uncl_Rhizophydiaceae","Rhizophydiaceae","Rhizophydiales","Rhizophydiomycetes","Chytridiomycota","Fungi",0.0122324159021407,NA,NA,0.0423728813559322,0,0,0,0,0.0162162162162162,0,0,0,0,0,0,0,0,0,0,0,0,0,0,0,0,0,0.35,0.0454545454545455,0,0,0,0,0,0,0,0,0,0,0,0,0,0,0,0,0,0,0,0,0,0,0,0,0,0,0,0,0,0,0,0,0,0,0,0,0,0,0,0,0,0,0,0,0,0,0,0,0,0,0,0,0,0,0,0,0,0.4,0.3,0.1,0,0,0,0,0,0,0,0,0,0,0,0,0
"694","Kordyana","Brachybasidiaceae","Exobasidiales","Exobasidiomycetes","Basidiomycota","Fungi",0.00152905198776758,NA,NA,0,0,0,0,0,0.00540540540540541,0,0,0,0,0,0,0,0,0,0,0,0,0,0,0,0,0,0.05,0,0,0,0,0,0,0,0,0,0,0,0,0,0,0,0,0,0,0,0,0,0,0,0,0,0,0,0,0,0,0,0,0,0,0,0,0,0,0,0,0,0,0,0,0,0,0,0,0,0,0,0,0,0,0,0,0,0,0,0.1,0,0,0,0,0,0,0,0,0,0,0,0,0,0
"695","Melanconiella","Melanconidaceae","Diaporthales","Sordariomycetes","Ascomycota","Fungi",0.00152905198776758,NA,NA,0,0,0,0,0,0.00540540540540541,0,0,0,0,0,0,0,0,0,0,0,0,0,0,0,0,0,0.05,0,0,0,0,0,0,0,0,0,0,0,0,0,0,0,0,0,0,0,0,0,0,0,0,0,0,0,0,0,0,0,0,0,0,0,0,0,0,0,0,0,0,0,0,0,0,0,0,0,0,0,0,0,0,0,0,0,0,0,0.1,0,0,0,0,0,0,0,0,0,0,0,0,0,0
"696","Pseudotomentella","Thelephoraceae","Thelephorales","Agaricomycetes","Basidiomycota","Fungi",0.00152905198776758,NA,NA,0,0,0,0,0,0.00540540540540541,0,0,0,0,0,0,0,0,0,0,0,0,0,0,0,0,0,0.05,0,0,0,0,0,0,0,0,0,0,0,0,0,0,0,0,0,0,0,0,0,0,0,0,0,0,0,0,0,0,0,0,0,0,0,0,0,0,0,0,0,0,0,0,0,0,0,0,0,0,0,0,0,0,0,0,0,0,0,0.1,0,0,0,0,0,0,0,0,0,0,0,0,0,0
"697","Crucibulum","Nidulariaceae","Agaricales","Agaricomycetes","Basidiomycota","Fungi",0.00152905198776758,NA,NA,0,0,0,0,0,0.00540540540540541,0,0,0,0,0,0,0,0,0,0,0,0,0,0,0,0,0,0.05,0,0,0,0,0,0,0,0,0,0,0,0,0,0,0,0,0,0,0,0,0,0,0,0,0,0,0,0,0,0,0,0,0,0,0,0,0,0,0,0,0,0,0,0,0,0,0,0,0,0,0,0,0,0,0,0,0,0,0,0.1,0,0,0,0,0,0,0,0,0,0,0,0,0,0
"698","uncl_Exobasidiales","uncl_Exobasidiales","Exobasidiales","Exobasidiomycetes","Basidiomycota","Fungi",0.00152905198776758,NA,NA,0,0,0,0,0,0.00540540540540541,0,0,0,0,0,0,0,0,0,0,0,0,0,0,0,0,0,0.05,0,0,0,0,0,0,0,0,0,0,0,0,0,0,0,0,0,0,0,0,0,0,0,0,0,0,0,0,0,0,0,0,0,0,0,0,0,0,0,0,0,0,0,0,0,0,0,0,0,0,0,0,0,0,0,0,0,0,0,0.1,0,0,0,0,0,0,0,0,0,0,0,0,0,0
"699","Dendrochytridium","Chytridiaceae","Chytridiales","Chytridiomycetes","Chytridiomycota","Fungi",0.00458715596330275,NA,NA,0.0169491525423729,0,0,0,0,0.00540540540540541,0,0,0,0,0,0,0,0,0,0,0,0,0,0,0,0,0,0.05,0.0909090909090909,0,0,0,0,0,0,0,0,0,0,0,0,0,0,0,0,0,0,0,0,0,0,0,0,0,0,0,0,0,0,0,0,0,0,0,0,0,0,0,0,0,0,0,0,0,0,0,0,0,0,0,0,0,0,0,0,0,0,0.1,0.2,0,0,0,0,0,0,0,0,0,0,0,0,0
"700","Cenococcum","Gloniaceae","Gloniales","Dothideomycetes","Ascomycota","Fungi",0.00611620795107034,NA,NA,0.00847457627118644,0,0,0,0,0.0162162162162162,0,0,0,0,0,0,0,0,0,0,0,0,0,0,0,0,0,0,0.181818181818182,0,0,0,0,0,0,0,0,0,0,0,0,0,0,0,0,0,0,0,0,0,0,0,0,0,0,0,0,0,0,0,0,0,0,0,0,0,0,0,0,0,0,0,0,0,0,0,0,0,0,0,0,0,0,0,0,0,0,0,0.1,0.25,0,0,0,0,0,0,0,0,0,0,0,0
"701","Chaetosphaeria","Chaetosphaeriaceae","Chaetosphaeriales","Sordariomycetes","Ascomycota","Fungi",0.00764525993883792,NA,NA,0.0169491525423729,0,0,0,0,0.0162162162162162,0,0,0,0,0,0,0,0,0,0,0,0,0,0,0,0,0,0,0.227272727272727,0,0,0,0,0,0,0,0,0,0,0,0,0,0,0,0,0,0,0,0,0,0,0,0,0,0,0,0,0,0,0,0,0,0,0,0,0,0,0,0,0,0,0,0,0,0,0,0,0,0,0,0,0,0,0,0,0,0,0,0.2,0.25,0,0,0,0,0,0,0,0,0,0,0,0
"702","Apodus","Lasiosphaeriaceae","Sordariales","Sordariomycetes","Ascomycota","Fungi",0.00458715596330275,NA,NA,0.0254237288135593,0,0,0,0,0,0,0,0,0,0,0,0,0,0,0,0,0,0,0,0,0,0,0,0.136363636363636,0,0,0,0,0,0,0,0,0,0,0,0,0,0,0,0,0,0,0,0,0,0,0,0,0,0,0,0,0,0,0,0,0,0,0,0,0,0,0,0,0,0,0,0,0,0,0,0,0,0,0,0,0,0,0,0,0,0,0,0.3,0,0,0,0,0,0,0,0,0,0,0,0,0
"703","uncl_Phleogenaceae","Phleogenaceae","Atractiellales","Atractiellomycetes","Basidiomycota","Fungi",0.00152905198776758,NA,NA,0.00847457627118644,0,0,0,0,0,0,0,0,0,0,0,0,0,0,0,0,0,0,0,0,0,0,0,0.0454545454545455,0,0,0,0,0,0,0,0,0,0,0,0,0,0,0,0,0,0,0,0,0,0,0,0,0,0,0,0,0,0,0,0,0,0,0,0,0,0,0,0,0,0,0,0,0,0,0,0,0,0,0,0,0,0,0,0,0,0,0,0.1,0,0,0,0,0,0,0,0,0,0,0,0,0
"704","Plectania","Sarcosomataceae","Pezizales","Pezizomycetes","Ascomycota","Fungi",0.00152905198776758,NA,NA,0,0,0,0,0,0.00540540540540541,0,0,0,0,0,0,0,0,0,0,0,0,0,0,0,0,0,0,0.0454545454545455,0,0,0,0,0,0,0,0,0,0,0,0,0,0,0,0,0,0,0,0,0,0,0,0,0,0,0,0,0,0,0,0,0,0,0,0,0,0,0,0,0,0,0,0,0,0,0,0,0,0,0,0,0,0,0,0,0,0,0,0,0.0833333333333333,0,0,0,0,0,0,0,0,0,0,0,0
"705","uncl_Tylosporaceae","Tylosporaceae","Atheliales","Agaricomycetes","Basidiomycota","Fungi",0.00305810397553517,NA,NA,0.0169491525423729,0,0,0,0,0,0,0,0,0,0,0,0,0,0,0,0,0,0,0,0,0,0,0,0.0909090909090909,0,0,0,0,0,0,0,0,0,0,0,0,0,0,0,0,0,0,0,0,0,0,0,0,0,0,0,0,0,0,0,0,0,0,0,0,0,0,0,0,0,0,0,0,0,0,0,0,0,0,0,0,0,0,0,0,0,0,0,0.2,0,0,0,0,0,0,0,0,0,0,0,0,0
"706","Thozetella","Chaetosphaeriaceae","Chaetosphaeriales","Sordariomycetes","Ascomycota","Fungi",0.0168195718654434,NA,NA,0.0508474576271186,0,0,0,0,0.027027027027027,0,0,0,0,0,0,0,0,0,0,0,0,0,0,0,0,0,0,0.5,0,0,0,0,0,0,0,0,0,0,0,0,0,0,0,0,0,0,0,0,0,0,0,0,0,0,0,0,0,0,0,0,0,0,0,0,0,0,0,0,0,0,0,0,0,0,0,0,0,0,0,0,0,0,0,0,0,0,0,0.6,0.416666666666667,0,0,0,0,0,0,0,0,0,0,0,0
"707","Clitocybula","Tricholomataceae","Agaricales","Agaricomycetes","Basidiomycota","Fungi",0.00152905198776758,NA,NA,0.00847457627118644,0,0,0,0,0,0,0,0,0,0,0,0,0,0,0,0,0,0,0,0,0,0,0,0.0454545454545455,0,0,0,0,0,0,0,0,0,0,0,0,0,0,0,0,0,0,0,0,0,0,0,0,0,0,0,0,0,0,0,0,0,0,0,0,0,0,0,0,0,0,0,0,0,0,0,0,0,0,0,0,0,0,0,0,0,0,0,0.1,0,0,0,0,0,0,0,0,0,0,0,0,0
"708","Ochroconis","Sympoventuriaceae","Venturiales","Dothideomycetes","Ascomycota","Fungi",0.00611620795107034,NA,NA,0.0169491525423729,0,0,0,0,0.0108108108108108,0,0,0,0.0357142857142857,0,0,0,0,0,0,0,0,0,0,0,0,0,0,0.0909090909090909,0,0,0,0.0476190476190476,0,0,0,0,0,0,0,0,0,0,0,0.0833333333333333,0,0,0,0,0,0,0,0,0,0,0,0,0,0,0,0,0,0,0,0,0,0,0,0,0,0,0,0,0,0,0,0,0,0,0,0,0,0,0,0,0,0,0,0.1,0.0833333333333333,0,0,0,0,0,0,0,0,0,0.1,0,0
"709","Xerocomus","Boletaceae","Boletales","Agaricomycetes","Basidiomycota","Fungi",0.00305810397553517,NA,NA,0.0169491525423729,0,0,0,0,0,0,0,0,0,0,0,0,0,0,0,0,0,0,0,0,0,0,0,0.0909090909090909,0,0,0,0,0,0,0,0,0,0,0,0,0,0,0,0,0,0,0,0,0,0,0,0,0,0,0,0,0,0,0,0,0,0,0,0,0,0,0,0,0,0,0,0,0,0,0,0,0,0,0,0,0,0,0,0,0,0,0,0.2,0,0,0,0,0,0,0,0,0,0,0,0,0
"710","Rectipilus","Cyphellaceae","Agaricales","Agaricomycetes","Basidiomycota","Fungi",0.00152905198776758,NA,NA,0,0,0,0,0,0.00540540540540541,0,0,0,0,0,0,0,0,0,0,0,0,0,0,0,0,0,0,0.0454545454545455,0,0,0,0,0,0,0,0,0,0,0,0,0,0,0,0,0,0,0,0,0,0,0,0,0,0,0,0,0,0,0,0,0,0,0,0,0,0,0,0,0,0,0,0,0,0,0,0,0,0,0,0,0,0,0,0,0,0,0,0,0.0833333333333333,0,0,0,0,0,0,0,0,0,0,0,0
"711","Penicillago","Penicillaginaceae","Eurotiales","Eurotiomycetes","Ascomycota","Fungi",0.00611620795107034,NA,NA,0.0169491525423729,0,0,0,0,0.0108108108108108,0,0,0,0,0,0,0,0,0,0,0,0,0,0,0,0,0,0,0.181818181818182,0,0,0,0,0,0,0,0,0,0,0,0,0,0,0,0,0,0,0,0,0,0,0,0,0,0,0,0,0,0,0,0,0,0,0,0,0,0,0,0,0,0,0,0,0,0,0,0,0,0,0,0,0,0,0,0,0,0,0,0.2,0.166666666666667,0,0,0,0,0,0,0,0,0,0,0,0
"712","uncl_Porotheleaceae","Porotheleaceae","Agaricales","Agaricomycetes","Basidiomycota","Fungi",0.00305810397553517,NA,NA,0.0169491525423729,0,0,0,0,0,0,0,0,0,0,0,0,0,0,0,0,0,0,0,0,0,0,0,0.0909090909090909,0,0,0,0,0,0,0,0,0,0,0,0,0,0,0,0,0,0,0,0,0,0,0,0,0,0,0,0,0,0,0,0,0,0,0,0,0,0,0,0,0,0,0,0,0,0,0,0,0,0,0,0,0,0,0,0,0,0,0,0.2,0,0,0,0,0,0,0,0,0,0,0,0,0
"713","uncl_GS18","uncl_GS18","uncl_GS18","GS18","Olpidiomycota","Fungi",0.00152905198776758,NA,NA,0.00847457627118644,0,0,0,0,0,0,0,0,0,0,0,0,0,0,0,0,0,0,0,0,0,0,0,0.0454545454545455,0,0,0,0,0,0,0,0,0,0,0,0,0,0,0,0,0,0,0,0,0,0,0,0,0,0,0,0,0,0,0,0,0,0,0,0,0,0,0,0,0,0,0,0,0,0,0,0,0,0,0,0,0,0,0,0,0,0,0,0.1,0,0,0,0,0,0,0,0,0,0,0,0,0
"714","Asterostroma","Lachnocladiaceae","Russulales","Agaricomycetes","Basidiomycota","Fungi",0.00305810397553517,NA,NA,0.0169491525423729,0,0,0,0,0,0,0,0,0,0,0,0,0,0,0,0,0,0,0,0,0,0,0,0.0909090909090909,0,0,0,0,0,0,0,0,0,0,0,0,0,0,0,0,0,0,0,0,0,0,0,0,0,0,0,0,0,0,0,0,0,0,0,0,0,0,0,0,0,0,0,0,0,0,0,0,0,0,0,0,0,0,0,0,0,0,0,0.2,0,0,0,0,0,0,0,0,0,0,0,0,0
"715","uncl_Cordycipitaceae","Cordycipitaceae","Hypocreales","Sordariomycetes","Ascomycota","Fungi",0.0259938837920489,NA,NA,0.0423728813559322,0,0,0.0153846153846154,0,0.0540540540540541,0.0869565217391304,0,0,0.0357142857142857,0,0.107142857142857,0.0357142857142857,0,0.142857142857143,0,0,0.010989010989011,0,0.09375,0,0.0344827586206897,0,0,0.181818181818182,0,0,0,0,0,0.166666666666667,0,0,0,0,0,0,0,0,0,0.0833333333333333,0,0,0,0,0.3,0,0,0.0909090909090909,0,0,0.142857142857143,0,0,0,0,0,0,0,0,0,0,0.0909090909090909,0,0,0,0.181818181818182,0,0.111111111111111,0,0,0,0,0,0,0,0.0833333333333333,0,0,0,0,0,0,0,0.2,0.166666666666667,0,0,0,0,0,0,0,0,0,0,0,0
"716","Amphinema","Tylosporaceae","Atheliales","Agaricomycetes","Basidiomycota","Fungi",0.0107033639143731,NA,NA,0.0254237288135593,0,0,0,0,0.0216216216216216,0,0,0,0,0,0,0,0,0.142857142857143,0,0,0,0,0,0,0,0,0,0.272727272727273,0,0,0,0,0,0,0,0,0,0,0,0,0,0,0,0,0,0,0,0,0,0,0,0,0,0,0.142857142857143,0,0,0,0,0,0,0,0,0,0,0,0,0,0,0,0,0,0,0,0,0,0,0,0,0,0,0,0,0,0,0,0,0.3,0.25,0,0,0,0,0,0,0,0,0,0,0,0
"717","uncl_Geoglossales","uncl_Geoglossales","Geoglossales","Geoglossomycetes","Ascomycota","Fungi",0.036697247706422,NA,NA,0.101694915254237,0.04,0,0.00769230769230769,0.0333333333333333,0.0378378378378378,0,0,0.025,0,0,0.0357142857142857,0,0,0,0,0,0.032967032967033,0,0,0.134831460674157,0,0.0294117647058824,0,0.0909090909090909,0,0,0,0.19047619047619,0,0,0,0,0,0,0,0,0.1,0,0,0,0,0,0,0,0.1,0,0,0,0,0,0,0,0,0,0,0.1,0,0,0,0.1,0,0.0909090909090909,0,0,0,0,0,0,0.333333333333333,0.1,0.2,0.111111111111111,0.181818181818182,0.0833333333333333,0.05,0,0,0,0.0909090909090909,0,0,0,0,0.1,0.0833333333333333,0,0,0,0,0,0,0,0,0,0.3,0.0909090909090909,0
"718","uncl_Boletaceae","Boletaceae","Boletales","Agaricomycetes","Basidiomycota","Fungi",0.00305810397553517,NA,NA,0.00847457627118644,0,0,0,0,0.00540540540540541,0,0,0,0,0,0,0,0,0,0,0,0,0,0,0,0,0,0,0.0909090909090909,0,0,0,0,0,0,0,0,0,0,0,0,0,0,0,0,0,0,0,0,0,0,0,0,0,0,0,0,0,0,0,0,0,0,0,0,0,0,0,0,0,0,0,0,0,0,0,0,0,0,0,0,0,0,0,0,0,0,0,0.1,0.0833333333333333,0,0,0,0,0,0,0,0,0,0,0,0
"719","Humicolopsis","Helotiales_fam_Incertae_sedis","Helotiales","Leotiomycetes","Ascomycota","Fungi",0.0107033639143731,NA,NA,0.0254237288135593,0,0,0,0,0.0216216216216216,0,0,0,0,0,0,0,0,0,0,0,0,0,0,0,0,0,0,0.318181818181818,0,0,0,0,0,0,0,0,0,0,0,0,0,0,0,0,0,0,0,0,0,0,0,0,0,0,0,0,0,0,0,0,0,0,0,0,0,0,0,0,0,0,0,0,0,0,0,0,0,0,0,0,0,0,0,0,0,0,0,0.3,0.333333333333333,0,0,0,0,0,0,0,0,0,0,0,0
"720","uncl_Amphisphaeriales","uncl_Amphisphaeriales","Amphisphaeriales","Sordariomycetes","Ascomycota","Fungi",0.00152905198776758,NA,NA,0,0,0,0,0,0.00540540540540541,0,0,0,0,0,0,0,0,0,0,0,0,0,0,0,0,0,0,0.0454545454545455,0,0,0,0,0,0,0,0,0,0,0,0,0,0,0,0,0,0,0,0,0,0,0,0,0,0,0,0,0,0,0,0,0,0,0,0,0,0,0,0,0,0,0,0,0,0,0,0,0,0,0,0,0,0,0,0,0,0,0,0,0.0833333333333333,0,0,0,0,0,0,0,0,0,0,0,0
"721","Chromelosporiopsis","Pezizaceae","Pezizales","Pezizomycetes","Ascomycota","Fungi",0.00152905198776758,NA,NA,0.00847457627118644,0,0,0,0,0,0,0,0,0,0,0,0,0,0,0,0,0,0,0,0,0,0,0,0.0454545454545455,0,0,0,0,0,0,0,0,0,0,0,0,0,0,0,0,0,0,0,0,0,0,0,0,0,0,0,0,0,0,0,0,0,0,0,0,0,0,0,0,0,0,0,0,0,0,0,0,0,0,0,0,0,0,0,0,0,0,0,0.1,0,0,0,0,0,0,0,0,0,0,0,0,0
"722","Humaria","Pyronemataceae","Pezizales","Pezizomycetes","Ascomycota","Fungi",0.00305810397553517,NA,NA,0.00847457627118644,0,0,0,0,0.00540540540540541,0,0,0,0,0,0,0,0,0,0,0,0,0,0,0,0,0,0,0.0909090909090909,0,0,0,0,0,0,0,0,0,0,0,0,0,0,0,0,0,0,0,0,0,0,0,0,0,0,0,0,0,0,0,0,0,0,0,0,0,0,0,0,0,0,0,0,0,0,0,0,0,0,0,0,0,0,0,0,0,0,0,0.1,0.0833333333333333,0,0,0,0,0,0,0,0,0,0,0,0
"723","Dactylella","Orbiliaceae","Orbiliales","Orbiliomycetes","Ascomycota","Fungi",0.00152905198776758,NA,NA,0.00847457627118644,0,0,0,0,0,0,0,0,0,0,0,0,0,0,0,0,0,0,0,0,0,0,0,0.0454545454545455,0,0,0,0,0,0,0,0,0,0,0,0,0,0,0,0,0,0,0,0,0,0,0,0,0,0,0,0,0,0,0,0,0,0,0,0,0,0,0,0,0,0,0,0,0,0,0,0,0,0,0,0,0,0,0,0,0,0,0,0.1,0,0,0,0,0,0,0,0,0,0,0,0,0
"724","Phanerochaete","Phanerochaetaceae","Polyporales","Agaricomycetes","Basidiomycota","Fungi",0.00764525993883792,NA,NA,0.00847457627118644,0,0,0,0,0.0216216216216216,0,0,0,0,0,0,0,0,0,0,0,0,0,0.03125,0.0112359550561798,0.0344827586206897,0,0.05,0.0454545454545455,0,0,0,0,0,0,0,0,0,0,0,0,0,0,0,0,0,0,0,0,0,0,0,0,0,0,0,0,0,0,0,0,0,0,0,0,0,0,0,0,0,0,0,0.111111111111111,0,0,0,0,0,0,0.05,0,0,0.0833333333333333,0,0,0,0,0.1,0.1,0,0,0,0,0,0,0,0,0,0,0,0,0
"725","uncl_Hyaloriaceae","Hyaloriaceae","Auriculariales","Agaricomycetes","Basidiomycota","Fungi",0.00305810397553517,NA,NA,0.00847457627118644,0,0,0,0,0.00540540540540541,0,0,0,0,0,0,0,0,0,0,0,0,0,0,0,0,0,0,0.0909090909090909,0,0,0,0,0,0,0,0,0,0,0,0,0,0,0,0,0,0,0,0,0,0,0,0,0,0,0,0,0,0,0,0,0,0,0,0,0,0,0,0,0,0,0,0,0,0,0,0,0,0,0,0,0,0,0,0,0,0,0,0.1,0.0833333333333333,0,0,0,0,0,0,0,0,0,0,0,0
"726","uncl_Thelephorales","uncl_Thelephorales","Thelephorales","Agaricomycetes","Basidiomycota","Fungi",0.00152905198776758,NA,NA,0.00847457627118644,0,0,0,0,0,0,0,0,0,0,0,0,0,0,0,0,0,0,0,0,0,0,0,0.0454545454545455,0,0,0,0,0,0,0,0,0,0,0,0,0,0,0,0,0,0,0,0,0,0,0,0,0,0,0,0,0,0,0,0,0,0,0,0,0,0,0,0,0,0,0,0,0,0,0,0,0,0,0,0,0,0,0,0,0,0,0,0.1,0,0,0,0,0,0,0,0,0,0,0,0,0
"727","Helvellosebacina","Sebacinaceae","Sebacinales","Agaricomycetes","Basidiomycota","Fungi",0.00152905198776758,NA,NA,0.00847457627118644,0,0,0,0,0,0,0,0,0,0,0,0,0,0,0,0,0,0,0,0,0,0,0,0.0454545454545455,0,0,0,0,0,0,0,0,0,0,0,0,0,0,0,0,0,0,0,0,0,0,0,0,0,0,0,0,0,0,0,0,0,0,0,0,0,0,0,0,0,0,0,0,0,0,0,0,0,0,0,0,0,0,0,0,0,0,0,0.1,0,0,0,0,0,0,0,0,0,0,0,0,0
"728","Desmazierella","Sarcoscyphaceae","Pezizales","Pezizomycetes","Ascomycota","Fungi",0.00305810397553517,NA,NA,0.00847457627118644,0,0,0,0,0.00540540540540541,0,0,0,0,0,0.0357142857142857,0,0,0,0,0,0,0,0,0,0,0,0,0.0454545454545455,0,0,0,0,0,0,0,0,0,0,0,0,0,0,0,0,0,0,0,0,0.1,0,0,0,0,0,0,0,0,0,0,0,0,0,0,0,0,0,0,0,0,0,0,0,0,0,0,0,0,0,0,0,0,0,0,0,0,0,0,0.1,0,0,0,0,0,0,0,0,0,0,0,0,0
"729","Inosperma","Inocybaceae","Agaricales","Agaricomycetes","Basidiomycota","Fungi",0.00305810397553517,NA,NA,0,0,0,0,0,0.0108108108108108,0,0,0,0,0,0,0,0,0,0,0,0,0,0,0,0,0,0,0.0909090909090909,0,0,0,0,0,0,0,0,0,0,0,0,0,0,0,0,0,0,0,0,0,0,0,0,0,0,0,0,0,0,0,0,0,0,0,0,0,0,0,0,0,0,0,0,0,0,0,0,0,0,0,0,0,0,0,0,0,0,0,0,0.166666666666667,0,0,0,0,0,0,0,0,0,0,0,0
"730","Nematoctonus","Pleurotaceae","Agaricales","Agaricomycetes","Basidiomycota","Fungi",0.00152905198776758,NA,NA,0,0,0,0,0,0.00540540540540541,0,0,0,0,0,0,0,0,0,0,0,0,0,0,0,0,0,0,0.0454545454545455,0,0,0,0,0,0,0,0,0,0,0,0,0,0,0,0,0,0,0,0,0,0,0,0,0,0,0,0,0,0,0,0,0,0,0,0,0,0,0,0,0,0,0,0,0,0,0,0,0,0,0,0,0,0,0,0,0,0,0,0,0.0833333333333333,0,0,0,0,0,0,0,0,0,0,0,0
"731","uncl_Russulaceae","Russulaceae","Russulales","Agaricomycetes","Basidiomycota","Fungi",0.00917431192660551,0.027027027027027,0,0.0169491525423729,0,0.00943396226415094,0,0,0.0162162162162162,0,0,0,0,0,0,0,0,0,0,0,0,0,0,0,0,0,0,0.227272727272727,0,0,0.0188679245283019,0,0,0,0,0,0,0,0,0,0,0,0,0,0,0,0,0,0,0,0,0,0,0,0,0,0,0,0,0,0,0,0,0,0,0,0,0,0,0,0,0,0,0,0,0,0,0,0,0,0,0,0,0,0,0,0,0.2,0.25,0,0,0,0,0,0,0.05,0,0,0,0,0
"732","Devriesia","Teratosphaeriaceae","Mycosphaerellales","Dothideomycetes","Ascomycota","Fungi",0.00152905198776758,NA,NA,0,0,0,0,0,0.00540540540540541,0,0,0,0,0,0,0,0,0,0,0,0,0,0,0,0,0,0,0.0454545454545455,0,0,0,0,0,0,0,0,0,0,0,0,0,0,0,0,0,0,0,0,0,0,0,0,0,0,0,0,0,0,0,0,0,0,0,0,0,0,0,0,0,0,0,0,0,0,0,0,0,0,0,0,0,0,0,0,0,0,0,0,0.0833333333333333,0,0,0,0,0,0,0,0,0,0,0,0
"733","uncl_GS22","uncl_GS22","GS22","Endogonomycetes","Mucoromycota","Fungi",0.00305810397553517,NA,NA,0,0,0,0,0,0.0108108108108108,0,0,0,0,0,0,0,0,0,0,0,0,0,0,0,0,0,0,0.0909090909090909,0,0,0,0,0,0,0,0,0,0,0,0,0,0,0,0,0,0,0,0,0,0,0,0,0,0,0,0,0,0,0,0,0,0,0,0,0,0,0,0,0,0,0,0,0,0,0,0,0,0,0,0,0,0,0,0,0,0,0,0,0.166666666666667,0,0,0,0,0,0,0,0,0,0,0,0
"734","uncl_Cortinariaceae","Cortinariaceae","Agaricales","Agaricomycetes","Basidiomycota","Fungi",0.00152905198776758,NA,NA,0,0,0,0,0,0.00540540540540541,0,0,0,0,0,0,0,0,0,0,0,0,0,0,0,0,0,0,0.0454545454545455,0,0,0,0,0,0,0,0,0,0,0,0,0,0,0,0,0,0,0,0,0,0,0,0,0,0,0,0,0,0,0,0,0,0,0,0,0,0,0,0,0,0,0,0,0,0,0,0,0,0,0,0,0,0,0,0,0,0,0,0,0.0833333333333333,0,0,0,0,0,0,0,0,0,0,0,0
"735","Lactifluus","Russulaceae","Russulales","Agaricomycetes","Basidiomycota","Fungi",0.00458715596330275,NA,NA,0.00847457627118644,0,0,0,0,0.0108108108108108,0,0,0,0,0,0,0,0,0,0,0,0,0,0,0,0,0,0,0.136363636363636,0,0,0,0,0,0,0,0,0,0,0,0,0,0,0,0,0,0,0,0,0,0,0,0,0,0,0,0,0,0,0,0,0,0,0,0,0,0,0,0,0,0,0,0,0,0,0,0,0,0,0,0,0,0,0,0,0,0,0,0.1,0.166666666666667,0,0,0,0,0,0,0,0,0,0,0,0
"736","Leucogaster","Albatrellaceae","Russulales","Agaricomycetes","Basidiomycota","Fungi",0.00152905198776758,NA,NA,0,0,0,0,0,0.00540540540540541,0,0,0,0,0,0,0,0,0,0,0,0,0,0,0,0,0,0,0.0454545454545455,0,0,0,0,0,0,0,0,0,0,0,0,0,0,0,0,0,0,0,0,0,0,0,0,0,0,0,0,0,0,0,0,0,0,0,0,0,0,0,0,0,0,0,0,0,0,0,0,0,0,0,0,0,0,0,0,0,0,0,0,0.0833333333333333,0,0,0,0,0,0,0,0,0,0,0,0
"737","uncl_Bulleraceae","Bulleraceae","Tremellales","Tremellomycetes","Basidiomycota","Fungi",0.00152905198776758,NA,NA,0,0,0,0,0,0.00540540540540541,0,0,0,0,0,0,0,0,0,0,0,0,0,0,0,0,0,0,0.0454545454545455,0,0,0,0,0,0,0,0,0,0,0,0,0,0,0,0,0,0,0,0,0,0,0,0,0,0,0,0,0,0,0,0,0,0,0,0,0,0,0,0,0,0,0,0,0,0,0,0,0,0,0,0,0,0,0,0,0,0,0,0,0.0833333333333333,0,0,0,0,0,0,0,0,0,0,0,0
"738","uncl_Hysterangiaceae","Hysterangiaceae","Hysterangiales","Agaricomycetes","Basidiomycota","Fungi",0.00152905198776758,NA,NA,0,0,0,0,0,0.00540540540540541,0,0,0,0,0,0,0,0,0,0,0,0,0,0,0,0,0,0,0.0454545454545455,0,0,0,0,0,0,0,0,0,0,0,0,0,0,0,0,0,0,0,0,0,0,0,0,0,0,0,0,0,0,0,0,0,0,0,0,0,0,0,0,0,0,0,0,0,0,0,0,0,0,0,0,0,0,0,0,0,0,0,0,0.0833333333333333,0,0,0,0,0,0,0,0,0,0,0,0
"739","Clitopilopsis","Entolomataceae","Agaricales","Agaricomycetes","Basidiomycota","Fungi",0.00152905198776758,NA,NA,0,0,0,0,0,0.00540540540540541,0,0,0,0,0,0,0,0,0,0,0,0,0,0,0,0,0,0,0.0454545454545455,0,0,0,0,0,0,0,0,0,0,0,0,0,0,0,0,0,0,0,0,0,0,0,0,0,0,0,0,0,0,0,0,0,0,0,0,0,0,0,0,0,0,0,0,0,0,0,0,0,0,0,0,0,0,0,0,0,0,0,0,0.0833333333333333,0,0,0,0,0,0,0,0,0,0,0,0
"740","Retiboletus","Boletaceae","Boletales","Agaricomycetes","Basidiomycota","Fungi",0.00152905198776758,NA,NA,0,0,0,0,0,0.00540540540540541,0,0,0,0,0,0,0,0,0,0,0,0,0,0,0,0,0,0,0.0454545454545455,0,0,0,0,0,0,0,0,0,0,0,0,0,0,0,0,0,0,0,0,0,0,0,0,0,0,0,0,0,0,0,0,0,0,0,0,0,0,0,0,0,0,0,0,0,0,0,0,0,0,0,0,0,0,0,0,0,0,0,0,0.0833333333333333,0,0,0,0,0,0,0,0,0,0,0,0
"741","uncl_Geoglossaceae","Geoglossaceae","Geoglossales","Geoglossomycetes","Ascomycota","Fungi",0.0122324159021407,NA,NA,0.00847457627118644,0,0,0,0,0.0378378378378378,0,0,0,0.107142857142857,0,0,0,0,0.285714285714286,0,0,0,0,0,0.0224719101123595,0,0,0,0.0454545454545455,0,0,0,0,0,0,0,0,0,0,0,0,0,0,0,0.25,0,0,0,0,0,0,0,0,0,0,0.285714285714286,0,0,0,0,0,0,0,0,0,0,0,0,0,0,0,0,0,0.0833333333333333,0,0,0,0,0,0.05,0,0,0,0,0,0,0,0,0,0.0833333333333333,0,0,0,0,0,0,0,0,0,0,0,0
"742","Pseudoophiobolus","Phaeosphaeriaceae","Pleosporales","Dothideomycetes","Ascomycota","Fungi",0.00458715596330275,NA,NA,0,0,0,0.0230769230769231,0,0,0,0,0,0,0,0,0,0,0,0,0,0,0,0,0,0,0,0,0,0.5,0,0,0,0,0,0,0,0,0,0,0,0,0,0,0,0,0,0,0,0,0,0,0,0,0,0,0,0,0,0,0,0,0,0,0,0,0,0,0,0,0,0,0,0,0,0,0,0,0,0,0,0,0,0,0,0,0,0,0,0,0.5,0,0,0,0,0,0,0,0,0,0,0
"743","Clathrosphaerina","Hyaloscyphaceae","Helotiales","Leotiomycetes","Ascomycota","Fungi",0.00152905198776758,NA,NA,0,0,0,0.00769230769230769,0,0,0,0,0,0,0,0,0,0,0,0,0,0,0,0,0,0,0,0,0,0.166666666666667,0,0,0,0,0,0,0,0,0,0,0,0,0,0,0,0,0,0,0,0,0,0,0,0,0,0,0,0,0,0,0,0,0,0,0,0,0,0,0,0,0,0,0,0,0,0,0,0,0,0,0,0,0,0,0,0,0,0,0,0,0.166666666666667,0,0,0,0,0,0,0,0,0,0,0
"744","Sclerogaster","Sclerogastraceae","Geastrales","Agaricomycetes","Basidiomycota","Fungi",0.00152905198776758,NA,NA,0,0,0,0,0,0.00540540540540541,0,0,0,0,0,0,0,0,0,0,0,0,0,0,0,0,0,0,0,0,0.2,0,0,0,0,0,0,0,0,0,0,0,0,0,0,0,0,0,0,0,0,0,0,0,0,0,0,0,0,0,0,0,0,0,0,0,0,0,0,0,0,0,0,0,0,0,0,0,0,0,0,0,0,0,0,0,0,0,0,0,0,0,0,0.5,0,0,0,0,0,0,0,0
"745","Phaeopezia","Pezizaceae","Pezizales","Pezizomycetes","Ascomycota","Fungi",0.00152905198776758,0.027027027027027,0,0,0,0.00943396226415094,0,0,0,0,0,0,0,0,0,0,0,0,0,0,0,0,0,0,0,0,0,0,0,0,0.0188679245283019,0,0,0,0,0,0,0,0,0,0,0,0,0,0,0,0,0,0,0,0,0,0,0,0,0,0,0,0,0,0,0,0,0,0,0,0,0,0,0,0,0,0,0,0,0,0,0,0,0,0,0,0,0,0,0,0,0,0,0,0,0,0,0.111111111111111,0,0,0,0,0,0,0
"746","Pochonia","Clavicipitaceae","Hypocreales","Sordariomycetes","Ascomycota","Fungi",0.00152905198776758,0.027027027027027,0,0,0,0.00943396226415094,0,0,0,0,0,0,0,0,0,0,0,0,0,0,0,0,0,0,0,0,0,0,0,0,0.0188679245283019,0,0,0,0,0,0,0,0,0,0,0,0,0,0,0,0,0,0,0,0,0,0,0,0,0,0,0,0,0,0,0,0,0,0,0,0,0,0,0,0,0,0,0,0,0,0,0,0,0,0,0,0,0,0,0,0,0,0,0,0,0,0,0.111111111111111,0,0,0,0,0,0,0
"747","Neocucurbitaria","Cucurbitariaceae","Pleosporales","Dothideomycetes","Ascomycota","Fungi",0.00152905198776758,0.027027027027027,0,0,0,0.00943396226415094,0,0,0,0,0,0,0,0,0,0,0,0,0,0,0,0,0,0,0,0,0,0,0,0,0.0188679245283019,0,0,0,0,0,0,0,0,0,0,0,0,0,0,0,0,0,0,0,0,0,0,0,0,0,0,0,0,0,0,0,0,0,0,0,0,0,0,0,0,0,0,0,0,0,0,0,0,0,0,0,0,0,0,0,0,0,0,0,0,0,0,0.111111111111111,0,0,0,0,0,0,0
"748","uncl_Amanitaceae","Amanitaceae","Agaricales","Agaricomycetes","Basidiomycota","Fungi",0.00305810397553517,0.0540540540540541,0,0,0,0.0188679245283019,0,0,0,0,0,0,0,0,0,0,0,0,0,0,0,0,0,0,0,0,0,0,0,0,0.0377358490566038,0,0,0,0,0,0,0,0,0,0,0,0,0,0,0,0,0,0,0,0,0,0,0,0,0,0,0,0,0,0,0,0,0,0,0,0,0,0,0,0,0,0,0,0,0,0,0,0,0,0,0,0,0,0,0,0,0,0,0,0,0,0,0.222222222222222,0,0,0,0,0,0,0
"749","Powellomyces","Powellomycetaceae","Spizellomycetales","Spizellomycetes","Chytridiomycota","Fungi",0.00764525993883792,0,0.0625,0,0,0.00943396226415094,0.00769230769230769,0,0.0162162162162162,0.0434782608695652,0,0.05,0,0,0.0357142857142857,0,0,0,0,0,0,0,0,0,0,0,0,0,0,0,0.0188679245283019,0,0,0,0.0909090909090909,0,0,0,0,0,0.2,0,0,0,0,0,0.0833333333333333,0,0,0,0,0,0,0,0,0,0,0,0,0,0,0,0,0,0,0,0,0,0,0,0,0,0,0,0,0,0,0,0,0,0,0,0,0,0,0,0,0,0,0,0,0,0,0,0,0,0,0.0769230769230769,0,0,0
"750","uncl_Rhizophlyctidales","uncl_Rhizophlyctidales","Rhizophlyctidales","Rhizophlyctidomycetes","Chytridiomycota","Fungi",0.0122324159021407,0,0.0625,0,0,0,0.0384615384615385,0.0111111111111111,0.0108108108108108,0.0434782608695652,0,0.075,0,0,0,0,0,0,0,0.125,0,0,0,0.0112359550561798,0,0,0,0,0.166666666666667,0,0.0188679245283019,0,0,0.0833333333333333,0,0,0,0,0.142857142857143,0.0833333333333333,0.1,0,0,0,0,0,0,0,0,0,0,0,0,0,0,0,0,1,0,0,0,0,0,0,0,0,0,0,0,0,0,0,0,0,0,0,0,0.0833333333333333,0,0,0,0,0,0,0,0,0,0,0,0.166666666666667,0,0,0,0,0,0,0,0.0769230769230769,0,0,0
"751","uncl_Geminibasidiomycetes","uncl_Geminibasidiomycetes","uncl_Geminibasidiomycetes","Geminibasidiomycetes","Basidiomycota","Fungi",0.00152905198776758,0.027027027027027,0,0,0,0.00943396226415094,0,0,0,0,0,0,0,0,0,0,0,0,0,0,0,0,0,0,0,0,0,0,0,0,0.0188679245283019,0,0,0,0,0,0,0,0,0,0,0,0,0,0,0,0,0,0,0,0,0,0,0,0,0,0,0,0,0,0,0,0,0,0,0,0,0,0,0,0,0,0,0,0,0,0,0,0,0,0,0,0,0,0,0,0,0,0,0,0,0,0,0,0,0.05,0,0,0,0,0
"752","Monoblepharella","Monoblepharidaceae","Monoblepharidales","Monoblepharidomycetes","Monoblepharomycota","Fungi",0.0229357798165138,NA,NA,0.0593220338983051,0,0,0,0,0.0432432432432432,0,0,0,0,0,0,0,0,0,0,0,0,0,0,0,0,0,0,0,0,0,0,0.714285714285714,0,0,0,0,0,0,0,0,0,0,0,0,0,0,0,0,0,0,0,0,0,0,0,0,0,0,0,0,0,0,0,0,0,0,0,0,0,0,0,0,0,0,0,0,0,0,0,0,0,0,0,0,0,0,0,0,0,0,0,0,0,0,0,0,0,0,0.7,0.727272727272727,0
"753","uncl_Cladochytriomycetes","uncl_Cladochytriomycetes","uncl_Cladochytriomycetes","Cladochytriomycetes","Chytridiomycota","Fungi",0.0122324159021407,NA,NA,0.0423728813559322,0,0,0,0,0.0162162162162162,0,0,0,0,0,0,0.0357142857142857,0,0,0,0,0,0,0,0,0,0,0,0,0,0,0,0.333333333333333,0,0,0,0,0,0,0,0,0,0,0,0,0,0,0,0,0,0,0,0.0909090909090909,0,0,0,0,0,0,0,0,0,0,0,0,0,0,0,0,0,0,0,0,0,0,0,0,0,0,0,0,0,0,0,0,0,0,0,0,0,0,0,0,0,0,0,0,0,0,0.5,0.181818181818182,0
"754","Lindtneria","Stephanosporaceae","Agaricales","Agaricomycetes","Basidiomycota","Fungi",0.00305810397553517,NA,NA,0.00847457627118644,0,0,0,0,0.00540540540540541,0,0,0,0,0,0,0,0,0,0,0,0,0,0,0,0,0,0,0,0,0,0,0.0952380952380952,0,0,0,0,0,0,0,0,0,0,0,0,0,0,0,0,0,0,0,0,0,0,0,0,0,0,0,0,0,0,0,0,0,0,0,0,0,0,0,0,0,0,0,0,0,0,0,0,0,0,0,0,0,0,0,0,0,0,0,0,0,0,0,0,0,0,0.1,0.0909090909090909,0
"755","uncl_Monoblepharidomycetes","uncl_Monoblepharidomycetes","uncl_Monoblepharidomycetes","Monoblepharidomycetes","Monoblepharomycota","Fungi",0.018348623853211,NA,NA,0.0593220338983051,0,0,0,0,0.027027027027027,0,0,0,0,0,0,0,0,0,0,0,0,0,0,0,0,0,0,0,0,0,0,0.571428571428571,0,0,0,0,0,0,0,0,0,0,0,0,0,0,0,0,0,0,0,0,0,0,0,0,0,0,0,0,0,0,0,0,0,0,0,0,0,0,0,0,0,0,0,0,0,0,0,0,0,0,0,0,0,0,0,0,0,0,0,0,0,0,0,0,0,0,0.7,0.454545454545455,0
"756","uncl_Brachybasidiaceae","Brachybasidiaceae","Exobasidiales","Exobasidiomycetes","Basidiomycota","Fungi",0.00152905198776758,NA,NA,0.00847457627118644,0,0,0,0,0,0,0,0,0,0,0,0,0,0,0,0,0,0,0,0,0,0,0,0,0,0,0,0.0476190476190476,0,0,0,0,0,0,0,0,0,0,0,0,0,0,0,0,0,0,0,0,0,0,0,0,0,0,0,0,0,0,0,0,0,0,0,0,0,0,0,0,0,0,0,0,0,0,0,0,0,0,0,0,0,0,0,0,0,0,0,0,0,0,0,0,0,0,0.1,0,0
"757","uncl_Monoblepharidales","uncl_Monoblepharidales","Monoblepharidales","Monoblepharidomycetes","Monoblepharomycota","Fungi",0.0152905198776758,NA,NA,0.0338983050847458,0,0,0,0,0.0324324324324324,0,0,0,0,0,0,0,0,0,0,0,0,0,0,0,0,0,0,0,0,0,0,0.476190476190476,0,0,0,0,0,0,0,0,0,0,0,0,0,0,0,0,0,0,0,0,0,0,0,0,0,0,0,0,0,0,0,0,0,0,0,0,0,0,0,0,0,0,0,0,0,0,0,0,0,0,0,0,0,0,0,0,0,0,0,0,0,0,0,0,0,0,0.4,0.545454545454545,0
"758","Stypella","Hyaloriaceae","Auriculariales","Agaricomycetes","Basidiomycota","Fungi",0.00611620795107034,NA,NA,0.0169491525423729,0,0,0,0,0.0108108108108108,0,0,0,0,0,0,0,0,0,0,0,0,0,0,0,0,0,0,0,0,0,0,0.19047619047619,0,0,0,0,0,0,0,0,0,0,0,0,0,0,0,0,0,0,0,0,0,0,0,0,0,0,0,0,0,0,0,0,0,0,0,0,0,0,0,0,0,0,0,0,0,0,0,0,0,0,0,0,0,0,0,0,0,0,0,0,0,0,0,0,0,0,0.2,0.181818181818182,0
"759","uncl_Monoblepharomycota","uncl_Monoblepharomycota","uncl_Monoblepharomycota","uncl_Monoblepharomycota","Monoblepharomycota","Fungi",0.0107033639143731,NA,NA,0.0338983050847458,0,0,0,0,0.0162162162162162,0,0,0,0,0,0,0,0,0,0,0,0,0,0,0,0,0,0,0,0,0,0,0.333333333333333,0,0,0,0,0,0,0,0,0,0,0,0,0,0,0,0,0,0,0,0,0,0,0,0,0,0,0,0,0,0,0,0,0,0,0,0,0,0,0,0,0,0,0,0,0,0,0,0,0,0,0,0,0,0,0,0,0,0,0,0,0,0,0,0,0,0,0.4,0.272727272727273,0
"760","Neospadicoides","Xenospadicoidaceae","Xenospadicoidales","Sordariomycetes","Ascomycota","Fungi",0.00152905198776758,NA,NA,0.00847457627118644,0,0,0,0,0,0,0,0,0,0,0,0,0,0,0,0,0,0,0,0,0,0,0,0,0,0,0,0.0476190476190476,0,0,0,0,0,0,0,0,0,0,0,0,0,0,0,0,0,0,0,0,0,0,0,0,0,0,0,0,0,0,0,0,0,0,0,0,0,0,0,0,0,0,0,0,0,0,0,0,0,0,0,0,0,0,0,0,0,0,0,0,0,0,0,0,0,0,0.1,0,0
"761","uncl_GS08","uncl_GS08","GS08","Rozellomycotina_cls_Incertae_sedis","Rozellomycota","Fungi",0.00152905198776758,NA,NA,0.00847457627118644,0,0,0,0,0,0,0,0,0,0,0,0,0,0,0,0,0,0,0,0,0,0,0,0,0,0,0,0.0476190476190476,0,0,0,0,0,0,0,0,0,0,0,0,0,0,0,0,0,0,0,0,0,0,0,0,0,0,0,0,0,0,0,0,0,0,0,0,0,0,0,0,0,0,0,0,0,0,0,0,0,0,0,0,0,0,0,0,0,0,0,0,0,0,0,0,0,0,0.1,0,0
"762","uncl_Monoblepharidaceae","Monoblepharidaceae","Monoblepharidales","Monoblepharidomycetes","Monoblepharomycota","Fungi",0.00305810397553517,NA,NA,0.00847457627118644,0,0,0,0,0.00540540540540541,0,0,0,0,0,0,0,0,0,0,0,0,0,0,0,0,0,0,0,0,0,0,0.0952380952380952,0,0,0,0,0,0,0,0,0,0,0,0,0,0,0,0,0,0,0,0,0,0,0,0,0,0,0,0,0,0,0,0,0,0,0,0,0,0,0,0,0,0,0,0,0,0,0,0,0,0,0,0,0,0,0,0,0,0,0,0,0,0,0,0,0,0,0.1,0.0909090909090909,0
"763","uncl_Mucoromycota","uncl_Mucoromycota","uncl_Mucoromycota","uncl_Mucoromycota","Mucoromycota","Fungi",0.0152905198776758,0.027027027027027,0,0.0169491525423729,0,0.0188679245283019,0.00769230769230769,0,0.027027027027027,0,0.0588235294117647,0,0,0.0625,0,0,0,0.285714285714286,0,0,0,0,0.03125,0,0,0,0,0,0,0,0.0188679245283019,0.142857142857143,0.333333333333333,0,0,0,0.2,0,0,0,0,0,0,0,0.0909090909090909,0,0,0,0,0,0,0,0,0,0.285714285714286,0,0,0,0,0,0,0,0,0,0,0,0,0,0,0.0909090909090909,0,0,0,0,0,0,0,0,0,0,0,0,0,0,0,0,0,0,0,0,0,0,0,0.111111111111111,0,0,0,0,0.1,0.181818181818182,0.333333333333333
"764","uncl_Chaetosphaeriaceae","Chaetosphaeriaceae","Chaetosphaeriales","Sordariomycetes","Ascomycota","Fungi",0.0122324159021407,NA,NA,0.0254237288135593,0,0,0,0,0.027027027027027,0,0,0,0,0,0,0,0,0.142857142857143,0,0,0,0,0,0,0,0,0.1,0,0,0,0,0.238095238095238,0,0,0,0,0,0,0,0,0,0,0,0,0,0,0,0,0,0,0,0,0,0,0.142857142857143,0,0,0,0,0,0,0,0,0,0,0,0,0,0,0,0,0,0,0,0,0,0,0,0,0,0,0,0,0,0,0,0.2,0,0,0,0,0,0,0,0,0,0,0,0.3,0.181818181818182,0
"765","Trematosphaeria","Trematosphaeriaceae","Pleosporales","Dothideomycetes","Ascomycota","Fungi",0.00305810397553517,NA,NA,0.00847457627118644,0,0,0,0,0.00540540540540541,0,0,0,0,0,0,0,0,0,0,0,0,0,0,0,0,0,0,0,0,0,0,0.0952380952380952,0,0,0,0,0,0,0,0,0,0,0,0,0,0,0,0,0,0,0,0,0,0,0,0,0,0,0,0,0,0,0,0,0,0,0,0,0,0,0,0,0,0,0,0,0,0,0,0,0,0,0,0,0,0,0,0,0,0,0,0,0,0,0,0,0,0,0.1,0.0909090909090909,0
"766","uncl_Cladochytriaceae","Cladochytriaceae","Cladochytriales","Cladochytriomycetes","Chytridiomycota","Fungi",0.00305810397553517,NA,NA,0,0,0,0,0,0.0108108108108108,0,0,0,0,0,0,0,0,0,0,0,0,0,0,0,0,0,0,0,0,0,0,0.0952380952380952,0,0,0,0,0,0,0,0,0,0,0,0,0,0,0,0,0,0,0,0,0,0,0,0,0,0,0,0,0,0,0,0,0,0,0,0,0,0,0,0,0,0,0,0,0,0,0,0,0,0,0,0,0,0,0,0,0,0,0,0,0,0,0,0,0,0,0,0.181818181818182,0
"767","Crepidotus","Crepidotaceae","Agaricales","Agaricomycetes","Basidiomycota","Fungi",0.018348623853211,0.027027027027027,0,0,0.04,0.0188679245283019,0.0230769230769231,0.0555555555555556,0.00540540540540541,0,0,0.125,0,0,0,0.0357142857142857,0,0,0.0454545454545455,0,0.021978021978022,0,0.03125,0,0,0,0,0,0,0,0.0188679245283019,0.0476190476190476,0,0,0,0,0,0,0.285714285714286,0.25,0,0,0,0,0,0,0,0,0,0,0.0833333333333333,0,0,0,0,0.0833333333333333,0,0,0,0,0.05,0,0.05,0,0,0,0,0,0,0,0.0833333333333333,0,0,0,0,0,0,0,0,0,0,0,0,0,0,0,0,0,0,0,0,0,0,0,0,0.05,0,0,0,0.0909090909090909,0
