"Genus","Family","Order","Class","Phylum","Domain","global_relative_abundance","BOER_SEVonly","BOGR_SEVonly","ANGE_allsites","BOCU_allsites","BOER_allsites","BOGR_allsites","BUDA_allsites","SCSC_allsites","BLM","BNP","CAD","CNF","CPR","DMT","FCP","FMT","FSA","GMT","GNF","HAR","HPG","KAE","KNZ","LAR","LBJ","NWP","ONF","RNF","SCP","SEV","SFA","UHC","BLM_BOGR","BLM_SCSC","BNP_BOER","BNP_BOGR","CAD_ANGE","CAD_BOGR","CAD_BUDA","CAD_SCSC","CNF_BOER","CNF_BOGR","CNF_SCSC","CPR_BOER","CPR_BOGR_E","DMT_BOER","DMT_BOGR","DMT_SCSC","FCP_BOGR","FCP_BUDA","FCP_SCSC","FMT_BOER","FMT_BOGR","FSA_SCSC","GMT_BOER","GMT_BOGR","GNF_BOGR","GNF_SCSC","HAR_ANGE","HAR_BOCU_E","HAR_BOGR","HAR_BOGR_E","HAR_BUDA","HAR_BUDA_E","HAR_SCSC","HAR_SCSC_E","HPG_BOGR","HPG_BUDA","KAE_ANGE","KAE_BUDA","KAE_SCSC","KNZ_ANGE","KNZ_ANGE_E","KNZ_BOCU_E","KNZ_BOGR","KNZ_BUDA","KNZ_SCSC","KNZ_SCSC_E","LAR_ANGE","LAR_BOGR","LAR_SCSC","LBJ_ANGE","LBJ_BUDA","LBJ_SCSC","NWP_ANGE","NWP_SCSC","ONF_ANGE","ONF_SCSC","RNF_BOGR","SCP_ANGE","SCP_BOGR","SCP_SCSC","SEV_BOER","SEV_BOER_E_A","SEV_BOER_E_B","SEV_BOGR","SEV_BOGR_E_A","SFA_SCSC","UHC_ANGE","UHC_SCSC"
"uncl_Hypocreaceae","Hypocreaceae","Hypocreales","Sordariomycetes","Ascomycota","Fungi",0.425,0,0,0.87,0.069,0.254,0.26,0.245,0.491,0.604,0.003,0.138,0.879,0,0.012,0.046,0.014,0.059,1.475,0.001,0.154,0.625,1.86,0.064,0.101,0.986,0.948,0.821,0.521,0.018,0,0.119,1.595,0.774,0.419,0.005,0,0.495,0,0.002,0.007,0.762,1.103,0.894,0,0,0,0,0.034,0.099,0.004,0.067,0.022,0,0.059,1.517,1.424,0.01,0,0.065,0.085,0.003,0.053,0,0.394,0.598,0.01,0,0.853,3.571,0.091,2.128,0.012,0.193,0.006,0.004,0,0.002,0.08,0.208,0.012,0.032,1.433,0.629,0.928,0.966,0.93,0.956,0.709,0.521,0,0,0.044,0,0,0,0,0,0.119,1.578,1.61
"uncl_Agaricales","uncl_Agaricales","Agaricales","Agaricomycetes","Basidiomycota","Fungi",5.502,7.953,0.002,6.498,0.836,6.867,3.456,3.2,7.274,1.917,15.762,6.663,6.723,4.49,6.675,3.411,1.669,4.938,3.708,5.895,3.201,1.653,4.151,8.125,0.437,6.503,6.945,4.91,4.3,13.543,5.552,8.047,10.529,3.262,0.449,21.772,1.338,10.769,2.408,3.014,9.503,1.159,1.957,13.809,5.97,1.236,2.606,13.268,7.604,9.009,2.359,2.013,0.572,3.681,4.938,4.701,2.516,0.03,6.733,6.171,0.391,0.809,3.843,4.431,1.521,6.169,3.156,2.615,1.304,1.886,7.519,2.427,9.858,6.509,2.616,7.61,3.977,10.816,10.974,0.996,0,0.06,7.227,1.305,11.451,9.48,4.41,3.222,6.318,4.3,6.159,6.099,24.679,8.895,2.419,9.742,0,0.002,8.047,9.268,11.675
"uncl_Ascomycota","uncl_Ascomycota","uncl_Ascomycota","uncl_Ascomycota","Ascomycota","Fungi",19.27,29.671,40.387,9.925,11.928,28.294,28.711,26.601,10.852,34.633,28.792,19.628,25.87,37.262,13.68,18.408,34.214,11.807,23.462,6.671,18.29,26.087,9.953,11.534,21.966,12.555,7.096,9.57,33.992,15.629,32.906,4.465,10.574,33.469,35.903,31.011,23.466,5.874,24.778,38.827,8.115,32.871,37.766,14.497,40.44,30.271,13.419,21.865,9.083,20.174,25.216,10.179,29.263,43.29,11.807,19.986,27.633,15.144,5.461,8.787,12.487,25.862,19.954,31.694,32.885,6.559,13.654,27.847,25.448,9.95,10.435,9.315,9.737,6.69,9.696,20.248,33.578,4.659,5.996,18.297,30.332,22.15,10.85,17.108,9.293,7.81,6.381,12.933,6.768,33.992,4.636,33.447,3.307,13.665,25.104,38.701,33.126,42.062,4.465,10.762,10.403
"Septobasidium","Septobasidiaceae","Septobasidiales","Pucciniomycetes","Basidiomycota","Fungi",0.049,0,0,0,0.112,0,0.219,0,0.005,1.236,0,0.013,0,0,0,0,0,0,0,0,0.031,0,0,0.003,0,0,0,0,0,0,0,0,0,2.368,0,0,0,0,0,0,0.053,0,0,0,0,0,0,0,0,0,0,0,0,0,0,0,0,0,0,0,0.14,0,0,0,0,0,0,0,0,0,0,0,0,0,0,0,0,0.026,0,0,0,0,0,0,0,0,0,0,0,0,0,0,0,0,0,0,0,0,0,0,0
"uncl_Agaricomycetes","uncl_Agaricomycetes","uncl_Agaricomycetes","Agaricomycetes","Basidiomycota","Fungi",1.431,2.033,0.156,1.923,0.881,0.979,1.426,1.671,1.339,5.941,0.941,0.232,0.707,0.373,1.07,2.531,0.544,0.418,0.773,0.019,1.313,0.059,1.381,2.192,0.727,1.431,2.705,1.363,0.046,0.688,1.467,0.613,1.028,6.22,5.636,0.004,3.189,0.133,0.025,0.208,0.513,0.019,0.034,1.618,0.47,0.158,0.465,1.771,1.374,1.722,4.877,0.34,0.829,0.021,0.418,0.697,0.865,0.138,0.001,0.5,0.925,6.478,0.477,0.035,0.151,3.692,1.268,0.017,0.074,0.218,2.793,0.92,3.091,3.236,0.706,1.117,2.293,3.566,0.584,1.649,0.196,0.026,1.388,2.33,0.493,3.491,1.92,2.878,0.101,0.046,0.089,1.631,0.044,0.094,0.02,3.711,0.633,0.046,0.613,1.738,0.382
"uncl_Diaporthaceae","Diaporthaceae","Diaporthales","Sordariomycetes","Ascomycota","Fungi",0.116,0,0,0.16,0.002,0.094,0.095,0.087,0.143,0.192,0,0.001,0.371,0.001,0.047,0.001,0,0.001,0.582,0,0.003,0.315,0,0.008,0,0.401,0.228,0.249,0.264,0.008,0,0,0.737,0.248,0.13,0,0,0.001,0,0,0.004,0.269,0.358,0.471,0.001,0,0,0,0.132,0,0,0.002,0,0,0.001,0.586,0.578,0,0,0.013,0.003,0,0.003,0,0,0,0.015,0.007,0.427,0,0,0,0.01,0.006,0,0.008,0.004,0.026,0.002,0,0,0,0.606,0.255,0.355,0.182,0.275,0.266,0.236,0.264,0,0.02,0,0,0,0,0,0,0,0.74,0.733
"uncl_Lindgomycetaceae","Lindgomycetaceae","Pleosporales","Dothideomycetes","Ascomycota","Fungi",0.008,0,0,0,0.002,0,0.013,0,0.02,0.17,0,0,0,0.004,0,0,0,0,0,0,0.007,0,0,0,0,0,0,0,0.137,0,0,0,0,0.068,0.281,0,0,0,0,0,0,0,0,0.001,0.001,0.01,0,0,0,0,0,0,0,0,0,0,0,0,0,0,0.003,0,0,0,0.003,0.051,0,0,0,0,0,0,0,0,0,0,0,0,0,0,0,0,0,0,0,0,0,0,0,0.137,0,0,0,0,0,0,0,0,0,0,0
"Periconia","Periconiaceae","Pleosporales","Dothideomycetes","Ascomycota","Fungi",2.542,0.002,0.005,4.508,0.929,0.968,1.155,1.232,4.019,2.62,0.016,2.295,3.725,0.005,0.101,1.067,0.009,13.232,5.798,0.472,1.168,1.783,3.166,2.582,0.755,6.131,6.822,4.577,1.199,0.028,0.003,8.946,8.704,3.659,1.487,0.008,0.036,5.762,0.157,0.077,2.638,1.9,3.61,5.447,0.007,0,0.235,0,0.001,0.002,0.574,2.088,0.004,0.018,13.232,6.552,4.894,0,0.539,2.433,0.715,0.16,1.321,0.09,1.244,1.122,3.653,0.002,2.43,3.132,1.587,5.315,1.463,4.869,1.785,0.347,0.297,1.182,4.27,0.307,0.002,1.517,8.429,3.388,6.824,6.076,7.568,5.283,3.99,1.199,0.089,0.025,0,0,0.002,0.003,0.007,0.005,8.946,8.48,8.908
"Fusarium","Nectriaceae","Hypocreales","Sordariomycetes","Ascomycota","Fungi",5.599,4.173,0.031,9.042,1.378,5.028,3.947,4.003,6.239,8.562,2.547,1.601,11.558,1.369,1.738,1.02,1.707,7.221,17.068,0.194,1.699,8.677,9.714,2.108,6.601,13.37,10.528,9.899,6.29,2.675,2.923,6.93,18.755,10.132,6.849,1.349,5.421,2.164,0.521,1.351,2.038,9.84,13.484,12.331,1.364,1.378,0.288,4.089,2.068,0.55,0.643,1.645,2.061,1.059,7.221,17.745,16.256,0.109,0.206,6.122,1.46,0.956,0.95,0.199,0.992,2.005,1.372,2.867,10.789,16.65,7.934,3.609,1.732,5.552,1.054,1.139,0.927,0.466,1.222,6.823,1.012,8.707,17.526,8.361,14.681,9.19,11.865,10.367,9.51,6.29,8.699,0.193,2.145,1.046,0.167,7.184,0.122,0.01,6.93,18.803,18.712
"Lophiostoma","Lophiostomataceae","Pleosporales","Dothideomycetes","Ascomycota","Fungi",0.059,0,0,0.052,0,0.028,0.151,0.025,0.042,0.062,0,0.003,0.101,0,0,0.562,0,0,0.187,0,0.005,0.057,0,0,0.001,0.129,0.063,0.073,0.03,0,0,0,0.271,0.075,0.049,0,0,0.002,0.001,0.009,0,0.068,0.17,0.103,0,0,0,0,0,3.147,0,0,0,0,0,0.188,0.186,0,0,0,0,0,0.001,0,0.043,0,0.002,0,0.077,0,0,0,0,0,0,0,0,0,0,0,0.004,0,0.204,0.073,0.115,0.05,0.075,0.082,0.065,0.03,0,0,0,0,0,0,0,0,0,0.256,0.284
"Coprinellus","Psathyrellaceae","Agaricales","Agaricomycetes","Basidiomycota","Fungi",0,0,0,0,0,0,0.001,0,0,0.005,0,0,0,0,0,0.001,0,0.003,0,0,0,0,0,0.001,0,0,0,0,0,0,0,0,0,0.009,0,0,0,0,0,0,0,0,0,0,0,0,0,0,0,0,0,0.004,0,0,0.003,0,0,0,0,0,0,0,0,0,0,0,0,0,0,0,0,0,0,0,0,0.007,0,0,0,0,0,0,0,0,0,0,0,0,0,0,0,0,0,0,0,0,0,0,0,0.001,0
"uncl_Lycoperdaceae","Lycoperdaceae","Agaricales","Agaricomycetes","Basidiomycota","Fungi",0.018,0,0,0.024,0,0,0.001,0.004,0.046,0.028,0.001,0,0,0,0,0.274,0,0.021,0,0,0.003,0,0,0.001,0.003,0.001,0.137,0,0,0,0,0,0,0.01,0.049,0,0.004,0,0,0,0,0,0,0,0,0,0,0,0,0,0.001,0.697,0,0,0.021,0,0,0,0,0,0,0,0,0.029,0.001,0,0,0,0,0.001,0,0,0.001,0,0,0.001,0.003,0,0,0,0,0.007,0.002,0.002,0,0.275,0,0,0,0,0,0,0,0,0,0,0,0,0,0,0
"uncl_Xylariales","uncl_Xylariales","Xylariales","Sordariomycetes","Ascomycota","Fungi",1.9,10.158,3.92,0.986,0.011,5.859,2.477,1.193,0.41,0.789,3.098,1.927,4.438,0,3.254,1.288,7.654,0.395,3.166,0,0.022,2.562,0.677,0.038,0.504,0.897,0.468,2.332,0.25,0,8.275,0.049,1.405,0.466,1.141,4.256,0.316,3.215,5.324,0.365,0.006,8.145,5.267,0.694,0,0,3.24,8.702,0.003,0.006,2.892,0.12,3.437,15.383,0.395,2.318,4.184,0,0,0.019,0.01,0.002,0.007,0,0.14,0.005,0.005,0.109,3.454,0.109,1.632,0.099,0.002,0.135,0.014,0.009,0.001,0.026,0.007,0,0,1.218,1.289,0.771,0.642,0.388,0.548,4.358,0.644,0.25,0,0,0,9.459,17.711,7.452,0.03,4.817,0.049,1.52,1.3
"uncl_Diaporthales","uncl_Diaporthales","Diaporthales","Sordariomycetes","Ascomycota","Fungi",0.28,0,0,0.335,0.004,0.196,0.184,0.158,0.457,0.395,0,0.083,0.658,0,0,0.491,0,0.316,1.212,2.403,0.001,0.424,0.025,0.001,0,0.795,0.468,0.566,0.353,0.295,0,0.161,1.439,0.53,0.247,0,0,0.057,0.008,0.014,0.246,0.537,0.724,0.742,0,0,0,0,0.001,0,0.154,1.083,0,0,0.316,1.237,1.181,0,2.747,0,0.005,0,0,0,0,0,0,0,0.579,0.049,0.022,0,0,0.001,0,0.001,0,0.002,0,0,0,0,1.217,0.468,0.732,0.376,0.56,0.68,0.471,0.353,0,0,0.736,0,0,0,0,0,0.161,1.438,1.439
"uncl_Strophariaceae","Strophariaceae","Agaricales","Agaricomycetes","Basidiomycota","Fungi",0.409,0.003,2.747,0.123,0.005,0.051,0.823,0.727,0.404,0.085,0,0,0.179,0,0.001,1.17,0,0,0.309,0,0.92,2.62,0,0.004,0.001,0.213,0.101,0.12,4.691,1.022,0.831,0,0.385,0.111,0.057,0,0,0,0,0.001,0,0.154,0.287,0.157,0,0,0.002,0,0,1.9,0,2.114,0,0,0,0.298,0.321,0,0,0.463,0.006,0.077,0.686,0.637,1.79,0.001,10.125,0.037,3.559,0,0,0,0.029,0,0,0,0,0.001,0,0.002,0,0,0.329,0.167,0.146,0.081,0.122,0.129,0.112,4.691,0,2.555,0,0,0.001,0.004,0,3.381,0,0.384,0.386
"uncl_Sordariomycetes","uncl_Sordariomycetes","uncl_Sordariomycetes","Sordariomycetes","Ascomycota","Fungi",5.254,5.687,1.947,5.37,6.732,4.975,3.942,5.126,6.126,1.97,7.094,5.367,5.222,2.734,3.12,6.382,1.742,7.067,6.059,2.968,5.115,2.275,2.669,8.623,8.542,4.978,4.888,3.152,3.488,1.973,4.558,2.267,7.043,2.55,1.336,8.08,4.725,4.59,2.367,6.952,6.422,7.853,3.519,3.519,2.447,3.365,1.62,3.172,4.889,0.945,8.061,7.021,2.053,1.171,7.067,5.384,6.869,0.316,3.347,4.995,4.309,1.61,8.119,2.687,5.791,4.687,5.247,0.959,2.754,1.693,3.906,2.212,6.651,8.988,16.425,3.533,3.826,11.891,10.46,5.172,9.205,11.636,4.698,6.428,3.675,3.856,5.919,2.904,3.359,3.488,0.811,0.84,3.687,2.789,3.371,7.917,3.371,1.619,2.267,7.288,6.819
"Kockovaella","Cuniculitremaceae","Tremellales","Tremellomycetes","Basidiomycota","Fungi",0.003,0,0,0.001,0,0,0.009,0.002,0.004,0.001,0,0,0,0,0.02,0,0,0,0,0,0.013,0,0,0.001,0.002,0,0,0.006,0,0,0,0,0,0.002,0,0,0,0,0,0,0.002,0,0,0.001,0,0,0,0,0.056,0,0,0,0,0,0,0,0,0,0,0,0,0,0.054,0,0.006,0.001,0,0,0,0,0,0,0,0,0,0,0.009,0,0,0.005,0,0,0,0,0,0,0,0,0.011,0,0,0,0,0,0,0,0,0,0,0,0
"uncl_Pleosporales","uncl_Pleosporales","Pleosporales","Dothideomycetes","Ascomycota","Fungi",9.651,10.921,11.25,7.039,11.802,11.436,13.134,10.781,7.005,13.208,12.073,6.878,13.192,5.098,12.834,8.071,13.505,5.067,7.901,4.136,13.823,22.376,5.655,9.136,8.386,5.271,5.494,3.428,7.192,9.178,11.02,3.259,6.712,6.794,20.205,11.098,14.415,4.171,11.741,7.627,5.552,15.596,16.412,9.646,4.807,5.737,15.299,20.278,5.409,11.161,10.788,3.703,16.196,8.571,5.067,7.399,8.503,11.862,3.032,11.943,11.062,10.073,22.847,18.291,11.755,6.775,6.208,29.592,19.752,3.531,8.351,4.656,14.194,5.665,14.761,12.643,6.09,13.043,5.921,9.23,8.11,7.657,6.312,5.369,4.124,3.922,7.066,4.858,2.236,7.192,2.847,10.938,10.582,13.714,11.219,9.545,4.326,12.847,3.259,7.198,6.271
"Talaromyces","Aspergillaceae","Eurotiales","Eurotiomycetes","Ascomycota","Fungi",0.892,0.294,0.002,1.945,0.045,0.536,0.439,0.345,1.122,0.976,0.002,0.019,1.555,0.002,0.002,0.089,0,0.045,2.638,0,0.301,1,1.926,0.076,0.998,2.013,2.095,2.307,0.746,0.01,0.206,0,6.627,1.288,0.636,0.002,0.004,0,0,0.033,0.036,1.344,1.981,1.572,0.002,0.002,0.002,0.007,0,0.01,0.002,0.22,0,0,0.045,2.592,2.694,0,0,2.584,0.051,0.005,0.005,0.01,0.007,0,0.054,0,1.363,2.778,0,3.452,0.178,0.148,0.02,0.001,0,0.115,0.008,1.333,0.002,1.079,3.117,1.288,1.698,2.058,2.131,3.361,1.428,0.746,0.04,0.005,0,0.662,0.615,0,0,0.002,0,6.353,6.877
"Lachnum","Hyaloscyphaceae","Helotiales","Leotiomycetes","Ascomycota","Fungi",1.433,0,0,2.55,2.506,0.119,0.337,0.087,2.753,0.244,0.001,0,0.352,0,0.002,0,0,0.001,0.767,0.001,0.306,0.272,0.025,6.941,0,0.498,3.709,4.684,0.137,7.859,0,0,0.947,0.337,0.143,0.001,0,0.001,0,0,0,0.308,0.411,0.367,0,0,0,0,0.006,0,0,0,0,0,0.001,0.77,0.762,0.01,0,0,0.013,0,0.001,0,0.004,0.012,6.851,0,0.37,0.073,0,0,6.951,6.397,12.477,2.266,0.002,4.055,13.749,0,0,0,0.741,0.311,0.457,5.147,2.272,1.28,7.52,0.137,6.623,4.399,11.937,0,0,0,0,0,0,0.972,0.924
"uncl_Marasmiaceae","Marasmiaceae","Agaricales","Agaricomycetes","Basidiomycota","Fungi",2.978,10.464,17.391,1.445,0.005,11.019,2.891,0.109,1.209,0.092,1.102,6.035,0.145,0,14.115,0,15.54,1.518,6.699,2.392,0.002,0.111,0.078,0.14,0,3.459,0.106,0.122,0.076,0.961,12.555,0.244,1.637,0.128,0.052,1.561,0,12.243,1.819,0.345,8.988,0.12,0.214,0.138,0,0,31.466,2.921,0.01,0,0,0,24.017,0,1.518,9.916,2.838,19.138,0,0,0.006,0,0,0,0.005,0.001,0,0,0.151,0.002,0.207,0.001,0.002,0,0,1.336,0,0.033,0,0,0,0,2.678,0.122,7.88,0.088,0.125,0.128,0.118,0.076,0.03,2.387,0,28.437,15.068,0.534,32.737,13.85,0.244,0.409,2.753
"Acremonium","Hypocreales_fam_Incertae_sedis","Hypocreales","Sordariomycetes","Ascomycota","Fungi",0.193,0.006,0,0.24,0.125,0.005,0.233,0.012,0.341,0.452,0.004,0.097,0.011,0.013,0.442,0.265,0.001,0,0.007,0.582,0.464,0.01,0.042,0.008,1.224,0.057,0.062,0.154,0.002,0.024,0.004,0.003,0,0.217,0.709,0.005,0.002,0.278,0,0.042,0.032,0.003,0,0.023,0.019,0,0,2.064,0,0,0.001,0.674,0,0.003,0,0.002,0.013,0,0.665,1.221,0.15,1.056,0.338,0.001,0,1.227,0.109,0.025,0.004,0.111,0.001,0.012,0.011,0.003,0.024,0.035,0.001,0.002,0.003,0.553,0.291,2.284,0.049,0.044,0.079,0.121,0.004,0.328,0.008,0.002,0,0.059,0,0,0,0.01,0,0,0.003,0.001,0
"uncl_Nectriaceae","Nectriaceae","Hypocreales","Sordariomycetes","Ascomycota","Fungi",0.441,0.528,0.008,0.82,0.113,0.516,0.29,0.211,0.42,0.536,0.008,0.013,0.679,0.305,0.494,0.009,0.391,0.219,1.036,0.007,0.193,0.482,1.313,0.185,0.414,0.793,0.584,0.541,0.522,0.061,0.371,0.155,1.784,0.62,0.443,0.008,0.006,0.013,0,0.019,0.013,0.575,0.817,0.716,0.378,0.144,0.406,1.489,0.001,0,0.011,0.012,0.588,0.03,0.219,1.106,0.951,0.059,0,0.329,0.134,0.249,0.027,0.08,0.128,0.217,1.268,0.049,0.639,2.965,0.14,0.858,1.01,0.133,0.03,0.089,0.01,0.016,0.02,0.498,0.085,0.467,0.964,0.647,0.783,0.531,0.637,0.592,0.498,0.522,0.178,0.005,0.059,0.361,0.366,0.667,0.04,0.001,0.155,1.793,1.776
"uncl_Dothideomycetes","uncl_Dothideomycetes","uncl_Dothideomycetes","Dothideomycetes","Ascomycota","Fungi",2.596,1.527,1.841,2.189,1.66,2.998,2.379,2.626,2.889,2.627,1.843,7.554,1.364,1.34,5.832,2.59,3.458,8.285,1.371,0.105,2.62,1.699,1.476,1.537,3.289,2.068,0.486,0.919,1.343,1.161,1.622,24.736,2.051,3.27,1.926,0.75,4.466,7.638,5.646,3.877,13.21,1.503,1.837,1.039,1.777,0.38,12.688,1.534,0.184,5.326,0.939,3.146,3.783,2.86,8.285,1.861,0.783,0.613,0.032,2.022,1.932,5.615,2.523,5.863,2.21,1.258,0.217,1.186,1.885,0.41,3.495,0.086,1.404,1.993,0.573,0.427,0.901,1.83,2.075,3.225,0.696,4.433,1.257,2.098,2.847,0.426,0.546,0.941,0.901,1.343,1.068,0.993,1.374,0.435,2.207,1.746,0.254,2.207,24.736,2.562,1.587
"Myrmecridium","Myrmecridiaceae","Myrmecridiales","Sordariomycetes","Ascomycota","Fungi",0.357,0.004,0,0.12,0.757,0.034,0.494,0.69,0.379,0.651,0.406,0.128,0.12,0.009,1.007,1.091,0,0.531,0.186,1.149,0.538,0.453,0.605,0.123,0.447,0.318,0.138,0.077,0.819,0.028,0.003,0.191,0.33,0.101,1.25,0,1.38,0.396,0.001,0.05,0.016,0.101,0.154,0.124,0.013,0,0,0,2.819,0,2.108,0.477,0,0,0.531,0.187,0.186,0,1.313,0.119,0.924,0.661,1.193,0,0.099,0.014,0.089,0.101,0.581,0.004,1.607,0.002,0.01,0.001,0.091,0.915,0.183,0.008,0,0.033,2.414,0.041,0.194,0.63,0.102,0.085,0.191,0.074,0.08,0.819,0.04,0.03,0.02,0,0.005,0.005,0,0,0.191,0.431,0.239
"uncl_Septobasidiaceae","Septobasidiaceae","Septobasidiales","Pucciniomycetes","Basidiomycota","Fungi",0,0,0,0,0,0,0.001,0,0,0.003,0,0,0,0,0,0,0,0,0,0,0,0,0,0,0,0,0,0,0,0,0,0,0,0.007,0,0,0,0,0,0,0,0,0,0,0,0,0,0,0,0,0,0,0,0,0,0,0,0,0,0,0,0,0,0,0,0,0,0,0,0,0,0,0,0,0,0,0,0,0,0,0,0,0,0,0,0,0,0,0,0,0,0,0,0,0,0,0,0,0,0,0
"uncl_Didymosphaeriaceae","Didymosphaeriaceae","Pleosporales","Dothideomycetes","Ascomycota","Fungi",0.395,0.648,0.047,0.113,0.011,0.881,0.451,0.625,0.197,0.154,0.391,0.007,0.14,4.173,0.753,0.427,0.708,0.006,0.244,0.022,0.045,1.002,1.467,0.17,0,0.208,0.146,0.125,0.054,0,0.467,0,0.354,0.133,0.177,0.001,1.329,0.001,0.011,0.011,0.006,0.084,0.188,0.171,4.648,3.128,0.174,0.031,1.88,1.329,0.42,0.025,1.095,0,0.006,0.268,0.216,0.178,0,0.002,0.009,0.081,0.146,0.012,0.034,0,0.002,3.242,0.187,0,3.913,0,0.229,0.07,0.016,0.792,0.007,0.268,0.026,0,0,0,0.283,0.124,0.224,0.119,0.173,0.139,0.114,0.054,0,0,0,1.097,1.761,0.001,0.033,0.05,0,0.348,0.359
"uncl_Lecanoromycetes","uncl_Lecanoromycetes","uncl_Lecanoromycetes","Lecanoromycetes","Ascomycota","Fungi",0.64,0.001,0.001,0.152,2.371,0.051,0.799,0.417,1.052,0.393,0.002,0.081,0.119,0.041,0.114,0,0.045,0.004,0.235,1.887,2.311,0.078,0.001,0.981,0,0.147,0.333,2.769,0.069,0.087,0.001,0,0.274,0.71,0.048,0.002,0,0,0.001,0,0.321,0.107,0.16,0.114,0.059,0.002,0,0,0.318,0,0,0,0.069,0,0.004,0.231,0.241,0.02,2.154,0,2.964,1.181,1.662,0.666,0.975,3.748,13.271,0.015,0.102,0.001,0,0.001,0.439,0,0,5.651,1.704,0.294,0.445,0,0,0,0.214,0.104,0.126,0.542,0.124,0.216,4.897,0.069,0,0.213,0.005,0.004,0,0,0.003,0,0,0.274,0.275
"Nemania","Xylariaceae","Xylariales","Sordariomycetes","Ascomycota","Fungi",0.031,0,0,0.046,0,0.028,0.028,0.02,0.034,0.052,0,0,0.091,0,0,0,0,0,0.186,0,0.001,0.059,0,0,0,0.115,0.06,0.069,0.041,0,0,0,0.208,0.08,0.022,0,0,0,0,0,0,0.069,0.113,0.103,0,0,0,0,0,0,0,0,0,0,0,0.187,0.184,0,0,0,0,0,0,0,0.005,0,0,0,0.081,0,0,0,0,0,0,0,0,0,0,0,0,0,0.193,0.072,0.083,0.056,0.063,0.074,0.065,0.041,0,0,0,0,0,0,0,0,0,0.196,0.219
"uncl_Diatrypaceae","Diatrypaceae","Xylariales","Sordariomycetes","Ascomycota","Fungi",0.104,0.006,0.004,0.057,0.001,0.093,0.149,0.259,0.047,0.051,0,0.387,0.081,0,0.241,0.401,0.524,0.357,0.157,0,0.001,0.042,0.001,0.001,0,0.229,0.062,0.06,0.03,0,0.005,0.181,0.191,0.076,0.023,0,0,0.169,1.051,0.521,0,0.067,0.119,0.078,0,0,0.563,0,0,0.002,0.934,0.001,0.011,1.465,0.357,0.17,0.141,0,0,0,0.001,0,0.001,0.007,0,0.001,0,0,0.058,0,0.003,0,0,0.001,0,0,0.004,0,0,0,0,0,0.155,0.425,0.09,0.047,0.077,0.069,0.052,0.03,0,0,0,0,0.019,0.003,0,0.005,0.181,0.197,0.185
"Curvularia","Pleosporaceae","Pleosporales","Dothideomycetes","Ascomycota","Fungi",0.27,0.017,0.001,0.388,0.011,0.126,0.148,0.398,0.333,0.207,0.002,0.169,0.37,0.002,0.008,0.514,0.035,0.219,0.697,0.01,0.128,0.28,0.353,0.023,1.298,0.642,0.303,0.304,0.193,0.042,0.012,0.082,0.883,0.266,0.143,0,0.008,0.004,0.028,0.535,0.011,0.288,0.512,0.386,0.004,0,0.018,0,0,0,1.176,0.027,0.049,0.01,0.219,0.736,0.65,0.079,0,0.935,0.014,0.007,0.063,0.015,0.028,0.013,0.035,0.208,0.306,0.448,0.524,0.011,0.007,0.04,0,0.013,0.092,0,0,0.668,0.647,2.2,0.737,0.354,0.86,0.232,0.374,0.334,0.278,0.193,0.188,0.005,0.005,0,0.043,0.013,0.003,0,0.082,0.86,0.904
"uncl_Tulasnellaceae","Tulasnellaceae","Cantharellales","Agaricomycetes","Basidiomycota","Fungi",0.048,0.001,0.027,0.066,0,0.006,0.11,0.066,0.015,0.001,0.001,0.272,0.014,0,0.019,0.11,0.001,0,0.244,0.002,0,0.055,0.001,0,0.312,0.01,0,0,0.053,0,0.009,0,0,0.002,0,0.001,0,0,0.914,0.373,0,0.003,0,0.03,0,0,0.041,0,0.003,0,0.063,0.212,0,0.002,0,0.002,0.536,0,0.003,0,0,0,0,0,0,0.001,0,0.114,0.033,0,0.002,0,0,0,0,0,0,0.001,0,0.647,0.251,0.001,0.001,0.026,0,0,0,0,0,0.053,0,0,0,0.005,0,0,0,0.033,0,0,0.001
"uncl_Glomeromycota","uncl_Glomeromycota","uncl_Glomeromycota","uncl_Glomeromycota","Glomeromycota","Fungi",0.325,0.271,0.181,0.102,0.068,0.471,0.56,0.555,0.142,0.018,1.612,0.263,0.274,0.061,0.138,2.126,0.1,0.083,0.43,0.095,0.299,0.371,0.029,0.346,0.039,0.023,0.109,0.108,0.074,0.838,0.244,0.046,0.056,0.006,0.032,2.026,0.617,0.024,0.662,0.283,0.222,0.469,0.443,0.024,0.078,0.024,0.128,0.221,0.102,7.323,1.222,0.751,0.155,0,0.083,0.524,0.318,0.01,0.107,0.363,0.057,0.914,0.171,0.99,0.083,0.244,0.03,0.012,0.501,0.005,0.054,0.026,0.268,0.055,0.113,0.649,1.33,0.217,0.142,0.046,0.073,0.018,0.011,0.034,0.022,0.165,0.052,0.113,0.105,0.074,0.01,1.498,0.593,0.049,0.177,0.409,0.007,0.221,0.046,0.036,0.075
"Magnaporthiopsis","Magnaporthaceae","Magnaporthales","Sordariomycetes","Ascomycota","Fungi",0.545,0.002,0,0.405,1.522,0.05,0.427,1.567,0.372,0.233,0.003,0.134,0.18,0.05,0.011,0.405,0.009,1.246,0.237,0.353,1.571,0.437,2.512,0.201,0.003,0.362,0.643,0.094,0.066,0,0.002,5.134,0.971,0.079,0.4,0,0.012,0.192,0,0.046,0.269,0.182,0.083,0.22,0.001,0.158,0.016,0.015,0.001,0.273,0.781,0.054,0,0.025,1.246,0.25,0.222,1.315,0.216,2.014,1.9,0.068,2.071,0.085,3.73,0.371,0.185,0.665,0.354,0.049,6.643,0.013,0.03,0.497,0.01,0.356,0.135,0.091,0.088,0.001,0.004,0.006,0.273,0.656,0.129,0.768,0.518,0.12,0.072,0.066,0,0,0,0,0,0.004,0,0,5.134,0.284,1.596
"Veronaea","Herpotrichiellaceae","Chaetothyriales","Eurotiomycetes","Ascomycota","Fungi",0.033,0,0,0.031,0,0.021,0.019,0.024,0.06,0.036,0,0.008,0.065,0.001,0,0,0,0,0.132,0,0,0.049,0,0.008,0.213,0.077,0.041,0.053,0.03,0.004,0,0,0.153,0.049,0.022,0,0,0,0,0,0.033,0.057,0.085,0.065,0,0.004,0,0,0,0,0,0,0,0,0,0.138,0.126,0,0,0,0,0,0,0.001,0,0,0,0,0.067,0,0,0,0,0,0,0.001,0.065,0,0,0.003,0,0.511,0.106,0.056,0.072,0.036,0.045,0.059,0.048,0.03,0,0.01,0,0,0,0,0,0,0,0.145,0.159
"Xylaria","Xylariaceae","Xylariales","Sordariomycetes","Ascomycota","Fungi",0.478,0,0,0.289,0.003,0.056,0.47,0.05,1.118,0.022,0,1.78,0.03,1.002,0.092,5.326,0,0,0.066,0,0.001,0.022,1.277,0.103,0.001,0.037,0.462,0.024,0.026,0,0,0,0.427,0.031,0.013,0,0,1.719,0,0.318,4.847,0.024,0.03,0.035,0.437,2.244,0,0,0.258,9.709,0,9.143,0,0,0,0.069,0.061,0,0,0,0.003,0,0,0,0.005,0,0,0,0.03,0.162,0.001,4.342,0.729,0.003,0,0,0,0.03,0,0.002,0,0.001,0.049,0.028,0.034,0.306,0.618,0.018,0.029,0.026,0,0,0,0,0,0,0,0,0,0.075,0.747
"Elasticomyces","Teratosphaeriaceae","Mycosphaerellales","Dothideomycetes","Ascomycota","Fungi",0.001,0,0,0,0,0,0.003,0,0,0.006,0,0,0,0,0,0,0,0,0,0,0,0.001,0,0,0,0,0,0,0.04,0,0,0,0,0.011,0.002,0,0,0,0,0,0,0,0,0,0,0,0,0,0,0,0,0,0,0,0,0,0,0,0,0,0,0,0,0,0.001,0,0,0.002,0,0,0,0,0,0,0,0,0,0,0,0,0,0,0,0,0,0,0,0,0,0.04,0,0,0,0,0,0,0,0,0,0,0
"Aureobasidium","Saccotheciaceae","Dothideales","Dothideomycetes","Ascomycota","Fungi",0.097,0.278,0.997,0.007,0.006,0.133,0.316,0.002,0.039,1.139,0.003,0,0.026,0.179,0.028,0.002,0.008,0.001,0.01,0.031,0.048,0,0.002,0.003,0.002,0,0.002,0,0.194,0,0.495,0,0.001,1.938,0.267,0.002,0.008,0.001,0,0,0,0.022,0.002,0.041,0.257,0.008,0.045,0.015,0.016,0.002,0.002,0.002,0.001,0.021,0.001,0.015,0.005,0.01,0.034,0.06,0.008,0.016,0.002,0.014,0.001,0.292,0.017,0,0,0,0,0.008,0,0.004,0,0.022,0,0.001,0.001,0.005,0,0,0.001,0,0,0,0.005,0,0,0.194,0,0,0,0.402,0.806,0.01,0.076,1.21,0,0.003,0
"uncl_Stachybotryaceae","Stachybotryaceae","Hypocreales","Sordariomycetes","Ascomycota","Fungi",0.348,0.001,0.001,0.402,1.247,0.141,0.164,0.692,0.273,0.057,0.048,0.466,0.186,0.03,0.237,0.727,0.004,0.861,0.611,0.043,0.464,0.092,0.518,0.445,0.593,0.573,0.294,0.025,0.033,0.01,0.001,0.646,0.44,0.081,0.031,0.047,0.051,0.153,1.463,0.37,0.227,0.013,0.02,0.415,0.044,0,0.047,0,0.608,0.081,1.535,0.138,0,0.012,0.861,1.098,0.027,0,0.049,0.289,1.322,0.129,0.054,0.003,0.895,0.174,0.032,0.156,0.068,0.1,1.222,0.091,0.138,0.126,0.947,0.686,1.087,0.271,0.464,1.032,0.018,0.395,1.286,0.253,0.208,0.233,0.355,0.038,0.014,0.033,0.03,0,0.01,0.003,0,0.001,0.007,0,0.646,0.835,0.081
"uncl_Leotiomycetes","uncl_Leotiomycetes","uncl_Leotiomycetes","Leotiomycetes","Ascomycota","Fungi",0.496,0,0,0.77,0.074,0.132,0.191,0.014,1.036,0.108,0.005,0.03,1.06,1.872,0.455,0.006,0,0.004,0.073,0,0.031,0.032,0.836,0.56,2.304,0.117,2.587,1.541,0.02,0.168,0,0.214,0.41,0.192,0.016,0,0.016,0.002,0,0,0.118,0.028,0.04,2.431,1.158,3.442,0,0,1.275,0,0.003,0.012,0,0,0.004,0.079,0.065,0,0,0.004,0.09,0.089,0.002,0.001,0.013,0.021,0.005,0,0.044,0.988,0,1.764,0.702,0.7,0.01,0.398,0.023,1.189,0.465,2.428,0.002,3.139,0.063,0.032,0.265,1.889,3.285,0.161,2.69,0.02,0.534,0.035,0.119,0,0,0,0,0,0.214,0.659,0.183
"Podoscypha","Podoscyphaceae","Polyporales","Agaricomycetes","Basidiomycota","Fungi",0.033,0,0,0.043,0,0.028,0.027,0.021,0.045,0.064,0,0,0.085,0,0,0,0,0,0.182,0,0.001,0.065,0,0,0,0.11,0.064,0.066,0.031,0,0,0,0.292,0.079,0.047,0,0,0,0,0,0,0.07,0.111,0.088,0,0,0,0,0,0,0,0,0,0,0,0.186,0.177,0,0,0,0,0,0,0,0.005,0,0,0,0.088,0,0,0,0,0,0,0,0,0,0,0,0,0,0.155,0.072,0.105,0.051,0.076,0.072,0.06,0.031,0,0,0,0,0,0,0,0,0,0.211,0.367
"uncl_Ophiocordycipitaceae","Ophiocordycipitaceae","Hypocreales","Sordariomycetes","Ascomycota","Fungi",0.019,0,0,0.043,0.002,0.013,0.014,0.012,0.017,0.031,0,0,0.038,0,0,0,0.001,0.011,0.075,0,0.006,0.018,0.106,0.002,0.002,0.048,0.037,0.027,0.021,0,0,0,0.07,0.049,0.012,0,0,0,0,0,0.001,0.031,0.057,0.037,0,0,0,0,0,0,0.001,0,0,0.002,0.011,0.084,0.064,0,0,0.001,0.003,0.002,0.008,0,0.019,0.006,0.015,0,0.025,0.268,0.02,0.024,0,0.007,0,0,0,0,0.002,0,0,0.005,0.068,0.03,0.047,0.028,0.045,0.033,0.023,0.021,0,0,0,0,0,0,0,0,0,0.061,0.078
"uncl_Glomeraceae","Glomeraceae","Glomerales","Glomeromycetes","Glomeromycota","Fungi",0.969,1.689,1.255,0.295,0.384,1.76,1.384,1.795,0.331,0.117,2.175,2.239,1.537,1.765,1.012,3.116,0.331,0.037,0.907,0.358,0.81,1.64,0.136,0.569,1.139,0.133,0.4,0.058,0.11,0.662,1.558,0.089,0.09,0.091,0.146,2.902,0.431,0.082,5.303,3.647,0.779,2.958,1.973,0.054,2.002,1.244,1.732,1.152,0.064,4.868,3.177,2.253,0.202,0.568,0.037,0.972,0.829,0.554,0.33,0.479,0.443,1.636,0.556,2.631,0.719,0.398,0.302,1.967,1.521,0.043,0.264,0.079,0.745,0.048,0.148,1.119,2.066,0.427,0.103,0.928,3.747,0.262,0.02,0.297,0.066,0.606,0.195,0.078,0.042,0.11,0.099,0.796,0.811,1.889,1.444,1.697,0.148,1.51,0.089,0.044,0.131
"uncl_Gloniaceae","Gloniaceae","Gloniales","Dothideomycetes","Ascomycota","Fungi",0.023,0,0,0.026,0,0,0,0,0.064,0.003,0,0,0,0,0,0,0,0,0,0,0,0,0,0.055,0,0,0,0.458,0,0,0,0,0,0.004,0.002,0,0,0,0,0,0,0,0,0,0,0,0,0,0,0,0,0,0,0,0,0,0,0,0,0,0,0,0,0,0,0,0,0,0,0,0,0,0,0.089,0,0,0,0,0.154,0,0,0,0,0,0,0,0,0.133,0.729,0,0,0,0,0,0,0,0,0,0,0,0
"Crinipellis","Marasmiaceae","Agaricales","Agaricomycetes","Basidiomycota","Fungi",1.765,0,0,2.386,8.452,0.118,1.609,0.785,1.995,0.034,0,0.413,0.064,2.316,1.443,1.745,0,0.304,0.108,11.962,4.763,0.652,3.257,2.822,0,1.588,0.044,0.047,0.036,9.996,0,0.158,0.162,0.043,0.025,0,0,0.938,0,0.021,0.596,0.054,0.091,0.063,0.973,5.271,0,6.734,0,0,0,4.443,0,0,0.304,0.099,0.12,0,13.671,5.047,9.709,0.005,2.481,0,3.374,6.838,7.545,0,0.889,3.313,0.063,7.447,4.361,2.144,3.422,8.256,2.309,0.126,1.881,0,0,0.001,4.781,0.062,0.06,0.04,0.049,0.054,0.04,0.036,33.867,8.057,0,0.001,0,0,0,0,0.158,0.169,0.156
"uncl_Geastrales","uncl_Geastrales","Geastrales","Agaricomycetes","Basidiomycota","Fungi",0.151,0,0,0.002,0,0.227,0.323,0.016,0.167,0,2.432,0,0,0.644,1.078,0.024,0,0,0.622,0,0.013,0,0.001,0.008,0,0.008,0.001,0.001,0,0,0,0,0,0,0,0.001,8.266,0.001,0,0,0,0,0,0,0.936,0.002,0,0,3.018,0.008,0.002,0.055,0,0,0,1.141,0,0,0,0,0,0,0,0,0.123,0,0,0,0,0,0.002,0,0.007,0,0,0.063,0.003,0,0,0,0.002,0,0.004,0.009,0.011,0.001,0.002,0.003,0,0,0,0,0,0,0.001,0,0,0,0,0,0
"Simplicillium","Cordycipitaceae","Hypocreales","Sordariomycetes","Ascomycota","Fungi",0.005,0,0,0.001,0,0.001,0.001,0,0.015,0.001,0,0,0.002,0,0.001,0,0,0.318,0.004,0,0,0.001,0,0,0,0.001,0.003,0.003,0,0,0,0.135,0.003,0.002,0.001,0,0,0,0,0,0,0.002,0.004,0.001,0,0,0,0.002,0.001,0,0,0,0,0,0.318,0.004,0.004,0,0,0,0,0,0,0,0,0,0,0,0.001,0,0,0,0,0,0,0,0,0,0,0,0,0,0,0.002,0.002,0.001,0.005,0.001,0.004,0,0,0,0,0,0.001,0,0,0,0.135,0.005,0.002
"Codinaea","Chaetosphaeriaceae","Chaetosphaeriales","Sordariomycetes","Ascomycota","Fungi",0.155,0,0,0.379,0.003,0.01,0.012,0.007,0.29,0.022,0,0.003,0.031,0,0,0,0,0.072,0.076,0,0.002,0.018,0.638,0.086,0,0.051,2.47,0.114,0.023,0,0,1.018,0.605,0.033,0.01,0,0,0.013,0,0,0,0.021,0.036,0.04,0,0,0,0,0,0,0,0,0,0,0.072,0.073,0.079,0,0,0,0.003,0,0.002,0,0.005,0,0,0,0.024,1.293,0,0.688,0.008,0.181,0,0,0,0,0.194,0,0,0,0.059,0.023,0.074,2.191,2.749,0.212,0.033,0.023,0,0,0,0,0,0,0,0,1.018,0.193,0.98
"uncl_Hyaloscyphaceae","Hyaloscyphaceae","Helotiales","Leotiomycetes","Ascomycota","Fungi",0.772,0,0,0.993,0.711,0.008,0.279,0.103,1.75,0.35,0,0,0.022,0,1.082,0,0,0.007,0.044,3.922,1.878,0.256,0,2.453,0,0.025,0.866,0.028,0.002,4.174,0,0.007,0.051,0.661,0.012,0,0,0,0,0,0,0.025,0.02,0.019,0,0,0,0,3.031,0,0,0,0,0,0.007,0.046,0.042,0,4.482,1.375,0.094,0,1.29,0,0.531,11.285,0,0,0.35,0,0.001,0,3.297,3.11,3.181,0.217,0,4.006,2.53,0,0,0,0.049,0.012,0.016,0.029,1.704,0.031,0.026,0.002,0.059,0.005,10.399,0,0,0,0,0,0.007,0.052,0.049
"Penicillium","Aspergillaceae","Eurotiales","Eurotiomycetes","Ascomycota","Fungi",0.02,0,0,0.054,0.001,0.011,0.011,0.008,0.019,0.024,0,0,0.041,0,0,0,0,0.004,0.066,0,0.002,0.017,0.131,0.001,0.002,0.041,0.024,0.09,0.015,0,0,0,0.066,0.038,0.01,0,0,0,0,0,0,0.031,0.043,0.049,0,0,0,0,0,0,0,0,0,0,0.004,0.069,0.061,0,0,0,0.001,0,0.001,0,0.009,0,0.002,0,0.023,0.297,0.002,0.1,0,0.003,0,0,0,0,0,0,0,0.004,0.058,0.029,0.038,0.02,0.028,0.146,0.044,0.015,0,0,0,0,0,0,0,0,0,0.075,0.058
"Cyberlindnera","Phaffomycetaceae","Saccharomycetales","Saccharomycetes","Ascomycota","Fungi",0.004,0,0,0.005,0,0.005,0.003,0.003,0.005,0.006,0,0,0.014,0,0,0,0,0,0.025,0,0,0.007,0,0,0,0.011,0.009,0.013,0.008,0,0,0,0.022,0.007,0.006,0,0,0,0,0,0,0.014,0.018,0.013,0,0,0,0,0,0,0,0,0,0,0,0.027,0.022,0,0,0,0,0,0,0,0,0,0,0,0.009,0,0,0,0,0,0,0,0,0,0,0,0,0,0.016,0.011,0.005,0.005,0.014,0.014,0.012,0.008,0,0,0,0,0.001,0,0,0,0,0.02,0.024
"Sparticola","Sporormiaceae","Pleosporales","Dothideomycetes","Ascomycota","Fungi",0.068,0.001,0,0,0.002,0,0.282,0,0.044,1.357,0,0,0.007,0,0,0,0,0,0,0.001,0,0,0,0,0,0,0,0,2.219,0,0.001,0,0,1.944,0.716,0,0,0,0,0,0,0.001,0,0.015,0,0,0,0,0,0,0,0,0,0,0,0,0,0,0.001,0,0.002,0,0,0,0,0,0,0,0,0,0,0,0,0,0,0,0,0,0,0,0,0,0,0,0,0,0,0,0,2.219,0,0,0,0,0,0.001,0,0,0,0,0
"Alternaria","Pleosporaceae","Pleosporales","Dothideomycetes","Ascomycota","Fungi",0.023,0.04,0,0.078,0.001,0.018,0.004,0.006,0.014,0.016,0.002,0,0.005,0.002,0.013,0,0.009,0,0,0.004,0.089,0.001,0.009,0.001,0.124,0,0,0,0.003,0.026,0.028,0,0,0.025,0.007,0.003,0,0,0,0,0,0.002,0,0.011,0.004,0,0.025,0.005,0.003,0,0.001,0,0.009,0.01,0,0,0,0.03,0,0.734,0.001,0,0.002,0.022,0,0.04,0.007,0.002,0,0,0.024,0,0,0,0,0.002,0.002,0,0.001,0.139,0.012,0.156,0,0,0.001,0,0,0,0.001,0.003,0.129,0,0,0.004,0.001,0.071,0,0,0,0,0
"uncl_Pestalotiopsidaceae","Pestalotiopsidaceae","Amphisphaeriales","Sordariomycetes","Ascomycota","Fungi",0.007,0.001,0,0.007,0,0.001,0,0.001,0.02,0,0.001,0.001,0.001,0,0,0,0,0.404,0.002,0,0,0.003,0,0.002,0,0.002,0.029,0.002,0.002,0,0.001,0.161,0.015,0.001,0,0.001,0,0.002,0,0,0.001,0.002,0,0,0,0,0,0,0,0,0,0,0,0,0.404,0.001,0.004,0,0,0,0,0,0,0,0,0,0,0,0.004,0,0,0,0,0,0,0,0,0,0.007,0,0,0,0.003,0.001,0.004,0.056,0.002,0,0.004,0.002,0,0,0,0,0,0.001,0,0,0.161,0.019,0.012
"Ijuhya","Bionectriaceae","Hypocreales","Sordariomycetes","Ascomycota","Fungi",0.889,0,0,1.265,3.019,0.006,0.24,0.222,1.648,0.167,0.005,1.009,0.017,0,1.156,2.549,0,0.011,0.024,9.747,2.642,0.011,1.151,0.698,0,0.394,0.013,0.009,0.005,0.006,0,0,0.044,0.317,0.004,0,0.016,2.596,0.915,0.115,0.4,0.024,0.014,0.011,0,0,0,0,3.235,0,0.128,6.349,0,0,0.011,0.033,0.013,0,11.139,8.97,2.069,0.081,0.807,0,1.406,6.52,1.737,0.012,0.011,0,0.089,3.973,0.792,0.632,6.817,0.447,0.148,0.018,0.001,0,0,0,0.735,0.013,0.468,0.01,0.016,0.012,0.006,0.005,0,0.005,0.01,0,0,0,0,0,0,0.051,0.038
"Nigrospora","Trichosphaeriaceae","Trichosphaeriales","Sordariomycetes","Ascomycota","Fungi",0.097,0,0,0.225,0,0.003,0.013,0.065,0.158,0.009,0,0.002,0.012,0.003,0.001,0.002,0,0.096,0.022,0.01,0.086,0.006,0.671,0.069,0.218,0.478,0.045,0.062,0.005,0.063,0,0.026,0.042,0.013,0.004,0,0,0.002,0,0.001,0.006,0.009,0.016,0.012,0,0.01,0,0,0.004,0,0,0.004,0,0,0.096,0.021,0.024,0,0.011,0.432,0,0,0,0,0.001,0.275,0.114,0,0.008,1.293,0.466,0.185,0.001,0.158,0,0.132,0,0,0.088,0.129,0,0.399,0.11,0.013,1.353,0.03,0.06,0.109,0.024,0.005,0.119,0,0.099,0,0,0,0,0,0.026,0.058,0.028
"Fimicolochytrium","Powellomycetaceae","Spizellomycetales","Spizellomycetes","Chytridiomycota","Fungi",0,0,0,0,0,0,0,0,0,0,0,0,0,0.001,0,0,0,0,0,0,0,0,0,0,0,0,0.002,0.001,0,0,0,0,0,0,0,0,0,0,0,0,0,0,0,0,0.002,0,0,0,0,0,0,0,0,0,0,0,0,0,0,0,0,0,0,0,0,0,0,0,0,0,0,0,0,0,0,0,0,0,0,0,0,0,0,0,0,0.001,0.003,0.003,0,0,0,0,0,0,0,0,0,0,0,0,0
"Tranzscheliella","Ustilaginaceae","Ustilaginales","Ustilaginomycetes","Basidiomycota","Fungi",0.001,0,0,0,0,0,0.003,0,0,0.016,0,0,0,0,0,0,0,0.008,0,0,0,0,0,0,0,0,0,0,0,0,0,0.007,0,0.03,0,0,0,0,0,0,0,0,0,0,0,0,0,0,0,0,0,0,0,0,0.008,0,0,0,0,0,0,0,0,0,0,0,0,0,0,0,0,0,0,0,0,0,0,0,0,0,0,0,0,0,0,0,0,0,0,0,0,0,0,0,0,0,0,0,0.007,0,0
"uncl_Sordariales","uncl_Sordariales","Sordariales","Sordariomycetes","Ascomycota","Fungi",4.401,1.204,1.215,3.212,5.776,1.599,4.697,10.875,3.222,2.172,2.964,9.568,0.823,7.261,1.265,4.757,0.64,3.903,0.747,1.766,4.794,5.482,6.615,3.46,8.042,13.948,2.626,2.974,6.088,7.481,1.207,0.679,0.722,0.678,3.801,0.937,7.831,5.684,15.632,11.908,6.787,1.12,0.528,0.674,8.057,5.51,0.315,0.043,3.14,3.911,5.501,4.329,0.439,1.007,3.903,0.348,1.226,7.206,0.989,2.86,6.841,8.177,3.511,6.43,6.014,2.33,0.371,2.125,6.702,0.504,8.581,11.461,3.092,2.221,1.516,6.012,8.376,3.043,1.804,4.154,21.006,6.527,7.501,31.383,1.376,0.603,4.649,5.297,1.039,6.088,0.484,17.724,0.736,1.206,2.072,0.856,3.071,0.787,0.679,0.897,0.563
"Trichoderma","Hypocreaceae","Hypocreales","Sordariomycetes","Ascomycota","Fungi",0.063,0.001,0,0.19,0.001,0.018,0.026,0.021,0.063,0.047,0,0,0.076,0,0,0.001,0,0.069,0.096,0,0.013,0.053,0.526,0.019,0.074,0.098,0.059,0.16,0.043,0,0,0.132,0.191,0.062,0.031,0,0,0,0,0,0,0.062,0.073,0.089,0,0,0,0,0,0,0.001,0.002,0,0,0.069,0.096,0.096,0,0,0.022,0.001,0,0.044,0,0,0.002,0,0,0.073,1.28,0.002,0.302,0,0.083,0,0.002,0,0,0.001,0.03,0.02,0.141,0.109,0.085,0.102,0.051,0.066,0.239,0.094,0.043,0,0,0,0,0,0.001,0,0,0.132,0.202,0.181
"uncl_Eurotiomycetes","uncl_Eurotiomycetes","uncl_Eurotiomycetes","Eurotiomycetes","Ascomycota","Fungi",0.663,0.245,0.232,0.813,0.702,0.47,0.551,0.378,0.892,0.507,0.359,1.547,0.235,0,0.464,1.127,0.579,3.751,1.1,1.468,0.881,0.245,0.271,0.377,1.315,0.288,0.442,0.406,0.135,0.014,0.241,1.364,1.032,0.813,0.173,0.486,0.055,0.455,5.087,1.274,0.596,0.202,0.243,0.262,0,0,0.427,0.895,0.249,0,0.049,2.816,0.878,0.03,3.751,1.498,0.622,0,1.678,1.619,0.772,0.512,0.202,0.462,0.541,2.779,0.208,0.121,0.29,0.055,0.138,0.712,0.365,0.649,0.423,0.09,0.068,0.082,0.575,2.421,0.006,0.755,0.439,0.208,0.223,0.377,0.507,0.43,0.386,0.135,0,0,0.035,0.038,0.302,0.315,0,0.285,1.364,1.479,0.626
"Stagonospora","Massarinaceae","Pleosporales","Dothideomycetes","Ascomycota","Fungi",0.013,0,0,0.039,0.001,0.001,0.001,0.001,0.019,0.001,0,0,0.004,0,0,0,0,0.001,0.01,0,0,0.002,0.006,0.068,0.002,0.011,0.016,0.008,0.002,0,0,0,0.05,0.002,0.001,0,0,0.001,0,0,0,0.003,0.01,0.002,0,0,0,0,0,0,0,0,0,0,0.001,0.01,0.01,0,0,0,0,0,0,0,0.001,0,0,0,0.003,0,0.002,0.018,0,0.164,0.004,0,0,0.001,0.139,0.002,0.002,0.002,0.018,0.004,0.011,0.006,0.027,0.01,0.007,0.002,0,0,0,0,0,0,0,0,0,0.094,0.01
"Mollisia","Mollisiaceae","Helotiales","Leotiomycetes","Ascomycota","Fungi",0.578,0,0,1.89,0,0.005,0.006,0.003,0.831,0.006,0,0,0.017,0,0,0,0,0,0.039,0,0,0.011,0,4.198,0,0.022,0.018,0.038,0.007,0,0,0,0.048,0.007,0.006,0,0,0,0,0,0,0.014,0.034,0.012,0,0,0,0,0,0,0,0,0,0,0,0.034,0.045,0,0,0,0,0,0,0,0,0,0,0,0.014,0,0,0,0,11.083,0,0,0,0,7.6,0,0,0,0.04,0.008,0.019,0.017,0.019,0.027,0.047,0.007,0,0,0,0,0,0,0,0,0,0.045,0.05
"Geopora","Pyronemataceae","Pezizales","Pezizomycetes","Ascomycota","Fungi",0.005,0,0.001,0,0,0.001,0.019,0,0.002,0.077,0.013,0,0.007,0,0.012,0,0,0,0.019,0,0,0,0,0,0,0,0,0,0,0,0,0,0,0.147,0,0,0.043,0,0,0,0,0.011,0,0.007,0,0,0,0,0.034,0,0,0,0,0,0,0,0.042,0,0,0,0,0,0,0,0,0,0,0,0,0,0,0,0,0,0,0,0,0,0,0,0,0,0,0,0,0,0,0,0,0,0,0,0,0,0,0,0.007,0,0,0,0
"Meira","Brachybasidiaceae","Exobasidiales","Exobasidiomycetes","Basidiomycota","Fungi",0.002,0,0,0,0,0,0.008,0,0,0.046,0,0,0,0,0,0.001,0,0,0,0,0,0,0,0,0,0,0,0,0,0,0,0,0,0.089,0,0,0,0,0,0,0,0,0,0,0,0,0,0,0,0,0,0.004,0,0,0,0,0,0,0,0,0,0,0,0,0,0,0,0,0,0,0,0,0,0,0,0,0,0,0,0.001,0,0,0,0,0,0,0,0,0,0,0,0,0,0,0,0,0,0,0,0,0
"Keissleriella","Lentitheciaceae","Pleosporales","Dothideomycetes","Ascomycota","Fungi",0.05,0.034,0,0,0.424,0.157,0.027,0.005,0.008,0.166,0,0.001,0.55,0.002,0,0.001,0.001,0,0,0,0.121,0.001,0,0.007,0.005,0.011,0,0,0,0,0.024,0,0,0.285,0.037,0,0,0.001,0.003,0.001,0.002,1.396,0.004,0.002,0.004,0,0,0,0,0,0,0.004,0.001,0,0,0,0,0,0,0,0.53,0.005,0,0.034,0.004,0,0,0,0.001,0,0,0,0.001,0,0,0,0.001,0.048,0,0,0.014,0.007,0,0,0.035,0,0,0,0.001,0,0,0,0,0.118,0.02,0.001,0,0,0,0,0
"uncl_Arthoniomycetes","uncl_Arthoniomycetes","uncl_Arthoniomycetes","Arthoniomycetes","Ascomycota","Fungi",0.02,0.082,0.099,0,0.003,0.096,0.019,0,0.003,0.044,0.015,0,0.007,0.001,0.021,0,0.366,0,0.009,0.004,0.001,0,0,0,0,0,0,0,0,0,0.087,0,0,0.067,0.02,0.019,0.004,0,0,0.001,0,0.001,0.002,0.016,0,0.002,0.042,0,0.009,0,0,0,0.566,0,0,0.016,0.001,0,0.004,0,0.003,0,0.001,0,0,0,0,0,0,0,0,0,0,0,0,0,0,0,0,0,0,0,0,0,0,0,0,0,0.001,0,0,0,0,0.314,0.02,0.002,0.03,0.116,0,0,0
"Malassezia","Malasseziaceae","Malasseziales","Malasseziomycetes","Basidiomycota","Fungi",0.001,0.004,0.001,0.001,0,0.002,0.002,0.003,0,0.001,0,0,0,0,0.001,0,0,0.001,0.002,0,0.002,0.001,0,0.003,0,0.001,0.001,0,0,0,0.003,0,0.001,0.002,0,0,0,0,0,0.001,0,0.001,0,0,0,0,0,0,0.004,0,0,0,0,0,0.001,0.002,0.002,0,0,0.001,0,0,0.007,0,0.004,0,0,0,0.001,0,0,0,0,0.003,0,0,0.014,0,0,0,0,0,0.002,0.001,0,0,0.002,0,0,0,0,0,0,0.013,0,0.001,0,0.002,0,0.002,0
"Hymenochaete","Hymenochaetaceae","Hymenochaetales","Agaricomycetes","Basidiomycota","Fungi",0.262,0.773,0,0.102,0.005,0.576,0.127,0.007,0.437,0.042,0,0,0,3.035,0,0,0,0,0,0,0.001,0.045,0,0.137,0,0.001,0.001,3.635,0,0,0.54,0,0,0.025,0.06,0,0,0,0,0,0,0,0,0,2.946,3.231,0,0,0,0,0,0,0,0,0,0,0,0,0,0,0.006,0,0,0,0,0,0,0,0.061,0,0,0,0,0.596,0,0,0,0,0.012,0,0,0,0,0,0.004,0.002,0,0.005,6.66,0,0,0,0,0,0,1.431,0,0,0,0,0
"Phaeococcomyces","Phaeococcomycetaceae","Lichenostigmatales","Arthoniomycetes","Ascomycota","Fungi",0.012,0.02,0.113,0,0.001,0.03,0.031,0,0.003,0.101,0.019,0,0.012,0.002,0.04,0,0.038,0,0.013,0.015,0,0.001,0,0,0,0,0,0,0.005,0,0.048,0,0,0.161,0.034,0.026,0,0,0,0,0,0.008,0.034,0.007,0.002,0.002,0.093,0,0,0,0,0,0.058,0,0,0.024,0.001,0,0.017,0,0.001,0,0,0,0,0,0,0.002,0,0.001,0,0,0,0,0,0,0,0,0,0,0,0,0,0,0,0,0,0,0,0.005,0,0,0,0.036,0.053,0,0.007,0.138,0,0,0
"Kurtzmanomyces","Chionosphaeraceae","Agaricostilbales","Agaricostilbomycetes","Basidiomycota","Fungi",0.013,0,0,0,0,0.007,0.056,0.001,0,0.009,0,0,0.001,0.048,0,0.005,0,0,0.036,0.001,0,0.004,0,0,0,0,0,0,1.026,0,0,0,0,0.016,0.001,0,0,0,0,0,0,0,0,0.002,0.07,0,0,0,0.001,0.026,0,0,0,0,0,0,0.079,0,0.001,0,0,0,0,0,0,0,0,0,0.005,0,0,0,0,0.001,0,0,0,0,0,0,0,0,0,0,0,0,0,0,0,1.026,0,0,0,0,0,0,0,0,0,0,0
"Rachicladosporium","Cladosporiaceae","Capnodiales","Dothideomycetes","Ascomycota","Fungi",0.012,0,0,0,0,0.008,0.035,0,0.013,0.253,0.047,0,0.017,0.003,0,0,0,0,0,0.036,0,0,0,0,0,0,0,0,0.056,0,0,0,0,0.323,0.177,0.066,0,0,0,0,0,0,0.049,0.018,0.004,0,0,0,0,0,0,0.001,0,0,0,0,0.001,0,0.041,0,0,0,0.001,0,0,0,0,0,0,0,0,0,0,0,0,0,0,0,0,0,0,0,0,0,0,0,0,0,0,0.056,0,0,0,0,0,0,0,0,0,0,0
"uncl_Sporormiaceae","Sporormiaceae","Pleosporales","Dothideomycetes","Ascomycota","Fungi",0.022,0.069,0.08,0.001,0,0.052,0.036,0.009,0.018,0.123,0.012,0,0.114,0,0.001,0.033,0.035,0,0.05,0,0.003,0.006,0.004,0,0.016,0,0,0.003,0.135,0,0.072,0,0,0,0.257,0.016,0,0,0,0,0,0.251,0.022,0.027,0,0,0,0.003,0,0,0.068,0.01,0,0.101,0,0,0.111,0,0,0,0,0,0.012,0,0,0,0,0.015,0.003,0.004,0,0.008,0,0,0,0,0,0,0,0.002,0.083,0.002,0,0,0,0,0,0,0.005,0.135,0,0,0,0.065,0,0.098,0,0.099,0,0,0
"uncl_Sporidesmiales","uncl_Sporidesmiales","Sporidesmiales","Sordariomycetes","Ascomycota","Fungi",0.015,0,0,0,0,0,0.075,0,0,0.425,0,0,0,0,0,0,0,0,0,0,0,0.001,0,0,0,0,0,0,0,0,0,0,0,0.815,0,0,0,0,0,0,0,0,0,0,0,0,0,0,0,0,0,0,0,0,0,0,0,0,0,0,0,0,0,0,0,0,0,0,0.001,0,0,0,0,0,0,0,0,0,0,0,0,0,0,0,0,0,0,0,0,0,0,0,0,0,0,0,0,0,0,0,0
"uncl_Dothideales","uncl_Dothideales","Dothideales","Dothideomycetes","Ascomycota","Fungi",0.011,0.102,0.002,0.001,0.026,0.049,0.002,0.01,0.002,0.005,0.002,0,0.022,0.014,0,0,0.024,0,0.01,0,0.022,0,0,0,0,0,0,0,0,0,0.072,0,0,0.009,0,0.003,0,0,0,0,0,0.055,0,0,0.02,0,0,0,0.001,0,0,0.001,0.034,0.007,0,0.019,0,0,0,0.006,0.033,0.002,0.004,0.09,0,0.03,0.002,0,0,0,0,0,0,0,0,0,0,0,0,0,0,0,0,0,0,0,0.001,0,0,0,0,0,0,0.413,0.004,0.001,0,0.003,0,0,0
"uncl_Auriculariales_fam_Incertae_sedis","Auriculariales_fam_Incertae_sedis","Auriculariales","Agaricomycetes","Basidiomycota","Fungi",0.051,0,0,0.076,0,0,0.152,0.01,0.022,0.174,0,0.01,0,1.068,0,0.021,0,0,0,0.005,0.099,0.137,0.009,0.001,0,0,0,0,0.005,0,0,0,0,0.051,0.308,0,0,0.038,0,0,0,0.001,0,0,0,3.418,0,0,0,0,0.049,0,0,0,0,0,0,0,0.006,0.844,0,0,0,0,0,0.054,0,0.514,0,0,0.025,0,0,0.003,0,0,0,0,0,0,0,0,0,0,0.001,0,0,0,0,0.005,0,0,0,0,0,0,0,0,0,0,0
"uncl_Stictidaceae","Stictidaceae","Ostropales","Lecanoromycetes","Ascomycota","Fungi",0.001,0,0,0,0,0,0.003,0,0.002,0.003,0,0,0,0,0,0,0,0,0,0,0.003,0,0.005,0.001,0,0,0,0.002,0,0,0,0,0,0.006,0,0,0,0,0,0,0,0,0,0,0,0,0,0,0.001,0,0,0,0,0,0,0,0,0,0,0,0,0,0.013,0,0,0,0,0,0,0.003,0,0.015,0,0,0,0,0,0,0.005,0,0,0,0,0,0,0,0,0,0.003,0,0,0,0,0,0,0,0,0,0,0,0
"uncl_Atheliales","uncl_Atheliales","Atheliales","Agaricomycetes","Basidiomycota","Fungi",0.049,0,0,0.067,0.421,0,0.003,0.018,0.063,0.01,0,0.005,0,0,0,0.396,0,0,0,0,0.117,0.066,0,0.014,0,0.208,0,0.001,0,0.006,0,0,0.026,0.02,0,0,0,0.008,0,0,0.01,0,0,0,0,0,0,0,0,0.002,0.002,1.006,0,0,0,0,0,0,0,0.002,0.526,0,0.003,0,0,0,0,0.015,0.084,0,0,0,0.009,0,0,0.001,0.061,0.04,0,0.001,0,0,0.644,0,0,0,0,0,0.002,0,0,0,0.015,0,0,0,0,0,0,0.054,0.001
"Thelebolus","Thelebolaceae","Thelebolales","Leotiomycetes","Ascomycota","Fungi",0.001,0,0,0.002,0,0,0,0,0.001,0,0,0,0,0,0,0,0,0,0,0,0.002,0,0,0,0.007,0,0,0,0,0,0,0,0,0,0,0,0,0,0,0,0,0,0,0,0,0,0,0,0,0,0,0,0,0,0,0,0,0,0,0.015,0,0,0,0,0,0,0,0,0,0,0,0,0,0.001,0,0,0,0,0,0.003,0,0.015,0,0,0,0,0,0,0,0,0,0,0,0,0,0,0,0,0,0,0
"uncl_Mycosphaerellales","uncl_Mycosphaerellales","Mycosphaerellales","Dothideomycetes","Ascomycota","Fungi",0.013,0.001,0,0.002,0.008,0.045,0.003,0.001,0.014,0.023,0,0,0.165,0.01,0,0,0,0,0,0.001,0.003,0,0.002,0.025,0.003,0.007,0.001,0,0,0,0.001,0,0,0.031,0.014,0,0,0,0,0,0,0.412,0,0.007,0.014,0,0.001,0,0,0,0.001,0,0,0,0,0.001,0,0.01,0,0,0.01,0,0,0,0.001,0.003,0,0,0,0.002,0.002,0,0,0,0,0.002,0.001,0,0.112,0.006,0,0.002,0.006,0.002,0.013,0.002,0,0,0,0,0,0,0,0.003,0.001,0,0,0,0,0,0
"Athelia","Atheliaceae","Atheliales","Agaricomycetes","Basidiomycota","Fungi",0.03,0,0,0,0,0,0.149,0,0,0.844,0,0,0,0,0,0,0,0,0,0,0,0,0,0,0,0,0,0,0,0,0,0,0,1.617,0,0,0,0,0,0,0,0,0,0,0,0,0,0,0,0,0,0,0,0,0,0,0,0,0,0,0,0,0,0,0,0,0,0,0,0,0,0,0,0,0,0,0,0,0,0,0,0,0,0,0,0,0,0,0,0,0,0,0,0,0,0,0,0,0,0,0
"uncl_Cladosporiaceae","Cladosporiaceae","Capnodiales","Dothideomycetes","Ascomycota","Fungi",0.002,0.002,0.001,0.003,0.001,0.001,0.001,0.001,0.002,0.002,0.003,0,0.001,0,0.001,0,0.002,0.024,0,0,0.001,0,0.007,0.001,0.004,0.001,0,0.001,0,0.002,0.001,0,0,0.004,0,0.005,0,0.001,0,0.001,0,0,0,0.002,0,0,0.001,0,0.001,0,0,0,0.003,0,0.024,0,0,0,0,0.001,0.001,0,0.001,0.001,0,0,0.002,0,0,0.019,0.002,0,0,0.001,0,0,0.003,0.001,0.001,0.004,0.004,0.004,0.001,0,0.003,0,0.001,0,0.002,0,0,0.005,0,0.007,0,0,0.003,0,0,0,0.001
"uncl_Microthyriales","uncl_Microthyriales","Microthyriales","Dothideomycetes","Ascomycota","Fungi",0,0,0,0,0,0,0.002,0,0,0.009,0,0,0,0,0,0,0,0,0,0,0,0,0,0,0,0,0,0,0,0,0,0,0,0.016,0,0,0,0,0,0,0,0,0,0,0,0,0,0,0,0,0,0,0,0,0,0,0,0,0,0,0,0,0,0,0,0,0,0,0,0,0,0,0,0,0,0,0,0,0,0,0,0,0,0,0,0,0,0,0,0,0,0,0,0,0,0,0,0,0,0,0
"Karstenia","Stictidaceae","Ostropales","Lecanoromycetes","Ascomycota","Fungi",0.001,0,0,0,0,0,0.002,0,0.001,0.006,0,0,0,0,0.001,0,0,0,0,0,0,0.007,0,0,0,0,0,0.009,0,0,0,0,0,0.012,0,0,0,0,0,0,0,0,0,0,0,0,0,0,0.004,0,0,0,0,0,0,0,0,0,0,0,0,0,0,0,0,0,0,0.025,0,0,0,0,0,0.001,0,0,0,0,0,0,0,0,0,0,0,0,0,0,0.016,0,0,0,0,0,0,0,0,0,0,0,0
"Genolevuria","Bulleraceae","Tremellales","Tremellomycetes","Basidiomycota","Fungi",0.004,0,0,0,0.039,0.002,0.002,0.001,0.006,0.003,0.006,0,0.02,0.004,0,0,0,0,0,0,0.015,0,0,0.001,0.005,0,0,0,0,0,0,0,0,0.003,0.004,0.008,0.002,0,0,0,0.001,0,0,0.046,0.006,0,0.001,0,0,0.002,0,0,0,0,0,0.001,0,0,0,0,0.048,0.003,0.003,0.001,0.005,0.022,0,0,0,0,0,0,0,0,0,0.009,0,0.002,0,0,0,0.012,0,0,0.001,0,0,0,0,0,0,0,0,0,0,0,0,0,0,0,0.001
"Sarocladium","Hypocreales_fam_Incertae_sedis","Hypocreales","Sordariomycetes","Ascomycota","Fungi",0.017,0,0,0,0,0,0,0,0.058,0,0,0,0,0,0.384,0,0,0,0,0,0.001,0,0,0,0,0,0,0,0,0,0,0,0,0,0,0,0,0,0,0,0,0,0,0,0,0,0,0,1.077,0,0.001,0,0,0,0,0,0,0,0,0.003,0,0,0,0,0,0.003,0,0,0,0,0,0.001,0,0,0,0,0,0,0,0,0,0,0,0,0.001,0,0,0,0,0,0,0,0,0,0,0,0,0,0,0,0
"Nectriella","Bionectriaceae","Hypocreales","Sordariomycetes","Ascomycota","Fungi",0.001,0,0,0,0,0,0,0.005,0,0.001,0,0,0,0,0,0,0,0.003,0,0,0,0.029,0,0,0,0.001,0,0,0,0,0,0,0,0.002,0,0,0,0,0,0,0,0,0,0.001,0,0,0,0,0,0,0,0,0,0,0.003,0,0,0,0,0,0,0,0,0,0,0,0,0,0.04,0,0,0,0,0,0,0,0,0,0,0,0,0,0.002,0,0.003,0,0,0,0,0,0,0,0,0,0,0,0,0,0,0,0
"Lapidomyces","Teratosphaeriaceae","Mycosphaerellales","Dothideomycetes","Ascomycota","Fungi",0.016,0.008,0.008,0,0.072,0.022,0.006,0,0.03,0.021,0.022,0,0.195,0.083,0.001,0,0.014,0,0,0,0.023,0,0,0,0,0,0,0,0.002,0,0.008,0,0,0.023,0.02,0.031,0,0,0,0,0,0.009,0,0.447,0.121,0,0,0,0.002,0,0,0,0.022,0,0,0,0,0,0,0,0.09,0.016,0.01,0,0,0,0,0,0,0,0,0,0,0,0,0,0,0,0,0,0,0,0,0,0.001,0,0.001,0,0,0.002,0,0,0,0.021,0.014,0,0,0.01,0,0,0
"Bezerromyces","Bezerromycetaceae","Tubeufiales","Dothideomycetes","Ascomycota","Fungi",0,0,0,0,0,0,0,0,0,0,0,0,0,0,0,0,0,0,0,0,0,0,0,0,0,0,0,0,0,0,0,0,0,0.001,0,0,0,0,0,0,0,0,0,0.001,0,0,0,0,0,0,0,0,0,0,0,0,0,0,0,0,0,0,0,0,0,0,0,0,0,0,0,0,0,0,0,0,0,0,0,0,0,0,0,0,0,0,0,0,0,0,0,0,0,0,0,0,0,0,0,0,0
"Lactarius","Russulaceae","Russulales","Agaricomycetes","Basidiomycota","Fungi",0.085,0,0,0.29,0,0,0,0.005,0.112,0.002,0.001,0,0.002,0.001,0,0,0,0,0,0,0,0,0.012,0,0,0.002,0,2.492,0,0.002,0,0,0,0.003,0,0,0.002,0,0,0,0,0,0,0.004,0.002,0,0,0,0.001,0,0.001,0,0,0,0,0,0,0,0,0.002,0,0,0,0,0,0,0,0,0,0,0.032,0,0,0,0,0,0.002,0,0,0,0,0.001,0.002,0,0.004,0,0,3.413,1.725,0,0,0.005,0,0,0,0,0,0,0,0,0
"uncl_Teratosphaeriaceae","Teratosphaeriaceae","Mycosphaerellales","Dothideomycetes","Ascomycota","Fungi",0.006,0.001,0,0,0.132,0.001,0,0,0.001,0.005,0.001,0,0.002,0.003,0,0,0,0,0,0.001,0.037,0,0,0,0,0.001,0,0,0,0,0.001,0,0,0.002,0.008,0.001,0,0,0,0,0,0.004,0,0.002,0.004,0,0,0,0.001,0,0,0.001,0,0,0,0,0,0,0.001,0,0.165,0,0.002,0,0,0,0,0,0,0,0,0,0,0,0,0,0,0,0,0,0,0,0.004,0,0.001,0,0,0,0,0,0,0,0,0.004,0,0,0,0,0,0,0
"Pezicula","Dermateaceae","Helotiales","Leotiomycetes","Ascomycota","Fungi",0.002,0,0,0.001,0,0,0,0,0.006,0,0,0,0.001,0,0,0,0,0.095,0,0,0,0,0,0,0,0,0.001,0.008,0,0,0,0.086,0,0.001,0,0,0,0,0,0,0,0,0.004,0,0,0,0,0,0,0,0,0,0,0,0.095,0,0,0,0,0,0,0,0,0,0,0,0,0,0,0,0,0,0,0,0,0,0,0,0,0,0,0,0,0,0,0.002,0.001,0.005,0.011,0,0,0,0,0,0,0,0,0,0.086,0,0
"Phaeoacremonium","Togniniaceae","Togniniales","Sordariomycetes","Ascomycota","Fungi",0,0,0,0,0,0,0,0,0,0,0,0.002,0,0,0,0,0,0,0,0,0,0,0,0,0,0,0,0,0,0,0,0,0,0,0,0,0,0.003,0,0,0.006,0,0,0,0,0,0,0,0,0,0,0,0,0,0,0,0,0,0,0,0,0,0,0,0,0,0,0,0,0,0,0,0,0,0,0,0,0,0,0,0,0,0,0,0,0,0,0,0.001,0,0,0,0,0,0,0,0,0,0,0,0
"Calvatia","Lycoperdaceae","Agaricales","Agaricomycetes","Basidiomycota","Fungi",0,0,0,0.001,0.001,0,0,0,0.001,0.002,0,0,0,0,0.001,0.001,0,0,0,0,0,0.001,0.003,0,0,0,0,0,0,0,0,0,0,0,0.004,0,0,0,0,0,0,0,0,0,0,0,0.002,0,0,0,0,0.004,0,0,0,0,0,0,0,0,0.001,0,0,0,0,0,0,0,0.001,0.005,0.001,0.002,0,0,0,0,0,0,0,0,0,0,0,0,0,0.001,0,0,0,0,0,0,0,0,0,0,0,0,0,0.001,0
"Niesslia","Niessliaceae","Hypocreales","Sordariomycetes","Ascomycota","Fungi",0,0,0,0,0,0,0,0,0,0.001,0,0,0,0,0,0,0,0,0,0,0,0,0,0,0,0.001,0,0,0,0,0,0,0,0.002,0,0,0,0,0,0,0,0,0,0,0,0,0,0,0,0,0,0,0,0,0,0,0,0,0,0,0,0,0,0,0,0,0,0,0,0,0,0,0,0,0,0,0,0,0.001,0,0,0,0.004,0,0,0,0,0,0,0,0,0,0,0,0,0,0,0,0,0,0
"uncl_Polyporaceae","Polyporaceae","Polyporales","Agaricomycetes","Basidiomycota","Fungi",0.311,0,0,0.664,0.019,0,0.001,0,0.673,0.001,0,0,0,0,0,0,0,0,0,0,0,0,1.341,0.959,0,0,1.429,2.111,0,0.006,0,0.01,0.001,0.002,0,0,0,0,0.001,0,0,0,0,0,0,0,0,0,0,0,0,0,0,0,0,0,0,0,0,0,0.001,0,0,0,0,0,0,0,0,0.171,0,4.558,0,2.337,0.091,0,0,0,1.905,0,0,0,0,0,0,1.518,1.34,1.453,2.66,0,0,0.015,0,0,0,0,0,0,0.01,0.001,0.001
"uncl_Xylariaceae","Xylariaceae","Xylariales","Sordariomycetes","Ascomycota","Fungi",1.212,0.001,0,0.712,0.929,0.142,0.06,0.726,3.229,0.028,0.002,0.473,0.009,0.006,1.195,2.383,0.006,0.217,0.013,15.597,1.001,1.378,0.305,2.871,0.005,0.012,0.006,6.062,0.002,4.488,0.001,0.142,0.573,0.051,0.003,0.002,0,0.013,0.001,0.002,1.872,0.009,0.012,0.007,0.007,0.004,1.221,0,1.881,0,0.049,6.013,0.009,0,0.217,0.007,0.019,5.793,16.997,3.136,0.078,0.005,0.045,0,0.091,1.844,9.018,0,1.879,0,0.808,0.005,0.004,0.068,4.334,0.013,3.03,12.014,2.743,0,0.02,0.003,0.017,0.009,0.009,0.004,0.008,2.819,8.765,0.002,22.44,0,0,0,0,0.002,0,0,0.142,0.027,1.069
"uncl_Pezizales","uncl_Pezizales","Pezizales","Pezizomycetes","Ascomycota","Fungi",0.215,0.053,1.25,0.176,0.757,0.059,0.17,0.488,0.155,0.003,0.043,0.045,0.004,0,0.52,0.043,0.001,0.014,0.181,0.007,0.354,0.001,0.371,0.391,0.009,0.002,0.001,0.752,0,0,0.415,0,0,0.004,0.003,0.061,0,0.002,0.008,0.139,0.005,0.001,0.004,0.007,0,0,0,0.059,1.422,0.077,0.012,0.061,0.001,0,0.014,0.29,0.05,0.049,0.001,0.03,0.947,0.015,0.028,0.003,1.212,0.02,0.002,0.002,0,0,0.984,0.005,0.01,0.829,0,0.001,1.643,0.001,0,0.022,0,0,0,0.006,0.001,0.001,0.002,0.342,1.094,0,0,0,0,0.003,0.007,0.094,0,1.539,0,0,0
"uncl_Botryosphaeriaceae","Botryosphaeriaceae","Botryosphaeriales","Dothideomycetes","Ascomycota","Fungi",0.005,0.001,0,0.004,0,0.007,0.003,0,0.007,0.002,0.001,0.001,0.004,0,0.004,0,0.024,0.017,0.005,0,0.007,0.001,0.004,0,0,0.013,0.013,0.003,0,0,0.001,0.003,0.021,0.002,0.002,0.002,0,0,0.003,0.001,0,0.008,0,0.001,0,0,0.008,0,0.001,0,0,0,0.037,0,0.017,0.003,0.007,0,0,0,0,0,0.012,0,0,0,0.086,0,0.001,0.013,0,0,0.003,0,0,0,0,0,0,0,0,0,0.005,0.001,0.032,0.004,0.022,0.005,0.002,0,0,0,0,0.004,0,0,0,0,0.003,0.02,0.022
"Hypocopra","Xylariaceae","Xylariales","Sordariomycetes","Ascomycota","Fungi",0.013,0,0,0,0,0,0,0,0.046,0,0,0,0,0,0,0,0,0.267,0,0,0,0,0,0,0,0.181,0.001,0,0,0,0,0.188,0,0,0,0,0,0,0,0,0,0,0.002,0,0,0,0,0,0,0,0,0,0,0,0.267,0,0,0,0,0,0,0,0,0,0.001,0,0,0,0,0,0,0,0,0,0,0,0,0,0,0,0,0,0.003,0.001,0.555,0,0.002,0,0,0,0,0,0,0,0,0,0,0,0.188,0,0
"Rhizophagus","Glomeraceae","Glomerales","Glomeromycetes","Glomeromycota","Fungi",0.146,0.677,0.389,0.011,0.017,0.463,0.181,0.204,0.014,0.012,0.138,0.185,0.338,0.323,0.327,0.387,0.072,0,0.164,0.017,0.053,0.137,0.033,0.026,0.089,0.024,0.026,0.001,0.008,0,0.59,0.023,0,0.007,0.016,0.18,0.036,0.002,0.37,0.4,0,0.646,0.439,0.014,0.392,0.17,0.563,0.394,0.003,0.445,0.624,0.102,0.111,0,0,0.206,0.115,0.089,0.007,0.01,0.019,0.109,0.071,0.191,0.03,0.001,0.002,0.237,0.101,0,0.081,0.009,0.031,0.003,0.006,0.043,0.093,0.002,0.023,0.027,0.415,0.015,0,0.065,0.004,0.043,0.01,0,0.002,0.008,0,0,0,2.274,0.285,0.115,0.115,0.452,0.023,0.001,0
"uncl_Tubeufiales","uncl_Tubeufiales","Tubeufiales","Dothideomycetes","Ascomycota","Fungi",0.124,0.001,0,0.24,1.09,0.004,0.032,0.016,0.106,0.118,0.003,0.281,0,0.001,0,0.002,0.022,0,0,0,0.295,0,0,0.445,0,0.002,0,0,0,0,0,0,0.009,0.226,0,0.005,0,0.453,0,0.081,0.529,0,0,0,0,0.002,0,0,0,0.008,0,0.003,0.034,0,0,0,0,0,0,0,1.203,0.02,0.058,0.002,0.017,0.001,0.319,0,0,0,0,0,0,1.163,0.637,0.01,0.023,0,0.64,0,0,0,0.004,0.002,0.001,0,0,0,0,0,0,0,0,0.002,0,0,0,0,0,0.002,0.016
"Poaceascoma","Lentitheciaceae","Pleosporales","Dothideomycetes","Ascomycota","Fungi",0.042,0,0,0.01,0,0,0.046,0.176,0.022,0,0,0,0,0,0.006,0,0,0.018,0,0,0.003,0,0.432,0.102,0.001,0.11,0,0,0,0.002,0,0,0,0.001,0,0,0,0,0,0,0,0,0,0,0,0,0,0,0.016,0,0,0,0,0,0.018,0,0,0,0,0,0,0,0.012,0,0,0,0,0,0,0.054,1.104,0,0.047,0.001,0,0.64,0.239,0.007,0,0,0,0.002,0.001,0,0.34,0,0,0,0,0,0,0.005,0,0,0,0,0,0,0,0,0
"Deconica","Strophariaceae","Agaricales","Agaricomycetes","Basidiomycota","Fungi",0.036,0,0,0,0,0,0.001,0.151,0.052,0.006,0,0,0,0,0.34,0,0,0,0,0,0.001,0.909,0,0,0,0,0,0,0.008,0,0,0,0,0.011,0,0,0,0,0,0,0,0,0,0,0,0,0,0,0.952,0,0,0,0,0,0,0,0,0,0,0.002,0,0,0,0,0,0,0.025,0,1.239,0,0,0,0,0,0,0,0,0,0,0,0,0,0,0,0,0,0,0,0,0.008,0,0,0,0,0,0,0,0,0,0,0
"Sebacina","Sebacinaceae","Sebacinales","Agaricomycetes","Basidiomycota","Fungi",0.103,0,0,0.123,0.002,0,0.176,0,0.16,0,1.343,0,0.778,0,0.021,0,0,0,0,0,0,0,0,0,0,0,0.002,0.988,0,0,0,0,0,0.001,0,0,4.567,0,0,0,0,0,0,1.816,0,0,0,0,0.059,0,0,0,0,0,0,0,0,0,0,0,0.002,0,0,0,0,0,0,0,0,0,0,0,0,0,0,0,0,0,0,0,0,0,0,0,0,0.004,0,1.443,0.609,0,0,0,0,0,0,0,0,0,0,0,0
"uncl_Orbiliomycetes","uncl_Orbiliomycetes","uncl_Orbiliomycetes","Orbiliomycetes","Ascomycota","Fungi",0.006,0,0,0,0.009,0.001,0.017,0.003,0.004,0.088,0,0,0,0.005,0,0.001,0,0,0,0,0.012,0,0.002,0.002,0,0,0.009,0.001,0,0.004,0,0,0,0.162,0.006,0,0,0,0,0,0,0,0,0,0.005,0.004,0,0,0,0,0.002,0,0,0,0,0,0,0,0,0.001,0.011,0,0.009,0.002,0.022,0.034,0.005,0,0,0.001,0,0.004,0.001,0.001,0,0.002,0.004,0.007,0.001,0,0,0,0,0,0,0,0.019,0,0.002,0,0,0.01,0,0,0,0,0,0,0,0,0
"uncl_Melanommataceae","Melanommataceae","Pleosporales","Dothideomycetes","Ascomycota","Fungi",0.023,0,0,0,0,0.12,0.018,0.001,0,0.095,0,0,0,0.796,0,0.001,0,0,0,0,0,0,0,0,0.001,0,0,0,0.025,0,0,0,0,0.18,0.002,0,0,0,0,0,0,0,0,0,1.157,0,0,0,0,0,0.002,0,0,0,0,0,0,0,0,0,0,0,0,0,0.002,0,0.002,0,0,0,0,0,0,0.001,0,0,0,0,0.001,0,0,0.002,0,0,0.001,0,0,0,0,0.025,0,0,0,0,0,0,0,0,0,0,0
"Mycena","Mycenaceae","Agaricales","Agaricomycetes","Basidiomycota","Fungi",0.571,0,0,0.526,2.08,0.545,0.535,0.001,0.713,0.001,0,0.001,0,7.958,0,0,0,0,0,0,0.849,0,1.721,0.783,0,0.002,0.377,1.649,0,0,0,0,0.003,0.002,0.001,0,0,0.004,0,0,0.002,0,0,0,5.256,13.901,0,0,0,0,0,0,0,0,0,0,0,0,0,3.822,1.926,0,0.001,0,0.005,0.037,0.005,0,0,1.114,0,4.758,0,0.448,2.697,0,0,0,2.362,0,0,0,0,0,0.007,0.031,0.723,0.219,2.84,0,0,0,0,0,0,0,0,0,0,0.006,0
"uncl_Phallaceae","Phallaceae","Phallales","Agaricomycetes","Basidiomycota","Fungi",0.029,0,0,0.002,0,0,0,0,0.102,0,0,0,0,0,0,0,0,0,0,0,0,0,0.006,0.001,0,0,0.946,0,0,0,0,0,0,0,0,0,0,0,0,0,0,0,0,0,0,0,0,0,0,0,0,0,0,0,0,0,0,0,0,0,0,0,0,0,0,0.001,0,0,0,0.016,0,0.003,0.009,0,0,0,0,0,0,0,0,0,0,0,0,0,1.892,0,0,0,0,0,0,0,0,0,0,0,0,0,0
"Darksidea","Lentitheciaceae","Pleosporales","Dothideomycetes","Ascomycota","Fungi",0.04,0.061,0.046,0.002,0.113,0.043,0.083,0.07,0.008,0.089,0,0,0.073,0.034,0.008,0.018,0.005,0,0.02,0,0.128,0.227,0,0.007,0,0.004,0,0,0.25,0.004,0.056,0,0,0.072,0.109,0,0,0,0,0.001,0,0.164,0.047,0,0.018,0.069,0.005,0.026,0,0.02,0.034,0,0.008,0,0,0.01,0.033,0,0,0.026,0.141,0.191,0.202,0.157,0.151,0.008,0.04,0.272,0.21,0,0,0,0.001,0.001,0,0.018,0.033,0.003,0,0,0,0,0,0.012,0,0,0,0,0.001,0.25,0,0.01,0,0.012,0.069,0.079,0,0.057,0,0,0
"Gelidatrema","Phaeotremellaceae","Tremellales","Tremellomycetes","Basidiomycota","Fungi",0,0,0,0,0,0,0,0,0,0.001,0,0,0,0,0,0,0,0,0,0,0,0,0,0,0,0,0,0,0,0,0,0,0,0.002,0,0,0,0,0,0,0,0,0,0,0,0,0,0,0,0,0,0,0,0,0,0,0,0,0,0,0,0,0,0,0,0,0,0,0,0,0,0,0,0,0,0,0,0,0,0,0,0,0,0,0,0,0,0,0,0,0,0,0,0,0,0,0,0,0,0,0
"Aaosphaeria","Pleosporales_fam_Incertae_sedis","Pleosporales","Dothideomycetes","Ascomycota","Fungi",0.002,0,0,0.001,0,0,0.006,0.001,0.003,0.009,0,0,0,0,0,0.001,0,0.001,0,0,0.001,0,0.001,0,0,0.003,0.02,0,0.132,0,0,0,0,0.002,0.017,0,0,0,0,0,0,0,0,0,0,0,0,0,0,0,0.003,0,0,0,0.001,0,0,0,0,0.002,0,0,0,0,0,0.001,0,0,0,0.001,0.001,0,0,0,0,0,0,0,0,0,0,0,0.006,0.002,0.002,0.003,0.037,0,0,0.132,0,0,0,0,0,0,0,0,0,0,0
"Filobasidium","Filobasidiaceae","Filobasidiales","Tremellomycetes","Basidiomycota","Fungi",0.006,0.044,0.021,0.002,0.001,0.02,0.006,0.001,0.003,0.01,0.003,0,0.005,0.002,0.001,0,0.038,0,0.001,0.001,0.003,0.001,0,0.001,0.001,0.001,0,0,0.002,0,0.037,0,0.004,0.002,0.02,0.005,0,0.001,0,0,0,0.007,0.008,0.001,0.001,0.004,0,0.002,0.001,0,0.001,0,0.029,0.056,0,0.001,0.002,0,0.001,0.005,0.001,0,0,0.003,0,0.017,0.005,0,0.001,0,0,0.001,0.001,0,0,0.001,0.001,0.001,0.001,0.002,0,0.001,0,0.002,0.001,0.001,0,0,0,0.002,0,0,0,0,0.01,0.078,0,0.026,0,0.009,0
"uncl_Pleosporaceae","Pleosporaceae","Pleosporales","Dothideomycetes","Ascomycota","Fungi",0.247,0.051,1.071,0.436,0.016,0.022,0.258,0.049,0.376,0.89,0,0.002,0.006,0.018,0.006,0.02,0,1.282,0.006,0.03,0.036,0.003,2.343,0.007,0.033,0.43,0.104,0.012,2.152,0.053,0.359,0.346,0.022,0.082,1.772,0,0,0.001,0.001,0,0.005,0.003,0.028,0.001,0.026,0,0.003,0.013,0.004,0.006,0.021,0.026,0,0,1.282,0.003,0.01,0.237,0,0.035,0.02,0.003,0.086,0.001,0.002,0.037,0.089,0,0.004,4.352,0.241,2.689,0.001,0.01,0,0.007,0.002,0.001,0.017,0.016,0.008,0.059,0.111,0.098,1.11,0.125,0.083,0.015,0.009,2.152,0,0.054,0.079,0.068,0.062,0.039,0.016,1.314,0.346,0.02,0.023
"Coprinopsis","Psathyrellaceae","Agaricales","Agaricomycetes","Basidiomycota","Fungi",0.495,0.152,1.886,0.005,0.697,1.022,0.891,0.435,0.229,0.001,1.74,0,0.001,0,2.361,2.385,0.759,0.001,2.996,1.742,0.317,0.045,0.001,0,0.004,0,0.002,0,0.4,0,0.675,0,0.024,0.001,0.001,2.465,0,0,0,0,0,0,0.002,0.002,0,0,3.708,3.602,0,0,3.212,2.567,0.001,2.148,0.001,2.386,3.727,0,1.991,0.006,0.871,1.891,0,0,0,0,0,0.012,0.058,0,0.001,0.002,0,0,0,0.001,0,0,0,0,0,0.011,0,0,0,0.005,0,0,0.001,0.4,0,0,0,0,0,0.281,0,2.322,0,0.05,0
"uncl_Sakaguchiales","uncl_Sakaguchiales","Sakaguchiales","Cystobasidiomycetes","Basidiomycota","Fungi",0.023,0,0,0.005,0.001,0,0.001,0,0.078,0.06,0,0,0,0,0,0,0,0,0,0,0,0,0,0.005,0.001,0,0.654,0,0.002,0.002,0,0,0.005,0.007,0.119,0,0,0,0,0,0,0.001,0,0,0,0,0,0,0,0,0,0,0,0,0,0,0,0,0,0,0,0,0,0,0,0.001,0,0,0,0,0,0,0.002,0.018,0.002,0,0,0.002,0,0,0.004,0,0,0,0,0.006,1.303,0,0,0.002,0.01,0,0,0,0,0,0,0,0,0.01,0.001
"Pleospora","Pleosporaceae","Pleosporales","Dothideomycetes","Ascomycota","Fungi",0,0,0,0,0,0,0.002,0,0,0.007,0,0,0,0,0,0,0,0,0,0.001,0,0,0,0,0,0,0,0,0.01,0,0,0,0,0.014,0,0,0,0,0,0,0,0,0,0,0,0,0,0,0,0,0,0,0,0,0,0,0,0,0.001,0,0,0,0,0,0,0,0,0,0,0,0,0,0,0,0,0,0,0,0,0,0,0,0,0,0,0,0,0,0,0.01,0,0,0,0,0,0,0,0,0,0,0
"Conocybe","Bolbitiaceae","Agaricales","Agaricomycetes","Basidiomycota","Fungi",0.378,1.826,0,0.089,0.042,0.937,0.678,0.04,0.241,0,0.001,0.042,1.591,0.002,1.07,0.116,1.089,0,0.97,0.041,0.04,0.005,0,0.11,0,0.002,0.059,0,7.549,0.016,1.275,0,0,0.001,0,0.002,0,0,0,0.002,0.164,0.255,0.012,3.473,0.003,0,2.392,0.208,0,0,0.222,0.054,0,3.084,0,0.017,2.112,0,0.047,0.031,0.051,0,0.094,0.036,0.002,0.004,0,0.01,0.004,0,0,0.001,0.003,0.457,0.002,0,0.045,0.005,0,0,0,0,0.001,0.004,0,0.097,0.021,0,0,7.549,0,0,0.04,1.739,3.64,1.14,0,0,0,0,0
"uncl_Cystobasidiomycetes","uncl_Cystobasidiomycetes","uncl_Cystobasidiomycetes","Cystobasidiomycetes","Basidiomycota","Fungi",0.001,0,0,0,0.004,0.001,0.001,0.001,0.002,0.004,0.001,0,0.008,0,0.002,0,0.001,0.001,0,0,0.002,0,0.003,0,0,0,0,0.001,0,0,0,0,0,0.007,0.001,0.001,0,0,0,0,0.001,0,0,0.018,0,0,0.003,0,0.001,0,0,0,0.001,0,0.001,0,0,0,0,0,0.005,0,0,0,0,0.004,0,0,0,0,0.009,0,0,0,0,0.001,0,0,0,0,0,0,0,0,0,0,0,0,0.002,0,0,0,0,0.001,0,0,0,0,0,0,0
"Oliveonia","Auriculariales_fam_Incertae_sedis","Auriculariales","Agaricomycetes","Basidiomycota","Fungi",0.137,0,0,0.346,0.184,0.002,0.219,0.034,0.067,0.001,0,0.966,0.001,0.007,0,0,0.7,0.148,0.005,0,0.148,0.001,0.001,0.054,0,0.371,0.023,0.138,0,0,0,0,0.154,0.002,0,0,0,2.265,0.446,0,1.059,0,0.004,0,0.01,0,0,0,0,0,0,0,0,1.982,0.148,0.007,0.002,0,0,0.009,0.001,1.86,0.102,0,0,0.013,0,0,0.002,0.001,0.002,0.001,0,0.001,0.913,0.015,0,0,0.002,0,0,0,0.862,0.253,0.008,0,0.045,0.302,0.001,0,0,0,0,0,0,0,0,0,0,0.324,0
"uncl_Dothideomycetes_ord_Incertae_sedis","uncl_Dothideomycetes_ord_Incertae_sedis","Dothideomycetes_ord_Incertae_sedis","Dothideomycetes","Ascomycota","Fungi",0.001,0,0,0,0,0,0,0,0.002,0.001,0,0,0.013,0,0,0,0,0,0,0,0,0,0,0,0,0,0,0,0,0,0,0,0,0.002,0,0,0,0,0,0,0,0,0,0.031,0,0,0,0,0.001,0,0,0,0,0,0,0,0,0,0,0,0,0,0,0,0,0,0,0,0,0,0,0,0,0,0,0,0,0,0,0,0,0,0,0,0,0,0,0,0,0,0,0,0,0.001,0,0,0,0,0,0,0
"Symmetrospora","Symmetrosporaceae","Cystobasidiomycetes_ord_Incertae_sedis","Cystobasidiomycetes","Basidiomycota","Fungi",0.001,0,0,0,0.003,0,0,0,0.002,0,0.001,0,0.001,0.001,0,0.001,0,0.001,0,0,0.003,0,0,0.001,0,0.001,0,0,0,0,0,0,0.001,0.001,0,0.002,0,0,0,0.002,0,0,0,0.002,0,0.002,0,0,0,0,0,0.002,0,0,0.001,0,0,0,0,0,0.004,0,0,0,0,0.017,0,0,0,0,0,0,0,0.001,0,0,0,0,0.002,0.001,0,0,0,0.001,0.001,0,0,0,0,0,0,0,0,0,0,0,0,0,0,0.001,0.001
"Agrocybe","Strophariaceae","Agaricales","Agaricomycetes","Basidiomycota","Fungi",0.061,0,1.041,0.024,0.06,0,0.131,0,0.1,0,0,0,0,0.002,0.635,0,0,0,0,0,0.016,0,0,0.008,0.107,0,0.002,0,0.005,0,0.314,0,0,0,0,0,0,0,0,0,0,0,0,0,0,0.006,0,0,1.777,0,0.001,0,0,0,0,0,0,0,0,0,0.075,0,0,0,0,0,0,0,0,0,0,0,0,0,0,0,0,0,0.037,0.232,0.061,0,0,0,0,0.004,0,0.001,0,0.005,0,0,0,0,0,0,0,1.281,0,0,0
"Amanita","Amanitaceae","Agaricales","Agaricomycetes","Basidiomycota","Fungi",0.013,0,0,0.004,0,0,0,0,0.042,0,0,0,0,0,0,0,0,0,0,0,0,0,0,0,0,0,0,0.372,0,0,0,0,0,0.001,0,0,0,0,0,0,0,0,0,0,0,0,0,0,0,0,0,0,0,0,0,0,0,0,0,0,0,0,0,0,0,0,0,0,0,0,0,0,0,0,0,0,0,0,0,0,0,0,0,0,0,0,0,0.043,0.646,0,0,0,0,0,0,0,0,0,0,0,0
"uncl_Neodevriesiaceae","Neodevriesiaceae","Capnodiales","Dothideomycetes","Ascomycota","Fungi",0.001,0.001,0.004,0,0,0.001,0.001,0,0.001,0,0,0,0,0.001,0.001,0,0.002,0,0,0.001,0,0,0,0.001,0.004,0,0,0,0,0,0.002,0,0,0,0,0,0,0,0,0,0,0,0,0,0.001,0,0.002,0,0.001,0.002,0,0,0.003,0,0,0,0,0,0.001,0.001,0,0,0,0,0,0,0,0,0,0,0,0,0,0,0,0,0,0,0.002,0.001,0.006,0.007,0,0,0,0,0.001,0,0,0,0,0,0,0,0.004,0.001,0,0.005,0,0,0
"Clitopilus","Entolomataceae","Agaricales","Agaricomycetes","Basidiomycota","Fungi",0.122,0.164,0.028,0.004,0.052,0.136,0.306,0.216,0.025,0.054,0.914,0.01,0,0.022,0.006,0.264,0,0,0.393,0.005,0.287,0.702,0.007,0.001,0,0.005,0.001,0,0.384,0,0.123,0,0.007,0.101,0.003,0.666,1.509,0.007,0,0.01,0.021,0,0,0,0.031,0.002,0,0.026,0.001,0.018,0.39,0.238,0,0,0,0,0.864,0.04,0,0.02,0.064,0.041,0.945,0.007,0.395,0.017,0.324,0.035,0.944,0,0.011,0.011,0.004,0,0.004,0,0.004,0,0,0,0,0.001,0.008,0.001,0.006,0,0.003,0.001,0,0.384,0,0,0,0.614,0.069,0,0.135,0.004,0,0,0.013
"Striaticonidium","Stachybotryaceae","Hypocreales","Sordariomycetes","Ascomycota","Fungi",0.06,0,0,0.068,1.021,0,0.003,0.002,0.028,0.01,0.001,0.024,0,0,0,0.012,0,0.106,0,0.004,0.336,0,0.078,0.007,0.103,0.005,0,0,0,0,0,0.023,0,0.009,0.012,0,0.002,0,0.007,0,0.091,0,0,0.001,0,0,0,0,0,0,0.002,0.027,0,0,0.106,0,0.001,0,0.004,0.48,1.277,0.005,0.004,0.003,0.002,0.007,0,0,0,0.225,0.001,0.003,0.003,0.02,0,0.001,0.002,0.001,0.009,0.028,0.004,0.218,0.003,0.006,0.007,0,0,0,0,0,0,0,0,0,0,0,0,0,0.023,0,0
"Rhizophlyctis","Rhizophlyctidaceae","Rhizophlyctidales","Rhizophlyctidomycetes","Chytridiomycota","Fungi",0.003,0.002,0.006,0,0,0.004,0.009,0,0.001,0.017,0,0,0,0,0.006,0,0.026,0,0,0,0,0,0,0,0,0,0.006,0,0.096,0,0.003,0,0,0.021,0.012,0,0,0,0,0,0,0,0,0,0,0,0.011,0.008,0,0,0,0,0.018,0.04,0,0,0,0,0,0,0,0,0,0,0,0,0,0,0,0,0,0,0,0,0,0,0,0,0,0,0,0,0,0,0,0,0.012,0,0,0.096,0,0,0,0,0,0.004,0,0.008,0,0,0
"uncl_Chaetomiaceae","Chaetomiaceae","Sordariales","Sordariomycetes","Ascomycota","Fungi",0.348,0.112,0.426,0.711,0.528,0.766,0.173,0.182,0.055,0.003,2.256,0.388,0.239,0.008,0.259,0.107,1.963,0.01,0.031,0,0.177,0.009,2.82,0.005,0.052,0.061,0.015,0.012,0,0.008,0.206,0.013,0.003,0.002,0.004,3.194,0.006,0.003,0.637,0.913,0.006,0.032,1.261,0.002,0.012,0,0.403,0.405,0,0.036,0.192,0.046,3.019,0.028,0.01,0.016,0.047,0,0,0.02,0.66,0.063,0.033,0.152,0.009,0.001,0.005,0,0.013,7.48,0.077,0.781,0.002,0.006,0,0,0.002,0.023,0,0.004,0.109,0.077,0.064,0.036,0.085,0.025,0.006,0.013,0.012,0,0.04,0,0,0.255,0.164,0.026,0.122,0.496,0.013,0.003,0.004
"uncl_Ploettnerulaceae","Ploettnerulaceae","Helotiales","Leotiomycetes","Ascomycota","Fungi",0,0,0,0,0,0,0,0,0,0.002,0,0,0,0,0,0,0,0,0,0,0,0,0,0,0,0,0,0,0,0,0,0,0,0.003,0,0,0,0,0,0,0,0,0,0,0,0,0,0,0,0,0,0,0,0,0,0,0,0,0,0,0,0,0,0,0,0,0,0,0,0,0,0,0,0,0,0,0,0,0,0,0,0,0,0,0,0,0,0,0,0,0,0,0,0,0,0,0,0,0,0,0
"uncl_Tremellodendropsidales","uncl_Tremellodendropsidales","Tremellodendropsidales","Agaricomycetes","Basidiomycota","Fungi",0.066,0,0,0.105,0.001,0,0.002,0.27,0.035,0,0,0.003,0,0.019,0.004,0.729,0,0,0,0,0.033,0,0.464,0.027,0.012,0,0.068,0.004,0,0.004,0,0,0.017,0,0,0,0,0,0,0,0.012,0,0,0,0,0.059,0,0,0.012,0,1.702,0,0,0,0,0,0,0,0,0.002,0.001,0,0,0.289,0.009,0,0.002,0,0,1.073,0.073,0.242,0,0,0,0,0,0,0.122,0.021,0,0.007,0,0,0,0.022,0.114,0.001,0.007,0,0.02,0,0,0,0,0,0,0,0,0.001,0.032
"uncl_Cuniculitremaceae","Cuniculitremaceae","Tremellales","Tremellomycetes","Basidiomycota","Fungi",0,0,0,0,0,0,0.001,0,0.001,0.002,0,0,0,0,0.002,0.002,0,0,0,0,0,0,0,0,0.002,0,0,0,0,0,0,0,0,0.004,0,0,0,0,0,0,0,0,0,0,0,0,0,0,0.006,0.008,0,0.003,0,0,0,0,0,0,0,0,0,0,0,0,0,0.001,0.007,0,0,0,0,0,0,0,0,0,0,0,0,0.001,0.006,0.001,0,0,0,0,0,0,0.001,0,0,0,0,0,0,0,0,0,0,0,0
"Eremiomyces","Pezizaceae","Pezizales","Pezizomycetes","Ascomycota","Fungi",0.011,0,0,0,0,0.025,0.03,0.002,0.001,0,0.133,0,0,0.167,0,0,0,0,0,0.019,0.015,0.011,0,0.003,0,0,0,0,0,0,0,0,0,0,0,0,0.451,0,0,0,0,0,0,0,0.243,0,0,0,0,0,0,0,0,0,0,0,0,0.03,0.017,0,0,0.232,0,0,0,0,0,0,0.014,0,0,0,0.003,0,0,0.023,0.004,0,0,0,0,0,0,0,0,0,0,0,0,0,0,0,0,0,0,0,0,0,0,0,0
"uncl_Helminthosphaeriaceae","Helminthosphaeriaceae","Sordariales","Sordariomycetes","Ascomycota","Fungi",0.002,0,0,0.009,0,0,0,0,0,0,0,0,0,0,0,0,0,0,0,0,0,0,0,0.012,0,0,0,0,0,0,0,0,0,0,0,0,0,0,0,0,0,0,0,0,0,0,0,0,0,0,0,0,0,0,0,0,0,0,0,0,0,0,0,0,0,0,0,0,0,0,0,0,0,0.055,0,0,0,0,0,0,0,0,0,0,0,0,0,0,0,0,0,0,0,0,0,0,0,0,0,0,0
"uncl_Magnaporthaceae","Magnaporthaceae","Magnaporthales","Sordariomycetes","Ascomycota","Fungi",0.039,0,0.002,0.003,0.033,0.005,0.156,0.036,0.003,0.001,0,0.038,0.002,0.001,0,0.017,0.001,0.004,0.053,0.991,0.037,0.028,0.024,0,0,0.006,0.005,0.001,1.583,0,0.001,0.01,0.002,0.001,0.001,0,0,0.001,0,0.123,0.002,0.002,0.004,0.001,0,0.002,0,0,0,0,0.015,0.027,0.001,0,0.004,0.044,0.063,7.869,0.008,0.022,0.042,0,0.099,0,0.029,0,0.012,0.037,0.025,0,0.065,0,0.001,0,0,0.002,0.001,0,0,0,0,0,0,0.016,0,0.01,0,0,0.002,1.583,0,0,0,0,0.001,0,0,0.002,0.01,0.002,0.002
"uncl_Hygrophoraceae","Hygrophoraceae","Agaricales","Agaricomycetes","Basidiomycota","Fungi",0.109,0,0,0.007,0,0,0,0,0.382,0,0,0,0,0,0,0,0,0,0,0,0,0,0,0.256,0,0,0,0.003,0,9.729,0,0,0,0,0,0,0,0,0,0,0,0,0,0,0,0,0,0,0,0,0,0,0,0,0,0,0,0,0,0,0,0,0,0,0,0,0,0,0,0.001,0,0,0,0.04,0,0,0.001,1.81,0.011,0,0,0,0,0,0,0,0,0,0.005,0,0,0.015,24.308,0,0,0,0,0,0,0,0
"Kamienskia","Glomeraceae","Glomerales","Glomeromycetes","Glomeromycota","Fungi",0.134,0.587,0.654,0.012,0.016,0.475,0.133,0.112,0.044,0,0.645,0.267,0.187,0,0.438,0.335,0.003,0.001,0.092,0.005,0.038,0,0.008,0.002,0.025,0,0.003,0.001,0,0,0.607,0,0,0,0,0.888,0.063,0.01,0.552,0.451,0.128,0.476,0,0,0,0,0.979,0.089,0,0.119,0.209,0.572,0.004,0,0.001,0.077,0.11,0,0.006,0.045,0.02,0.033,0.011,0.084,0.096,0.037,0,0,0,0,0.021,0,0.002,0,0,0.003,0.01,0.001,0,0.061,0,0,0,0,0.001,0.007,0,0,0.002,0,0,0,0,0.544,0.34,0.705,0.02,0.8,0,0.001,0
"uncl_Boletales","uncl_Boletales","Boletales","Agaricomycetes","Basidiomycota","Fungi",0.002,0,0,0.005,0,0,0,0,0.003,0,0,0,0,0,0,0,0,0.056,0,0,0,0,0,0,0,0,0,0.035,0,0,0,0.007,0,0,0,0,0,0,0,0,0,0,0,0,0,0,0,0,0,0,0,0,0,0,0.056,0,0,0,0,0,0,0,0,0,0,0,0,0,0,0,0,0,0,0,0,0,0,0,0,0,0,0,0,0,0,0,0,0.054,0.018,0,0,0,0,0,0,0,0,0,0.007,0,0
"Ascotricha","Xylariaceae","Xylariales","Sordariomycetes","Ascomycota","Fungi",0,0,0,0,0,0,0,0,0,0,0,0,0,0,0,0,0,0,0,0,0,0,0,0,0,0,0,0,0,0,0,0,0,0,0,0,0,0.001,0,0,0.001,0,0,0.001,0,0,0,0,0,0,0,0,0,0,0,0,0,0,0,0,0,0,0,0,0,0,0,0,0,0,0,0,0,0,0,0,0,0,0,0,0,0,0,0,0,0,0,0,0,0,0,0,0,0,0,0,0,0,0,0,0
"uncl_Lasiosphaeriaceae","Lasiosphaeriaceae","Sordariales","Sordariomycetes","Ascomycota","Fungi",0.131,0.002,0,0.069,1.764,0.025,0.153,0.004,0.058,0.019,0.041,0.003,0,0.654,0.012,0.006,0.001,0.133,0.001,0.011,0.693,0,0.015,0.038,0,0.002,0.001,0.243,0,0.006,0.001,0.079,0,0.001,0.04,0,0.14,0.002,0,0.003,0.005,0,0,0,0.23,1.586,0,0,0.033,0.002,0.01,0.003,0,0.002,0.133,0,0.003,0.089,0,0.003,2.193,0.02,0.548,0,0.009,0.727,0,0,0,0.04,0.002,0,0.006,0.139,0.049,0.002,0.005,0.003,0.007,0,0,0.001,0.001,0.004,0.001,0,0.003,0.479,0.046,0,0,0,0.015,0,0.001,0.003,0,0,0.079,0.001,0
"uncl_Mortierellomycetes","uncl_Mortierellomycetes","uncl_Mortierellomycetes","Mortierellomycetes","Mortierellomycota","Fungi",0.013,0.043,0.001,0.019,0,0.016,0.016,0.008,0.009,0,0,0.004,0.01,0,0.003,0.008,0.056,0.006,0.005,0.001,0.006,0.04,0.015,0.001,0.049,0.008,0.073,0.001,0,0.002,0.03,0,0.001,0,0,0,0,0,0.014,0.003,0.002,0.008,0,0.016,0,0,0.002,0.012,0,0.002,0.012,0.006,0,0.158,0.006,0,0.011,0,0.001,0.033,0,0,0.004,0.002,0.001,0.013,0.002,0.141,0.003,0.001,0.036,0.002,0.002,0.002,0.002,0.001,0,0,0,0.023,0.03,0.084,0.019,0.002,0.003,0.135,0.01,0.001,0.001,0,0,0,0.005,0.125,0.052,0.002,0,0.001,0,0.001,0.001
"Cladophialophora","Herpotrichiellaceae","Chaetothyriales","Eurotiomycetes","Ascomycota","Fungi",0.186,0,0,0.48,0.118,0,0.051,0.01,0.295,0.196,0.01,0.035,0.03,0.002,0.213,0.014,0,0.011,0,0.028,0.072,0.016,0.258,0.415,0.288,0.063,1.815,0.41,0.01,0.004,0,0.056,0.004,0.372,0.003,0,0.034,0.005,0,0.001,0.134,0.002,0,0.069,0,0.006,0,0,0.595,0.002,0.023,0.01,0,0,0.011,0,0,0,0.032,0.028,0.129,0.002,0.083,0,0.003,0.137,0.119,0.012,0.018,0.283,0.007,0.562,0.124,1.24,0.075,0.018,0.03,0.088,0.438,0.424,0.002,0.27,0.001,0,0.192,1.628,2.003,0.54,0.302,0.01,0,0,0.01,0,0,0,0,0,0.056,0.007,0.001
"Diaporthe","Diaporthaceae","Diaporthales","Sordariomycetes","Ascomycota","Fungi",0.005,0,0,0.026,0,0,0,0,0,0,0,0,0.002,0,0,0,0,0,0,0,0,0,0,0,0,0,0,0.139,0,0,0,0,0,0,0,0,0,0,0,0,0,0,0,0.004,0,0,0,0,0,0,0,0,0,0,0,0,0,0,0,0,0,0,0,0,0,0,0,0,0,0,0,0,0,0,0,0,0,0,0,0,0,0,0,0,0,0,0,0.306,0,0,0,0,0,0,0,0,0,0,0,0,0
"Preussia","Sporormiaceae","Pleosporales","Dothideomycetes","Ascomycota","Fungi",0.06,0.001,0,0.038,0.003,0.11,0.101,0.105,0.003,0,0,0.002,0,0.723,0.001,0.031,0.012,0.004,0,0.005,0.091,0.005,0.001,0.083,0.337,0.026,0,0,0,0,0,0,0,0,0,0,0,0,0.006,0.002,0,0,0,0,1.052,0,0.002,0,0,0,0.048,0.026,0.004,0.025,0.004,0,0,0.04,0,0,0.004,0.007,0.381,0.004,0.049,0,0,0,0.007,0.002,0,0,0.002,0,0,0,0.672,0,0,0.367,1.038,0.016,0.001,0.07,0.004,0,0,0,0,0,0,0,0,0,0,0.001,0,0,0,0,0
"uncl_Cantharellales","uncl_Cantharellales","Cantharellales","Agaricomycetes","Basidiomycota","Fungi",0.016,0,0,0.001,0,0.097,0,0,0.001,0,0,0.001,0.058,0,0.007,0,0.505,0,0,0,0,0,0,0.001,0,0,0,0,0,0,0,0,0,0,0,0,0,0,0,0,0.003,0.146,0,0,0,0,0.012,0,0.007,0,0.001,0,0.78,0,0,0,0,0,0,0,0,0,0,0,0,0.001,0,0,0,0,0,0,0.004,0.001,0,0,0,0.002,0,0,0,0,0,0,0,0,0,0,0,0,0,0,0,0,0,0,0,0,0,0,0
"Wallemia","Wallemiaceae","Wallemiales","Wallemiomycetes","Basidiomycota","Fungi",0,0.001,0.001,0,0,0,0,0,0,0,0.001,0,0,0,0,0,0,0,0,0,0,0,0,0,0,0,0.001,0,0,0,0.001,0,0,0,0,0.001,0,0,0,0,0,0,0,0,0,0,0,0,0.001,0,0.001,0,0,0,0,0.001,0,0,0,0,0,0,0,0.001,0,0,0,0,0,0,0,0,0.001,0,0,0,0,0.001,0,0,0,0,0.001,0,0,0.001,0.001,0,0,0,0,0,0,0.001,0,0,0,0.002,0,0,0
"Lecythophora","Coniochaetaceae","Coniochaetales","Sordariomycetes","Ascomycota","Fungi",0.002,0.001,0.002,0.004,0,0.001,0.002,0.001,0.004,0.001,0,0,0,0.002,0,0.005,0,0,0,0,0,0,0.032,0,0.004,0,0,0,0.026,0.002,0.001,0,0,0,0.002,0,0,0,0,0,0,0,0,0,0.002,0.004,0,0,0.001,0,0.001,0.013,0,0,0,0,0,0,0,0,0,0,0,0.002,0,0,0,0,0,0.045,0.001,0.056,0,0,0,0,0.001,0,0,0.002,0.002,0.006,0,0.001,0,0,0,0,0,0.026,0,0.005,0,0.004,0,0,0.01,0,0,0,0
"uncl_Onygenales","uncl_Onygenales","Onygenales","Eurotiomycetes","Ascomycota","Fungi",0.052,0.115,0.162,0.008,0.011,0.132,0.043,0.114,0.017,0.002,0.008,0.017,0.001,0.002,0.1,0.043,0.476,0.021,0.002,0.015,0.072,0,0.002,0.073,0.002,0.017,0,0,0,0.051,0.13,0.007,0,0.001,0.003,0.002,0.022,0,0,0.05,0.008,0.002,0,0.001,0.003,0,0.129,0.166,0.026,0,0.1,0.002,0.736,0,0.021,0.002,0.001,0.049,0.01,0.005,0.002,0.143,0.015,0.303,0.011,0.192,0.007,0,0,0,0.005,0,0.037,0.006,0.045,0.052,0.446,0.014,0.007,0.002,0,0.004,0.022,0.027,0.001,0,0,0,0,0,0,0.114,0.015,0.426,0.04,0.006,0.053,0.188,0.007,0,0
"Physalacria","Physalacriaceae","Agaricales","Agaricomycetes","Basidiomycota","Fungi",0.001,0,0,0,0,0,0.004,0,0,0.025,0,0,0,0,0,0,0,0,0,0,0,0,0,0,0,0,0,0,0,0,0,0,0,0.049,0,0,0,0,0,0,0,0,0,0,0,0,0,0,0,0,0,0,0,0,0,0,0,0,0,0,0,0,0,0,0,0,0,0,0,0,0,0,0,0,0,0,0,0,0,0,0,0,0,0,0,0,0,0,0,0,0,0,0,0,0,0,0,0,0,0,0
"Mortierella","Mortierellaceae","Mortierellales","Mortierellomycetes","Mortierellomycota","Fungi",0.108,0,0,0.404,0.012,0,0.003,0.007,0.116,0,0,0.001,0,0.002,0.153,0,0,0.007,0,0,0.079,0.001,0.9,0.084,0.001,0.402,0.351,0.018,0.008,0.249,0,0,0.011,0.001,0,0,0,0,0,0,0.003,0,0,0,0.001,0.004,0,0,0.428,0,0,0,0,0,0.007,0,0,0,0,0.705,0.002,0,0.002,0,0.002,0,0.002,0.002,0,2.547,0.01,0.075,0.041,0.237,0.049,0.022,0.03,0.009,0.067,0.001,0,0.002,0.211,0.016,1.014,0.381,0.321,0.016,0.019,0.008,0.9,0,0.173,0,0,0,0,0,0,0.024,0
"Marasmius","Marasmiaceae","Agaricales","Agaricomycetes","Basidiomycota","Fungi",0.513,0.078,0,0.889,0.673,0.027,0.421,0.392,0.653,0,0,0,1.477,0.247,0.005,0.159,0.009,0.001,0,0,0.408,0,0.354,0,7.454,0.376,0.252,0.001,0,0,0.055,0,0,0,0.001,0,0,0,0,0,0,0,0,3.446,0,0.791,0,0,0.013,0,0.004,0.401,0,0.025,0.001,0,0,0,0,0,0.842,0,0.043,0.78,1.164,0.001,0,0,0,0,0.945,0,0,0,0,0,0,0,0,7.72,9.945,6.149,0.754,0.373,0,0.39,0.113,0,0.002,0,0,0,0,0,0,0.145,0,0,0,0,0
"Olpidium","Olpidiaceae","Olpidiales","Olpidiomycetes","Olpidiomycota","Fungi",0.006,0,0,0.001,0,0,0.002,0,0.018,0,0,0,0.079,0,0,0.001,0,0.008,0,0,0,0,0,0,0.018,0,0,0,0,0,0,0,0.038,0.001,0,0,0,0,0,0,0,0,0,0.184,0,0,0,0,0,0,0.002,0,0,0,0.008,0,0,0,0,0,0,0,0,0.001,0,0,0,0,0,0,0,0,0.002,0,0,0,0,0,0,0.007,0.042,0.02,0,0,0,0,0,0,0,0,0,0,0,0,0,0,0,0,0,0,0.073
"Cutaneotrichosporon","Trichosporonaceae","Trichosporonales","Tremellomycetes","Basidiomycota","Fungi",0,0,0,0.001,0,0,0,0,0,0,0,0,0,0,0,0,0,0,0,0,0,0,0,0,0.002,0,0,0,0,0,0,0,0.001,0.001,0,0,0,0,0,0,0,0,0,0,0,0,0,0,0,0,0,0,0,0,0,0,0,0,0,0,0,0.002,0,0,0,0,0,0,0,0,0,0,0,0,0,0,0,0,0,0.004,0,0,0,0,0,0,0,0,0,0,0,0,0,0,0,0,0,0,0,0.002,0
"Atractiella","Hoehnelomycetaceae","Atractiellales","Atractiellomycetes","Basidiomycota","Fungi",0.429,0,0,1.336,0.012,0,0.001,0.001,0.662,0,0,0,0,0,0,0,0,4.537,0,0,0.005,0,1.65,0,0,0.716,7.608,0.015,0,0,0,1.905,0.62,0.001,0,0,0,0,0,0,0,0,0,0,0,0,0,0,0,0,0,0,0,0,4.537,0,0,0,0,0,0.015,0,0.004,0,0.008,0.001,0,0,0,2.148,0,3.241,0,0,0,0,0,0,0,0,0,0,0,0,2.213,13.182,2.033,0.002,0.026,0,0,0,0,0,0,0,0,0,1.905,0.218,0.985
"uncl_Cladochytriales","uncl_Cladochytriales","Cladochytriales","Cladochytriomycetes","Chytridiomycota","Fungi",0.07,0,0,0.171,0.001,0,0.002,0.003,0.134,0,0,0,0,0,0,0.001,0,0.709,0,0,0.003,0,0,0.001,0,0.293,0.042,0,0,0,0,0.722,1.298,0,0,0,0,0,0,0,0,0,0,0,0,0,0,0,0,0.004,0,0,0,0,0.709,0,0,0,0,0,0.001,0.003,0.011,0,0.002,0,0,0,0,0.001,0,0,0,0.002,0,0.001,0.002,0,0,0,0,0,0.177,0.022,0.705,0.018,0.066,0,0,0,0,0,0,0,0,0,0,0,0.722,1.804,0.838
"Magnaporthe","Magnaporthaceae","Magnaporthales","Sordariomycetes","Ascomycota","Fungi",0.058,0,0,0.047,0.102,0.004,0.151,0.095,0.006,0,0,0.019,0,0.024,0,0.004,0,0.003,0,0.022,0.089,0,0.105,0.279,0,0,0,0,0,0.002,0,0,0,0.001,0,0,0,0.067,0,0,0.003,0,0,0.001,0.035,0,0,0,0,0,0.008,0,0,0,0.003,0,0,0.178,0,0.043,0.128,0.245,0.076,0.065,0.048,0.085,0.005,0,0,0,0.28,0,0.351,0.008,0,1.828,0.363,0.001,0.001,0,0,0,0.001,0,0,0.001,0,0,0,0,0,0.005,0,0,0,0,0,0,0,0,0
"uncl_Massarinaceae","Massarinaceae","Pleosporales","Dothideomycetes","Ascomycota","Fungi",0.052,0,0,0.06,0.001,0,0.098,0.024,0.064,0.519,0.001,0.001,0,0.001,0,0,0,0.004,0,0,0.001,0.196,0.207,0.098,0.015,0.005,0.119,0.018,0,0,0,0,0.002,0.995,0,0,0.002,0.003,0,0.001,0,0,0,0,0.001,0,0,0,0,0,0,0,0,0,0.004,0,0.001,0,0,0.003,0.001,0,0.001,0,0,0.004,0,0.188,0.2,0,0,0.736,0,0.313,0,0,0,0.004,0.122,0.003,0,0.034,0,0,0.015,0.031,0.208,0.032,0.006,0,0,0,0,0,0,0,0,0,0,0.004,0
"Sphaerobolus","Sphaerobolaceae","Geastrales","Agaricomycetes","Basidiomycota","Fungi",0.054,0,0,0,0.011,0,0,0.018,0.181,0,0.001,0,0,0,0.044,0,0,0,0,3.974,0.003,0,0,0.018,0,0.013,0,0,0,0,0,0,0,0,0,0.001,0,0,0,0,0,0,0,0,0,0,0,0,0.125,0,0,0.001,0,0,0,0,0,0,4.542,0,0.014,0.002,0,0,0.001,0,0,0,0,0,0,0,0,0,0,0,0.148,0,0,0,0,0,0.003,0,0.037,0,0,0,0,0,0,0,0,0,0,0,0,0,0,0,0
"Coniochaeta","Coniochaetaceae","Coniochaetales","Sordariomycetes","Ascomycota","Fungi",0.092,0,0,0.009,0,0,0.336,0.059,0.054,1.881,0.001,0,0,0,0,0,0,0,0,0.048,0.059,0,0.311,0.012,0,0.001,0,0,0,0,0,0,0.001,3.605,0,0,0.004,0,0,0,0,0,0,0,0,0,0,0,0,0,0,0,0,0,0,0,0,0.386,0,0,0,0,0,0.535,0,0,0,0,0,0.004,0,1.101,0,0.05,0,0.005,0,0,0,0,0,0,0,0,0.002,0,0.001,0,0,0,0,0,0,0.001,0,0,0,0,0,0,0.002
"Ceratobasidium","Ceratobasidiaceae","Cantharellales","Agaricomycetes","Basidiomycota","Fungi",0.065,0,0,0.345,0,0,0,0.003,0.01,0,0,0.005,0,0,0,0,0,0,0,0,0.013,0,1.249,0.011,0.002,0.006,0,0,0,0,0,0,0.006,0,0.001,0,0,0.008,0,0.001,0.011,0,0,0,0,0,0,0,0,0,0,0,0,0,0,0,0,0,0,0.015,0,0,0,0,0,0.091,0,0,0,3.621,0.012,0,0.043,0,0,0,0,0.037,0.002,0,0,0.006,0.011,0.007,0.001,0,0,0,0,0,0,0,0,0,0,0,0,0,0,0,0.011
"Bipolaris","Pleosporaceae","Pleosporales","Dothideomycetes","Ascomycota","Fungi",0.042,0,0,0.194,0.002,0,0,0.024,0.011,0.001,0,0,0,0,0,0.005,0.001,0,0,0,0.004,0,0.768,0.011,0.02,0.011,0.008,0,0,0,0,0.003,0.001,0.002,0,0,0,0,0,0,0.001,0,0,0,0,0,0,0,0.001,0,0.011,0.001,0.001,0,0,0,0,0,0,0.031,0.002,0,0,0,0,0.003,0,0,0,1.961,0.149,0.136,0.011,0.04,0,0,0,0,0,0.001,0,0.049,0.001,0.022,0.008,0.007,0.01,0,0,0,0,0,0,0,0,0,0,0,0.003,0.001,0.001
"Coniosporium","Coniosporiaceae","Coniosporiales","Dothideomycetes","Ascomycota","Fungi",0,0,0,0,0,0,0,0,0,0.001,0,0,0,0,0,0,0,0,0,0,0,0,0,0,0,0,0,0,0,0,0,0,0,0.002,0,0,0,0,0,0,0,0,0,0,0,0,0,0,0,0,0,0,0,0,0,0,0,0,0,0,0,0,0,0,0,0,0,0,0,0,0,0,0,0,0,0,0,0,0,0,0,0,0,0,0,0,0,0,0,0,0,0,0,0,0,0,0,0,0,0,0
"uncl_Geastraceae","Geastraceae","Geastrales","Agaricomycetes","Basidiomycota","Fungi",0.026,0,0,0,0,0,0.128,0,0,0,0,0,0,1.044,0,0,0,0.004,0,0,0,0,0,0,0,0,0,0,0,0,0,0,0,0,0,0,0,0,0,0,0,0,0,0,0.002,3.337,0,0,0,0,0,0,0,0,0.004,0,0,0,0,0,0,0,0,0,0,0,0,0,0,0,0,0,0,0,0,0,0,0,0,0,0,0,0,0,0.001,0,0,0,0,0,0,0,0,0,0.001,0,0,0,0,0,0
"Johnalcornia","Pleosporaceae","Pleosporales","Dothideomycetes","Ascomycota","Fungi",0.024,0,0,0.092,0,0.002,0.011,0.023,0.007,0.024,0,0.001,0.024,0.007,0.008,0,0,0,0.001,0,0,0.133,0,0.001,0.42,0,0,0,0,0,0,0,0,0,0.051,0,0,0,0,0,0.003,0,0.134,0,0.007,0.006,0.014,0.008,0,0,0.001,0,0,0,0,0,0.003,0,0,0.001,0,0,0,0,0,0,0.002,0,0.182,0,0,0,0,0,0,0.005,0.002,0,0,0.899,0.125,0.063,0,0,0,0,0,0,0,0,0,0,0,0,0,0,0,0,0,0,0
"Wojnowiciella","Phaeosphaeriaceae","Pleosporales","Dothideomycetes","Ascomycota","Fungi",0.007,0,0,0.003,0,0,0,0.002,0.021,0,0,0.005,0.032,0,0,0.001,0,0,0,0,0.001,0,0.001,0.001,0.098,0.006,0.001,0.007,0,0,0,0,0,0,0.001,0,0,0.003,0,0.009,0.005,0,0,0.076,0,0,0,0,0,0,0.002,0,0,0,0,0,0,0,0,0.003,0,0,0,0,0.001,0.001,0,0,0,0,0.002,0.001,0.001,0,0,0.003,0,0,0,0,0,0.236,0.013,0.001,0.004,0.002,0,0.015,0.001,0,0,0,0,0,0,0,0,0,0,0,0
"uncl_Niaceae","Niaceae","Agaricales","Agaricomycetes","Basidiomycota","Fungi",0.34,0,0,0.146,1.039,0,0.043,0.01,0.934,0,0,0.429,0,0,0,0,0,0.003,0,0,1.58,0,0,0.584,0,0.001,0,0,0,0,0,0,0.453,0,0.001,0,0,1.558,0,0,0,0,0,0,0,0,0,0,0,0,0,0,0,0,0.003,0,0,0,0,0,1.298,0,0,0,0.093,10.627,0,0,0,0,0,0,0,0,0,0.621,0,1.288,1.548,0,0,0,0.004,0,0,0,0,0,0,0,0,0,0,0,0,0,0,0,0,0.001,0.865
"Ramularia","Mycosphaerellaceae","Mycosphaerellales","Dothideomycetes","Ascomycota","Fungi",0,0,0,0,0,0,0,0,0,0,0.001,0,0,0,0,0,0,0,0,0,0,0,0,0,0,0,0,0,0,0,0,0,0,0,0,0.001,0,0,0,0,0,0,0,0,0,0,0,0,0,0,0,0,0,0,0,0,0,0,0,0,0,0,0,0,0,0,0,0,0,0,0,0,0,0,0,0,0,0,0,0,0,0,0,0,0,0,0,0,0,0,0,0,0,0,0,0,0,0,0,0,0
"uncl_Mycenaceae","Mycenaceae","Agaricales","Agaricomycetes","Basidiomycota","Fungi",0.068,0,0,0.207,0,0,0,0,0.109,0,0,0,0,0.001,0,0,0,0,0,0,0,0,0,0.076,0,0,1.786,0.084,0,0,0,0,0.011,0,0.001,0,0,0,0,0,0,0,0,0,0,0.002,0,0,0,0,0,0,0,0,0,0,0,0,0,0,0,0,0,0,0,0,0,0,0,0,0,0,0.553,0,0.002,0,0,0,0.005,0,0,0,0,0,0,1.598,1.974,0.185,0,0,0,0,0,0,0,0,0,0,0,0,0.021
"uncl_Glomerales","uncl_Glomerales","Glomerales","Glomeromycetes","Glomeromycota","Fungi",0.104,0.37,0.168,0.028,0.019,0.21,0.147,0.172,0.041,0.037,0.259,0.112,0.121,0.108,0.068,0.387,0.017,0.001,0.048,0.006,0.101,0.267,0.011,0.081,0.033,0.005,0.029,0.002,0.026,0.03,0.309,0,0.002,0.002,0.075,0.316,0.125,0.016,0.144,0.112,0.196,0.135,0.368,0.005,0.098,0.129,0.113,0.094,0,0.842,0.362,0.206,0.026,0,0.001,0.049,0.045,0.04,0.001,0.131,0.014,0.343,0.063,0.252,0.043,0.117,0.012,0.208,0.288,0.001,0.026,0.001,0.086,0.003,0.042,0.249,0.291,0.027,0.004,0.021,0.055,0.035,0,0.012,0.003,0.04,0.018,0.002,0.002,0.026,0.01,0.064,0.005,0.152,0.222,0.527,0,0.207,0,0.003,0.001
"uncl_Ceratobasidiaceae","Ceratobasidiaceae","Cantharellales","Agaricomycetes","Basidiomycota","Fungi",0.756,0.766,0.011,1.412,0.098,0.43,0.454,1.272,0.574,0.303,0.626,3.415,0.133,0.125,0.064,1.812,0.126,2.269,0.051,0.011,0.244,0.277,1.085,0.47,2.305,0.887,1.051,0.001,1.445,0.02,0.538,0.023,0.209,0.027,0.603,0.863,0.055,6.617,3.475,0.988,2.765,0.148,0.006,0.173,0.155,0.057,0.13,0.036,0.002,0.045,3.8,0.446,0.172,0.041,2.269,0.003,0.109,0,0.013,1.507,0.051,0.002,0.034,0.005,0.125,0.379,0,0.816,0.081,0.043,2.127,0.969,1.278,0.198,0.289,1.499,0.22,0.047,0.231,3.803,1.135,1.294,0.234,2.242,0.062,1.057,1.046,0.002,0,1.445,0,0.049,0,0.23,2.02,0.506,0,0.014,0.023,0.022,0.38
"Gerronema","Tricholomataceae","Agaricales","Agaricomycetes","Basidiomycota","Fungi",0.006,0,0,0.023,0,0,0,0,0.006,0,0,0,0,0,0,0,0,0,0,0,0,0,0,0,0,0,0,0.171,0,0,0,0,0,0,0.001,0,0,0,0,0,0,0,0,0,0,0,0,0,0,0,0,0,0,0,0,0,0,0,0,0,0,0,0,0,0,0,0,0,0,0,0,0,0,0,0,0,0,0,0,0,0,0,0,0,0,0,0,0.266,0.092,0,0,0,0,0,0,0,0,0,0,0,0
"Stemphylium","Pleosporaceae","Pleosporales","Dothideomycetes","Ascomycota","Fungi",0,0,0,0,0,0,0,0,0,0,0,0,0,0,0,0,0.003,0,0,0,0,0,0,0,0,0,0,0,0,0,0,0,0,0,0,0,0,0,0,0,0,0,0,0,0,0,0,0,0,0,0,0,0,0.01,0,0.001,0,0,0,0,0,0,0,0,0,0,0,0,0,0,0,0,0,0,0,0,0,0,0,0,0,0,0,0,0.001,0,0,0,0,0,0,0,0,0,0,0,0,0,0,0,0
"Amarenomyces","Pleosporales_fam_Incertae_sedis","Pleosporales","Dothideomycetes","Ascomycota","Fungi",0,0,0,0,0,0,0,0,0,0.001,0,0,0,0,0,0,0,0,0,0,0,0,0,0,0,0,0,0,0,0,0,0,0,0,0.002,0,0,0,0,0,0,0,0,0,0,0,0,0,0,0,0,0,0,0,0,0,0,0,0,0,0,0.002,0,0,0,0,0,0,0,0,0,0,0,0,0,0,0,0,0,0,0,0,0,0,0,0,0,0,0,0,0,0,0,0,0,0,0,0,0,0,0
"uncl_Basidiomycota","uncl_Basidiomycota","uncl_Basidiomycota","uncl_Basidiomycota","Basidiomycota","Fungi",0.801,0.057,0.014,1.358,0.962,0.131,0.544,1.154,0.815,1.14,0.006,2.459,0.144,1.254,1.27,0.923,0.037,0.542,0.291,0.075,0.975,1.599,1.67,1.023,0.167,0.587,0.112,0.115,0,0.075,0.044,3.078,0.151,0.289,2.069,0.003,0.012,8.837,0.003,0.072,0.027,0.002,0.569,0.097,0.98,1.858,0.019,0.021,3.52,1.216,1.145,0.546,0.057,0.002,0.542,0.008,0.631,0.573,0.004,0.234,1.149,0.031,0.846,0.346,4.13,0.129,0.044,4.149,0.672,0.002,2.539,2.55,0.069,2.631,0.216,0.67,0.475,2.081,0.014,0.088,0.308,0.187,0.285,0.117,1.401,0.119,0.106,0.172,0.068,0,0,0.188,0,0.016,0.002,0.097,0.003,0.017,3.078,0.017,0.273
"uncl_Corticiales","uncl_Corticiales","Corticiales","Agaricomycetes","Basidiomycota","Fungi",0.087,0.001,0.001,0,0.735,0.032,0.086,0.001,0.13,1.039,0.002,0.002,0,0.001,0.115,0,0.004,0.004,0,0.002,0.324,0.004,0,0,0,0,0,0.001,0,0,0.001,0,0,0,2.172,0.002,0,0,0.01,0,0,0,0,0,0.001,0,0.268,0,0,0,0,0,0.006,0,0.004,0,0,0,0.003,0,0.919,1.837,0.001,0,0,0,0.002,0,0.005,0,0,0,0,0,0,0,0.001,0,0,0,0,0,0,0,0,0,0,0,0.002,0,0,0,0,0.001,0,0.001,0,0.001,0,0,0
"Acarospora","Acarosporaceae","Acarosporales","Lecanoromycetes","Ascomycota","Fungi",0,0,0,0,0,0,0,0,0,0.001,0,0,0,0,0,0,0,0,0,0,0,0,0,0,0,0,0,0,0,0,0,0,0,0,0.002,0,0,0,0,0,0,0,0,0,0,0,0,0,0,0,0,0,0,0,0,0,0,0,0,0,0,0,0,0,0,0,0,0,0,0,0,0,0,0,0,0,0,0,0,0,0,0,0,0,0,0,0,0,0,0,0,0,0,0,0,0,0,0,0,0,0
"Inocybe","Inocybaceae","Agaricales","Agaricomycetes","Basidiomycota","Fungi",0.013,0.013,0.017,0.013,0.004,0.024,0.007,0.008,0.015,0,0.021,0,0.003,0.006,0.032,0.022,0.077,0,0.004,0.009,0.004,0.013,0.038,0.003,0.002,0.002,0.016,0.072,0.012,0.03,0.015,0,0,0,0.001,0.03,0,0,0,0.001,0.001,0.006,0,0.002,0.005,0.006,0.013,0.008,0.07,0,0.019,0.035,0.119,0,0,0.006,0.002,0,0.01,0.001,0.005,0.003,0.006,0.001,0.004,0.001,0.005,0.032,0.006,0.057,0.033,0.022,0.001,0.007,0.002,0.015,0,0,0,0.002,0.008,0.001,0.003,0,0.003,0.016,0.017,0.037,0.101,0.012,0.129,0.01,0,0.007,0.022,0.013,0.016,0.017,0,0.001,0
"uncl_Atractiellales","uncl_Atractiellales","Atractiellales","Atractiellomycetes","Basidiomycota","Fungi",0.002,0,0,0,0,0.008,0.002,0,0.003,0.024,0,0,0,0.059,0,0,0,0,0,0,0,0.006,0,0,0,0,0,0,0,0,0,0,0,0,0.051,0,0,0,0,0,0,0,0,0,0.076,0.022,0,0,0,0,0,0,0,0,0,0,0,0,0,0,0,0,0,0,0,0,0,0.022,0,0,0,0,0,0,0,0,0,0,0,0,0,0,0,0,0,0,0,0,0,0,0,0,0,0,0,0,0,0,0,0,0
"Peziza","Pezizaceae","Pezizales","Pezizomycetes","Ascomycota","Fungi",0,0,0,0,0,0,0,0,0,0,0,0,0,0,0,0,0,0,0,0,0,0,0,0,0,0,0,0,0,0,0,0,0,0,0,0,0,0,0,0,0,0,0,0,0,0,0,0,0,0,0,0,0,0,0,0,0,0,0,0,0,0,0,0,0,0,0.002,0,0,0,0,0,0,0,0,0,0,0,0,0,0,0,0,0,0,0,0,0,0,0,0,0,0,0,0,0,0,0,0,0,0
"uncl_Pyronemataceae","Pyronemataceae","Pezizales","Pezizomycetes","Ascomycota","Fungi",0.007,0,0,0.001,0.001,0.005,0.015,0.001,0.009,0,0,0,0,0.101,0.001,0.009,0,0,0,0,0.012,0.046,0.001,0.004,0,0,0.016,0.004,0.002,0,0,0,0.001,0,0,0,0,0,0,0,0,0,0,0,0.045,0.225,0,0.005,0,0,0,0.022,0,0,0,0,0,0,0,0.003,0.001,0,0,0,0,0,0.252,0.168,0.002,0,0.002,0,0.001,0.001,0,0.014,0.005,0.007,0.004,0,0,0,0,0,0,0,0.032,0.008,0,0.002,0,0,0,0,0,0,0,0,0,0,0.002
"uncl_Megasporaceae","Megasporaceae","Pertusariales","Lecanoromycetes","Ascomycota","Fungi",0.001,0,0,0,0,0,0,0,0.004,0.03,0,0,0,0,0,0,0,0,0,0,0,0,0,0,0,0,0,0,0,0,0,0,0,0,0.062,0,0,0,0,0,0,0,0,0,0,0,0,0,0,0,0,0,0,0,0,0,0,0,0,0,0,0,0,0,0,0,0,0,0,0,0,0,0,0,0,0,0,0,0,0,0,0,0,0,0,0,0,0,0,0,0,0,0,0,0,0,0,0,0,0,0
"uncl_Capnodiales","uncl_Capnodiales","Capnodiales","Dothideomycetes","Ascomycota","Fungi",0.257,0.411,0.258,0.085,0.178,0.704,0.28,0.214,0.126,0.032,0.522,0.379,0.157,0.609,0.851,0.012,0.96,0,0.08,0.021,0.378,0.109,0.231,0.067,0,0.123,0.5,0.036,0.474,0,0.365,0,0.014,0.007,0.058,0.499,0.575,0.173,0.093,0.049,1.199,0.339,0.13,0.001,0.884,0.002,1.934,0.097,0.004,0.02,0.016,0.004,1.48,0.007,0,0.041,0.127,0.158,0.001,0.133,0.223,0.822,0.845,0.606,0.05,0.009,0.03,0.148,0.095,0.084,0.386,0.204,0.066,0.015,0,0.064,0.271,0.025,0.05,0,0,0,0.07,0.269,0.017,0.388,0.612,0,0.067,0.474,0,0,0,0.266,0.005,0.639,0.112,0.291,0,0.013,0.015
"Endococcus","Dothideales_fam_Incertae_sedis","Dothideales","Dothideomycetes","Ascomycota","Fungi",0,0,0,0,0,0,0,0,0,0,0,0,0,0,0,0,0,0,0,0,0,0,0,0,0,0,0,0,0,0,0,0,0,0,0.001,0,0,0,0,0,0,0,0,0,0,0,0,0,0,0,0,0,0,0,0,0,0,0,0,0,0,0,0,0,0,0,0,0,0,0,0,0,0,0,0,0,0,0,0,0,0,0,0,0,0,0,0,0,0,0,0,0,0,0,0,0,0,0,0,0,0
"Dissoconium","Dissoconiaceae","Capnodiales","Dothideomycetes","Ascomycota","Fungi",0,0,0,0,0,0,0,0,0.001,0,0,0,0,0,0,0,0,0,0,0,0,0,0,0.002,0,0,0,0,0,0,0,0,0,0,0.001,0,0,0,0,0,0,0,0,0,0,0,0,0,0,0,0,0,0,0,0,0,0,0,0,0,0,0,0,0,0,0,0,0,0,0,0,0,0,0,0,0,0,0,0.01,0,0,0,0,0.001,0,0,0,0,0,0,0,0,0,0,0,0,0,0,0,0,0
"uncl_Hypocreales","uncl_Hypocreales","Hypocreales","Sordariomycetes","Ascomycota","Fungi",1.849,2.302,0.487,1.048,2.624,1.335,2.148,3.65,1.464,1.212,0.67,2.645,0.981,0.186,1.56,4.322,2.749,3.642,1.277,1.799,3.407,1.959,1.48,1.009,2.284,2.46,0.191,0.139,0.545,0.172,1.754,5.79,0.319,1.438,0.966,0.199,1.801,0.489,3.374,3.77,3.156,0.502,0.532,1.607,0.155,0.253,1.128,1.081,2.368,2.78,2.555,6.951,0.885,6.167,3.642,1.954,0.464,0,2.056,2.672,3.195,6.824,3.438,4.929,4.411,1.336,0.398,4.725,0.953,1.573,2.345,0.213,0.605,0.538,0.338,2.062,3.916,0.304,0.238,3.557,0.933,1.573,0.291,6.457,0.268,0.293,0.09,0.257,0.041,0.545,0.04,0.297,0.114,2.725,4.012,1.428,0.02,0.595,5.79,0.481,0.171
"Debaryomyces","Debaryomycetaceae","Saccharomycetales","Saccharomycetes","Ascomycota","Fungi",0,0,0,0,0,0,0,0,0,0,0,0,0,0,0,0,0,0,0,0,0,0,0,0,0,0.001,0,0,0,0,0,0,0,0,0,0,0,0,0,0,0,0,0,0,0,0,0,0,0,0,0,0,0,0,0,0,0,0,0,0,0,0,0,0,0,0,0,0,0,0,0,0,0,0,0,0,0,0,0,0,0,0,0,0.002,0,0,0,0,0,0,0,0,0,0,0,0,0,0,0,0,0
"uncl_Phaeosphaeriaceae","Phaeosphaeriaceae","Pleosporales","Dothideomycetes","Ascomycota","Fungi",0.487,0.158,0.392,0.108,2.48,0.09,0.291,0.127,1.001,1.542,0.294,0.015,0.083,0.001,3.701,0.097,0.041,0.061,0.009,0.279,0.708,0.202,0.167,0.483,0.026,0.316,0.855,0.013,1.404,0.006,0.229,0.026,0.004,1.306,1.799,0.014,0.965,0.002,0.003,0.033,0.017,0.01,0.043,0.167,0.002,0,0.222,0.036,10.075,0.014,0.145,0.084,0.063,0,0.061,0.005,0.013,0,0.319,0.171,2.981,0.231,0.008,0,0.017,0.098,0.072,0,0.276,0.022,0.421,0.007,0.342,0.008,0.474,0.038,0.049,1.766,0.714,0.026,0.016,0.03,0.013,0.043,0.918,0.589,1.12,0.005,0.019,1.404,0.03,0,0,0.551,0.065,0.019,0.517,0.363,0.026,0.005,0.003
"uncl_Rhizophlyctidaceae","Rhizophlyctidaceae","Rhizophlyctidales","Rhizophlyctidomycetes","Chytridiomycota","Fungi",0,0,0,0,0,0,0.002,0,0,0.003,0,0,0,0,0.001,0,0,0,0,0,0,0,0.001,0,0,0,0,0,0.023,0,0,0,0,0.004,0.001,0,0,0,0,0,0,0,0,0,0,0,0.002,0.002,0,0,0,0,0,0,0,0,0,0,0,0,0,0,0,0,0,0,0,0,0,0.001,0.001,0,0,0,0.002,0,0,0,0,0,0,0,0,0,0,0,0,0,0,0.023,0,0,0,0,0,0,0,0,0,0,0
"Minimedusa","Hydnaceae","Cantharellales","Agaricomycetes","Basidiomycota","Fungi",0.002,0,0,0.006,0,0,0,0,0.003,0.002,0,0,0,0,0,0,0,0,0,0,0,0,0,0.008,0.02,0,0,0,0,0,0,0,0,0,0.004,0,0,0,0,0,0,0,0,0,0,0,0,0,0,0,0,0,0,0,0,0,0,0,0,0,0,0,0,0,0,0,0,0,0,0,0,0,0,0.036,0,0,0,0,0,0,0,0.049,0,0,0,0,0,0,0,0,0,0,0,0,0,0,0,0,0,0,0
"Coniothyrium","Coniothyriaceae","Pleosporales","Dothideomycetes","Ascomycota","Fungi",0,0,0,0,0,0,0,0,0,0,0,0,0,0,0,0,0,0,0,0,0,0,0,0,0,0,0,0,0,0,0,0,0,0,0.001,0,0,0,0,0,0,0,0,0,0,0,0,0,0,0,0,0,0,0,0,0,0,0,0,0,0,0,0,0,0,0,0,0,0,0,0,0,0,0,0,0,0,0,0,0,0,0,0,0,0,0,0,0,0,0,0,0,0,0,0,0,0,0,0,0,0
"Elaphomyces","Elaphomycetaceae","Eurotiales","Eurotiomycetes","Ascomycota","Fungi",0.006,0,0,0.001,0,0,0,0,0.02,0,0,0,0,0,0,0,0,0,0,0,0,0,0,0,0,0,0,0.17,0,0,0,0,0,0,0,0,0,0,0,0,0,0,0,0,0,0,0,0,0,0,0,0,0,0,0,0,0,0,0,0,0,0,0,0,0,0,0,0,0,0,0,0,0,0,0,0,0,0,0,0,0,0,0,0,0,0,0,0.008,0.306,0,0,0,0,0,0,0,0,0,0,0,0
"uncl_Serendipitaceae","Serendipitaceae","Sebacinales","Agaricomycetes","Basidiomycota","Fungi",0.134,0,0,0.3,0.018,0,0.046,0.002,0.247,0,0.013,0.326,0.19,0,0.005,0.41,0.006,0.138,0.007,0.017,0.008,0,0.005,0.105,0.04,0.063,1.872,0.038,0,0.012,0,0.033,0.209,0,0,0.001,0.042,0.012,0.774,0.005,0.742,0,0,0.443,0,0,0,0,0.015,0,0,1.042,0,0.018,0.138,0.002,0.012,0,0.02,0.002,0.003,0,0.008,0,0.005,0.032,0.025,0,0,0,0.002,0.014,0.003,0.15,0.079,0,0,0.409,0.048,0,0,0.097,0.066,0.006,0.121,3.123,0.622,0,0.07,0,0.02,0,0.02,0,0,0,0,0,0.033,0.028,0.373
"Thyrostroma","Botryosphaeriaceae","Botryosphaeriales","Dothideomycetes","Ascomycota","Fungi",0.007,0,0,0,0,0,0,0,0.026,0.211,0,0,0,0,0,0,0,0,0,0,0,0,0,0,0,0,0,0,0,0,0,0,0,0,0.44,0,0,0,0,0,0,0,0,0,0,0,0,0,0,0,0,0,0,0,0,0,0,0,0,0,0,0,0,0,0,0,0,0,0,0,0,0,0,0,0,0,0,0,0,0,0,0,0,0,0,0,0,0,0,0,0,0,0,0,0,0,0,0,0,0,0
"uncl_Togniniaceae","Togniniaceae","Togniniales","Sordariomycetes","Ascomycota","Fungi",0.011,0,0,0.003,0,0,0,0,0.038,0,0,0,0,0,0,0,0,0,0,0,0,0,0,0.035,0.002,0,0,0.187,0,0,0,0,0,0,0,0,0,0,0,0,0,0,0,0,0,0,0,0,0,0,0,0,0,0,0,0,0,0,0,0,0,0,0,0,0,0,0,0,0,0,0,0,0,0,0,0,0,0,0.157,0.006,0,0,0,0,0,0,0,0.027,0.321,0,0,0,0,0,0,0,0,0,0,0,0
"uncl_Patellariaceae","Patellariaceae","Patellariales","Dothideomycetes","Ascomycota","Fungi",0.003,0,0,0,0,0,0,0,0.011,0.09,0,0,0,0,0,0,0,0,0,0,0,0,0,0,0,0,0,0,0,0,0,0,0,0,0.188,0,0,0,0,0,0,0,0,0,0,0,0,0,0,0,0,0,0,0,0,0,0,0,0,0,0,0,0,0,0,0,0,0,0,0,0,0,0,0,0,0,0,0,0,0,0,0,0,0,0,0,0,0,0,0,0,0,0,0,0,0,0,0,0,0,0
"Ascobolus","Ascobolaceae","Pezizales","Pezizomycetes","Ascomycota","Fungi",0.026,0.332,0.002,0,0,0.116,0.004,0.043,0.001,0,0,0.001,0.001,0.001,0,0.002,0.024,0,0,0,0,0,0,0,0,0.113,0.003,0,0,0,0.232,0,0,0,0,0,0,0,0,0.002,0.001,0.001,0.006,0,0,0.002,0,0,0,0,0.003,0.002,0.001,0.066,0,0,0,0,0,0,0,0,0,0,0,0,0,0,0,0,0,0,0,0,0,0.001,0,0,0,0,0,0,0,0.314,0.005,0.001,0.006,0,0,0,0,0,0,0,0.001,0.613,0,0.003,0,0,0.001
"Bullera","Bulleraceae","Tremellales","Tremellomycetes","Basidiomycota","Fungi",0,0,0,0,0,0,0,0,0,0,0,0,0,0,0,0,0,0,0,0,0,0,0,0,0.001,0,0,0,0,0,0,0,0,0,0,0,0,0,0,0,0,0,0,0,0,0,0,0,0,0,0,0,0,0,0,0,0,0,0,0,0,0,0,0,0,0,0,0,0,0,0,0,0,0,0,0,0,0,0,0.001,0.006,0,0,0,0.001,0,0,0,0,0,0,0,0,0,0,0,0,0,0,0,0
"Hormonema","Dothioraceae","Dothideales","Dothideomycetes","Ascomycota","Fungi",0,0,0,0,0,0,0,0,0,0,0,0,0,0,0.001,0,0,0,0,0,0,0,0,0,0,0,0,0,0,0,0,0,0,0,0,0,0,0,0,0,0,0,0,0,0,0,0,0,0.002,0,0,0,0,0,0,0,0,0,0,0,0,0,0,0,0,0,0,0,0,0,0,0,0,0,0,0,0,0,0,0,0,0,0,0,0,0,0,0,0,0,0,0,0,0,0,0,0,0,0,0,0
"Spizellomyces","Spizellomycetaceae","Spizellomycetales","Spizellomycetes","Chytridiomycota","Fungi",0.003,0.031,0.001,0,0,0.017,0.001,0.001,0,0,0.023,0.001,0.001,0.001,0.009,0.002,0.001,0,0.002,0,0,0.001,0,0,0.001,0.001,0,0,0,0,0.022,0,0,0.001,0,0.032,0,0,0,0.002,0,0.003,0,0,0,0.002,0.019,0.003,0,0.004,0.002,0.002,0,0.002,0,0.002,0.001,0,0,0,0,0,0,0,0,0,0,0,0.001,0,0,0,0,0,0,0,0,0,0,0,0,0.002,0,0.002,0,0.001,0,0.001,0,0,0,0,0,0.1,0.026,0.002,0,0.001,0,0,0
"Cristinia","Stephanosporaceae","Agaricales","Agaricomycetes","Basidiomycota","Fungi",0.068,0,0,0,0,0.209,0.001,0.249,0,0,0.008,0.503,0,0,0.019,0,1.271,0.007,0,0,0,0,0.002,0,0,0.065,0,0,0,0,0,0,0,0,0,0.011,0,0,0,1.676,0,0,0,0,0,0,0.045,0,0,0,0,0,1.95,0.025,0.007,0,0,0,0,0,0,0,0,0,0,0,0,0,0,0,0.006,0,0,0,0,0,0,0,0,0,0,0,0.001,0.183,0,0,0,0,0,0,0,0,0,0,0,0,0,0,0,0,0
"uncl_Saccharomycetes","uncl_Saccharomycetes","uncl_Saccharomycetes","Saccharomycetes","Ascomycota","Fungi",0.002,0,0,0.004,0,0,0.001,0,0.006,0,0.001,0.003,0,0,0,0,0,0.018,0,0,0.004,0.005,0.002,0,0.001,0.001,0.035,0,0,0,0,0.013,0,0,0,0.001,0,0.009,0,0,0.002,0,0,0,0,0,0,0,0,0,0,0,0,0,0.018,0,0,0,0,0.031,0,0,0,0,0.001,0.005,0,0.017,0,0,0,0.008,0,0,0,0,0,0.001,0,0.001,0,0.002,0,0.001,0.001,0,0.07,0,0.001,0,0,0,0,0,0,0,0,0,0.013,0,0.001
"Westerdykella","Sporormiaceae","Pleosporales","Dothideomycetes","Ascomycota","Fungi",0.001,0.001,0,0,0,0.005,0.001,0.001,0,0,0.01,0.001,0,0,0.012,0.001,0.006,0,0.002,0,0,0,0.002,0,0,0.001,0,0,0,0,0,0,0,0,0,0.014,0,0,0.001,0.003,0,0,0,0,0,0,0.023,0.01,0,0,0,0.002,0.004,0.008,0,0.002,0.002,0,0,0,0,0,0,0,0,0,0,0,0,0.001,0.005,0,0,0,0,0,0,0,0,0,0,0,0.002,0.001,0,0,0,0,0,0,0,0,0,0.001,0,0,0,0,0,0,0
"uncl_Tricholomataceae","Tricholomataceae","Agaricales","Agaricomycetes","Basidiomycota","Fungi",0.229,0,0.001,0.041,0.002,0,0.003,0.741,0.42,0,0.001,0,0,0,0.001,0.004,0,0.904,0.001,0,0.001,0.001,2.042,0.019,0,1.838,0.002,0.539,0,0,0,0.527,0,0,0.001,0.001,0,0,0,0,0.002,0,0,0.001,0,0,0,0,0.002,0.022,0,0,0,0,0.904,0.001,0.001,0,0,0,0.002,0,0,0,0.001,0.001,0,0,0.001,0,5.444,0,0,0,0,0.03,0.123,0,0.004,0,0,0,0.398,0,5.282,0.005,0,0.037,0.958,0,0,0,0,0,0,0,0,0.002,0.527,0,0.001
"uncl_Powellomycetaceae","Powellomycetaceae","Spizellomycetales","Spizellomycetes","Chytridiomycota","Fungi",0,0,0,0,0,0,0,0,0,0,0,0,0,0,0,0,0,0,0,0,0,0,0,0,0,0,0,0,0,0,0,0,0,0,0,0,0,0,0,0.001,0,0,0,0,0,0,0,0,0,0,0,0,0,0,0,0,0,0,0,0,0,0,0,0,0,0,0,0,0,0,0,0,0,0,0,0,0.001,0,0,0,0,0,0.001,0,0,0,0,0,0,0,0,0,0,0,0,0,0,0,0,0,0
"uncl_Eurotiales","uncl_Eurotiales","Eurotiales","Eurotiomycetes","Ascomycota","Fungi",0.021,0.232,0.03,0.006,0,0.093,0.007,0,0.014,0.001,0.053,0.001,0.009,0.02,0.002,0,0.009,0.014,0.002,0.001,0,0,0.001,0.001,0,0,0,0.134,0,0,0.171,0,0,0,0.002,0.076,0,0,0,0.002,0,0.017,0.014,0,0.013,0.036,0,0.008,0,0,0,0,0.001,0.025,0.014,0.002,0.002,0,0.001,0.001,0,0,0,0,0,0,0,0,0,0,0.001,0.003,0,0,0,0,0,0,0.004,0,0,0,0,0,0,0,0.001,0.069,0.189,0,0,0,0,0.036,0.392,0.256,0,0.036,0,0,0
"Sclerostagonospora","Phaeosphaeriaceae","Pleosporales","Dothideomycetes","Ascomycota","Fungi",0.001,0,0.001,0,0,0.006,0,0,0.001,0,0.004,0.002,0,0,0,0.001,0.035,0,0,0,0,0,0,0,0,0.002,0,0,0,0,0,0,0,0,0,0.006,0,0,0.006,0.003,0.001,0,0,0,0,0,0.001,0,0,0,0,0.003,0.054,0,0,0,0,0,0,0,0,0,0,0,0,0,0,0,0,0,0,0,0,0,0,0,0,0,0,0,0,0,0,0,0.007,0,0,0,0,0,0,0,0,0,0,0,0.007,0,0,0,0
"Allocanariomyces","Chaetomiaceae","Sordariales","Sordariomycetes","Ascomycota","Fungi",0,0,0,0,0,0,0,0,0,0,0.002,0,0,0,0,0,0,0,0,0,0,0,0,0,0,0,0,0,0,0,0,0,0,0,0,0.002,0,0,0,0,0,0,0,0,0,0,0,0,0,0,0,0,0,0,0,0,0,0,0,0,0,0,0,0,0,0,0,0,0,0,0,0,0,0,0,0,0,0,0,0,0,0,0,0,0,0,0,0,0,0,0,0,0,0,0,0,0,0,0,0,0
"Orientoglomus","Glomeraceae","Glomerales","Glomeromycetes","Glomeromycota","Fungi",0,0,0,0,0,0,0,0,0,0,0.001,0,0,0,0,0,0,0,0,0,0,0,0,0,0,0,0,0,0,0,0,0,0,0,0,0.002,0,0,0,0,0,0,0,0,0,0,0.001,0,0,0,0,0,0,0,0,0,0,0,0,0,0,0,0,0,0,0,0,0,0,0,0,0,0,0,0,0,0,0,0,0,0,0,0,0,0,0,0,0,0,0,0,0,0,0,0,0,0,0,0,0,0
"Daldinia","Hypoxylaceae","Xylariales","Sordariomycetes","Ascomycota","Fungi",0.049,0,0,0.055,0,0.176,0.03,0.035,0,0,1.099,0,0,0,0.14,0,0,0,0,0,0,0,0.099,0,0,0,0,0.294,0,0,0,0,0,0,0,1.557,0,0,0,0,0,0,0,0,0,0,0,0.654,0,0,0,0,0,0,0,0,0,0,0,0,0,0,0,0,0,0,0,0,0,0.001,0.263,0,0,0,0,0,0,0,0,0,0,0,0,0,0.001,0,0,0.647,0,0,0,0,0,0,0,0,0,0,0,0,0
"uncl_Libertasomycetaceae","Libertasomycetaceae","Pleosporales","Dothideomycetes","Ascomycota","Fungi",0,0,0,0,0,0,0,0,0,0,0.002,0,0,0,0,0,0,0,0,0,0,0,0,0,0,0,0,0,0,0,0,0,0,0,0,0.003,0,0,0,0,0,0,0,0,0,0,0,0,0,0,0,0,0,0,0,0,0,0,0,0,0,0,0,0,0,0,0,0,0,0,0,0,0,0,0,0,0,0,0,0,0,0,0,0,0,0,0,0,0,0,0,0,0,0,0,0,0,0,0,0,0
"Phaeosphaeria","Phaeosphaeriaceae","Pleosporales","Dothideomycetes","Ascomycota","Fungi",0.31,0.001,0,0.328,0.281,0,0.001,0.208,0.747,0,0.001,0.145,0,0,0.83,0.408,0,0.006,0,3.42,0.222,0.222,0,1.222,0,0.065,0.003,0.012,0,0.008,0,0,0,0,0,0.002,0,0.002,0,0.33,0.18,0,0,0,0,0,0.001,0,2.322,0,0.953,0,0,0,0.006,0,0,0,3.909,0.246,0.35,0,0.002,0,0,0,2.669,0,0.303,0,0,0,0.456,1.534,0.004,0.001,0.001,4.525,0.911,0,0,0,0.001,0,0.199,0.003,0.004,0.001,0.021,0,0,0.02,0,0.001,0,0,0,0,0,0,0.001
"uncl_Auriculariaceae","Auriculariaceae","Auriculariales","Agaricomycetes","Basidiomycota","Fungi",0.484,0,0,0.541,0.312,0,0.151,1.144,0.66,0,0.001,0.128,0.049,0.001,0.125,0.922,0,0,0,0,1.11,0,0.378,0.646,3.305,0.381,0.05,0,0,0,0,0,0,0,0,0.001,0,0.006,0.003,0.012,0.487,0,0,0.115,0,0.004,0,0,0.351,0,2.152,0,0,0,0,0,0.001,0,0,0.644,0.377,0,0.317,3.014,0.734,3.905,0.069,0,0,0,1.008,0,0.951,0.013,0.051,1.452,2.493,0.283,0.083,3.777,0.022,4.201,0.031,0,1.148,0.002,0.099,0,0.001,0,0,0,0,0,0,0,0,0,0,0,0
"uncl_Elsinoaceae","Elsinoaceae","Myriangiales","Dothideomycetes","Ascomycota","Fungi",0,0,0,0,0,0,0,0,0,0,0.001,0,0,0,0,0,0,0,0,0,0,0,0,0,0,0,0,0,0,0,0,0,0,0,0,0.001,0,0,0,0,0,0,0,0,0,0,0,0,0,0,0,0,0,0,0,0,0,0,0,0,0,0.002,0,0,0,0,0,0,0,0,0,0,0,0,0,0,0,0,0,0,0,0,0,0,0,0,0,0,0,0,0,0,0,0,0,0,0,0,0,0,0
"Teichospora","Teichosporaceae","Pleosporales","Dothideomycetes","Ascomycota","Fungi",0,0,0,0,0,0.001,0,0,0,0.001,0.004,0,0,0,0,0,0,0,0,0,0,0,0,0,0.001,0,0,0,0,0,0,0,0,0.001,0.002,0.006,0,0,0,0,0,0,0,0,0,0,0,0,0,0,0,0,0,0,0,0,0,0,0,0,0,0,0,0,0,0,0.002,0,0,0,0,0,0,0,0,0,0,0,0,0.002,0,0,0,0,0.001,0,0,0,0,0,0,0,0,0,0,0,0,0,0,0,0
"uncl_Mucorales","uncl_Mucorales","Mucorales","Mucoromycetes","Mucoromycota","Fungi",0.001,0,0,0.002,0.001,0.001,0.001,0,0.001,0,0.003,0,0,0.001,0,0.001,0,0,0,0,0.005,0,0.003,0,0,0,0,0,0,0,0,0,0,0,0,0.004,0,0,0,0,0,0,0,0,0,0.002,0,0,0,0,0,0.003,0,0,0,0,0,0,0,0.02,0.001,0,0.006,0,0,0.005,0.002,0,0,0.008,0,0,0,0,0,0,0,0,0,0,0,0,0,0,0,0,0,0,0,0,0,0,0,0,0.001,0,0,0,0,0,0
"uncl_Saccotheciaceae","Saccotheciaceae","Dothideales","Dothideomycetes","Ascomycota","Fungi",0.009,0,0,0.014,0.005,0.012,0.006,0.001,0.012,0,0.004,0,0.008,0.004,0.035,0.004,0.001,0,0.031,0.1,0.019,0.001,0,0.016,0.001,0,0,0.001,0,0,0,0,0,0,0,0,0.014,0,0,0,0,0,0,0.018,0.006,0,0.068,0,0.016,0.006,0.005,0.002,0.002,0,0,0.03,0.033,0,0.114,0.097,0.006,0.002,0.001,0.001,0,0.049,0.015,0.002,0,0,0,0,0.004,0.032,0,0.036,0,0.005,0.017,0.002,0,0,0,0,0.001,0,0,0,0.002,0,0,0,0,0,0,0,0,0,0,0,0
"uncl_Tubeufiaceae","Tubeufiaceae","Tubeufiales","Dothideomycetes","Ascomycota","Fungi",0.055,0,0,0.266,0.003,0,0,0.023,0.013,0,0.002,0.014,0,0,0.016,0,0,0.011,0,0.014,0.001,0,0,0.368,0,0.004,0.065,0,0,0.012,0,0.112,0.001,0,0,0.002,0,0.028,0,0,0.025,0,0,0,0,0,0,0,0.043,0,0,0,0,0,0.011,0,0,0,0.016,0,0.003,0,0,0,0,0,0,0,0,0,0.001,0,0.001,1.54,0,0.002,0.173,0,0.002,0,0,0,0.002,0.009,0,0.021,0.109,0,0.001,0,0.059,0,0,0,0,0,0,0,0.112,0.002,0
"uncl_Bolbitiaceae","Bolbitiaceae","Agaricales","Agaricomycetes","Basidiomycota","Fungi",0.17,0.295,0.095,0.006,0.001,0.698,0.152,0.05,0.067,0,0.996,0.095,1.811,0,0.012,0.005,0.997,0,0.002,0.001,0.013,0,0.001,0.007,0,0,0.003,0.001,0.127,0,0.235,2.425,0,0,0,1.41,0,0.001,0,0.316,0.001,4.156,0,0.416,0,0,0.027,0,0,0.022,0.003,0,0.001,2.824,0,0.002,0.001,0,0.001,0.049,0.001,0,0,0.065,0,0.004,0,0,0,0,0,0.004,0.017,0,0,0.041,0.001,0,0,0,0,0,0,0,0,0,0.006,0,0.002,0.127,0,0,0,0.701,0.568,0.004,0,0.116,2.425,0,0
"Eutiarosporella","Botryosphaeriaceae","Botryosphaeriales","Dothideomycetes","Ascomycota","Fungi",0,0,0,0,0,0,0.002,0,0,0,0.001,0,0,0,0.001,0,0,0.004,0,0,0.002,0,0,0,0,0,0,0,0,0,0,0,0,0,0,0.001,0,0,0,0.002,0,0,0,0,0,0,0.002,0.002,0,0,0,0.001,0,0,0.004,0,0.001,0,0,0,0,0,0.009,0,0,0,0,0,0,0,0.001,0,0,0,0,0,0,0,0,0,0,0,0,0,0,0,0,0,0,0,0,0,0,0,0,0,0,0,0,0,0
"uncl_Hymenochaetales","uncl_Hymenochaetales","Hymenochaetales","Agaricomycetes","Basidiomycota","Fungi",0.167,0,0,0.379,0.005,0,0.117,0.251,0.144,0,0.001,0,0,0,0,0,0,0.001,0,0.421,0.402,1.769,0,0.479,0,0,0,0,0.015,0,0,0,0,0,0,0.002,0,0.002,0,0,0,0,0,0.001,0,0,0,0,0,0,0,0,0,0,0.001,0.001,0,3.104,0.038,0.951,0.006,0,0.084,0,0.011,2.248,0.121,1.181,1.983,0,0.001,0,0.001,1.759,0,0.63,0.058,0.002,0.057,0,0,0,0,0,0,0,0,0,0,0.015,0,0,0,0,0.001,0,0,0,0,0,0
"uncl_Sphaerobolaceae","Sphaerobolaceae","Geastrales","Agaricomycetes","Basidiomycota","Fungi",0.014,0,0.002,0,0,0,0.069,0,0,0,0.001,0,0,0,0,0,0,0,0,0,0.098,0,0.001,0,0,0,0,0,0,0,0.001,0,0,0,0,0.001,0,0,0,0,0,0,0,0,0,0,0,0,0,0,0,0,0,0,0,0,0,0,0,0,0,1.48,0,0,0,0,0,0,0,0,0,0.003,0,0,0,0,0,0,0,0,0,0,0,0,0,0,0,0,0,0,0,0,0,0,0,0,0.003,0.002,0,0,0
"uncl_Corticiaceae","Corticiaceae","Corticiales","Agaricomycetes","Basidiomycota","Fungi",0.066,0.003,0,0.005,0.002,0.001,0,0,0.228,0,0.001,0,1.509,0,0,0,0,0,0,0,0,0,0,0,0,0,0.032,0,0,0,0.002,0,0,0,0,0.001,0,0,0,0,0,0,0,3.52,0,0,0,0,0,0.002,0,0,0,0,0,0,0,0,0,0,0.002,0,0,0,0,0,0,0,0,0,0,0.001,0,0,0,0,0,0,0,0,0,0,0,0,0,0.063,0.001,0,0,0,0,0,0,0.012,0,0,0,0,0,0,0
"Eocronartium","Eocronartiaceae","Platygloeales","Pucciniomycetes","Basidiomycota","Fungi",0,0,0,0,0,0.002,0,0,0,0,0.013,0,0,0,0,0,0,0,0,0,0,0,0,0,0,0,0,0,0,0,0,0,0,0,0,0.018,0,0,0,0,0,0,0,0,0,0,0,0,0,0,0,0,0,0,0,0,0,0,0,0,0,0,0,0,0,0,0,0,0,0,0,0,0,0,0,0,0,0,0,0,0,0,0,0,0,0,0,0,0,0,0,0,0,0,0,0,0,0,0,0,0
"Bifiguratus","Mucoromycotina_fam_Incertae_sedis","Mucoromycotina_ord_Incertae_sedis","Mucoromycotina_cls_Incertae_sedis","Mucoromycota","Fungi",0,0,0,0.001,0,0,0,0,0.001,0,0,0,0,0,0,0,0,0.01,0,0,0,0,0,0,0,0.001,0,0.007,0,0,0,0,0,0,0,0,0,0,0,0,0,0,0,0,0,0,0,0,0.001,0,0,0,0,0,0.01,0,0,0,0,0.001,0,0,0,0,0,0,0,0,0,0,0,0,0,0,0,0,0,0,0,0,0,0.001,0.002,0,0,0,0,0.006,0.007,0,0,0,0,0,0,0,0,0,0,0,0
"Melampsora","Melampsoraceae","Pucciniales","Pucciniomycetes","Basidiomycota","Fungi",0,0,0,0,0,0,0,0,0,0,0,0,0,0,0,0,0.003,0,0,0,0,0,0,0,0,0,0,0,0,0,0,0,0,0,0,0,0,0,0,0,0,0,0,0,0,0,0,0,0,0,0,0,0.004,0,0,0,0,0,0,0,0,0,0,0,0,0,0,0,0,0,0,0,0,0,0,0,0,0,0,0,0,0,0,0,0,0,0,0,0,0,0,0,0,0,0,0,0,0,0,0,0
"Lecanicillium","Cordycipitaceae","Hypocreales","Sordariomycetes","Ascomycota","Fungi",0,0,0.001,0,0,0,0,0,0,0,0,0,0,0,0,0,0.001,0,0,0,0,0,0,0,0,0,0,0,0,0,0,0,0,0,0,0,0,0,0,0,0,0,0,0,0,0,0,0,0,0,0,0.001,0,0.003,0,0,0,0,0,0,0,0,0,0,0,0,0,0,0,0,0,0,0,0,0,0,0,0,0,0.001,0,0,0,0,0,0,0,0,0,0,0,0,0,0,0,0,0,0.001,0,0,0
"Apiotrichum","Trichosporonaceae","Trichosporonales","Tremellomycetes","Basidiomycota","Fungi",0,0,0,0,0,0,0,0,0,0,0.001,0,0,0,0,0,0,0,0,0,0,0,0,0,0,0,0,0,0,0,0,0,0,0,0,0.002,0,0,0,0,0,0,0,0,0,0,0,0,0,0,0,0,0,0,0,0,0,0,0,0,0,0,0,0,0,0,0,0,0,0,0,0,0,0,0,0,0,0,0,0,0,0,0,0,0,0,0,0,0,0,0,0,0,0,0,0,0,0,0,0,0
"Bisifusarium","Nectriaceae","Hypocreales","Sordariomycetes","Ascomycota","Fungi",0.001,0,0,0.001,0,0,0.001,0,0.002,0,0.001,0,0,0,0,0,0.007,0,0,0,0,0,0.01,0,0,0.002,0,0,0,0,0,0,0,0,0,0.001,0,0,0,0,0,0,0,0,0,0,0,0,0,0,0,0,0,0.02,0,0,0.001,0,0,0,0,0,0,0,0,0,0,0,0,0,0,0.034,0,0,0,0,0.001,0,0,0,0,0,0.006,0,0.001,0,0,0,0,0,0,0,0,0,0,0,0,0,0,0,0
"Phoma","Didymellaceae","Pleosporales","Dothideomycetes","Ascomycota","Fungi",0.092,0,0,0,0,0.041,0.102,0.468,0.003,0,0.247,0,0,0.001,0.004,1.059,0.78,0,0,0,0,0,0,0,0,0.38,0,0,0,0,0,0,0,0,0,0.35,0,0,0,0,0,0,0,0,0.001,0,0.009,0,0,0,2.433,0.043,0,2.211,0,0,0,0,0,0,0,0,0,0,0,0,0,0,0,0,0,0,0,0,0,0,0,0,0,0,0,0,0,1.075,0.001,0,0,0,0,0,0,0,0,0,0,0,0,0,0,0,0
"Dothiorella","Botryosphaeriaceae","Botryosphaeriales","Dothideomycetes","Ascomycota","Fungi",0,0,0,0,0,0,0,0,0,0,0.001,0,0,0,0,0,0,0,0,0,0,0,0,0,0,0.002,0,0,0,0,0,0,0,0,0,0.001,0,0,0,0,0,0,0,0,0,0,0,0,0,0,0,0,0,0,0,0,0,0,0,0,0,0,0,0,0,0,0,0,0,0,0,0,0,0,0,0,0,0,0,0,0,0,0,0,0.005,0,0,0,0,0,0,0,0,0,0,0,0,0,0,0,0
"uncl_Didymellaceae","Didymellaceae","Pleosporales","Dothideomycetes","Ascomycota","Fungi",0,0,0,0,0,0,0,0.001,0,0,0.001,0,0,0,0,0.002,0.001,0,0,0,0,0,0,0,0,0.001,0,0,0.003,0,0,0,0,0,0,0.001,0,0,0,0,0,0,0,0,0,0,0,0,0,0,0.004,0,0,0.003,0,0,0,0,0,0,0,0,0,0,0,0,0,0,0,0,0,0,0.001,0,0,0,0.001,0,0,0,0,0,0,0.002,0,0,0,0,0,0.003,0,0,0,0,0,0,0,0,0,0,0
"Metacordyceps","Clavicipitaceae","Hypocreales","Sordariomycetes","Ascomycota","Fungi",0.003,0,0,0.008,0,0,0.001,0.001,0.005,0,0.001,0.004,0,0,0,0,0,0,0,0,0,0,0.004,0.01,0.005,0.001,0.022,0.011,0,0.006,0,0,0.001,0,0,0,0.002,0,0,0,0.016,0,0,0,0,0,0,0,0,0,0,0.001,0,0,0,0,0,0,0,0.001,0,0,0,0,0,0.001,0,0,0,0.001,0.009,0,0.017,0.006,0,0.005,0.001,0.003,0.022,0.012,0,0,0,0,0.003,0.017,0.027,0.022,0.002,0,0,0.015,0,0,0,0,0,0,0,0.003,0
"uncl_Coniochaetales","uncl_Coniochaetales","Coniochaetales","Sordariomycetes","Ascomycota","Fungi",0.006,0,0,0.004,0.009,0,0.013,0.009,0.004,0.001,0.002,0,0,0,0,0,0,0,0,0.004,0.016,0,0.001,0.025,0,0.002,0,0,0,0,0,0.033,0,0.002,0,0,0.006,0,0,0,0,0,0,0,0,0,0,0,0,0,0,0,0,0,0,0,0,0.03,0,0,0.001,0.003,0.068,0,0,0,0,0,0,0,0.001,0.001,0.016,0.012,0.042,0.023,0.068,0.015,0.02,0,0,0,0.001,0.006,0,0,0,0,0,0,0,0,0,0,0,0,0,0,0.033,0,0.001
"uncl_Magnaporthales","uncl_Magnaporthales","Magnaporthales","Sordariomycetes","Ascomycota","Fungi",0.149,0.184,0.12,0.029,0.088,0.081,0.367,0.242,0.074,0.002,0.128,0.312,0.004,0.032,0.007,1.402,0.015,0.003,0.071,0.098,0.209,0.005,0.337,0.006,0,0.007,0.006,0.008,0.005,0,0.165,0,0.017,0.002,0.001,0.001,0.433,0.276,0.001,0,0.944,0.002,0.014,0.002,0,0.103,0.016,0.002,0.001,7.098,0.019,0.323,0.023,0,0.003,0.108,0.027,0.781,0,0,0.11,0.018,0.312,1.045,0,0,0.002,0,0.006,0,0.899,0,0.011,0,0,0.008,0.017,0.016,0,0,0,0,0.01,0.005,0.007,0.008,0.004,0.002,0.013,0.005,0,0,0,0.123,0.713,0,0.402,0.056,0,0.011,0.022
"uncl_Steccherinaceae","Steccherinaceae","Polyporales","Agaricomycetes","Basidiomycota","Fungi",0.007,0,0,0,0,0,0.033,0,0,0,0.256,0,0,0,0,0,0,0,0,0,0,0,0,0,0,0,0,0,0,0,0,0,0,0,0,0,0.87,0,0,0,0,0,0,0,0,0,0,0,0,0,0,0,0,0,0,0,0,0,0,0,0,0,0,0,0,0,0,0,0,0,0,0,0,0,0,0,0,0,0,0,0,0,0,0,0,0,0,0,0,0,0,0,0,0,0,0,0,0,0,0,0
"uncl_Chaetothyriales","uncl_Chaetothyriales","Chaetothyriales","Eurotiomycetes","Ascomycota","Fungi",1.228,0.265,0.015,1.512,0.668,0.552,0.963,1.727,1.454,0.563,0.258,0.719,0.099,3.908,0.573,1.144,0.044,0.675,0.155,1.694,2.108,0.38,1.265,1.902,0.02,1.082,3.957,3.46,0.158,1.694,0.189,0.129,0.078,1.005,0.08,0.076,0.694,0.552,0.099,0.297,1.843,0.027,0.356,0.057,4.141,3.397,0.022,0.201,1.458,1.038,0.222,2.199,0.068,0,0.675,0.078,0.246,0.643,1.844,0.371,0.596,4.078,1.281,7.707,1.462,2.121,2.768,0.771,0.238,1.238,1.026,1.618,3.378,0.821,0.957,2.233,3.482,2.157,1.164,0.006,0.067,0.015,0.363,0.359,2.588,5.009,2.904,4.242,2.808,0.158,0.247,2.956,1.157,0.421,0.054,0.279,0.026,0.012,0.129,0.126,0.035
"Nidulariopsis","Geastraceae","Geastrales","Agaricomycetes","Basidiomycota","Fungi",0.06,0,2.453,0,0,0,0.303,0,0.001,0,0.004,0,0,0,0,0.005,0,0,0,0.012,0,0,0,0,0,0,0,0,0,0,0.74,0,0,0,0,0,0.014,0,0,0,0,0,0,0,0,0,0,0,0,0,0,0.013,0,0,0,0,0,0.099,0,0,0,0,0,0,0,0,0,0,0,0,0,0,0,0,0,0,0,0,0,0,0,0,0,0,0,0,0,0.001,0,0,0,0,0,0,0,0,13.082,0,0,0,0
"Pyrenochaeta","Cucurbitariaceae","Pleosporales","Dothideomycetes","Ascomycota","Fungi",0.005,0,0,0.006,0.006,0,0.005,0.006,0.005,0,0.001,0,0.002,0.001,0,0,0.008,0.008,0,0,0.006,0.014,0.001,0.02,0.001,0.001,0,0,0.002,0.002,0,0.003,0,0,0,0,0.004,0,0,0,0,0,0,0.004,0.001,0,0,0,0,0,0,0,0,0.023,0.008,0,0,0,0,0.01,0.005,0.008,0,0.008,0.015,0.001,0.02,0.044,0.004,0,0.002,0,0.013,0.021,0.008,0.022,0.02,0.008,0.031,0,0.006,0.001,0.003,0.001,0.001,0,0,0,0,0.002,0,0.005,0,0,0,0,0,0,0.003,0,0
"Conlarium","Conlariaceae","Atractosporales","Sordariomycetes","Ascomycota","Fungi",0.024,0,0,0.001,0,0.022,0.093,0.001,0.008,0,0.001,0,0,0.208,0.005,0.394,0.001,0,0,0.001,0.001,0,0.032,0.001,0,0,0.011,0.002,0,0,0,0,0,0,0,0,0.002,0,0,0,0,0,0,0,0.215,0.194,0,0,0.014,2.204,0,0,0.001,0,0,0,0,0.01,0,0,0,0,0.001,0.001,0,0,0.007,0,0,0.001,0,0.113,0,0.001,0,0.001,0.006,0,0,0,0,0,0,0.001,0,0,0.023,0.003,0.002,0,0,0,0,0,0,0,0,0,0,0,0
"uncl_Rhizopogonaceae","Rhizopogonaceae","Boletales","Agaricomycetes","Basidiomycota","Fungi",0.036,0,0,0,0,0,0.182,0,0.001,0,1.392,0,0,0,0.005,0,0,0,0,0,0,0,0,0,0,0,0,0.001,0,0,0,0,0,0,0,0,4.733,0,0,0,0,0,0,0,0,0,0,0,0.015,0,0,0,0,0,0,0,0,0,0,0,0,0,0,0,0,0,0,0,0,0,0,0,0,0,0,0,0,0,0,0,0,0,0,0,0,0,0,0.002,0,0,0,0,0,0.001,0,0,0,0,0,0,0
"uncl_Chytridiomycota","uncl_Chytridiomycota","uncl_Chytridiomycota","uncl_Chytridiomycota","Chytridiomycota","Fungi",0.012,0,0.003,0.002,0.03,0,0.046,0.003,0.004,0.004,0,0.001,0,0.001,0.001,0.072,0.001,0.024,0,0,0.056,0,0,0.003,0,0.002,0,0,0.002,0,0.001,0.003,0.009,0,0.009,0,0,0.001,0,0.001,0.001,0.001,0,0,0.001,0,0.002,0,0,0.372,0,0.015,0,0.003,0.024,0,0,0,0,0,0.038,0.115,0.17,0.019,0.001,0,0.002,0,0,0.001,0,0,0.006,0.002,0,0,0.006,0,0.004,0,0.002,0,0.003,0.002,0.002,0,0.001,0,0,0.002,0,0,0,0,0,0,0,0.004,0.003,0.005,0.013
"uncl_GS27_ord_Incertae_sedis","uncl_GS27_ord_Incertae_sedis","GS27_ord_Incertae_sedis","GS27","Basidiomycota","Fungi",0.006,0,0,0.012,0,0,0.002,0.001,0.011,0,0.007,0,0,0,0.007,0,0,0.01,0,0,0.007,0.003,0.001,0.009,0.002,0,0.073,0.003,0,0,0,0,0.019,0,0,0,0.024,0,0,0,0,0,0,0,0,0,0,0,0.019,0,0,0,0,0,0.01,0,0,0,0,0,0,0,0.004,0,0.001,0.046,0,0,0.004,0.001,0,0.001,0.004,0.004,0,0,0,0.016,0.025,0,0,0.004,0,0,0,0.091,0.055,0.001,0.004,0,0,0,0,0,0,0,0,0,0,0.041,0
"uncl_GS27","uncl_GS27","uncl_GS27","GS27","Basidiomycota","Fungi",0.001,0,0,0.002,0,0,0,0,0.001,0,0.001,0,0,0,0.001,0,0,0,0,0,0.001,0,0.001,0.001,0,0,0.004,0,0,0,0,0,0.006,0,0,0,0.002,0,0,0,0,0,0,0,0,0,0,0,0.002,0,0,0,0,0,0,0,0,0,0,0,0,0,0,0,0,0.005,0,0,0,0.002,0,0,0,0,0,0,0,0,0.003,0,0,0,0,0,0,0.004,0.004,0,0,0,0,0,0,0,0,0,0,0,0,0.012,0
"uncl_Bionectriaceae","Bionectriaceae","Hypocreales","Sordariomycetes","Ascomycota","Fungi",0.034,0,0,0.003,0.001,0,0.002,0.167,0.038,0,0.002,0.003,0,0,0.001,0.002,0,0.008,0.007,0,0.16,0,0.014,0.074,0,0.002,0.016,0,0,0,0,0.02,0.003,0,0,0,0.006,0,0,0.004,0.006,0,0,0,0,0,0.001,0,0.001,0,0.001,0.004,0,0,0.008,0,0.016,0,0,0.002,0.001,0,0,0,1.45,0.001,0,0,0,0,0.037,0,0,0,0,0,0,0.001,0.329,0,0,0,0.004,0,0.002,0.03,0.003,0,0,0,0,0,0,0,0,0,0,0,0.02,0.001,0.005
"uncl_Entolomataceae","Entolomataceae","Agaricales","Agaricomycetes","Basidiomycota","Fungi",0.001,0,0,0.001,0.008,0,0.002,0.001,0.001,0,0.013,0,0,0,0,0,0,0,0,0.006,0.003,0,0.002,0,0,0,0,0.001,0.002,0,0,0,0.007,0,0,0,0.043,0,0,0,0,0,0,0,0,0,0,0,0,0,0,0.001,0,0,0,0,0,0,0.007,0,0.009,0.002,0.002,0,0.003,0.002,0,0,0,0,0.007,0,0,0,0.002,0,0,0,0,0,0,0,0,0,0,0,0,0,0.002,0.002,0,0,0,0,0,0,0,0,0,0.012,0.002
"uncl_Cyphellaceae","Cyphellaceae","Agaricales","Agaricomycetes","Basidiomycota","Fungi",0.016,0,0,0.021,0,0,0,0,0.042,0,0,0,0,0,0,0,0,0,0,0,0,0,0,0,0,0,0,0.465,0,0,0,0,0,0,0,0,0,0,0,0,0,0,0,0,0,0,0,0,0,0,0,0,0,0,0,0,0,0,0,0,0,0,0,0,0,0,0,0,0,0,0,0,0,0,0,0,0,0,0,0,0,0,0,0,0,0,0,0.247,0.647,0,0,0,0,0,0,0,0,0,0,0,0
"Rhizoglomus","Glomeraceae","Glomerales","Glomeromycetes","Glomeromycota","Fungi",0.01,0,0,0.004,0.002,0,0.011,0.041,0.005,0,0.008,0,0,0,0.001,0,0,0,0,0.001,0.029,0,0,0.036,0,0,0.025,0,0,0.02,0,0,0,0,0,0,0.028,0.001,0,0,0,0,0,0,0,0,0,0,0.004,0,0,0,0,0,0,0,0,0,0.001,0,0.001,0.031,0.044,0.134,0,0.006,0.035,0,0,0,0,0.001,0.024,0.011,0.006,0.014,0.211,0.006,0.005,0,0,0,0,0,0.001,0,0.049,0,0,0,0,0.049,0,0,0,0,0,0,0,0,0
"uncl_Pezizomycetes","uncl_Pezizomycetes","uncl_Pezizomycetes","Pezizomycetes","Ascomycota","Fungi",0.011,0.024,0.003,0.008,0.002,0.029,0.014,0.015,0.001,0,0.003,0.015,0.033,0,0.043,0.021,0.076,0,0.019,0,0.01,0.005,0.006,0,0.005,0.003,0,0,0.002,0,0.017,0,0,0,0.001,0,0.01,0.003,0.003,0.043,0.002,0.083,0.002,0,0,0,0.089,0.007,0.01,0,0.04,0.01,0,0.214,0,0.015,0.024,0,0,0.083,0.002,0,0,0.007,0,0,0,0,0.006,0,0.017,0,0.001,0,0,0,0,0.001,0,0.002,0.026,0.001,0.006,0.002,0,0,0,0,0,0.002,0,0,0,0.074,0.022,0.001,0.013,0.001,0,0,0
"Beauveria","Cordycipitaceae","Hypocreales","Sordariomycetes","Ascomycota","Fungi",0.001,0,0,0.003,0,0,0,0.001,0,0,0,0,0,0,0.001,0.004,0.001,0.004,0,0,0,0,0,0.003,0,0,0,0,0,0,0,0,0,0,0,0,0,0,0,0,0,0,0,0.001,0,0,0,0,0.002,0,0.009,0,0,0.002,0.004,0,0,0,0,0.003,0,0,0,0,0,0.001,0,0,0,0.001,0,0,0,0.013,0,0.001,0,0,0,0.001,0,0,0,0,0,0,0,0,0,0,0,0,0,0,0,0,0,0,0,0,0
"uncl_Glomeromycetes","uncl_Glomeromycetes","uncl_Glomeromycetes","Glomeromycetes","Glomeromycota","Fungi",0.127,0.241,0.104,0.081,0.026,0.179,0.144,0.183,0.102,0.024,0.315,0.231,0.113,0.022,0.091,0.442,0.09,0.006,0.124,0.085,0.128,0.13,0.046,0.165,0.062,0.014,0.024,0.019,0.076,0.045,0.2,0,0.019,0.03,0.016,0.428,0.045,0.046,0.561,0.133,0.32,0.123,0.346,0.007,0.019,0.03,0.053,0.18,0.085,0.223,0.312,0.682,0.139,0,0.006,0.1,0.153,0.03,0.093,0.226,0.029,0.293,0.079,0.345,0.068,0.096,0.064,0.205,0.102,0.014,0.052,0.078,0.331,0.018,0.016,0.228,0.459,0.144,0.072,0.119,0.016,0.025,0.017,0.016,0.009,0.03,0.019,0.027,0.012,0.076,0,0.069,0.044,0.269,0.204,0.243,0,0.128,0,0.012,0.026
"uncl_Phaeococcomycetaceae","Phaeococcomycetaceae","Lichenostigmatales","Arthoniomycetes","Ascomycota","Fungi",0,0,0,0,0.001,0,0,0,0,0,0,0,0,0,0.001,0,0,0,0,0,0,0,0,0,0,0,0,0,0,0,0,0,0,0,0,0,0,0,0,0,0,0,0,0,0,0,0.002,0,0,0,0,0,0,0,0,0,0,0,0,0,0.001,0,0,0,0,0,0,0,0,0,0,0,0,0,0,0,0,0,0,0,0,0,0,0,0,0,0,0,0,0,0,0,0,0,0,0,0,0,0,0,0
"Podospora","Podosporaceae","Sordariales","Sordariomycetes","Ascomycota","Fungi",0.061,0.001,0.002,0.016,0.783,0,0.035,0.137,0.009,0,0,0.069,0,0.008,0.002,0.119,0.002,0.035,0,0,0.278,0,0.15,0.021,0,0.02,0,0,0.143,0,0.001,0,0,0,0,0,0,0.043,0,0.189,0.001,0,0,0,0.001,0.024,0,0,0.007,0.002,0.276,0,0.001,0.003,0.035,0,0,0,0,0.004,0.974,0,0.175,0.037,0.17,0.008,0.03,0,0,0,0.317,0.11,0.068,0.001,0.016,0.004,0.069,0.002,0.006,0,0,0,0.052,0.007,0.004,0.001,0,0,0,0.143,0,0,0,0.002,0,0,0.013,0,0,0,0
"Xenasmatella","Xenasmataceae","Agaricomycetes_ord_Incertae_sedis","Agaricomycetes","Basidiomycota","Fungi",0,0,0,0,0,0,0,0,0,0,0,0.001,0.001,0,0,0,0,0,0,0,0,0,0,0,0,0,0,0.003,0,0,0,0,0,0,0,0,0,0.002,0,0,0.002,0,0,0.002,0,0,0,0,0,0,0,0,0,0,0,0,0,0,0,0,0,0,0,0,0,0,0,0,0,0,0,0,0,0,0,0,0,0,0,0,0,0,0,0,0,0,0,0.002,0.003,0,0,0,0,0,0,0,0,0,0,0,0
"uncl_Herpotrichiellaceae","Herpotrichiellaceae","Chaetothyriales","Eurotiomycetes","Ascomycota","Fungi",0.415,0.041,0.007,0.642,0.11,0.074,0.177,0.351,0.705,0.003,0.012,0.836,0.416,0.003,0.101,0.093,0,2.163,0.284,1.999,0.54,0.001,0.156,0.601,0.236,0.34,0.213,0.714,0.002,0.526,0.031,4.066,0.977,0.004,0.002,0,0.042,0.926,0.003,0.452,1.782,0.002,0,0.968,0.002,0.006,0.001,0.002,0.282,0.338,0.005,0.078,0,0,2.163,0.519,0.003,0,2.285,0.088,0.109,0.834,0.622,1.725,0.194,0.492,1.003,0,0.001,0.094,0.326,0.004,1.093,0.921,0.117,0.107,0.26,0.325,0.682,0.004,0.034,0.552,0.238,0.009,0.803,0.347,0.079,0.985,0.489,0.002,0,1.132,0.183,0.124,0.02,0.013,0.003,0.008,4.066,1.611,0.401
"Tremella","Tremellaceae","Tremellales","Tremellomycetes","Basidiomycota","Fungi",0.004,0,0,0.008,0,0,0,0,0.008,0,0,0.002,0,0,0,0,0,0,0,0,0.014,0,0,0.001,0,0,0.005,0.035,0,0,0,0,0,0,0,0,0,0.002,0,0,0.005,0,0,0.001,0,0,0,0,0,0,0,0.001,0,0,0,0,0,0,0,0,0,0,0,0,0,0.118,0,0,0,0,0,0,0.001,0,0,0,0,0.004,0.003,0,0,0,0,0,0.001,0.008,0.003,0.078,0,0,0,0,0,0,0,0,0,0,0,0,0
"Orbilia","Orbiliaceae","Orbiliales","Orbiliomycetes","Ascomycota","Fungi",0.008,0.001,0,0.001,0.011,0,0.015,0.004,0.014,0.002,0,0.03,0.001,0,0,0.04,0,0.001,0,0.012,0.008,0.003,0,0,0.068,0.001,0,0,0,0,0,0,0,0.001,0.004,0,0,0.003,0.141,0.008,0.01,0,0,0.002,0,0,0,0,0,0,0.002,0.1,0,0,0.001,0,0,0,0.014,0.002,0.013,0.007,0.005,0.001,0.024,0.004,0,0.012,0,0,0,0,0,0,0,0,0,0,0,0.001,0.138,0.105,0.002,0.002,0,0,0,0,0,0,0,0,0,0.002,0,0,0,0,0,0,0
"uncl_Rozellomycotina_cls_Incertae_sedis","uncl_Rozellomycotina_cls_Incertae_sedis","uncl_Rozellomycotina_cls_Incertae_sedis","Rozellomycotina_cls_Incertae_sedis","Rozellomycota","Fungi",0.001,0,0,0.001,0,0,0,0.001,0.001,0,0,0.002,0,0,0,0,0,0.013,0,0,0,0,0,0,0,0.001,0,0,0,0,0,0.003,0.003,0,0,0,0,0.001,0,0.007,0,0,0,0,0,0,0,0,0,0,0,0,0,0,0.013,0,0,0,0,0,0,0,0,0,0,0,0.005,0,0,0,0.001,0,0,0,0,0,0,0,0,0.001,0,0,0,0.002,0.001,0.001,0,0,0,0,0,0,0,0,0,0,0,0,0.003,0.005,0.001
"Toxicocladosporium","Cladosporiaceae","Capnodiales","Dothideomycetes","Ascomycota","Fungi",0.001,0,0,0.001,0.001,0,0.001,0.001,0.001,0,0,0.001,0,0.001,0,0.001,0,0.003,0,0,0.002,0,0.001,0.001,0,0.003,0,0.004,0,0,0,0,0,0,0,0,0,0.001,0,0.001,0.001,0,0,0.001,0.001,0,0,0,0,0,0.002,0.001,0,0,0.003,0,0,0,0,0,0.001,0,0.002,0.001,0.004,0.002,0,0,0,0,0.001,0.001,0.001,0,0,0.002,0.003,0.006,0,0,0,0,0,0,0.01,0,0,0.01,0,0,0,0,0,0,0,0,0,0,0,0,0
"Alfaria","Stachybotryaceae","Hypocreales","Sordariomycetes","Ascomycota","Fungi",0.043,0,0,0.006,0.003,0,0.001,0.003,0.144,0,0,0.003,0,0,0,0.001,0.001,0.023,0,0,0.007,0,0.014,0,0.001,0.769,0,0.01,0,0.002,0,0,0.002,0,0,0,0,0.004,0,0.002,0.005,0,0,0.001,0,0,0,0,0,0,0.002,0,0,0.002,0.023,0,0,0,0,0.013,0.003,0.007,0.002,0,0,0.029,0.002,0,0,0.013,0.016,0.011,0,0,0,0.001,0.001,0,0,0.002,0,0,0.016,0.003,2.356,0,0,0.018,0.004,0,0.01,0,0,0,0,0,0,0,0,0.004,0
"Scutellinia","Pyronemataceae","Pezizales","Pezizomycetes","Ascomycota","Fungi",0.026,0,0,0.107,0.046,0,0.001,0.002,0.017,0,0,0.269,0,0,0,0.001,0,0,0,0,0.011,0.007,0,0.057,0,0.005,0,0,0,0,0,0,0.004,0,0,0,0,0.82,0,0,0.175,0,0,0,0,0,0,0,0,0,0,0.003,0,0,0,0,0,0,0,0.014,0,0,0,0,0.019,0.061,0,0.025,0,0,0,0,0.245,0.024,0.227,0,0.001,0.042,0,0,0,0,0,0,0.015,0,0,0,0,0,0,0,0,0,0,0,0,0,0,0.006,0.003
"uncl_Pezizaceae","Pezizaceae","Pezizales","Pezizomycetes","Ascomycota","Fungi",0.014,0.005,0.003,0.018,0.002,0.003,0.009,0.055,0.004,0,0.006,0.053,0.007,0.001,0,0.171,0,0,0.005,0.002,0.002,0.047,0,0.007,0,0.006,0,0,0,0,0.005,0,0,0,0,0.008,0,0.161,0,0,0.034,0.001,0.038,0,0,0.002,0,0,0,0,0.397,0.003,0,0,0,0,0.011,0,0.003,0.005,0,0.002,0.002,0.007,0,0.004,0,0.158,0.007,0,0,0,0.023,0,0.012,0.018,0.005,0.008,0,0,0,0,0,0,0.017,0,0,0,0.001,0,0,0,0,0.02,0.002,0,0,0.004,0,0,0
"Macrophomina","Botryosphaeriaceae","Botryosphaeriales","Dothideomycetes","Ascomycota","Fungi",0.023,0,0,0.011,0.001,0.005,0.003,0.024,0.057,0,0,0.039,0,0,0.019,0.031,0.001,0.257,0,0,0.02,0,0.026,0,0.249,0.004,0.001,0,0,0.004,0,0.036,0.001,0,0,0,0,0.008,0.045,0.09,0.006,0.001,0,0,0,0,0.044,0,0,0.002,0.016,0.059,0.001,0,0.257,0,0,0,0,0.015,0.001,0.003,0.002,0.011,0.002,0.054,0.215,0,0,0.006,0.059,0.004,0,0,0,0,0.001,0.001,0,0.072,0.006,0.528,0.005,0.003,0.004,0.001,0.001,0,0,0,0,0.01,0,0,0,0,0,0,0.036,0.002,0.001
"uncl_Oliveoniaceae","Oliveoniaceae","Auriculariales","Agaricomycetes","Basidiomycota","Fungi",0.056,0,0,0.009,0.001,0,0.001,0.05,0.167,0,0,0.472,0,0.001,0,0,0,0,0,0,0,0,0,0.096,0,0.264,0,0,0,0.03,0,0,0,0,0,0,0,0,0,0,1.889,0,0,0,0.001,0,0,0,0,0,0,0,0,0,0,0,0,0,0,0,0.001,0,0,0,0,0,0,0,0,0.001,0,0,0.063,0.016,0,0,0.407,0.245,0.002,0,0,0,0,0,0.817,0,0,0,0,0,0,0.074,0,0,0,0,0,0,0,0,0
"Colletotrichum","Glomerellaceae","Glomerellales","Sordariomycetes","Ascomycota","Fungi",0.062,0,0,0.005,0,0,0,0,0.214,0,0,0.001,0,0,0,0.003,0,0,0,0,0.003,0,0,0.448,0,0,0.001,0,0,0.002,0,0,0,0,0,0,0,0.003,0,0.001,0.001,0,0,0.001,0,0,0,0,0,0,0,0.007,0,0,0,0,0,0,0,0.006,0,0,0.001,0,0,0.019,0,0,0,0,0,0,0.002,0.023,0,0,0,0.001,1.967,0.001,0,0,0.001,0,0,0,0.002,0,0,0,0,0,0.005,0,0,0,0,0,0,0,0
"uncl_Paraglomeraceae","Paraglomeraceae","Paraglomerales","Paraglomeromycetes","Glomeromycota","Fungi",0,0,0,0.002,0,0,0,0,0,0,0,0.001,0,0,0,0,0,0,0,0,0,0,0,0,0,0,0,0,0,0,0,0,0.008,0,0,0,0,0.004,0,0,0,0,0,0,0,0,0,0,0,0,0,0,0,0,0,0,0,0,0,0,0,0,0,0,0,0,0,0,0,0,0,0,0,0,0,0,0,0,0,0,0,0,0,0,0,0,0,0,0,0,0,0,0,0,0,0,0,0,0,0.017,0
"Scolecobasidium","Sympoventuriaceae","Venturiales","Dothideomycetes","Ascomycota","Fungi",0,0,0,0,0.001,0,0,0,0.001,0,0,0.001,0,0,0,0.001,0,0.007,0,0,0.001,0,0,0,0,0.001,0,0,0,0,0,0,0,0,0,0,0,0.003,0,0,0,0,0,0,0,0,0,0,0,0,0,0.003,0,0,0.007,0,0,0,0,0.001,0.001,0,0,0,0,0.001,0,0,0,0,0.001,0,0,0,0,0,0,0.001,0,0,0,0,0,0,0.002,0,0,0.001,0,0,0,0,0,0,0,0,0,0,0,0,0
"Arthrobotrys","Orbiliaceae","Orbiliales","Orbiliomycetes","Ascomycota","Fungi",0.005,0,0,0.004,0.017,0,0.004,0.017,0.001,0,0,0.019,0,0,0,0.042,0,0,0,0,0.008,0,0,0,0.002,0.006,0,0,0,0,0,0,0.001,0,0,0,0,0.019,0.066,0.002,0.005,0,0,0,0,0,0,0,0,0.004,0.096,0.001,0,0,0,0,0,0,0,0,0.021,0,0.002,0.003,0.026,0.001,0,0,0,0,0,0,0,0.001,0,0,0,0,0,0.002,0,0.002,0.012,0.004,0.001,0,0,0,0,0,0,0,0,0,0,0,0,0,0,0.003,0
"Efibulobasidium","Sebacinaceae","Sebacinales","Agaricomycetes","Basidiomycota","Fungi",0.002,0,0,0.004,0,0,0,0.003,0.003,0,0,0.012,0.017,0,0,0.011,0,0,0,0.002,0,0,0,0,0,0,0,0,0,0,0,0,0,0,0,0,0,0.042,0,0,0,0,0,0.04,0,0,0,0,0,0,0.025,0,0,0,0,0,0,0,0.003,0,0,0,0,0,0,0.001,0,0,0,0,0,0,0,0,0,0,0,0,0,0,0,0,0,0,0,0,0,0,0,0,0,0,0,0,0,0,0,0,0,0,0
"uncl_Niessliaceae","Niessliaceae","Hypocreales","Sordariomycetes","Ascomycota","Fungi",0.003,0,0,0.001,0,0,0,0,0.011,0,0,0.051,0.002,0,0,0,0,0,0,0,0,0,0,0,0,0.002,0,0,0,0,0,0,0,0,0,0,0,0,0,0,0.204,0.004,0,0,0,0,0,0,0,0,0,0,0,0,0,0,0,0,0,0,0,0,0,0,0,0,0,0,0,0,0,0,0,0,0,0,0,0,0,0,0,0,0.006,0,0,0,0,0,0,0,0,0,0,0,0,0,0,0,0,0,0
"Xenoanthostomella","Xylariales_fam_Incertae_sedis","Xylariales","Sordariomycetes","Ascomycota","Fungi",0,0,0,0,0,0,0,0,0,0,0,0.001,0,0,0,0,0,0,0,0,0,0,0,0,0,0,0,0,0,0,0,0,0,0,0,0,0,0.002,0,0,0.001,0,0,0,0,0,0,0,0,0,0,0,0,0,0,0,0,0,0,0,0,0,0,0,0,0,0,0,0,0,0,0,0,0,0,0,0,0,0,0,0,0,0,0,0,0,0.001,0,0,0,0,0,0,0,0,0,0,0,0,0,0
"uncl_Cucurbitariaceae","Cucurbitariaceae","Pleosporales","Dothideomycetes","Ascomycota","Fungi",0.028,0,0,0.014,0.011,0,0.001,0.001,0.087,0,0.003,0.006,0,0,0,0,0,0,0,0,0.004,0,0,0.167,0,0.076,0,0,0,0.002,0,0.003,0.001,0,0,0.001,0.008,0.015,0,0.004,0.004,0,0,0,0,0,0,0,0,0,0,0,0,0,0,0,0,0,0,0,0.012,0,0.002,0.005,0.001,0.004,0,0,0,0,0.001,0,0.004,0.071,0.006,0,0,0.013,0.659,0,0,0,0.001,0.001,0.232,0,0.001,0,0,0,0,0,0.005,0,0,0,0,0,0.003,0.002,0
"Neosetophoma","Phaeosphaeriaceae","Pleosporales","Dothideomycetes","Ascomycota","Fungi",0.002,0.001,0,0.007,0,0,0,0.003,0.002,0,0,0,0,0,0,0,0,0,0,0,0.001,0.001,0.004,0.002,0.001,0.014,0.028,0,0,0,0.001,0.003,0,0,0,0,0,0.001,0,0,0,0,0,0.001,0,0,0,0,0,0,0,0,0,0,0,0,0,0,0,0.002,0,0.002,0,0,0,0.001,0,0,0.001,0.004,0.007,0,0.002,0.001,0,0.001,0,0,0.007,0.002,0.004,0,0.02,0.011,0.011,0.051,0.005,0,0,0,0,0,0,0.003,0,0,0,0,0.003,0,0
"uncl_Botryosphaeriales","uncl_Botryosphaeriales","Botryosphaeriales","Dothideomycetes","Ascomycota","Fungi",0.025,0,0,0.074,0,0.002,0,0.007,0.037,0,0.005,0.326,0,0,0,0.002,0.01,0.001,0,0,0,0,0.011,0,0,0.069,0,0,0,0,0,0.01,0.023,0,0,0.007,0,0.715,0.004,0.02,0.491,0,0,0,0,0,0,0,0,0.006,0,0.002,0.015,0,0.001,0,0,0,0,0,0,0,0,0,0,0,0,0,0,0,0.029,0,0,0,0,0,0,0,0,0,0,0,0.038,0.002,0.175,0,0,0,0,0,0,0,0,0,0,0,0,0,0.01,0.047,0
"Astrosphaeriella","Pleosporales_fam_Incertae_sedis","Pleosporales","Dothideomycetes","Ascomycota","Fungi",0.007,0,0,0.022,0,0,0,0,0.011,0,0,0.109,0,0,0,0,0,0,0,0,0,0,0,0,0,0,0,0,0,0,0,0,0.007,0,0,0,0,0.231,0.001,0,0.181,0,0,0,0,0,0,0,0,0,0,0,0,0,0,0,0,0,0,0,0,0,0,0,0,0,0,0,0,0,0,0,0,0,0,0,0,0,0,0,0,0,0,0,0,0,0,0,0,0,0,0,0,0,0,0,0,0,0,0,0.013
"uncl_Hypocreales_fam_Incertae_sedis","Hypocreales_fam_Incertae_sedis","Hypocreales","Sordariomycetes","Ascomycota","Fungi",0.011,0,0,0.005,0.001,0,0.004,0.062,0.003,0,0,0.007,0.003,0.001,0,0.174,0,0.001,0,0,0.016,0,0.008,0.002,0.003,0.002,0,0.001,0,0,0,0,0,0,0,0,0,0.026,0,0,0,0,0,0.007,0.001,0,0,0,0,0,0.404,0.003,0,0,0.001,0,0,0,0,0.001,0.001,0,0.026,0,0.073,0.001,0.037,0,0,0.016,0.001,0.007,0,0,0,0,0,0.012,0.001,0.007,0,0,0,0.002,0.003,0.001,0,0.003,0,0,0,0,0,0,0,0,0,0,0,0,0
"uncl_Phallales","uncl_Phallales","Phallales","Agaricomycetes","Basidiomycota","Fungi",0,0,0,0,0,0,0,0,0,0,0,0.001,0,0,0,0,0,0,0,0,0,0,0,0,0,0,0,0,0,0,0,0,0,0,0,0,0,0.001,0,0,0.005,0,0,0,0,0,0,0,0,0,0,0,0,0,0,0,0,0,0,0,0,0,0,0,0,0,0,0,0,0,0,0,0,0,0,0,0,0,0,0,0,0,0,0,0,0,0.001,0,0,0,0,0,0,0,0,0,0,0,0,0,0
"Coniophora","Coniophoraceae","Boletales","Agaricomycetes","Basidiomycota","Fungi",0.03,0.001,0.001,0.002,0,0.001,0.086,0,0.044,0,0,0,0.013,0.002,0,0.277,0,0,0,0,0.122,0,0,0.002,0,0,0,0,0,0,0.001,0,0,0,0,0,0,0.001,0,0,0,0,0,0.03,0.004,0,0,0.002,0,0,0,0.705,0,0,0,0,0,0,0,0,0,0,0.555,0,0,0.002,0,0,0,0,0,0,0.015,0,0,0,0,0,0,0,0,0,0,0,0.001,0,0,0,0,0,0,0,0,0.005,0,0,0.003,0,0,0,0
"Parasarocladium","Sarocladiaceae","Hypocreales","Sordariomycetes","Ascomycota","Fungi",0.012,0,0,0.001,0,0,0,0.001,0.041,0,0,0,0,0,0.005,0,0,0,0,0,0,0,0.002,0,0,0.222,0.001,0.002,0,0,0,0,0,0,0,0,0,0.001,0,0,0,0,0,0,0,0,0,0,0.013,0,0,0,0,0,0,0,0,0,0,0,0,0,0,0,0,0,0,0,0,0.001,0.005,0,0,0,0,0,0,0,0,0,0,0,0.004,0.004,0.678,0,0.003,0.004,0,0,0,0,0,0,0,0,0,0,0,0,0
"uncl_Sebacinaceae","Sebacinaceae","Sebacinales","Agaricomycetes","Basidiomycota","Fungi",0.067,0,0,0.19,0,0.001,0.004,0.019,0.105,0,0,0.215,0.216,0,0,0.164,0,0,0,0.002,0.023,0,0,0.217,0,0.001,0,0,0,0.014,0,0,0.153,0,0,0,0,0.782,0,0,0,0.008,0,0.498,0,0,0,0,0,0,0.001,0.417,0,0,0,0,0.001,0,0.003,0,0,0,0.008,0.005,0.001,0.033,0.381,0,0,0,0,0,1.117,0.017,0,0.035,0.144,0.03,0.167,0,0,0,0,0.002,0.001,0,0,0,0,0,0.069,0,0,0,0,0,0,0,0,0,0.292
"uncl_Orbiliaceae","Orbiliaceae","Orbiliales","Orbiliomycetes","Ascomycota","Fungi",0.006,0,0,0.004,0.025,0.002,0.014,0.003,0.005,0.012,0,0.012,0.001,0.001,0.004,0.004,0,0.001,0.04,0.001,0.004,0.001,0.001,0.008,0.031,0.001,0,0.004,0.002,0,0,0,0.003,0.022,0.001,0,0,0.003,0.001,0.004,0.041,0.001,0.002,0.002,0,0.004,0.003,0.003,0.004,0,0.006,0.004,0,0,0.001,0.011,0.075,0,0.001,0.003,0.003,0,0,0,0.002,0.021,0,0.005,0,0,0.003,0,0.001,0.003,0.115,0,0.003,0,0.003,0.017,0.13,0.004,0,0.002,0.001,0,0,0.005,0.002,0.002,0,0,0,0,0,0,0,0,0,0.006,0.001
"uncl_Lachnocladiaceae","Lachnocladiaceae","Russulales","Agaricomycetes","Basidiomycota","Fungi",0.074,0,0,0.141,1.262,0,0,0,0.001,0,0,0,0,0,0,0,0,0,0,0,0,0,0,0.511,0,0,0,0.133,0,0,0,0,0,0,0,0,0,0.001,0,0,0,0,0,0,0,0,0,0,0,0,0,0,0,0,0,0,0,0,0,0,0,0,0,0,0,0,0,0,0,0,0,0,0,0.685,6.311,0,0,0,0.01,0,0,0,0,0,0,0,0,0.292,0,0,0,0,0,0,0,0,0,0,0,0,0
"Massariosphaeria","Thyridariaceae","Pleosporales","Dothideomycetes","Ascomycota","Fungi",0.018,0,0,0,0.044,0,0.017,0,0.044,0,0,0,0.291,0.002,0,0,0,0,0,0,0.036,0,0,0,0,0,0,0,0,0,0,0,0,0,0,0,0,0.001,0,0,0,0,0,0.68,0.003,0,0,0,0,0,0,0,0,0,0,0,0,0,0,0.003,0.055,0.362,0,0,0,0,0,0,0,0,0,0,0,0,0,0,0,0,0,0,0.002,0,0,0,0,0,0,0,0,0,0,0,0,0,0,0,0,0,0,0,0
"Dominikia","Glomeraceae","Glomerales","Glomeromycetes","Glomeromycota","Fungi",0.008,0,0,0.004,0.002,0.004,0.004,0.007,0.016,0,0.012,0.019,0.001,0,0.018,0.06,0,0.052,0.003,0,0.009,0.013,0.002,0.001,0.002,0.001,0,0,0,0.002,0,0.023,0.006,0,0,0.003,0.032,0.006,0.001,0.012,0.052,0,0,0.002,0,0,0.03,0.015,0.005,0,0.004,0.147,0,0,0.052,0.004,0.002,0,0,0.022,0.002,0.007,0.003,0.005,0.016,0.025,0,0.015,0.013,0,0.004,0,0.002,0,0.002,0.003,0.003,0,0,0.005,0,0,0.001,0,0.001,0,0,0,0,0,0,0.005,0,0,0,0,0,0,0.023,0.013,0
"Cyphellophora","Cyphellophoraceae","Chaetothyriales","Eurotiomycetes","Ascomycota","Fungi",0.009,0,0,0.001,0.004,0,0,0.004,0.027,0,0,0.001,0.113,0,0.001,0,0,0.004,0,0,0.02,0,0.001,0.005,0,0.001,0,0,0,0,0,0,0,0,0,0,0,0.001,0,0,0.004,0,0,0.263,0,0,0,0,0.003,0,0,0,0,0,0.004,0,0,0,0,0.003,0.005,0.003,0,0,0,0.144,0.022,0,0,0.001,0.001,0.002,0,0.002,0,0.003,0.031,0,0,0,0,0,0.001,0,0.001,0,0,0.001,0,0,0,0,0,0,0,0,0,0,0,0.001,0
"Zalaria","Zalariaceae","Dothideales","Dothideomycetes","Ascomycota","Fungi",0,0,0,0,0,0,0,0,0,0,0,0,0,0,0,0,0,0,0,0,0,0,0,0,0.001,0,0,0,0,0,0,0,0,0,0,0,0,0,0,0,0,0,0,0,0,0,0,0,0,0,0,0,0,0,0,0,0,0,0,0,0,0,0,0,0,0,0,0,0,0,0,0,0,0,0,0,0,0,0,0,0,0.002,0,0,0,0,0,0,0,0,0,0,0,0,0,0,0,0,0,0,0
"uncl_Dictyosporiaceae","Dictyosporiaceae","Pleosporales","Dothideomycetes","Ascomycota","Fungi",0,0,0,0,0,0,0,0,0,0,0,0,0,0,0,0,0,0,0,0,0,0,0,0,0,0,0.001,0,0,0,0,0.007,0,0,0,0,0,0,0,0,0,0,0,0,0,0,0,0,0,0,0,0,0,0,0,0,0,0,0,0,0,0,0,0,0,0,0,0,0,0,0,0,0,0,0,0,0,0,0,0,0,0,0,0,0,0,0.003,0,0,0,0,0,0,0,0,0,0,0,0.007,0,0.001
"Scleroramularia","Mycosphaerellaceae","Mycosphaerellales","Dothideomycetes","Ascomycota","Fungi",0,0,0,0,0,0,0,0,0,0,0,0,0,0,0,0,0,0,0,0,0,0,0,0,0,0,0,0,0,0,0,0,0,0,0,0,0,0,0,0,0,0,0,0,0,0,0,0,0,0,0,0,0,0,0,0,0,0,0,0,0,0,0,0,0,0,0,0,0,0,0,0,0,0.001,0,0,0,0,0.001,0,0,0,0,0,0.001,0,0,0,0,0,0,0,0,0,0,0,0,0,0,0,0
"Baeospora","Tricholomataceae","Agaricales","Agaricomycetes","Basidiomycota","Fungi",0,0,0.004,0.001,0,0,0.001,0,0,0,0,0,0,0,0,0,0,0,0,0,0,0,0.005,0,0.001,0,0,0,0.002,0,0.001,0.003,0,0,0,0,0,0,0,0,0,0,0,0,0,0,0,0,0,0,0,0,0,0,0,0,0,0,0,0,0,0,0,0,0,0,0,0,0,0.013,0,0,0,0,0,0,0,0,0,0.002,0,0,0,0,0,0,0,0,0,0.002,0,0,0,0,0,0,0,0.005,0.003,0,0
"Vishniacozyma","Bulleribasidiaceae","Tremellales","Tremellomycetes","Basidiomycota","Fungi",0.001,0,0,0,0.001,0.001,0.001,0,0.002,0.003,0.001,0.001,0.014,0,0,0.001,0,0,0,0,0.001,0,0,0,0,0,0,0,0.013,0,0,0,0,0.003,0.003,0.002,0,0.001,0,0,0.003,0.003,0,0.031,0,0,0,0,0,0,0.001,0.001,0,0,0,0,0,0,0,0,0.001,0,0.001,0,0,0,0,0,0,0,0,0,0,0,0,0,0,0,0,0,0,0,0,0,0,0,0,0,0,0.013,0,0,0,0,0,0,0,0,0,0,0
"uncl_Phaeomoniellales","uncl_Phaeomoniellales","Phaeomoniellales","Eurotiomycetes","Ascomycota","Fungi",0,0,0,0,0,0,0,0,0,0,0,0,0,0,0,0,0,0,0,0,0,0,0,0,0,0,0,0,0,0,0,0,0,0,0,0,0,0.001,0,0,0,0,0,0,0,0,0,0,0,0,0,0,0,0,0,0,0,0,0,0,0,0,0,0,0,0,0,0,0,0,0,0,0,0,0,0,0,0,0,0,0,0,0,0,0,0,0,0,0,0,0,0,0,0,0,0,0,0,0,0,0
"uncl_Auriculariales","uncl_Auriculariales","Auriculariales","Agaricomycetes","Basidiomycota","Fungi",0.622,0,0,0.502,0.466,0.173,0.633,1.291,0.642,0.003,0.502,1.712,0.023,1.438,0.189,1.755,0.023,2.846,0.084,0.001,1.054,0.159,0.466,1.073,0.019,0.265,0.043,0.003,1.002,0,0,0.016,0.187,0.004,0.002,0,1.706,0.031,2.117,3.221,1.468,0.001,0,0.054,1.668,0.931,0,0,0.53,0.004,1.558,2.765,0,0.066,2.846,0,0.185,0.01,0,0.952,0.372,2.816,1.299,0.143,2.447,0.001,2.548,0.227,0.135,0.039,1.194,0.016,2.023,1.004,0.842,0.172,1.555,0.683,1.002,0,0.111,0,0.403,0.002,0.412,0.01,0.075,0.007,0,1.002,0,0,0,0,0,0,0,0,0.016,0.002,0.356
"Funneliformis","Glomeraceae","Glomerales","Glomeromycetes","Glomeromycota","Fungi",0.001,0,0,0.001,0,0,0,0.005,0.001,0,0.001,0.003,0.001,0,0,0.004,0,0,0,0,0,0.018,0,0,0,0.003,0.01,0,0,0,0,0,0,0,0,0,0.002,0.006,0.004,0.001,0,0.001,0.002,0,0,0,0,0,0,0,0.01,0,0,0,0,0,0,0,0,0.003,0,0,0,0,0,0,0,0,0.025,0,0,0,0,0,0,0,0,0,0,0,0,0.001,0.004,0.004,0,0,0.02,0,0,0,0,0,0,0,0,0,0,0,0,0,0
"uncl_GS11","uncl_GS11","GS11","Rozellomycotina_cls_Incertae_sedis","Rozellomycota","Fungi",0.001,0,0,0.002,0,0,0,0,0.002,0,0,0,0,0,0,0,0,0.024,0,0,0,0,0,0,0,0,0.01,0,0,0,0,0.02,0.005,0,0,0,0,0,0,0,0,0,0,0,0,0,0,0,0,0,0,0,0,0,0.024,0,0,0,0,0,0,0,0,0,0,0,0,0,0,0,0,0,0,0,0,0,0,0,0,0,0,0,0,0,0,0.008,0.012,0.001,0,0,0,0,0,0,0,0,0,0,0.02,0.011,0
"Septoglomus","Glomeraceae","Glomerales","Glomeromycetes","Glomeromycota","Fungi",0,0,0,0.001,0,0,0.001,0.001,0,0,0,0.001,0,0,0,0,0,0,0,0,0.001,0.003,0.001,0,0.003,0,0,0,0,0,0,0,0,0,0,0,0,0.004,0,0,0,0,0,0,0,0,0,0,0,0,0,0,0,0,0,0,0,0,0,0.006,0,0,0,0,0.003,0,0,0,0.004,0,0.002,0,0,0,0,0.001,0,0,0,0,0.012,0.003,0,0,0,0,0,0,0,0,0,0,0,0,0,0,0,0,0,0,0
"Tulasnella","Tulasnellaceae","Cantharellales","Agaricomycetes","Basidiomycota","Fungi",0.039,0,0,0.099,0.019,0.002,0.025,0.091,0.008,0,0.005,0.123,0.004,0,0,0,0.046,0.062,0.002,0,0.052,0,0.023,0,0.361,0.093,0,0,0,0,0,0.007,0,0,0,0.007,0,0.003,0.36,0.197,0,0.009,0,0.001,0,0,0,0,0,0,0,0.001,0.005,0.12,0.062,0,0.004,0,0,0.141,0.023,0,0,0,0.283,0,0,0,0,0,0.001,0.079,0,0,0,0,0,0,0,0.842,0.002,0.03,0.012,0.252,0,0,0,0,0,0,0,0,0,0,0,0,0,0,0.007,0,0
"uncl_Ramicandelaberomycetes","uncl_Ramicandelaberomycetes","uncl_Ramicandelaberomycetes","Ramicandelaberomycetes","Kickxellomycota","Fungi",0,0,0,0,0,0,0,0,0,0,0,0,0,0,0,0,0,0,0,0,0,0,0,0,0,0.001,0,0,0,0,0,0,0,0,0,0,0,0,0,0,0,0,0,0,0,0,0,0,0,0,0,0,0,0,0,0,0,0,0,0,0,0,0,0,0.001,0.001,0,0,0,0,0,0,0,0,0,0,0,0,0,0,0,0,0,0,0.002,0,0,0,0,0,0,0,0,0,0,0,0,0,0,0,0
"Minimelanolocus","Herpotrichiellaceae","Chaetothyriales","Eurotiomycetes","Ascomycota","Fungi",0,0,0,0,0,0,0,0,0.002,0,0,0.007,0.001,0,0,0,0,0,0,0,0,0,0,0,0,0,0,0,0,0,0,0,0,0,0,0,0,0,0,0,0.029,0,0,0.003,0,0,0,0,0,0,0,0,0,0,0,0,0,0,0,0,0,0,0,0,0,0,0,0,0,0,0,0,0,0,0,0,0,0,0,0,0,0,0,0,0,0,0,0,0,0,0,0,0,0,0,0,0,0,0,0,0
"Setophaeosphaeria","Phaeosphaeriaceae","Pleosporales","Dothideomycetes","Ascomycota","Fungi",0,0,0,0,0,0,0,0,0,0,0,0,0,0,0,0,0,0,0,0,0,0,0,0,0,0,0,0,0,0,0,0,0,0,0,0,0,0,0,0,0,0,0,0,0,0,0,0,0,0,0,0,0,0,0,0,0,0,0,0,0,0,0,0,0,0,0,0,0,0,0,0,0,0,0,0,0,0,0,0,0,0,0,0,0,0,0,0,0,0,0,0,0,0,0,0,0,0,0,0,0
"uncl_Ustilaginaceae","Ustilaginaceae","Ustilaginales","Ustilaginomycetes","Basidiomycota","Fungi",0.003,0,0,0.017,0,0,0,0.001,0.001,0,0,0.001,0,0,0,0.001,0,0,0,0,0.018,0,0.002,0.003,0.004,0.001,0,0,0,0.004,0,0,0.002,0,0,0,0,0.003,0,0.001,0.001,0,0,0.001,0,0,0,0,0,0,0.001,0.003,0,0,0,0,0,0,0,0.16,0,0,0,0,0,0.002,0.002,0,0,0.004,0.002,0,0.01,0.002,0,0.007,0,0.001,0.002,0.01,0,0.001,0,0,0.002,0,0,0,0.001,0,0.02,0,0,0,0,0,0,0,0,0.004,0
"Gaeumannomyces","Magnaporthaceae","Magnaporthales","Sordariomycetes","Ascomycota","Fungi",0.019,0,0,0,0.451,0,0.001,0.009,0.002,0,0,0,0,0,0,0,0,0,0,0,0.126,0,0.024,0,0,0,0,0,0.003,0,0,0,0.02,0,0,0,0,0,0,0,0,0,0,0,0,0,0,0,0,0,0,0,0,0,0,0,0,0,0,0,0.564,0,0.008,0,0.005,0.001,0,0,0,0,0.065,0,0,0,0,0,0,0,0,0,0,0,0,0,0,0,0,0,0.001,0.003,0,0,0,0,0,0,0,0,0,0,0.038
"Candida","Saccharomycetales_fam_Incertae_sedis","Saccharomycetales","Saccharomycetes","Ascomycota","Fungi",0,0,0,0,0,0,0,0,0,0,0,0,0,0,0,0,0,0,0,0,0,0,0,0,0,0,0,0,0,0,0,0,0,0,0,0,0,0,0,0,0,0.001,0,0,0,0,0,0,0,0,0,0,0,0,0,0,0,0,0,0,0,0,0,0,0,0,0,0,0,0,0,0,0,0,0,0,0,0,0,0,0,0,0,0,0,0,0,0,0,0,0,0,0,0,0,0,0,0,0,0,0
"uncl_GS14","uncl_GS14","uncl_GS14","GS14","Chytridiomycota","Fungi",0,0,0,0,0,0,0,0,0,0,0,0,0,0,0,0,0,0,0,0,0,0,0,0,0,0,0,0,0,0,0,0,0,0,0,0,0,0,0,0,0,0,0,0,0,0,0,0,0,0.002,0,0,0,0,0,0,0,0,0,0,0,0,0,0,0,0,0,0,0,0,0,0,0,0,0,0,0,0,0,0,0,0,0,0,0,0,0,0,0,0,0,0,0,0,0,0,0,0,0,0,0
"Ophiosphaerella","Phaeosphaeriaceae","Pleosporales","Dothideomycetes","Ascomycota","Fungi",0.009,0,0.003,0,0,0,0.045,0,0,0,0,0,0,0,0,0,0,0,0,0,0,0.386,0,0,0,0,0,0,0.003,0,0.001,0,0,0,0,0,0,0.001,0,0,0,0,0,0,0,0,0,0,0,0,0,0,0,0,0,0,0,0,0,0,0,0,0,0,0,0,0,1.448,0,0,0,0,0,0,0,0,0,0,0,0,0,0,0,0,0,0,0,0,0,0.003,0,0,0,0,0,0,0,0.004,0,0,0
"uncl_Helicobasidiaceae","Helicobasidiaceae","Helicobasidiales","Pucciniomycetes","Basidiomycota","Fungi",0.079,0,0,0.078,0,0,0.001,0.036,0.211,0,0,0,0,0,0,0.112,0,0,0,0,0.027,0,0,0.516,0,0,0,0,0,0,0,0,0,0,0,0,0,0,0,0,0,0,0,0,0,0,0,0,0,0,0.26,0,0,0,0,0,0,0,0,0,0,0,0.003,0,0.014,0.171,0.104,0,0,0,0,0,0.024,0.446,0.002,0,0,0.156,1.744,0,0,0,0,0,0,0,0,0,0,0,0,0,0,0,0,0,0,0,0,0,0
"uncl_Branch06","uncl_Branch06","Branch06","Sordariomycetes","Ascomycota","Fungi",0.033,0.011,0.001,0.052,0.013,0.005,0.01,0.074,0.034,0,0.003,0.069,0.015,0.003,0.002,0.084,0,0.003,0,0,0.034,0.016,0.085,0.006,0.087,0.014,0.141,0.004,0,0,0.008,0.01,0.127,0,0,0.004,0,0.103,0,0.1,0.042,0.001,0.081,0,0.004,0,0.004,0,0,0,0.196,0,0,0,0.003,0,0,0,0,0.142,0.015,0.003,0.03,0.002,0.006,0.049,0.03,0.047,0.004,0,0.227,0.001,0.009,0.001,0.006,0.007,0.013,0.012,0.004,0.038,0.014,0.166,0.008,0.008,0.026,0.214,0.068,0,0.007,0,0,0,0,0.002,0,0.019,0,0.001,0.01,0.075,0.173
"uncl_Omphalotaceae","Omphalotaceae","Agaricales","Agaricomycetes","Basidiomycota","Fungi",0.024,0,0,0.001,0,0,0,0,0.084,0,0,0.341,0,0,0,0,0,0,0,0,0,0,0.001,0,0,0.01,0.001,0.071,0,0,0,0,0,0,0,0,0,0.006,0,0,1.355,0,0,0,0,0,0,0,0,0,0,0,0,0,0,0,0,0,0,0,0,0,0,0,0,0,0,0,0,0,0,0.002,0,0,0,0,0,0,0,0,0,0,0,0,0.03,0,0.003,0,0.129,0,0,0,0,0,0,0,0,0,0,0,0
"Xenopenidiella","Teratosphaeriaceae","Mycosphaerellales","Dothideomycetes","Ascomycota","Fungi",0.001,0,0,0.001,0,0,0,0,0.002,0,0,0.002,0,0,0,0.002,0,0.008,0,0,0,0,0,0,0,0.005,0,0,0,0,0,0.016,0.002,0,0,0,0,0,0,0,0.008,0,0,0,0,0,0,0,0,0,0,0.005,0,0,0.008,0,0,0,0,0,0,0,0,0,0,0,0,0,0,0,0.001,0,0.001,0,0,0,0,0,0,0,0,0,0.007,0,0.009,0,0,0,0,0,0,0,0,0,0,0,0,0,0.016,0.003,0.001
"Trichoglossum","Geoglossaceae","Geoglossales","Geoglossomycetes","Ascomycota","Fungi",0.025,0,0,0.077,0,0,0.007,0.07,0.002,0,0,0.001,0.001,0,0,0,0,0,0,0,0,0,0,0.088,0,0,0.383,0.049,0,0.002,0,0.003,0,0,0,0,0,0.003,0,0,0,0,0,0.002,0,0,0,0,0,0,0,0,0,0,0,0,0,0,0,0,0,0,0,0,0,0,0,0,0,0,0,0,0.021,0.005,0,0.096,0.572,0.001,0.015,0,0,0,0,0,0,0.765,0,0.107,0,0,0,0.005,0,0,0,0,0,0,0.003,0,0
"Uwebraunia","Dissoconiaceae","Capnodiales","Dothideomycetes","Ascomycota","Fungi",0,0,0,0,0,0,0,0,0,0,0,0,0,0,0,0,0,0,0,0,0,0,0,0,0,0,0,0,0,0,0,0,0,0,0,0,0,0,0,0,0,0,0,0,0,0,0,0,0,0,0,0,0,0,0,0,0,0,0,0,0,0,0,0,0,0,0,0,0,0,0,0,0,0,0,0,0,0,0,0,0,0,0,0,0,0,0,0.001,0,0,0,0,0,0,0,0,0,0,0,0,0
"Phyllozyma","Spiculogloeaceae","Spiculogloeales","Spiculogloeomycetes","Basidiomycota","Fungi",0,0,0,0,0,0,0,0,0,0,0,0,0,0,0,0,0,0,0,0,0,0,0,0,0,0.001,0,0,0,0,0,0,0,0,0,0,0,0.001,0,0,0,0,0,0,0,0,0,0,0,0,0,0,0,0,0,0,0,0,0,0,0,0,0,0,0,0,0,0,0,0,0,0,0,0,0,0,0,0,0,0,0,0,0,0.001,0.004,0.001,0,0.001,0,0,0,0,0,0,0,0,0,0,0,0,0
"Ramicandelaber","Ramicandelaberaceae","Ramicandelaberales","Ramicandelaberomycetes","Kickxellomycota","Fungi",0.002,0,0,0.006,0.002,0,0.001,0.002,0.002,0,0,0.001,0,0.002,0,0.002,0,0,0,0,0.005,0,0.001,0.003,0,0.014,0.001,0,0,0.002,0,0,0.002,0,0,0,0,0.002,0,0,0.003,0,0,0,0,0.006,0,0,0,0,0.002,0.003,0,0,0,0,0,0,0,0.005,0.002,0,0.004,0,0.016,0.009,0.002,0,0,0,0.003,0,0.003,0.005,0,0.002,0,0.002,0.003,0,0,0,0.039,0,0.004,0.001,0.002,0,0,0,0,0,0.005,0,0,0,0,0,0,0.001,0.003
"uncl_Spizellomycetaceae","Spizellomycetaceae","Spizellomycetales","Spizellomycetes","Chytridiomycota","Fungi",0,0,0,0,0,0.001,0,0,0,0,0,0,0,0.002,0.001,0,0.001,0,0,0,0,0,0,0,0,0,0,0,0,0,0,0,0,0,0.001,0,0,0.001,0,0.001,0,0,0,0,0.004,0,0.003,0,0,0,0,0,0.001,0,0,0,0,0,0,0,0,0,0,0,0,0,0,0,0,0,0,0,0,0,0,0,0,0,0,0,0,0,0,0,0,0,0,0,0,0,0,0,0,0,0,0,0,0,0,0,0
"uncl_Mycosphaerellaceae","Mycosphaerellaceae","Mycosphaerellales","Dothideomycetes","Ascomycota","Fungi",0,0,0,0,0,0,0,0,0,0,0,0,0,0,0,0,0,0,0,0,0,0,0,0,0,0,0,0,0,0,0,0,0,0,0,0,0,0,0,0,0,0,0,0,0,0,0,0,0,0,0,0,0,0,0,0,0,0,0,0,0,0,0,0,0,0,0,0,0,0,0,0,0,0,0,0,0,0,0.001,0,0,0,0,0,0,0,0,0,0,0,0,0,0,0,0,0,0,0,0,0,0
"Edenia","Pleosporaceae","Pleosporales","Dothideomycetes","Ascomycota","Fungi",0.003,0,0,0,0,0,0,0.025,0,0,0,0,0,0,0,0,0,0,0,0,0,0,0,0.022,0,0.008,0,0,0,0,0,0,0,0,0,0,0,0,0,0.001,0,0,0,0,0,0,0.001,0,0,0,0,0,0,0,0,0,0,0,0,0,0,0,0,0,0,0,0,0,0,0,0,0,0,0,0,0,0.182,0,0,0,0,0,0,0.021,0.001,0,0,0,0,0,0,0,0,0,0,0,0,0,0,0,0
"uncl_Amniculicolaceae","Amniculicolaceae","Pleosporales","Dothideomycetes","Ascomycota","Fungi",0.028,0.273,0,0,0,0.095,0.001,0.078,0.005,0,0,0.177,0.028,0,0,0.003,0,0,0,0,0,0.001,0,0,0,0,0,0,0,0,0.19,0,0.001,0,0,0,0,0,0.013,0.584,0,0.002,0,0.063,0,0,0,0,0,0,0.001,0.006,0,0,0,0,0,0,0,0,0,0,0,0,0.001,0,0,0,0.001,0,0,0,0,0,0,0,0,0,0,0,0,0,0,0,0,0,0,0,0,0,0,0,0,0,1.262,0,0,0,0,0,0.002
"Cladorrhinum","Podosporaceae","Sordariales","Sordariomycetes","Ascomycota","Fungi",0.001,0,0,0,0,0,0.003,0,0,0,0,0,0,0,0,0,0.025,0,0,0,0,0,0,0,0,0,0,0,0,0,0,0,0,0,0,0,0,0,0,0.002,0,0,0,0,0,0,0,0,0,0,0.001,0,0,0.071,0,0,0,0,0,0,0,0,0,0,0,0,0,0,0,0,0,0,0,0,0,0,0,0,0,0,0,0,0,0,0,0,0,0,0.001,0,0,0,0,0,0,0,0,0,0,0,0
"Leptosphaeria","Leptosphaeriaceae","Pleosporales","Dothideomycetes","Ascomycota","Fungi",0,0,0,0.001,0.001,0,0,0,0,0,0,0.001,0,0,0,0,0,0,0,0,0.002,0,0,0,0,0,0,0,0,0,0,0,0,0,0,0,0,0,0,0.002,0,0,0,0,0,0,0,0,0,0,0,0,0,0,0,0,0,0,0,0.009,0.001,0,0,0.001,0,0.002,0,0,0,0,0,0,0,0,0,0,0,0,0,0,0,0,0,0,0,0,0,0,0,0,0,0,0,0,0,0,0,0,0,0,0
"Murispora","Amniculicolaceae","Pleosporales","Dothideomycetes","Ascomycota","Fungi",0,0,0,0,0,0,0,0,0,0,0,0,0,0,0,0,0,0,0,0,0,0,0,0,0,0,0,0,0,0,0,0,0,0,0,0,0,0,0,0.001,0,0,0,0,0,0,0,0,0,0,0,0,0,0,0,0,0,0,0,0,0,0,0,0,0,0,0,0,0,0,0,0,0,0,0,0,0,0,0,0,0,0,0,0,0,0,0,0,0,0,0,0,0,0,0.001,0,0,0,0,0,0
"Natantispora","Halosphaeriaceae","Microascales","Sordariomycetes","Ascomycota","Fungi",0,0,0,0,0,0,0,0.001,0,0,0,0.002,0,0,0,0,0,0,0,0,0,0,0,0,0,0,0,0,0,0,0,0,0,0,0,0,0,0,0,0.008,0,0,0,0,0,0,0,0,0,0,0,0,0,0,0,0,0,0,0,0,0,0,0,0,0,0,0,0,0,0,0,0,0,0,0,0,0,0,0,0,0,0,0,0,0,0,0,0,0,0,0,0,0,0,0,0,0,0,0,0,0
"uncl_GS25_ord_Incertae_sedis","uncl_GS25_ord_Incertae_sedis","GS25_ord_Incertae_sedis","GS25","Basidiomycota","Fungi",0,0,0,0,0,0,0,0,0,0,0,0,0,0,0,0,0,0,0,0,0,0,0,0,0.001,0,0,0,0,0,0,0,0,0,0,0,0,0,0,0,0,0,0,0,0,0,0.001,0,0,0,0,0,0,0,0,0,0,0,0,0.001,0,0,0,0,0,0,0,0,0,0,0,0.001,0,0,0,0,0,0,0,0.001,0,0.001,0,0,0,0,0,0,0,0,0,0,0,0,0,0,0,0,0,0,0
"uncl_Crepidotaceae","Crepidotaceae","Agaricales","Agaricomycetes","Basidiomycota","Fungi",0.018,0,0,0,0,0,0.029,0.087,0.001,0,0,0.182,0,0,0,0.026,0,0,0,0,0.041,0,0,0,0,0.002,0,0,0,0,0,0,0,0,0,0,0,0,0,0.608,0,0,0,0,0,0,0,0,0,0,0.041,0.022,0,0,0,0,0,0,0,0,0,0,0.189,0,0,0,0,0,0,0,0.001,0,0,0.001,0,0,0,0,0,0,0,0,0.002,0.003,0,0,0,0,0,0,0,0,0,0,0,0,0,0,0,0,0
"uncl_Endogonomycetes","uncl_Endogonomycetes","uncl_Endogonomycetes","Endogonomycetes","Mucoromycota","Fungi",0,0,0,0,0,0,0,0,0,0,0,0.001,0,0,0,0,0,0,0,0,0,0,0,0,0,0,0,0,0,0,0,0,0,0,0,0,0,0.002,0,0.002,0,0,0,0,0,0,0,0,0,0,0,0,0,0,0,0,0,0,0,0,0,0,0,0,0,0,0,0,0,0,0,0,0,0,0,0,0,0,0,0,0,0,0,0,0,0,0,0,0,0,0,0,0,0,0,0,0,0,0,0.001,0
"uncl_Rhizophydiales","uncl_Rhizophydiales","Rhizophydiales","Rhizophydiomycetes","Chytridiomycota","Fungi",0.001,0,0,0,0,0,0,0.001,0.001,0,0,0.001,0,0,0.001,0.001,0,0.014,0,0,0,0,0,0,0.001,0.001,0.005,0,0,0,0,0,0.001,0,0,0,0,0,0,0.002,0,0,0,0,0,0,0,0.003,0,0,0.002,0,0,0,0.014,0,0,0,0,0,0,0,0,0,0,0.001,0,0,0,0,0,0,0,0,0,0.002,0.001,0,0,0,0,0.002,0,0.003,0,0.003,0.008,0,0,0,0,0,0,0,0,0,0,0,0,0.002,0
"uncl_Russulales","uncl_Russulales","Russulales","Agaricomycetes","Basidiomycota","Fungi",0.017,0.003,0,0,0,0.001,0.057,0.028,0.004,0,0,0,0,0,0.004,0.003,0,0.007,0,0,0.095,0,0,0.015,0,0.01,0.004,0,0,0.006,0.002,0,0,0,0,0,0,0,0,0,0,0,0,0,0,0,0,0,0.012,0,0.002,0.005,0,0,0.007,0,0,0,0,0,0,0.002,0.372,0,0.124,0,0,0,0,0,0.001,0,0,0.001,0,0.002,0.117,0.004,0,0,0,0,0.002,0,0.029,0,0.009,0,0,0,0,0,0.015,0.013,0,0,0,0,0,0,0
"Clavulinopsis","Clavariaceae","Agaricales","Agaricomycetes","Basidiomycota","Fungi",0.026,0,0,0.02,0.001,0,0,0,0.079,0,0,0,0,0,0,0,0,0,0,0,0,0,0,0.168,0,0,0,0.096,0,0,0,0,0,0,0,0,0,0,0,0,0,0,0,0,0,0,0,0,0,0,0,0,0,0,0,0,0,0,0,0,0,0,0,0,0,0,0,0,0,0.001,0,0,0,0.012,0.002,0,0,0.49,0.439,0,0,0,0,0,0,0,0,0.211,0.001,0,0,0,0,0,0,0,0,0,0,0,0
"Pseudoarachniotus","Gymnoascaceae","Onygenales","Eurotiomycetes","Ascomycota","Fungi",0,0,0,0,0,0,0,0,0,0,0,0,0,0,0,0,0,0,0,0,0,0,0,0,0,0,0,0,0,0,0,0,0,0,0,0,0,0,0,0,0,0,0,0,0,0,0,0,0,0,0,0,0,0,0,0,0,0,0,0,0,0,0.001,0,0.001,0,0,0,0,0,0,0,0,0,0,0,0,0,0,0,0,0,0,0,0,0,0,0,0,0,0,0,0,0,0,0,0,0,0,0,0
"Mycenella","Tricholomataceae","Agaricales","Agaricomycetes","Basidiomycota","Fungi",0.046,0,0,0.002,0,0,0.061,0,0.118,0,0,0,0,0,0,0,0,0,0,0,0,0,0,0.336,0,0,0,0.004,0,0,0,0,0,0,0,0,0,0,0,0,0,0,0,0,0,0,0,0,0,0,0,0,0,0,0,0,0,0,0,0,0,0,0,0,0,0,0,0,0,0,0,0,0,0.005,0,0.882,0,1.822,0,0,0,0,0,0,0,0,0,0.01,0,0,0,0,0,0,0,0,0,0,0,0,0
"Dactylonectria","Nectriaceae","Hypocreales","Sordariomycetes","Ascomycota","Fungi",0.011,0,0,0.033,0,0,0,0,0.016,0,0,0,0,0,0,0,0,0.011,0,0,0,0,0.001,0,0,0,0.031,0,0,0,0,0.003,0.292,0,0,0,0,0,0,0,0,0,0,0,0,0,0,0,0,0,0,0,0,0,0.011,0,0,0,0,0,0,0,0,0,0,0,0,0,0,0.003,0,0,0,0,0,0,0,0,0,0,0,0,0,0,0,0.014,0.048,0,0,0,0,0,0,0,0,0,0,0,0.003,0.37,0.222
"Dictyosporium","Dictyosporiaceae","Pleosporales","Dothideomycetes","Ascomycota","Fungi",0.027,0,0,0.024,0,0,0,0.003,0.078,0,0,0.04,0,0,0,0,0,0.001,0,0,0,0,0,0.163,0,0.028,0,0,0,0,0,0,0.019,0,0,0,0,0.109,0,0.001,0.039,0,0,0,0,0,0,0,0,0,0,0,0,0,0.001,0,0,0,0,0,0,0,0,0,0,0,0,0,0,0,0,0,0.027,0,0,0,0.02,0.57,0.358,0,0,0,0.084,0,0.001,0,0,0,0,0,0,0,0,0,0,0,0,0,0,0.041,0
"Basidioascus","Geminibasidiaceae","Geminibasidiales","Geminibasidiomycetes","Basidiomycota","Fungi",0,0,0,0,0,0,0,0.002,0,0,0,0.002,0,0,0,0,0,0,0,0,0,0,0,0,0,0.003,0,0,0,0,0,0,0,0,0,0,0,0,0.001,0.005,0.003,0,0,0,0,0,0.001,0,0,0,0,0,0,0,0,0,0,0,0,0,0,0,0,0,0.001,0,0,0,0,0,0,0,0.001,0,0,0.001,0,0,0,0,0,0,0,0.007,0,0,0,0,0,0,0,0,0,0,0,0,0,0,0,0,0
"Botryosphaeria","Botryosphaeriaceae","Botryosphaeriales","Dothideomycetes","Ascomycota","Fungi",0.004,0,0,0.015,0,0,0,0,0.003,0,0,0.003,0,0,0,0,0,0,0,0,0,0,0.001,0,0,0.066,0,0,0,0,0,0,0,0,0,0,0,0,0,0,0.014,0,0,0,0,0,0,0,0,0,0,0,0,0,0,0,0,0,0,0,0,0,0,0,0,0,0,0,0,0,0.002,0,0,0,0,0,0,0,0,0,0,0,0.162,0,0.043,0,0,0,0,0,0,0,0,0,0,0,0,0,0,0,0
"uncl_Podosporaceae","Podosporaceae","Sordariales","Sordariomycetes","Ascomycota","Fungi",0.001,0,0,0.001,0,0.002,0.002,0.001,0,0,0,0.008,0,0,0,0,0.012,0,0,0,0,0,0.002,0,0,0.005,0,0,0,0,0,0,0.002,0,0,0,0,0,0.042,0.002,0,0,0,0,0,0,0,0,0,0,0,0,0.018,0.002,0,0,0.001,0,0,0,0,0,0,0,0,0,0,0,0,0,0.006,0,0,0,0,0,0,0,0,0,0,0,0.013,0.001,0,0,0,0,0,0,0,0,0,0,0,0,0,0,0,0,0.004
"Hyphodermella","Phanerochaetaceae","Polyporales","Agaricomycetes","Basidiomycota","Fungi",0,0,0,0,0,0,0,0,0,0,0,0,0,0,0,0,0,0,0,0,0,0,0.002,0,0,0.001,0.001,0,0,0,0,0,0,0,0,0,0,0,0.001,0,0,0,0,0,0,0,0,0,0,0,0,0,0,0,0,0,0,0,0,0,0,0,0,0,0,0,0,0,0,0.004,0,0.001,0,0,0,0,0,0,0,0,0,0,0,0,0.004,0,0.002,0,0,0,0,0,0,0,0,0,0,0,0,0,0
"Panaeolus","Bolbitiaceae","Agaricales","Agaricomycetes","Basidiomycota","Fungi",0.021,0,0,0.092,0,0,0,0.018,0.007,0,0,0,0,0,0,0.056,0,0,0,0,0,0,0,0.135,0,0.001,0,0,0,0,0,0,0,0,0,0,0,0,0,0,0,0,0,0,0,0,0,0,0,0,0.132,0,0,0,0,0,0,0,0,0,0,0,0,0,0,0,0,0,0,0,0,0,0.895,0.003,0,0,0,0.09,0.008,0,0,0,0,0.002,0.001,0.001,0,0,0,0,0,0,0,0,0,0,0,0,0,0,0
"Brocchiosphaera","Pisorisporiales_fam._incertae_sedis","Pisorisporiales","Sordariomycetes","Ascomycota","Fungi",0.003,0,0,0.005,0.002,0,0,0,0.006,0,0,0.001,0,0,0,0,0,0,0,0,0,0,0,0.019,0,0,0,0,0,0,0,0.003,0.003,0,0,0,0,0.001,0,0,0.003,0,0,0,0,0,0,0,0,0,0,0,0,0,0,0,0,0,0,0,0,0,0,0,0,0,0,0,0,0,0,0,0.013,0.018,0.01,0,0.002,0.081,0.005,0,0,0,0,0,0,0,0,0,0,0,0,0,0,0,0,0,0,0,0.003,0.002,0.004
"uncl_Agaricaceae","Agaricaceae","Agaricales","Agaricomycetes","Basidiomycota","Fungi",0.02,0.001,0.005,0,0,0.027,0.031,0.067,0,0,0.019,0.15,0.005,0,0.016,0,0.348,0,0,0,0.001,0,0,0,0,0,0.001,0,0,0,0.002,0,0,0,0,0.023,0.008,0.001,0,0.498,0,0,0.028,0,0,0,0,0.069,0.003,0,0,0,0.231,0.562,0,0,0,0,0,0,0,0,0,0,0.01,0,0,0,0,0,0,0,0,0,0,0,0,0,0,0,0,0,0,0,0,0,0.003,0,0,0,0,0,0,0,0,0.001,0,0.006,0,0,0
"uncl_Lophiostomataceae","Lophiostomataceae","Pleosporales","Dothideomycetes","Ascomycota","Fungi",0,0.001,0,0,0,0,0,0,0,0,0,0,0,0,0,0,0.002,0.001,0,0,0,0,0,0,0,0.001,0,0,0,0,0,0,0,0,0,0,0,0,0,0.001,0,0,0,0,0,0,0,0,0,0,0,0,0.003,0,0.001,0,0,0,0,0,0,0,0,0,0,0,0,0,0,0,0,0,0,0,0,0,0,0,0,0,0,0,0,0,0.004,0,0,0,0,0,0,0,0,0,0,0.001,0,0,0,0,0
"Pseudoophiosphaerella","Phaeosphaeriaceae","Pleosporales","Dothideomycetes","Ascomycota","Fungi",0,0,0,0,0,0,0,0,0,0,0,0.001,0,0,0,0.001,0,0,0,0,0,0,0,0,0,0.001,0,0,0,0,0,0,0,0,0,0,0,0,0,0.002,0,0,0,0,0,0,0,0,0.001,0,0,0.003,0,0,0,0,0,0,0,0,0,0,0,0,0,0.001,0,0,0,0,0,0,0,0,0,0,0,0,0,0,0,0,0,0,0.002,0,0,0,0,0,0,0,0,0,0,0,0,0,0,0,0
"Tilletiopsis","Entylomataceae","Entylomatales","Exobasidiomycetes","Basidiomycota","Fungi",0,0,0,0,0,0,0,0,0,0,0,0,0,0,0,0,0,0,0,0,0,0,0,0,0,0,0,0,0,0,0,0,0,0,0,0,0,0,0,0,0,0,0,0,0,0,0,0,0,0,0,0,0,0,0,0,0,0,0,0,0,0,0,0,0.001,0,0,0,0,0,0,0,0,0,0,0,0,0,0,0,0,0,0,0,0,0,0,0,0,0,0,0,0,0,0,0,0,0,0,0,0
"Pluteus","Pluteaceae","Agaricales","Agaricomycetes","Basidiomycota","Fungi",0.015,0,0,0.056,0.004,0,0.008,0.019,0.001,0,0,0.002,0,0,0,0,0,0.02,0,0.001,0.102,0.008,0,0,0,0,0,0,0,0,0,0,0.001,0,0,0,0,0,0,0.005,0.001,0,0,0,0,0,0,0,0,0,0.001,0,0,0,0.02,0,0,0,0.001,0.66,0.004,0.143,0.001,0,0.165,0.003,0,0.03,0,0,0,0,0,0,0,0.002,0,0,0,0,0,0,0,0,0,0,0,0,0,0,0,0,0,0,0,0,0,0,0,0.001,0.002
"uncl_Orbiliales","uncl_Orbiliales","Orbiliales","Orbiliomycetes","Ascomycota","Fungi",0.016,0.002,0,0.025,0.013,0.003,0.019,0.023,0.013,0.061,0.002,0.005,0,0.01,0.014,0.03,0.001,0.048,0.004,0,0.019,0,0.009,0.015,0.001,0.003,0.155,0.011,0.002,0.006,0.001,0,0.002,0.117,0,0.001,0.004,0,0.001,0.016,0,0,0,0,0.008,0.014,0,0.002,0.04,0,0.04,0.032,0.001,0,0.048,0.007,0.001,0,0,0.001,0.005,0.056,0.016,0.019,0.056,0.018,0.005,0,0,0.004,0.014,0.008,0.011,0.005,0.045,0.023,0.04,0.016,0.001,0,0,0.003,0.006,0,0.002,0.254,0.056,0,0.021,0.002,0,0.015,0,0.001,0,0.003,0,0,0,0.003,0.002
"uncl_Ambisporaceae","Ambisporaceae","Archaeosporales","Archaeosporomycetes","Glomeromycota","Fungi",0,0,0,0,0,0,0,0,0.001,0,0,0,0,0,0,0,0,0,0,0,0,0,0,0,0.006,0,0,0,0,0,0,0,0,0,0,0,0,0,0,0,0,0,0,0,0,0,0,0,0,0,0.001,0,0,0,0,0,0,0,0,0,0,0,0,0,0,0,0,0,0,0,0,0,0,0,0,0,0,0,0,0,0,0.014,0,0,0,0,0,0,0,0,0,0,0,0,0,0,0,0,0,0,0
"Acrospermum","Acrospermaceae","Acrospermales","Dothideomycetes","Ascomycota","Fungi",0.014,0,0,0,0,0,0,0,0.048,0,0,0,0,0,0.316,0,0,0.007,0,0,0.001,0,0,0,0,0,0,0.002,0,0,0,0,0,0,0,0,0,0,0,0,0,0,0,0,0,0,0,0,0.885,0,0.001,0,0,0,0.007,0,0,0,0,0,0,0.005,0,0,0.002,0,0,0,0,0,0,0,0,0,0,0,0,0,0,0,0,0,0,0,0,0,0,0,0.004,0,0,0,0,0,0,0,0,0,0,0,0
"Neodevriesia","Neodevriesiaceae","Capnodiales","Dothideomycetes","Ascomycota","Fungi",0.004,0,0,0.001,0.016,0,0.001,0.003,0.009,0,0,0,0,0,0,0,0,0,0,0,0.006,0,0.007,0.017,0.001,0.002,0,0.004,0,0,0,0,0,0,0,0,0,0,0,0,0,0,0,0.001,0,0,0,0,0,0,0,0,0,0,0,0,0,0,0,0.003,0.02,0.008,0,0.004,0.001,0.002,0,0,0,0,0.016,0.004,0.001,0,0,0.01,0,0.013,0.061,0.002,0,0.002,0,0,0.005,0,0,0,0.007,0,0,0,0,0,0,0,0,0,0,0.001,0
"Rhizoctonia","Ceratobasidiaceae","Cantharellales","Agaricomycetes","Basidiomycota","Fungi",0,0,0,0,0.002,0,0,0,0,0,0,0.002,0,0,0,0,0,0,0,0,0.001,0,0,0,0,0,0,0,0,0,0,0,0,0,0,0,0,0,0,0,0.008,0,0,0,0,0,0,0,0,0,0,0,0,0,0,0,0,0,0,0,0.003,0,0,0,0,0,0,0,0,0,0,0,0,0,0,0,0,0,0,0,0,0,0,0,0,0,0,0,0,0,0,0,0,0,0,0,0,0,0,0,0
"Fusidium","Xylariales_fam_Incertae_sedis","Xylariales","Sordariomycetes","Ascomycota","Fungi",0,0,0,0.002,0.003,0,0,0,0,0,0,0,0,0,0,0,0,0,0,0,0,0,0,0.001,0,0.001,0.01,0,0,0,0,0,0,0,0,0,0,0,0,0,0.001,0,0,0,0,0,0,0,0.001,0,0,0,0,0,0,0,0,0,0,0,0,0,0,0,0,0,0,0,0,0,0,0,0,0,0.014,0,0,0,0,0,0,0,0,0,0.002,0.018,0.003,0,0,0,0,0,0,0,0,0,0,0,0,0,0
"Cladosporium","Cladosporiaceae","Capnodiales","Dothideomycetes","Ascomycota","Fungi",0,0,0,0,0,0,0,0,0,0,0,0,0,0,0,0,0,0,0,0,0,0,0,0,0,0,0,0,0,0,0,0,0,0,0,0,0,0,0,0,0,0,0,0,0,0,0,0,0,0,0,0,0,0,0,0,0,0,0,0,0,0,0,0,0,0,0,0,0,0,0,0.001,0,0,0,0,0,0,0,0,0,0,0,0,0.001,0,0,0,0,0,0,0,0,0,0,0,0,0,0,0,0
"Anthracocystis","Ustilaginaceae","Ustilaginales","Ustilaginomycetes","Basidiomycota","Fungi",0,0,0,0.001,0,0,0,0,0.001,0,0,0,0,0,0,0,0,0,0,0,0.001,0,0.001,0,0,0.002,0,0,0,0,0,0,0,0,0,0,0,0,0,0,0.002,0,0,0,0,0,0,0,0,0,0,0,0,0,0,0,0,0,0,0.008,0,0,0,0,0,0.004,0,0,0,0,0.002,0,0,0,0,0,0,0,0.001,0,0,0.001,0,0,0.007,0,0,0,0,0,0,0,0,0,0,0,0,0,0,0.001,0
"uncl_Pleosporales_fam_Incertae_sedis","Pleosporales_fam_Incertae_sedis","Pleosporales","Dothideomycetes","Ascomycota","Fungi",0.001,0,0,0,0,0,0,0,0.004,0,0,0,0,0,0,0,0,0.001,0,0,0.008,0,0,0,0,0,0,0,0,0,0,0,0,0,0,0,0,0,0,0,0.001,0,0,0,0,0,0,0,0,0,0,0,0,0,0.001,0,0,0,0,0.001,0,0,0,0,0,0.066,0,0,0,0.001,0,0,0,0,0,0.001,0.001,0,0,0,0,0,0.001,0,0,0,0,0,0,0,0,0,0,0,0,0,0,0,0,0,0.001
"Catenulostroma","Teratosphaeriaceae","Mycosphaerellales","Dothideomycetes","Ascomycota","Fungi",0,0,0,0,0.001,0,0,0,0,0,0,0,0,0,0,0,0,0,0,0,0,0,0,0,0,0.002,0,0,0,0,0,0,0,0,0,0,0,0,0,0,0,0,0,0,0,0,0,0,0,0,0,0,0,0,0,0,0,0,0,0,0.001,0,0,0,0,0,0,0,0,0,0,0,0,0,0,0,0,0,0,0,0,0,0,0,0.005,0,0,0,0,0,0,0,0,0,0,0,0,0,0,0,0
"uncl_Clavicipitaceae","Clavicipitaceae","Hypocreales","Sordariomycetes","Ascomycota","Fungi",0.005,0,0,0.003,0.04,0,0.001,0.003,0.007,0,0,0.001,0,0,0.001,0.005,0,0,0,0,0.018,0.001,0.005,0,0.004,0.019,0.007,0.004,0,0,0,0,0,0.001,0,0,0,0,0,0,0.005,0,0,0,0,0,0,0,0.002,0,0.01,0.002,0,0,0,0,0,0,0,0.012,0.05,0,0.001,0,0.001,0.041,0.005,0.002,0,0.006,0.007,0,0,0,0,0.001,0,0.002,0,0,0.022,0,0.003,0.002,0.054,0.009,0.005,0.007,0.001,0,0,0,0,0,0,0,0,0,0,0,0
"Langdonia","Ustilaginaceae","Ustilaginales","Ustilaginomycetes","Basidiomycota","Fungi",0,0,0,0,0,0,0,0,0,0,0,0,0,0,0,0,0,0.001,0,0,0,0,0,0,0,0.001,0,0,0,0,0,0,0,0,0,0,0,0,0,0,0.001,0,0,0,0,0,0,0,0,0,0,0,0,0,0.001,0,0,0,0,0,0,0,0,0,0,0,0,0,0,0,0,0,0,0,0,0,0,0,0,0,0,0,0.001,0,0.001,0,0,0,0,0,0,0,0,0,0,0,0,0,0,0,0
"Bovista","Lycoperdaceae","Agaricales","Agaricomycetes","Basidiomycota","Fungi",0,0,0,0,0,0,0,0,0,0,0,0,0,0,0,0,0,0,0,0,0,0,0,0,0,0,0,0,0.002,0,0,0,0,0,0,0,0,0,0,0,0,0,0,0,0,0,0,0,0,0,0.001,0,0,0,0,0,0,0,0,0,0,0,0,0,0,0,0,0,0,0,0,0,0,0,0,0,0,0,0,0,0,0,0.001,0,0,0,0,0,0,0.002,0,0,0,0,0,0,0,0,0,0,0
"uncl_Apiosporaceae","Apiosporaceae","Xylariales","Sordariomycetes","Ascomycota","Fungi",0.029,0,0,0.143,0.01,0,0.001,0.002,0.008,0,0,0,0,0,0.026,0.007,0,0,0,0,0.01,0,0.003,0.001,0.576,0.002,0,0.002,0,0,0,0.003,0.003,0,0,0,0,0,0,0,0,0,0,0,0,0,0,0,0.074,0,0,0.017,0,0,0,0,0,0,0,0.029,0.012,0,0.001,0,0.012,0.013,0.015,0,0,0.002,0.007,0,0,0,0,0.008,0,0.001,0,1.376,0,0.017,0,0,0.007,0,0,0.004,0.001,0,0,0,0,0,0,0,0,0,0.003,0.007,0
"Nanoglomus","Glomeraceae","Glomerales","Glomeromycetes","Glomeromycota","Fungi",0,0,0,0,0,0,0,0,0.001,0,0,0,0,0,0,0,0,0,0,0,0,0,0,0.001,0,0,0,0,0,0,0,0.003,0.001,0,0,0,0,0,0,0,0.002,0,0,0,0,0,0,0,0,0,0,0,0,0,0,0,0,0,0,0,0,0,0,0,0,0,0,0,0,0,0,0,0,0,0,0,0,0,0.006,0,0,0,0,0,0,0,0,0,0,0,0,0,0,0,0,0,0,0,0.003,0,0.002
"Microdochium","Amphisphaeriaceae","Xylariales","Sordariomycetes","Ascomycota","Fungi",0,0,0,0,0,0,0,0,0,0,0,0,0,0,0,0,0,0,0,0,0,0,0,0,0,0.001,0,0,0,0,0,0,0,0,0,0,0,0,0,0,0,0,0,0,0,0,0,0,0,0,0,0,0,0,0,0,0,0,0,0,0,0,0,0,0,0,0,0,0,0,0,0,0,0,0,0.002,0,0,0,0,0,0,0,0,0.002,0,0,0,0,0,0,0,0,0,0,0,0,0,0,0,0
"Fonsecazyma","Bulleraceae","Tremellales","Tremellomycetes","Basidiomycota","Fungi",0,0,0,0.001,0,0,0,0,0.001,0,0,0,0,0,0,0,0,0,0,0,0.003,0,0,0,0,0,0,0,0,0,0,0,0,0,0,0,0,0,0,0,0,0,0,0,0,0,0,0,0,0,0,0,0,0,0,0,0,0,0,0.008,0,0.003,0,0,0,0.014,0,0,0,0,0,0,0.002,0,0,0.001,0,0,0,0,0,0,0,0,0,0,0,0,0,0,0,0,0,0,0,0,0,0,0,0,0
"uncl_Mortierellaceae","Mortierellaceae","Mortierellales","Mortierellomycetes","Mortierellomycota","Fungi",0.008,0.011,0.002,0.017,0.001,0.005,0.002,0.007,0.009,0.001,0,0,0.001,0.001,0.002,0.001,0.007,0.048,0.003,0,0.001,0,0.018,0.002,0.004,0.026,0.053,0.02,0,0.099,0.008,0,0.005,0.001,0.001,0,0,0,0.001,0.001,0,0.001,0.004,0.001,0.001,0,0.002,0.005,0,0,0.001,0.002,0.002,0.016,0.048,0.002,0.004,0,0,0.005,0,0,0,0,0,0.006,0,0,0,0.001,0.044,0.003,0.002,0.002,0.002,0.003,0.005,0.002,0,0.006,0,0.003,0.026,0,0.053,0.078,0.029,0.023,0.017,0,0.455,0,0.02,0.013,0.019,0.006,0,0.002,0,0.004,0.006
"Cruentomycena","Tricholomataceae","Agaricales","Agaricomycetes","Basidiomycota","Fungi",0.025,0,0,0,0,0,0.126,0,0,0,0,0,0,0,0,0,0,0,0,0,0,1.093,0,0,0,0,0,0,0,0,0,0,0,0,0,0,0,0,0,0,0.002,0,0,0,0,0,0,0,0,0,0,0,0,0,0,0,0,0,0,0,0,0,0,0,0,0,0,4.097,0,0,0,0,0,0,0,0,0,0,0,0,0,0,0,0,0,0,0,0,0,0,0,0,0,0,0,0,0,0,0,0,0
"Distoseptispora","Distoseptisporaceae","Distoseptisporales","Sordariomycetes","Ascomycota","Fungi",0,0,0,0,0,0,0,0,0.001,0,0,0.004,0,0,0,0,0,0,0,0,0,0,0,0,0,0,0,0,0,0,0,0,0,0,0,0,0,0,0,0,0.015,0,0,0,0,0,0,0,0,0,0,0,0,0,0,0,0,0,0,0,0,0,0,0,0,0,0,0,0,0,0,0,0,0,0,0,0,0,0,0,0,0,0,0,0,0,0,0,0,0,0,0,0,0,0,0,0,0,0,0,0
"uncl_Pisorisporiales","uncl_Pisorisporiales","Pisorisporiales","Sordariomycetes","Ascomycota","Fungi",0.021,0,0,0.004,0.002,0,0,0.005,0.067,0,0,0.013,0,0,0,0,0,1.555,0,0,0.001,0,0,0.007,0,0.001,0,0,0,0,0,0.231,0.033,0,0,0,0,0,0.001,0.041,0.002,0,0,0,0,0,0,0,0,0,0,0,0,0,1.555,0,0,0,0,0,0.002,0,0.001,0,0,0,0,0,0,0,0,0,0,0,0,0,0,0.05,0.001,0,0,0,0,0,0.004,0,0,0,0,0,0,0,0,0,0,0,0,0,0.231,0.052,0.015
"Tubeufia","Tubeufiaceae","Tubeufiales","Dothideomycetes","Ascomycota","Fungi",0.003,0,0,0,0.011,0,0,0.005,0.006,0,0.001,0.034,0,0,0,0.001,0,0,0,0,0.003,0,0,0,0.003,0,0,0,0,0,0,0,0.006,0,0,0.001,0,0,0,0.037,0.091,0,0,0,0,0,0,0,0,0,0.001,0.003,0,0,0,0,0,0,0,0,0.014,0,0,0,0,0,0,0,0,0,0,0,0,0,0,0,0.001,0,0,0,0,0.007,0,0,0,0,0,0,0,0,0,0,0,0,0,0,0,0,0,0,0.011
"Scytalidium","Helotiaceae","Helotiales","Leotiomycetes","Ascomycota","Fungi",0.012,0,0,0,0,0,0,0,0.042,0,0,0,0,0.002,0,0,0,0.003,0,0,0,0,0,0,0,0,0.389,0,0,0,0,0,0,0,0,0,0,0,0,0,0.001,0,0,0,0.003,0,0,0,0,0,0,0,0,0,0.003,0,0,0,0,0,0,0,0,0,0,0,0,0,0,0,0,0,0,0,0,0,0,0,0,0,0,0,0,0,0,0,0.778,0,0,0,0,0,0,0,0,0,0,0,0,0,0
"Lycoperdon","Lycoperdaceae","Agaricales","Agaricomycetes","Basidiomycota","Fungi",0.002,0,0,0,0,0.003,0,0.01,0.001,0,0,0,0,0.021,0,0,0,0.01,0,0,0,0,0.004,0.01,0,0,0,0,0,0,0,0,0.001,0,0,0,0,0,0,0,0.001,0,0,0,0.031,0,0,0,0,0,0,0,0,0,0.01,0,0,0,0,0,0,0.002,0,0,0,0.001,0,0,0,0,0,0.013,0,0,0,0,0.08,0,0,0,0,0,0,0.001,0,0,0.001,0,0,0,0,0,0,0,0,0,0,0,0,0.003,0
"Vararia","Lachnocladiaceae","Russulales","Agaricomycetes","Basidiomycota","Fungi",0.565,0.001,3.509,0,4.962,0.001,1.659,0.022,0.149,0,0,0,0.017,0.001,0.033,0,0,0,0,1.356,3.029,0,0,0.279,0,0,0,0.022,0,0.004,1.06,0,0,0,0,0,0,0,0,0,0,0,0,0.04,0,0.002,0.003,0,0.089,0,0,0,0,0,0,0,0,0.02,1.546,0,6.202,3.452,5.789,0.015,0.011,1.354,0,0,0,0,0,0,0,0.001,0,2.561,0.16,0,0,0,0,0,0,0,0,0,0,0,0.04,0,0,0,0.01,0.001,0.001,0,1.038,4.079,0,0,0
"uncl_Hyponectriaceae","Hyponectriaceae","Xylariales","Sordariomycetes","Ascomycota","Fungi",0,0,0,0,0,0,0,0.001,0,0,0,0,0,0,0,0,0,0,0,0,0,0,0.002,0,0,0.001,0,0,0,0,0,0,0,0,0,0,0,0,0,0,0.001,0,0,0,0,0,0,0,0,0,0,0,0,0,0,0,0,0,0,0,0,0,0,0,0.001,0,0,0,0,0.003,0.003,0,0,0,0,0,0,0,0,0,0,0,0.001,0,0.001,0,0,0,0,0,0,0,0,0,0,0,0,0,0,0,0
"Corticifraga","Gomphillaceae","Ostropales","Lecanoromycetes","Ascomycota","Fungi",0,0,0,0,0,0,0,0,0,0.001,0,0,0,0,0,0,0,0,0,0,0,0,0,0,0.001,0,0,0,0,0,0,0,0,0.002,0,0,0,0,0,0,0,0,0,0,0,0,0,0,0.001,0,0,0,0,0,0,0,0,0,0,0,0,0,0,0,0,0,0,0,0,0,0,0,0,0,0,0,0,0.001,0,0.001,0,0.002,0,0,0.001,0,0,0,0,0,0,0,0,0,0,0,0,0,0,0,0
"uncl_Helotiaceae","Helotiaceae","Helotiales","Leotiomycetes","Ascomycota","Fungi",0,0,0,0.002,0.001,0,0,0.001,0,0,0,0,0,0,0,0.003,0,0,0,0,0,0,0,0,0.006,0.001,0,0,0,0,0,0,0,0,0,0,0,0,0,0,0,0,0,0,0,0,0,0,0,0,0.007,0,0,0,0,0,0,0,0,0,0.001,0,0,0,0,0,0,0,0,0,0,0,0,0,0,0,0,0,0,0.012,0,0.002,0.003,0,0,0,0.001,0,0,0,0,0,0,0,0,0,0,0,0,0,0
"Claroideoglomus","Claroideoglomeraceae","Glomerales","Glomeromycetes","Glomeromycota","Fungi",0.001,0,0,0.002,0,0.002,0.001,0,0.001,0,0,0,0,0.011,0,0.001,0,0,0.001,0,0,0,0.001,0.001,0.001,0,0.008,0,0.012,0.006,0,0,0,0,0,0,0,0,0,0,0,0,0,0,0.016,0,0,0,0,0.004,0,0,0,0,0,0.002,0,0,0,0,0,0,0,0,0.001,0,0,0,0,0,0,0.002,0.003,0.002,0.002,0.001,0.001,0.001,0,0.001,0,0.002,0,0,0,0.009,0.008,0.001,0,0.012,0.03,0,0,0,0,0,0,0,0,0,0
"uncl_Tremellomycetes","uncl_Tremellomycetes","uncl_Tremellomycetes","Tremellomycetes","Basidiomycota","Fungi",0.005,0.007,0.006,0,0,0.018,0.001,0,0.007,0.002,0,0,0.045,0.002,0.033,0,0.045,0,0,0.005,0,0,0,0,0,0,0,0,0.002,0,0.007,0,0,0.003,0,0,0,0,0,0,0,0,0,0.105,0.002,0.002,0.072,0,0.005,0,0,0,0.068,0.002,0,0,0.001,0,0.006,0,0,0.002,0,0,0,0,0,0,0,0,0,0,0,0,0,0,0.002,0,0,0,0,0,0,0,0,0,0,0,0,0.002,0,0,0,0.003,0.026,0.002,0.003,0.006,0,0.001,0
"Lepiota","Agaricaceae","Agaricales","Agaricomycetes","Basidiomycota","Fungi",0,0,0,0,0,0,0.001,0.001,0,0,0,0,0,0,0.001,0,0.008,0,0,0,0.001,0,0,0,0,0,0,0,0.002,0,0,0,0,0,0,0,0,0,0.001,0,0,0,0,0,0,0,0,0,0.004,0,0,0,0,0.023,0,0,0,0,0,0,0,0,0,0,0.004,0.001,0,0,0,0,0.001,0,0,0,0,0,0,0,0,0,0,0,0,0,0,0,0,0,0,0.002,0,0,0,0,0,0,0,0,0,0,0
"uncl_Psathyrellaceae","Psathyrellaceae","Agaricales","Agaricomycetes","Basidiomycota","Fungi",0.344,0.057,0.004,0.276,3.142,0.02,0.038,0.116,0.52,0,0.001,1.137,0.174,0,0.04,0.465,0.001,0,0,1.444,0.707,0.007,0.031,0.897,0,0.022,0,0,0,0.002,0.041,0,0.024,0,0,0.002,0,2.913,0,0.361,0.909,0,0,0.405,0,0,0,0.185,0,0.37,0.362,0.62,0.001,0,0,0,0,0,1.651,0.004,3.161,0.005,0.051,0,0,0,0,0.015,0.004,0.003,0.081,0,0,0.012,3.062,0.092,0.002,3.993,0.776,0,0,0.001,0.002,0.061,0,0,0,0,0,0,0,0.005,0,0,0,0.105,0,0.005,0,0.018,0.031
"Leucoagaricus","Agaricaceae","Agaricales","Agaricomycetes","Basidiomycota","Fungi",0,0,0,0,0,0.001,0.001,0,0,0,0.005,0.002,0,0,0,0,0,0,0,0,0,0,0,0,0,0,0,0,0,0,0,0,0,0,0,0.007,0,0,0.014,0,0,0,0,0,0,0,0,0,0,0,0,0,0,0,0,0,0,0,0,0,0,0,0,0,0,0,0,0,0,0,0,0,0,0,0,0,0,0,0,0,0,0,0,0,0,0,0,0,0,0,0,0,0,0,0,0,0,0,0,0,0
"Auxarthron","Onygenaceae","Onygenales","Eurotiomycetes","Ascomycota","Fungi",0,0,0,0,0,0,0,0,0,0,0,0,0.002,0,0,0,0,0,0,0,0,0,0,0,0,0,0,0,0,0,0,0,0,0,0,0,0,0,0,0,0,0.004,0,0,0,0,0,0,0,0,0,0,0,0,0,0,0,0,0,0,0,0,0,0,0,0,0,0,0,0,0,0,0,0,0,0,0,0,0,0,0,0,0,0,0,0,0,0,0,0,0,0,0,0,0,0,0,0,0,0,0
"Montagnea","Agaricaceae","Agaricales","Agaricomycetes","Basidiomycota","Fungi",0.009,0.164,0,0,0,0.057,0,0,0,0,0,0,0,0,0,0,0,0,0,0,0,0,0,0,0,0,0,0,0,0,0.114,0,0,0,0,0,0,0,0,0,0,0.001,0,0,0,0,0,0,0,0,0,0,0,0,0,0,0,0,0,0,0,0,0,0,0,0,0,0,0,0,0,0,0,0,0,0,0,0,0,0,0,0,0,0,0,0,0,0,0,0,0,0,0,0,0,0.303,0,0,0,0,0
"Tulostoma","Agaricaceae","Agaricales","Agaricomycetes","Basidiomycota","Fungi",0.022,0.006,0.025,0,0,0.127,0.004,0,0.002,0.012,0,0,0.321,0,0.048,0,0.18,0,0,0,0,0,0,0,0,0,0,0,0,0,0.012,0,0,0,0.025,0,0,0,0,0,0,0.812,0.012,0,0,0,0.101,0.008,0.009,0,0,0,0.278,0.002,0,0,0,0,0,0,0,0,0,0,0,0.001,0,0,0,0,0,0,0,0,0,0,0,0,0,0,0,0,0,0,0,0,0,0,0,0,0,0,0,0.005,0.001,0.007,0,0.031,0,0,0
"uncl_Mortierellales","uncl_Mortierellales","Mortierellales","Mortierellomycetes","Mortierellomycota","Fungi",0.024,0.336,0.096,0.002,0,0.119,0.022,0.001,0.001,0,0,0.001,0.001,0.011,0.002,0.001,0.006,0,0.043,0.004,0.001,0.001,0.005,0,0.004,0.002,0,0,0.007,0,0.264,0.003,0.002,0,0,0,0,0.001,0.006,0,0.001,0.003,0,0,0.005,0.022,0.005,0,0.001,0,0.001,0.003,0,0.016,0,0.002,0.092,0.03,0,0.004,0,0.005,0.001,0,0,0,0,0.005,0,0.013,0.002,0,0,0,0,0,0,0,0,0,0,0.01,0.003,0.003,0,0,0,0,0,0.007,0,0,0,1.02,0.355,0.021,0.007,0.117,0.003,0.004,0
"Paraphoma","Phaeosphaeriaceae","Pleosporales","Dothideomycetes","Ascomycota","Fungi",0,0,0,0,0,0,0.001,0,0,0,0,0,0,0,0,0,0.007,0,0,0.001,0,0,0,0,0,0,0,0,0,0,0,0,0,0,0,0,0,0,0,0,0,0,0,0,0,0,0,0,0,0,0,0,0,0.02,0,0,0,0,0.001,0,0,0,0,0,0,0,0,0,0,0,0,0,0,0,0,0,0,0,0,0,0,0,0,0,0,0,0,0,0,0,0,0,0,0,0,0,0,0,0,0,0
"uncl_Meruliaceae","Meruliaceae","Polyporales","Agaricomycetes","Basidiomycota","Fungi",0.003,0,0,0,0,0.016,0,0,0,0,0,0,0.059,0,0,0,0,0.001,0,0,0,0,0,0,0,0,0,0,0,0,0,0,0,0,0,0,0,0,0,0,0,0.15,0,0,0,0,0,0,0,0,0,0,0,0,0.001,0,0,0,0,0,0,0,0,0,0,0,0,0,0,0,0,0,0,0,0,0,0,0,0,0,0,0,0,0,0,0,0.001,0,0,0,0,0,0,0,0,0,0,0,0,0,0
"Hyalorbilia","Orbiliaceae","Orbiliales","Orbiliomycetes","Ascomycota","Fungi",0.005,0,0,0,0,0.02,0,0,0.005,0.034,0,0,0.074,0,0,0,0,0,0,0,0,0,0,0,0,0,0,0.003,0,0,0,0,0,0,0.071,0,0,0,0,0,0,0.19,0,0,0,0,0,0,0,0,0,0,0,0,0,0,0,0,0,0,0,0,0,0,0.003,0.001,0,0,0,0,0,0,0,0,0,0,0,0,0,0,0,0,0,0,0,0,0,0,0.006,0,0,0,0,0,0,0,0,0,0,0,0
"Monosporascus","Diatrypaceae","Xylariales","Sordariomycetes","Ascomycota","Fungi",0,0,0,0,0,0,0.001,0,0,0,0,0,0.002,0,0,0,0.003,0,0,0,0,0,0,0,0,0,0,0,0,0,0,0,0,0,0,0,0,0,0,0,0,0,0.012,0,0,0,0,0,0,0,0.001,0,0,0.008,0,0,0,0,0,0,0,0,0,0,0,0,0,0,0,0,0,0,0,0,0,0,0,0,0,0,0,0,0,0,0,0,0,0,0,0,0,0,0,0,0,0,0,0,0,0,0
"Wilcoxina","Pyronemataceae","Pezizales","Pezizomycetes","Ascomycota","Fungi",0.009,0,0,0,0,0,0,0,0.032,0,0,0,0.211,0,0,0,0,0,0,0,0,0,0,0,0,0,0,0,0,0,0,0,0,0,0,0,0,0,0,0,0,0,0,0.493,0,0,0,0,0,0,0,0,0,0,0,0,0,0,0,0,0,0,0,0,0,0,0,0,0,0,0,0,0,0,0,0,0,0,0,0,0,0,0,0,0,0,0,0,0,0,0,0,0,0,0,0,0,0,0,0,0
"Solicoccozyma","Piskurozymaceae","Filobasidiales","Tremellomycetes","Basidiomycota","Fungi",0,0,0,0,0,0,0,0,0,0,0,0,0,0,0,0,0,0,0.001,0,0,0.001,0.001,0,0,0,0,0,0,0,0,0,0,0,0,0,0,0,0,0,0,0,0,0.001,0,0,0,0,0,0,0,0,0,0,0,0,0.002,0,0,0,0,0,0,0,0.001,0,0,0.002,0,0.003,0,0.001,0,0,0,0,0.001,0,0,0.001,0,0,0,0,0,0,0,0,0.001,0,0,0,0,0,0,0,0,0,0,0,0
"Taphrina","Taphrinaceae","Taphrinales","Taphrinomycetes","Ascomycota","Fungi",0,0,0,0,0,0,0,0,0,0,0,0,0,0,0,0,0,0,0,0,0,0,0,0,0,0,0,0,0,0,0,0,0,0,0,0,0,0,0,0,0,0,0,0,0,0,0,0,0,0,0,0,0,0,0,0,0,0,0,0,0,0.002,0,0,0,0,0,0,0,0,0,0,0,0,0,0,0,0,0,0,0,0,0,0,0,0,0,0,0,0,0,0,0,0,0,0,0,0,0,0,0
"Thysanorea","Herpotrichiellaceae","Chaetothyriales","Eurotiomycetes","Ascomycota","Fungi",0.006,0,0,0,0,0,0,0,0.022,0,0,0,0.145,0,0,0,0,0,0,0,0,0,0,0,0,0,0,0,0,0,0,0.026,0,0,0,0,0,0,0,0,0,0,0,0.339,0,0,0,0,0,0,0,0,0,0,0,0,0,0,0,0,0,0,0,0,0,0,0,0,0,0,0,0,0,0,0,0,0,0,0,0,0,0,0,0,0,0,0,0,0,0,0,0,0,0,0,0,0,0,0.026,0,0
"uncl_Lichenostigmatales","uncl_Lichenostigmatales","Lichenostigmatales","Arthoniomycetes","Ascomycota","Fungi",0,0,0,0,0,0,0,0,0,0,0,0,0.001,0,0,0,0,0,0,0,0,0,0,0,0,0,0,0,0,0,0,0,0,0,0,0,0,0,0,0,0,0,0,0.002,0,0,0,0,0,0,0,0,0,0,0,0,0,0,0,0,0,0,0,0,0,0,0,0,0,0,0,0,0,0,0,0,0,0,0,0,0,0,0,0,0,0,0,0,0,0,0,0,0,0,0,0,0,0,0,0,0
"uncl_Thelephoraceae","Thelephoraceae","Thelephorales","Agaricomycetes","Basidiomycota","Fungi",0.082,0,0,0.159,0.002,0,0.006,0.024,0.173,0,0,0,0.627,0,0.206,0,0,0.212,0,0.103,0.001,0,0.055,0,0,0.012,0.024,1.156,0,0,0,0,0,0,0.001,0,0,0,0,0,0.001,0,0,1.463,0,0,0.002,0,0.574,0,0,0,0,0,0.212,0,0,0.82,0,0.001,0.002,0,0,0,0,0,0,0,0,0,0.145,0.001,0,0,0,0,0,0.001,0,0,0,0.001,0,0.034,0,0,0.047,1.87,0.561,0,0,0,0,0,0,0,0,0,0,0,0
"Aquilomyces","Morosphaeriaceae","Pleosporales","Dothideomycetes","Ascomycota","Fungi",0,0,0,0,0,0,0,0,0.001,0,0,0,0.003,0,0,0,0,0,0,0,0,0,0,0,0.001,0,0,0,0,0,0,0,0,0,0,0,0,0,0,0,0,0,0,0.007,0,0,0,0,0,0,0,0,0,0,0,0,0,0,0,0,0,0,0,0,0,0,0,0,0,0,0,0,0,0,0,0,0,0,0,0,0,0.002,0,0,0,0,0,0,0,0,0,0,0,0,0,0,0,0,0,0,0
"Exophiala","Herpotrichiellaceae","Chaetothyriales","Eurotiomycetes","Ascomycota","Fungi",0.001,0,0,0,0,0,0,0,0.003,0.001,0,0,0.013,0,0.004,0,0,0,0,0,0.001,0,0.001,0,0.002,0,0,0,0,0,0,0,0,0.001,0.001,0,0,0,0,0,0,0,0,0.03,0,0,0,0,0.01,0,0,0,0,0,0,0.001,0,0,0,0,0,0,0,0,0,0.006,0,0,0,0,0,0.002,0,0,0,0,0,0,0,0.004,0,0,0,0,0.001,0,0,0,0,0,0,0,0,0,0,0,0,0,0,0,0
"Tricholoma","Tricholomataceae","Agaricales","Agaricomycetes","Basidiomycota","Fungi",0,0,0,0,0,0,0,0,0,0,0,0,0.001,0,0,0,0,0,0,0,0,0,0,0,0,0,0,0,0,0,0,0,0,0,0,0,0,0,0,0,0,0,0,0.003,0,0,0,0,0,0,0,0,0,0,0,0,0,0,0,0,0,0,0,0,0,0,0,0,0,0,0,0,0,0,0,0,0,0,0,0,0,0,0,0,0,0,0,0,0,0,0,0,0,0,0,0,0,0,0,0,0
"Curvibasidium","Microbotryomycetes_fam_Incertae_sedis","Microbotryomycetes_ord_Incertae_sedis","Microbotryomycetes","Basidiomycota","Fungi",0.002,0,0,0.009,0,0,0,0,0.001,0,0,0,0.001,0,0.001,0,0,0,0,0,0.012,0,0,0,0,0,0.004,0,0,0,0,0,0,0,0,0,0,0,0,0,0,0,0,0.002,0,0,0,0,0.002,0,0,0,0,0,0,0,0,0,0,0.105,0,0,0,0,0,0.001,0,0,0,0,0,0.001,0,0,0,0,0,0,0,0,0,0,0,0,0,0,0.009,0,0,0,0,0,0,0,0,0,0,0,0,0,0
"Suillus","Suillaceae","Boletales","Agaricomycetes","Basidiomycota","Fungi",0.009,0,0,0.048,0,0,0,0,0.002,0,0,0,0,0,0,0,0,0.021,0,0,0,0,0,0,0,0,0,0.264,0,0,0,0,0,0,0,0,0,0,0,0,0,0,0,0.001,0,0,0,0,0,0,0,0,0,0,0.021,0,0,0,0,0,0,0,0,0,0,0,0,0,0,0,0,0,0,0,0,0,0,0,0,0,0,0,0,0,0,0,0,0.568,0.011,0,0,0,0,0,0,0,0,0,0,0,0
"uncl_Peniophoraceae","Peniophoraceae","Russulales","Agaricomycetes","Basidiomycota","Fungi",0.005,0,0,0,0,0,0,0.001,0.016,0,0,0.001,0.097,0,0,0.001,0,0,0,0,0,0.001,0.001,0,0,0.002,0.005,0,0,0,0,0,0.001,0,0,0,0,0,0,0.002,0,0,0,0.227,0,0,0,0,0,0,0.003,0,0,0,0,0,0,0,0,0,0,0,0,0,0,0.001,0,0,0.002,0.002,0,0,0,0,0,0.001,0,0,0,0,0,0,0,0,0.005,0,0.01,0,0,0,0,0,0,0,0,0,0,0,0,0,0.003
"Rhodotorula","Sporidiobolaceae","Sporidiobolales","Microbotryomycetes","Basidiomycota","Fungi",0,0,0,0,0,0,0,0,0,0,0,0,0,0,0.001,0,0,0,0,0,0,0,0,0,0.001,0,0.002,0,0,0,0,0,0,0,0,0,0,0,0,0,0,0,0,0.001,0,0,0,0,0.003,0,0,0,0,0,0,0.001,0,0,0,0,0,0,0,0,0,0,0,0,0,0,0,0,0,0,0,0,0,0,0,0.002,0,0,0,0,0,0.001,0.003,0,0,0,0,0,0,0,0,0,0,0,0,0,0
"Tetraploa","Tetraplosphaeriaceae","Pleosporales","Dothideomycetes","Ascomycota","Fungi",0.031,0,0,0.011,0.001,0,0,0.004,0.102,0,0,0,0.019,0,0.351,0.025,0,0,0,0,0.009,0,0.001,0.044,0.125,0.008,0.043,0,0,0,0,0.016,0,0,0,0,0,0,0,0,0,0,0,0.044,0,0,0,0,0.982,0,0.001,0.063,0,0,0,0,0,0,0,0.003,0.001,0,0,0,0.001,0.062,0.01,0,0,0.002,0,0.002,0,0,0,0.001,0.009,0.316,0,0.105,0.004,0.195,0.001,0.018,0.004,0.003,0.082,0,0,0,0,0,0,0,0,0,0,0,0.016,0.001,0
"Pustularia","Pyronemataceae","Pezizales","Pezizomycetes","Ascomycota","Fungi",0,0,0,0,0,0,0,0,0,0,0,0,0,0,0,0,0,0,0,0,0,0,0,0,0,0,0,0,0,0,0,0,0,0,0,0,0,0,0,0,0,0,0,0.001,0,0,0,0,0,0,0,0,0,0,0,0,0,0,0,0,0,0,0,0,0,0,0,0,0,0,0,0,0,0,0,0,0,0,0,0,0,0,0,0,0,0,0,0,0,0,0,0,0,0,0,0,0,0,0,0,0
"uncl_Lentitheciaceae","Lentitheciaceae","Pleosporales","Dothideomycetes","Ascomycota","Fungi",0.001,0.001,0,0,0,0.003,0,0,0,0,0,0,0,0,0,0,0.018,0,0,0,0,0,0,0.001,0.001,0,0,0,0,0,0.001,0,0,0,0,0,0,0,0,0,0,0,0,0,0,0,0,0,0,0,0,0,0.028,0,0,0,0,0,0,0,0,0,0,0,0,0,0,0,0,0,0,0,0.001,0,0,0,0,0.006,0,0,0.002,0.001,0,0,0,0,0,0,0,0,0,0,0,0.003,0,0,0,0,0,0,0
"Capronia","Herpotrichiellaceae","Chaetothyriales","Eurotiomycetes","Ascomycota","Fungi",0.001,0,0,0.002,0,0,0,0.002,0.001,0,0,0,0,0,0,0.002,0,0,0,0,0,0,0.001,0,0.01,0.004,0,0.003,0,0,0,0,0,0,0,0,0,0,0,0,0,0,0,0,0,0,0,0,0,0,0,0.005,0,0,0,0,0,0,0,0,0,0,0,0,0,0,0,0,0,0,0.002,0,0,0,0,0,0,0,0,0.013,0,0.012,0,0.011,0,0,0,0.003,0.002,0,0,0,0,0,0,0,0,0,0,0,0
"Dirkmeia","Ustilaginaceae","Ustilaginales","Ustilaginomycetes","Basidiomycota","Fungi",0,0,0,0,0,0,0,0,0,0,0,0,0,0,0,0,0,0,0,0,0,0,0.001,0,0,0,0,0,0,0,0,0,0,0,0,0,0,0,0,0,0,0,0,0,0,0,0,0,0,0,0,0,0,0,0,0,0,0,0,0,0,0,0,0,0,0,0,0,0,0,0.002,0,0,0,0,0,0,0,0,0,0,0,0,0,0,0,0,0.001,0,0,0,0,0,0,0,0,0,0,0,0,0
"Paradevriesia","Paradevriesiaceae","Capnodiales","Dothideomycetes","Ascomycota","Fungi",0.002,0,0,0,0.002,0,0,0,0.007,0,0,0,0,0,0,0,0,0,0,0,0.016,0,0.001,0,0,0,0,0,0,0,0,0,0,0,0,0,0,0,0,0,0,0,0,0,0,0,0,0,0,0,0,0,0,0,0,0,0,0,0,0.002,0.003,0,0,0,0,0.12,0,0,0,0,0,0.002,0,0,0,0.001,0.001,0,0,0,0,0.001,0,0,0,0,0,0,0,0,0,0,0,0,0,0,0,0,0,0,0
"uncl_Microbotryomycetes","uncl_Microbotryomycetes","uncl_Microbotryomycetes","Microbotryomycetes","Basidiomycota","Fungi",0.003,0.001,0.001,0,0.001,0.014,0,0,0.003,0,0,0,0.001,0.09,0,0,0,0,0,0,0.001,0,0,0,0.016,0,0,0.001,0,0.004,0.001,0,0,0,0,0,0,0,0,0,0.001,0,0,0.003,0.13,0,0,0,0,0,0,0,0,0,0,0,0,0,0,0.001,0.001,0.002,0,0,0,0,0,0,0,0,0,0,0,0,0,0.001,0,0,0,0,0.004,0.036,0,0,0,0,0,0.001,0.001,0,0.02,0,0,0.005,0,0,0,0.001,0,0,0
"Pulvinula","Pyronemataceae","Pezizales","Pezizomycetes","Ascomycota","Fungi",0.002,0.001,0,0.001,0,0.001,0.011,0,0,0,0,0.001,0.001,0,0,0,0.085,0,0,0,0,0,0,0.001,0,0,0,0,0,0,0.001,0,0,0,0,0,0,0.002,0,0.002,0,0.003,0,0,0,0,0,0,0,0,0,0,0,0.241,0,0,0,0,0,0,0,0,0,0,0,0,0,0,0,0,0,0,0.004,0,0,0,0,0,0,0,0,0,0,0,0,0,0,0,0,0,0,0,0,0,0,0.002,0,0,0,0,0
"Arcopilus","Chaetomiaceae","Sordariales","Sordariomycetes","Ascomycota","Fungi",0.018,0,0,0.092,0,0,0,0,0.005,0,0,0,0,0.002,0,0,0,0,0,0,0,0,0.347,0,0,0,0,0.03,0,0,0,0,0,0,0,0,0,0,0,0,0,0,0,0,0.003,0,0,0,0,0,0,0,0,0,0,0,0,0,0,0,0,0,0,0,0,0,0,0,0,0.942,0,0.083,0,0,0,0,0,0,0,0,0,0,0,0,0,0,0,0.05,0.013,0,0,0,0,0,0,0,0,0,0,0.001,0
"Chlorophyllum","Agaricaceae","Agaricales","Agaricomycetes","Basidiomycota","Fungi",0,0,0,0,0,0,0.002,0,0,0,0,0,0,0.001,0,0,0.017,0,0,0,0,0,0,0,0,0,0,0,0,0,0,0,0,0,0,0,0,0,0,0,0,0,0,0,0.002,0,0,0,0,0,0,0,0,0.049,0,0,0,0,0,0,0,0,0,0,0,0,0,0,0,0,0,0,0,0,0,0,0,0,0,0,0,0,0,0,0,0,0,0,0,0,0,0,0,0,0,0,0,0,0,0,0
"uncl_Stereaceae","Stereaceae","Russulales","Agaricomycetes","Basidiomycota","Fungi",0.017,0,0,0,0,0.096,0,0,0.003,0,0,0,0,0.636,0.022,0,0,0,0,0,0,0,0,0,0,0,0,0,0,0,0,0,0,0,0,0,0,0,0,0,0,0,0,0,0.926,0,0,0,0.06,0,0,0,0,0,0,0,0,0,0,0,0,0,0,0,0,0,0,0,0,0,0,0,0,0,0,0,0,0,0,0,0,0,0,0,0,0,0,0,0,0,0,0,0,0,0,0,0,0,0,0,0
"Geastrum","Geastraceae","Geastrales","Agaricomycetes","Basidiomycota","Fungi",0.125,0.008,1.163,0.08,0.002,0.184,0.149,0.074,0.146,0.83,0.001,0.001,0,0.586,0.006,0.175,0.576,0.006,0,0,0.003,0,0.209,0,0.139,0.002,0.004,0.379,0,0,0.357,0,0,0.036,1.695,0.001,0,0,0,0,0.004,0,0,0,0.853,0,0,0,0.018,0.006,0,0.444,0.89,0,0.006,0,0.001,0,0,0.005,0.002,0.008,0.003,0.009,0,0.001,0,0,0,0.002,0.544,0.018,0,0.002,0,0,0,0,0,0.324,0.032,0,0.003,0.002,0.002,0.001,0.007,0.535,0.25,0,0,0,0,0.032,0,0,6.195,0.002,0,0,0
"uncl_Agaricostilbales","uncl_Agaricostilbales","Agaricostilbales","Agaricostilbomycetes","Basidiomycota","Fungi",0.004,0,0,0.004,0.001,0,0.005,0.013,0.002,0,0,0.001,0,0.002,0,0.008,0,0,0,0,0.007,0,0,0.012,0.027,0,0,0,0,0,0,0,0,0,0,0,0,0,0,0.002,0,0,0,0,0.004,0,0,0,0,0,0.012,0.007,0,0,0,0,0,0,0,0,0,0,0.03,0.001,0,0,0,0,0,0,0,0,0,0,0.004,0.005,0.093,0,0,0.04,0,0.026,0,0,0,0,0,0,0,0,0,0,0,0,0,0,0,0,0,0,0
"Sparassis","Fomitopsidaceae","Polyporales","Agaricomycetes","Basidiomycota","Fungi",0.044,0,0,0.195,0,0,0,0,0.03,0,0,0,0,0,0,0,0,0,0,0,0,0,0,0.073,0,0.484,0,0,0,0,0,1.875,0,0,0,0,0,0,0,0,0,0,0,0,0,0,0,0,0,0,0,0,0,0,0,0,0,0,0,0,0,0,0,0,0,0,0,0,0,0,0,0,0.002,0.325,0,0,0,0,0,0,0,0,1.497,0,0,0,0,0,0,0,0,0,0,0,0,0,0,0,1.875,0,0
"uncl_Entrophosporales","uncl_Entrophosporales","Entrophosporales","Glomeromycetes","Glomeromycota","Fungi",0,0,0,0,0,0,0,0,0,0,0,0,0,0,0,0,0,0,0,0,0,0,0,0,0,0,0,0,0,0,0,0,0,0,0,0,0,0,0,0,0,0,0,0,0,0,0,0,0.001,0,0,0,0,0,0,0,0,0,0,0,0,0,0,0,0,0,0,0,0,0,0,0,0,0,0,0.002,0,0,0,0,0,0,0,0,0,0,0,0,0,0,0,0,0,0,0,0,0,0,0,0,0
"Leucosporidium","Leucosporidiaceae","Leucosporidiales","Microbotryomycetes","Basidiomycota","Fungi",0.001,0,0,0.007,0,0,0,0,0,0,0,0,0,0.001,0,0,0,0,0,0,0,0,0,0.01,0,0,0,0,0,0,0,0,0,0,0,0,0,0,0,0,0,0,0,0,0,0.002,0,0,0,0,0,0,0,0,0,0,0,0,0,0.001,0,0,0,0,0,0,0,0,0,0,0,0.001,0.072,0,0,0,0,0,0,0,0,0,0,0,0,0,0,0,0,0,0,0,0,0,0,0,0,0,0,0,0
"uncl_Coniochaetaceae","Coniochaetaceae","Coniochaetales","Sordariomycetes","Ascomycota","Fungi",0,0,0,0,0,0,0,0,0,0,0,0,0,0.002,0,0,0,0,0,0,0,0,0.002,0,0.001,0,0,0,0,0,0,0,0,0,0,0,0,0,0,0,0,0,0,0,0,0.006,0,0,0.001,0,0,0,0,0,0,0,0,0,0,0,0,0,0,0,0,0.001,0,0,0,0.003,0,0.003,0,0,0,0,0,0,0,0,0.002,0.001,0,0,0,0,0.001,0.001,0,0,0,0,0,0,0,0,0,0,0,0,0
"uncl_Venturiaceae","Venturiaceae","Venturiales","Dothideomycetes","Ascomycota","Fungi",0.007,0,0,0.009,0,0,0.026,0.003,0.001,0,0,0.001,0,0,0.002,0,0,0,0,0,0,0.011,0,0,0,0.001,0,0.05,0.572,0,0,0,0,0,0,0,0,0,0,0.004,0,0,0,0,0,0,0.001,0,0.005,0,0,0,0,0,0,0,0,0,0,0,0,0,0,0,0,0,0,0,0.014,0,0,0,0,0,0,0,0,0,0,0,0,0,0,0.002,0,0,0,0.105,0.004,0.572,0,0,0,0,0,0,0,0,0,0,0
"Geminibasidium","Geminibasidiaceae","Geminibasidiales","Geminibasidiomycetes","Basidiomycota","Fungi",0,0,0,0,0,0,0,0,0,0,0,0,0,0,0.001,0,0,0,0,0,0,0,0,0,0,0,0,0,0,0,0,0,0,0,0,0,0,0,0,0,0,0,0,0,0,0,0.002,0,0,0,0,0,0,0,0,0,0,0,0,0,0,0,0,0,0,0,0,0,0,0,0,0,0,0,0,0,0,0,0,0,0,0,0,0,0,0,0,0,0,0,0,0,0,0,0,0,0,0,0,0,0
"uncl_Schizoparmaceae","Schizoparmaceae","Diaporthales","Sordariomycetes","Ascomycota","Fungi",0,0,0,0,0,0,0,0,0,0,0,0,0,0,0,0,0,0.001,0,0,0,0,0,0,0,0,0,0,0,0,0,0.003,0,0,0,0,0,0,0,0,0,0,0,0,0,0,0,0,0,0,0,0,0,0,0.001,0,0,0,0,0,0,0,0,0,0,0,0,0,0,0,0,0,0,0,0,0,0,0,0,0,0,0,0,0,0,0,0,0,0,0,0,0,0,0,0,0,0,0,0.003,0,0
"uncl_Violaceomycetales","uncl_Violaceomycetales","Violaceomycetales","Ustilaginomycetes","Basidiomycota","Fungi",0,0,0,0,0,0,0,0,0,0,0,0,0,0,0.001,0,0,0,0,0,0,0,0,0,0,0,0,0,0,0,0,0,0,0,0,0,0,0,0,0,0,0,0,0,0,0,0.003,0,0,0,0,0,0,0,0,0,0,0,0,0,0,0,0,0,0,0,0,0,0,0,0,0,0,0,0,0,0,0,0,0,0,0,0,0,0,0,0,0,0,0,0,0,0,0,0,0,0,0,0,0,0
"uncl_Pluteaceae","Pluteaceae","Agaricales","Agaricomycetes","Basidiomycota","Fungi",0.002,0,0,0,0,0.008,0.001,0.001,0,0,0,0.002,0,0,0.027,0,0,0,0.012,0,0,0,0,0,0,0,0,0,0,0,0,0,0,0,0,0,0,0,0,0.007,0,0,0,0,0,0,0.063,0,0,0,0,0,0,0,0,0.012,0.012,0,0,0,0,0,0,0,0,0,0,0,0,0,0,0,0,0,0,0,0,0,0,0,0,0,0,0,0,0,0,0,0,0,0,0,0,0,0,0,0,0,0,0,0
"uncl_Sympoventuriaceae","Sympoventuriaceae","Venturiales","Dothideomycetes","Ascomycota","Fungi",0,0,0,0.001,0,0,0,0.001,0,0,0,0,0,0,0,0.001,0.002,0,0,0,0,0,0.001,0,0,0.002,0,0.001,0,0,0,0,0,0,0,0,0,0,0,0,0,0,0,0,0,0,0.001,0,0,0,0.003,0,0,0.005,0,0,0,0,0,0,0,0,0,0,0,0,0,0,0,0.002,0,0,0,0,0,0,0,0,0,0,0,0,0.001,0.002,0.003,0,0,0.003,0,0,0,0,0,0,0,0,0,0,0,0,0
"uncl_Sebacinales","uncl_Sebacinales","Sebacinales","Agaricomycetes","Basidiomycota","Fungi",0.251,0,0,0.499,0.025,0.037,0.164,0.221,0.323,0.06,0.011,0.576,0.026,0.167,0.143,0.896,0.002,1.065,0.105,0.005,0.179,0,0.032,0.115,0.976,0.332,0.307,0.126,0,0.484,0,1.918,0.631,0.115,0,0.006,0.024,1.273,0.014,0,0.893,0,0,0.062,0,0.534,0.208,0.232,0.013,0.919,0.726,1.072,0,0.007,1.065,0.115,0.092,0,0.006,0.026,0.025,0.091,0.122,0.673,0.234,0.288,0.086,0,0,0,0.002,0.109,0.281,0.18,0.026,0.032,0.01,0.025,0.12,0.975,1.048,0.947,0.727,0.164,0.12,0.61,0.005,0.02,0.215,0,0,0.825,0.386,0,0,0,0,0,1.918,1.163,0.148
"uncl_Mortierellomycota","uncl_Mortierellomycota","uncl_Mortierellomycota","uncl_Mortierellomycota","Mortierellomycota","Fungi",0.007,0.121,0,0,0,0.043,0,0,0.001,0,0,0,0,0.002,0.005,0,0,0,0,0,0,0,0,0,0,0.001,0.008,0,0,0,0.084,0,0,0.001,0,0,0,0,0,0,0,0,0,0,0.003,0,0.005,0,0.009,0,0,0,0,0,0,0,0,0,0,0,0,0,0,0,0,0,0,0,0,0,0,0,0.002,0,0,0,0,0,0,0,0,0,0,0.002,0,0,0.017,0,0,0,0,0,0,0.326,0.192,0,0,0,0,0,0
"Coprinus","Agaricaceae","Agaricales","Agaricomycetes","Basidiomycota","Fungi",0.007,0,0,0,0,0.04,0,0,0,0,0,0,0,0,0.153,0,0,0,0,0,0,0,0,0,0,0,0,0,0,0,0,0,0.002,0,0,0,0,0,0,0,0,0,0,0,0,0,0.358,0,0,0,0,0,0,0,0,0,0,0,0,0,0,0,0,0,0,0,0,0,0,0,0,0,0,0,0,0,0,0,0,0,0,0,0,0,0,0,0,0,0,0,0,0,0,0,0,0,0,0,0,0,0.004
"Psathyrella","Psathyrellaceae","Agaricales","Agaricomycetes","Basidiomycota","Fungi",0.225,0,0,0.577,0,0.002,0.376,0.262,0.034,0.165,0,0.261,0.001,0.013,0.002,0.012,0.013,0,0,0.268,0.734,2.062,0,0.006,0.991,0.078,0,0,0,0,0,0,0,0,0.345,0,0,0,0,0.867,0.004,0,0,0.002,0.019,0,0,0.01,0,0,0.01,0.021,0,0.038,0,0,0,0,0.306,4.49,0,2.493,0.348,0,0,0,0,5.135,0.944,0,0.001,0,0,0.001,0,0.057,0,0,0,1.931,1.115,0,0,0.221,0,0,0,0,0,0,0,0,0,0,0,0,0,0,0,0,0
"Sporobolomyces","Sporidiobolaceae","Sporidiobolales","Microbotryomycetes","Basidiomycota","Fungi",0,0,0,0,0,0,0,0,0,0,0,0,0,0,0,0,0,0,0,0,0,0,0,0,0,0.001,0,0,0,0,0,0,0,0,0,0,0,0,0,0,0,0,0,0,0,0,0,0,0,0,0,0,0,0,0,0,0,0,0,0,0,0,0,0,0,0,0,0,0,0,0,0,0,0,0,0,0,0,0,0,0,0,0,0,0.002,0,0,0,0,0,0,0,0,0,0,0,0,0,0,0,0
"Agaricus","Agaricaceae","Agaricales","Agaricomycetes","Basidiomycota","Fungi",0.027,0.273,0.001,0,0,0.095,0.055,0,0.001,0,0,0,0,0.437,0.004,0,0.005,0,0,0,0,0,0,0,0,0,0,0,0.002,0,0.191,0,0,0,0,0,0,0,0,0,0.001,0,0,0,0.002,1.394,0,0,0.011,0,0,0,0,0.013,0,0,0,0,0,0.001,0,0,0,0.001,0,0,0,0,0,0,0,0,0,0,0,0,0,0,0,0,0,0,0,0,0,0,0,0,0,0.002,0,0,0,1.12,0,0,0,0.002,0,0,0
"Lectera","Plectosphaerellaceae","Glomerellales","Sordariomycetes","Ascomycota","Fungi",0.001,0,0,0.001,0,0,0.003,0,0.001,0,0,0,0,0,0,0,0.027,0,0,0,0.001,0,0,0,0,0.006,0,0,0,0,0,0,0,0,0,0,0,0,0,0,0,0,0,0,0,0,0,0,0,0,0,0,0,0.076,0,0,0,0,0,0.01,0,0,0,0,0,0.001,0,0,0,0,0,0,0,0,0,0,0,0,0,0,0,0.001,0.006,0.001,0.012,0,0.001,0,0,0,0,0,0,0,0,0,0,0,0,0,0
"Phaeosphaeriopsis","Phaeosphaeriaceae","Pleosporales","Dothideomycetes","Ascomycota","Fungi",0,0,0,0,0,0,0,0,0,0,0,0,0,0,0.001,0,0,0,0,0,0,0,0,0,0,0,0,0,0,0,0,0,0,0,0,0,0,0,0,0,0,0,0,0,0,0,0,0.003,0,0,0,0,0,0,0,0,0,0,0,0,0,0,0,0,0,0,0,0,0,0,0,0,0,0,0,0,0,0,0,0,0,0,0,0,0,0,0,0,0,0,0,0,0,0,0,0,0,0,0,0,0
"Aquapteridospora","Sordariomycetes_fam_Incertae_sedis","Sordariomycetes_ord_Incertae_sedis","Sordariomycetes","Ascomycota","Fungi",0,0,0,0,0,0,0,0,0.001,0,0,0,0,0,0.002,0,0,0,0,0,0,0,0,0,0,0,0,0.004,0,0,0,0,0,0,0,0,0,0,0,0,0,0,0,0,0,0,0,0,0.005,0,0,0,0,0,0,0,0,0,0,0,0,0,0,0,0,0,0,0,0,0,0,0,0,0,0,0,0,0,0,0,0,0,0,0,0,0,0,0,0.007,0,0,0,0,0,0,0,0,0,0,0,0
"Botryobasidium","Botryobasidiaceae","Cantharellales","Agaricomycetes","Basidiomycota","Fungi",0,0,0,0,0,0,0,0,0,0,0,0,0,0,0,0,0,0,0,0,0,0,0,0,0,0,0,0.002,0,0,0,0,0,0,0,0,0,0,0,0,0,0,0,0,0,0,0,0,0,0,0,0,0,0,0,0,0,0,0,0,0,0,0,0,0,0,0,0,0,0,0,0,0,0,0,0,0,0,0,0,0,0,0,0,0,0,0,0.001,0.002,0,0,0,0,0,0,0,0,0,0,0,0
"Mytilinidion","Mytilinidiaceae","Mytilinidiales","Dothideomycetes","Ascomycota","Fungi",0.001,0,0,0.005,0,0,0,0,0.001,0,0,0,0,0,0.003,0,0.001,0.001,0,0,0,0,0,0,0,0,0,0.027,0,0,0,0,0,0,0,0,0,0,0,0,0,0,0,0,0,0,0,0,0.008,0,0,0,0,0.003,0.001,0,0,0,0,0,0,0,0,0,0,0,0,0,0,0,0,0,0,0,0,0,0,0,0,0,0,0,0,0,0,0,0,0.059,0.001,0,0,0,0,0,0,0,0,0,0,0,0
"Neobulgaria","Gelatinodiscaceae","Helotiales","Leotiomycetes","Ascomycota","Fungi",0,0,0,0,0,0,0,0,0,0,0,0,0,0,0,0,0,0,0,0,0,0,0,0,0,0,0,0,0,0,0,0,0,0,0,0,0,0,0,0,0,0,0,0,0,0,0,0,0,0,0,0,0,0,0,0,0,0,0,0.001,0,0,0,0,0,0,0,0,0,0,0,0,0,0,0,0,0,0,0,0,0,0,0,0,0,0,0,0,0,0,0,0,0,0,0,0,0,0,0,0,0
"Diplogelasinospora","Sordariaceae","Sordariales","Sordariomycetes","Ascomycota","Fungi",0,0,0,0,0,0,0,0,0,0,0,0,0,0,0,0,0,0,0,0,0,0,0,0,0,0,0,0,0,0,0,0,0,0,0,0,0,0,0,0,0,0,0,0,0,0,0,0,0,0,0,0,0,0,0,0,0,0,0,0.001,0,0,0,0,0,0,0,0,0,0,0,0.001,0,0,0,0,0,0,0,0,0,0,0,0,0,0,0.001,0,0,0,0,0,0,0,0,0,0,0,0,0,0
"Tausonia","Mrakiaceae","Cystofilobasidiales","Tremellomycetes","Basidiomycota","Fungi",0,0,0.004,0.001,0,0,0,0,0,0,0,0,0,0,0,0,0,0,0,0,0,0,0,0,0.005,0,0.001,0,0,0,0.001,0,0,0,0,0,0,0,0,0,0,0,0,0,0,0,0,0,0,0,0,0,0,0,0,0,0,0,0,0.004,0,0,0,0,0,0,0,0,0,0,0.001,0,0,0,0,0,0,0,0,0.009,0,0.004,0,0,0,0.001,0.002,0,0,0,0,0,0,0,0,0,0,0.005,0,0,0
"Dichotomopilus","Chaetomiaceae","Sordariales","Sordariomycetes","Ascomycota","Fungi",0.002,0,0,0.003,0,0,0,0,0.003,0,0,0,0,0,0.001,0,0,0,0,0,0,0,0,0,0.022,0.001,0.015,0,0,0,0,0,0.002,0,0,0,0,0,0,0,0,0,0,0,0,0,0,0,0.002,0,0,0,0,0,0,0,0,0,0,0,0,0,0,0,0,0.001,0,0,0,0,0,0,0,0,0,0,0,0,0,0.007,0,0.046,0,0,0.002,0.03,0.001,0,0,0,0,0,0,0,0,0,0,0,0,0.003,0.002
"Geranomyces","Powellomycetaceae","Spizellomycetales","Spizellomycetes","Chytridiomycota","Fungi",0,0,0,0,0,0,0,0,0,0,0,0,0,0,0.001,0,0,0,0,0,0,0,0,0,0,0,0,0,0,0,0,0,0,0,0,0,0,0,0,0,0,0,0,0,0,0,0,0,0.002,0,0,0,0,0,0,0,0,0,0,0,0,0,0,0,0,0,0,0,0,0,0,0,0,0,0,0,0,0,0,0,0,0,0,0,0,0,0,0,0,0,0,0,0,0,0,0,0,0,0,0,0
"Astraeus","Astraeaceae","Boletales","Agaricomycetes","Basidiomycota","Fungi",0.018,0,0,0,0,0,0.09,0,0,0,0,0,0,0,0,0,0,0,0,1.47,0,0,0,0,0,0,0,0,0,0,0,0,0,0,0,0,0,0,0,0,0,0,0,0,0,0,0,0,0,0,0,0,0,0,0,0,0,11.764,0,0,0,0,0,0,0,0,0,0,0,0,0,0,0,0,0,0,0,0,0,0,0,0,0,0,0,0,0,0,0,0,0,0,0,0,0,0,0,0,0,0,0
"uncl_Mucoromycetes","uncl_Mucoromycetes","uncl_Mucoromycetes","Mucoromycetes","Mucoromycota","Fungi",0,0,0,0,0,0,0,0,0.001,0,0,0,0,0,0.004,0,0,0,0,0,0,0,0,0,0,0,0,0,0,0,0,0,0,0,0,0,0,0,0,0,0,0,0,0,0,0,0,0,0.011,0,0,0,0,0,0,0,0,0,0,0,0,0,0,0,0,0,0,0,0,0,0,0,0,0,0,0,0,0,0,0,0,0,0,0,0,0,0,0,0,0,0,0,0,0,0,0,0,0,0,0,0
"uncl_Tremellaceae","Tremellaceae","Tremellales","Tremellomycetes","Basidiomycota","Fungi",0,0,0,0,0,0,0,0,0,0,0,0,0,0,0.002,0,0,0,0,0,0,0,0,0,0,0,0,0,0,0,0,0,0,0,0,0,0,0,0,0,0,0,0,0,0,0,0,0,0.007,0,0,0,0,0,0,0,0,0,0,0,0,0,0,0,0,0,0,0,0,0,0,0,0,0,0,0,0,0,0,0,0,0,0,0,0,0,0,0,0,0,0,0,0,0,0,0,0,0,0,0,0
"Flavocillium","Cordycipitaceae","Hypocreales","Sordariomycetes","Ascomycota","Fungi",0,0,0,0,0,0,0,0,0,0,0,0,0,0,0.001,0,0,0,0,0,0,0,0,0,0,0,0,0,0,0,0,0,0,0,0,0,0,0,0,0,0,0,0,0,0,0,0,0,0.003,0,0,0,0,0,0,0,0,0,0,0,0,0,0,0,0,0,0,0,0,0,0,0,0,0,0,0,0,0,0,0,0,0,0,0,0,0,0,0,0,0,0,0,0,0,0,0,0,0,0,0,0
"uncl_Junewangiaceae","Junewangiaceae","Sordariomycetes_ord_Incertae_sedis","Sordariomycetes","Ascomycota","Fungi",0.026,0,0,0,0.647,0,0.001,0,0.002,0,0,0.001,0,0,0.005,0,0,0.016,0,0,0.179,0,0,0.001,0,0,0,0,0.01,0,0,0,0,0,0,0,0,0.003,0,0,0,0,0,0,0,0,0,0,0.013,0,0,0,0,0,0.016,0,0,0,0,0,0.806,0,0.002,0,0,0,0.03,0,0,0,0,0,0.001,0,0.008,0,0.004,0,0,0,0,0,0,0,0,0,0,0,0,0.01,0,0,0,0,0,0,0,0,0,0,0
"Degelia","Pannariaceae","Peltigerales","Lecanoromycetes","Ascomycota","Fungi",0,0,0,0,0,0,0,0,0,0,0,0,0,0,0,0,0,0,0,0,0,0,0,0,0,0,0,0,0,0,0,0,0,0,0,0,0,0,0,0,0,0,0,0,0,0,0,0,0.001,0,0,0,0,0,0,0,0,0,0,0,0,0,0,0,0,0,0,0,0,0,0,0,0,0,0,0,0,0,0,0,0,0,0,0,0,0,0,0,0,0,0,0,0,0,0,0,0,0,0,0,0
"Dimennazyma","Naemateliaceae","Tremellales","Tremellomycetes","Basidiomycota","Fungi",0.001,0,0,0.001,0.001,0,0,0,0.002,0,0,0,0,0,0,0,0,0.008,0,0,0.002,0,0,0.001,0.002,0.005,0,0,0,0,0,0,0.001,0,0,0,0,0,0,0,0,0,0,0,0,0,0,0,0,0,0,0,0,0,0.008,0,0,0,0,0.003,0.001,0,0,0.001,0,0.013,0,0,0,0,0,0,0.001,0,0,0,0.002,0.001,0,0,0.002,0.003,0,0,0.015,0,0,0,0.001,0,0,0,0,0,0,0,0,0,0,0.002,0
"Sydowia","Dothioraceae","Dothideales","Dothideomycetes","Ascomycota","Fungi",0,0,0,0,0,0,0,0,0,0,0,0,0,0,0.003,0,0,0,0,0,0,0,0,0,0,0,0,0,0,0,0,0,0,0,0,0,0,0,0,0,0,0,0,0,0,0,0,0,0.008,0,0,0,0,0,0,0,0,0,0,0,0,0,0,0,0,0,0,0,0,0,0,0,0,0,0,0,0,0,0,0,0,0,0,0,0,0,0,0,0,0,0,0,0,0,0,0,0,0,0,0,0
"Cunninghamella","Cunninghamellaceae","Mucorales","Mucoromycetes","Mucoromycota","Fungi",0.002,0,0,0.001,0,0,0,0,0.005,0,0,0,0,0,0,0,0,0,0,0,0,0,0.026,0,0.001,0,0.012,0,0,0.004,0,0,0,0,0,0,0,0,0,0,0,0,0,0,0,0,0,0,0,0,0,0,0,0,0,0,0,0,0,0,0,0,0,0,0,0,0,0,0,0.004,0,0.087,0,0,0,0,0,0,0,0,0,0.002,0,0,0,0.006,0.018,0.001,0,0,0.01,0,0.005,0,0,0,0,0,0,0,0
"Clavulina","Hydnaceae","Cantharellales","Agaricomycetes","Basidiomycota","Fungi",0.008,0,0,0.001,0,0,0,0,0.029,0,0,0,0,0,0.191,0,0,0,0,0,0,0,0,0,0,0,0,0.007,0,0,0,0,0,0,0,0,0,0,0,0,0,0,0,0,0,0,0,0,0.534,0,0,0,0,0,0,0,0,0,0,0,0,0,0,0,0,0,0,0,0,0,0,0,0,0,0,0,0,0,0,0,0,0,0,0,0,0,0,0.016,0,0,0,0,0,0,0,0,0,0,0,0,0
"uncl_Schizoporaceae","Schizoporaceae","Hymenochaetales","Agaricomycetes","Basidiomycota","Fungi",0.007,0,0,0,0,0,0,0,0.027,0,0,0,0.016,0,0.159,0,0,0,0,0,0,0,0,0,0,0,0,0,0,0,0,0,0,0,0,0,0,0,0,0,0,0,0,0.038,0,0,0,0,0.444,0,0,0,0,0,0,0,0,0,0,0,0,0,0,0,0,0,0,0,0,0,0,0,0,0,0,0,0,0,0,0,0,0,0,0,0,0,0,0,0,0,0,0,0,0,0,0,0,0,0,0,0.001
"uncl_Trechisporales","uncl_Trechisporales","Trechisporales","Agaricomycetes","Basidiomycota","Fungi",0.147,0,0,0.002,0.002,0.032,0.001,0.005,0.498,0,0,0.003,0.001,0.212,2.495,0,0,0.018,0,0,0,0,0.014,0,0,0,1.107,0,0,0,0,0,0.006,0,0,0,0,0.008,0,0,0.002,0.002,0.002,0,0.302,0.014,0,0,6.985,0,0,0,0,0,0.018,0.001,0,0,0,0,0.001,0,0,0,0,0,0,0,0,0,0.037,0,0,0,0.002,0,0,0,0,0,0,0.001,0,0,0,0,2.214,0,0,0,0,0,0,0,0,0,0,0,0,0.012,0.001
"uncl_Capnodiaceae","Capnodiaceae","Capnodiales","Dothideomycetes","Ascomycota","Fungi",0.034,0,0,0.001,0.004,0,0.13,0,0.027,0,0,0,0,0,0.004,0.128,0,0,0.023,0,0.014,0,0,0,0,0.007,0,0,2.727,0,0,0,0.003,0,0,0,0,0,0,0,0,0,0,0,0,0,0,0,0.012,0,0,0.326,0,0,0,0,0.05,0,0,0.003,0.004,0,0,0,0,0.1,0.005,0,0,0,0,0,0,0,0,0.001,0,0,0,0,0,0,0,0,0.022,0,0,0,0,2.727,0,0,0,0,0,0,0,0,0,0.005,0.001
"Atractospora","Myrmecridiales_fam_Incertae_sedis","Myrmecridiales","Sordariomycetes","Ascomycota","Fungi",0.011,0,0,0,0,0,0,0,0.04,0,0,0,0,0,0.027,0,0,0,0,0,0,0,0,0,0,0,0.334,0.001,0,0,0,0,0,0,0,0,0,0,0,0,0,0,0,0,0,0,0,0,0.076,0,0,0,0,0,0,0,0,0,0,0,0,0,0,0,0,0,0,0,0,0,0,0,0,0,0,0.002,0,0,0,0,0,0,0,0,0,0.002,0.666,0.002,0,0,0,0,0,0,0,0,0,0,0,0,0
"Hyphodontia","Schizoporaceae","Hymenochaetales","Agaricomycetes","Basidiomycota","Fungi",0,0,0,0,0,0,0,0,0,0,0,0,0,0,0.001,0,0,0,0,0,0,0,0,0,0,0,0.001,0,0,0,0,0,0,0,0,0,0,0,0,0,0,0,0,0,0,0,0,0,0.002,0,0,0,0,0,0,0,0,0,0,0,0,0,0,0,0,0,0,0,0,0,0,0,0,0,0,0,0,0,0,0,0,0,0,0,0,0.002,0,0,0,0,0,0,0,0,0,0,0,0,0,0,0
"Cyathus","Nidulariaceae","Agaricales","Agaricomycetes","Basidiomycota","Fungi",0.166,0.006,0,0.33,0.005,0.003,0.502,0.002,0.02,0,0,0,0,0,0.036,0.019,0.003,0,0.001,0.001,0.475,0,0,0.371,1.048,0,0,0,0,0,0.004,0,0,0,0,0,0,0,0,0,0,0,0,0,0,0,0,0,0.101,0.022,0.002,0.036,0.004,0,0,0.001,0.001,0,0.001,0,0.006,0,2.088,0.001,0.015,0,0.299,0,0,0,0.001,0,0.802,0,0,2.601,0,0,0,2.446,0,0.086,0,0.001,0,0,0,0,0,0,0,0,0,0,0.023,0.001,0,0,0,0.001,0
"Collybiopsis","Omphalotaceae","Agaricales","Agaricomycetes","Basidiomycota","Fungi",0,0,0,0.002,0,0,0,0,0,0,0,0,0,0,0,0,0,0,0,0,0,0,0,0,0,0,0.013,0,0,0,0,0,0,0,0,0,0,0,0,0,0,0,0,0,0,0,0,0,0.001,0,0,0,0,0,0,0,0,0,0,0,0,0,0,0,0,0,0,0,0,0.001,0,0,0,0,0,0,0,0,0,0,0,0,0,0,0,0.027,0,0,0,0,0,0,0,0,0,0,0,0,0,0,0
"Thelephora","Thelephoraceae","Thelephorales","Agaricomycetes","Basidiomycota","Fungi",0.013,0,0,0,0,0,0,0,0.047,0,0,0,0,0,0.313,0,0,0,0,0,0,0,0,0,0,0,0,0,0,0,0,0,0,0,0,0,0,0,0,0,0,0,0,0,0,0,0,0,0.876,0,0,0,0,0,0,0,0,0,0,0,0,0,0,0,0,0,0,0,0,0,0,0,0,0,0,0,0,0,0,0,0,0,0,0,0,0,0,0,0,0,0,0,0,0,0,0,0,0,0,0,0
"Xylodon","Schizoporaceae","Hymenochaetales","Agaricomycetes","Basidiomycota","Fungi",0.001,0,0,0.001,0,0,0,0,0.001,0,0,0,0,0,0.006,0,0,0,0,0,0,0,0.003,0,0.002,0,0,0,0,0,0,0,0,0,0,0,0,0,0,0,0,0,0,0,0,0,0,0,0.016,0,0,0,0,0,0,0.001,0,0,0,0,0,0,0,0,0,0,0,0,0,0.006,0,0.004,0,0,0,0,0,0,0,0.006,0,0,0,0,0,0,0,0,0,0,0,0,0,0,0,0,0,0,0,0,0
"Rhodosporidiobolus","Sporidiobolaceae","Sporidiobolales","Microbotryomycetes","Basidiomycota","Fungi",0,0,0.004,0,0,0,0.001,0,0.001,0,0,0,0,0,0.005,0,0.002,0.004,0,0,0,0,0,0,0,0.001,0,0,0,0,0.001,0,0,0,0,0,0,0,0,0,0,0,0,0,0,0,0,0,0.013,0,0,0,0,0.005,0.004,0,0,0,0,0,0,0,0,0,0,0,0,0,0,0,0,0,0,0,0,0,0,0,0,0,0,0,0.001,0,0.001,0,0,0,0,0,0,0,0,0,0,0,0.023,0,0,0,0
"Litschauerella","Hydnodontaceae","Trechisporales","Agaricomycetes","Basidiomycota","Fungi",0,0,0,0,0,0,0,0,0,0,0,0,0,0,0.001,0,0,0,0,0,0,0,0,0,0,0,0,0,0,0,0,0,0,0,0,0,0,0,0,0,0,0,0,0,0,0,0,0,0.004,0,0,0,0,0,0,0,0,0,0,0,0,0,0,0,0,0,0,0,0,0,0,0,0,0,0,0,0,0,0,0,0,0,0,0,0,0,0,0,0,0,0,0,0,0,0,0,0,0,0,0,0
"Hemimycena","Tricholomataceae","Agaricales","Agaricomycetes","Basidiomycota","Fungi",0.044,0,0,0.074,0,0,0.11,0.011,0.026,0,0,0,0,0,0,0,0,0,0,0.004,0,0,0.031,0.311,0,0,0,0,0,0.008,0,0,0,0,0,0,0,0,0,0,0,0,0,0,0,0,0,0,0.001,0,0,0,0,0,0,0,0,0.03,0,0.001,0,0,0,0,0,0.001,0,0,0,0,0.082,0,0.482,0.148,0,1.581,0,0.185,0.124,0,0,0,0,0,0,0,0,0,0,0,0,0.02,0,0,0,0,0,0,0,0,0
"uncl_Ostropales","uncl_Ostropales","Ostropales","Lecanoromycetes","Ascomycota","Fungi",0.035,0,0,0.017,0,0,0.002,0.029,0.096,0.16,0.002,0,0.003,0.006,0.411,0.005,0,0,0,0,0.001,0.17,0.109,0,0,0,0.007,0,0,0.006,0,0,0.039,0,0.334,0,0.006,0,0,0,0,0,0,0.007,0.003,0.014,0,0,1.151,0.01,0,0.009,0,0,0,0,0,0,0,0,0,0,0,0,0.01,0,0,0.002,0.231,0.107,0,0.258,0.001,0,0,0.001,0,0,0,0,0,0,0,0,0,0.001,0.014,0,0.001,0,0,0.015,0,0,0,0,0,0,0,0.081,0
"uncl_Pezizomycotina_cls_Incertae_sedis","uncl_Pezizomycotina_cls_Incertae_sedis","uncl_Pezizomycotina_cls_Incertae_sedis","Pezizomycotina_cls_Incertae_sedis","Ascomycota","Fungi",0.033,0,0,0.02,0.003,0,0.005,0.011,0.095,0,0.006,0.05,0,0,0.043,0.045,0,0,0,0.067,0.094,0,0.101,0.022,0,0.049,0.045,0.005,0,0,0,0,0,0,0,0.001,0.018,0.031,0.023,0.015,0.13,0,0,0,0,0,0,0,0.12,0,0,0.114,0,0,0,0.001,0,0,0.076,0.065,0.003,0.026,0.007,0.035,0.002,0.557,0.25,0,0,0.001,0.034,0.314,0,0.05,0,0.007,0.001,0.073,0.002,0,0,0,0.017,0,0.134,0.012,0.078,0.003,0.007,0,0,0,0,0,0,0,0,0,0,0,0
"uncl_Botryobasidiaceae","Botryobasidiaceae","Cantharellales","Agaricomycetes","Basidiomycota","Fungi",0,0,0,0,0,0,0,0,0,0,0,0,0,0,0.002,0,0,0,0,0,0,0,0,0,0,0,0,0,0,0,0,0,0,0,0,0,0,0,0,0,0,0,0,0,0,0,0,0,0.006,0,0,0,0,0,0,0,0,0,0,0,0,0,0,0,0,0,0,0,0,0,0,0,0,0,0,0,0,0,0,0,0,0,0,0,0,0,0,0,0,0,0,0,0,0,0,0,0,0,0,0,0
"Rhizopus","Rhizopodaceae","Mucorales","Mucoromycetes","Mucoromycota","Fungi",0.003,0.016,0.027,0.004,0,0.006,0.003,0.007,0,0,0,0,0,0,0,0,0,0,0,0,0,0,0.032,0,0.001,0.002,0,0,0,0,0.02,0,0,0,0,0,0,0,0,0,0,0,0,0,0,0,0,0,0,0,0,0,0,0,0,0,0,0,0,0,0,0,0,0,0,0,0,0,0,0.044,0.044,0,0,0,0,0,0,0,0,0,0,0.003,0,0.005,0,0,0,0,0,0,0,0,0,0.065,0.001,0,0.003,0.033,0,0,0
"uncl_Clavariaceae","Clavariaceae","Agaricales","Agaricomycetes","Basidiomycota","Fungi",0.014,0,0,0.009,0.222,0,0,0.002,0.012,0,0,0,0,0,0,0,0,0,0,0,0.06,0,0.033,0.019,0,0,0.001,0.036,0,0.004,0,0,0,0,0,0,0,0,0,0,0,0,0,0,0,0,0,0,0,0,0,0,0,0,0,0,0,0,0,0,0.273,0,0,0,0,0,0.002,0,0,0.003,0,0.114,0.074,0.006,0.018,0.003,0.017,0.025,0.001,0,0,0,0,0,0,0,0.003,0,0.067,0,0,0.01,0,0,0,0,0,0,0,0,0
"Exserohilum","Pleosporaceae","Pleosporales","Dothideomycetes","Ascomycota","Fungi",0.031,0,0,0.03,0,0.012,0.001,0.014,0.076,0,0.008,0,0,0,0,0.04,0.069,0.521,0,0,0.001,0,0.038,0.009,0.32,0.045,0.057,0.001,0,0,0,0.023,0,0,0,0.011,0,0,0,0,0,0,0,0,0,0,0,0,0,0,0.08,0.014,0.107,0,0.521,0,0,0,0,0.005,0,0,0,0,0,0.002,0.007,0,0,0.093,0.01,0.009,0.01,0.034,0,0,0,0,0,0.127,0.036,0.632,0.009,0.015,0.115,0.005,0.11,0,0.002,0,0,0,0,0,0,0,0,0,0.023,0.001,0
"Ophioceras","Ophioceraceae","Magnaporthales","Sordariomycetes","Ascomycota","Fungi",0.079,0,0,0.003,0,0,0,0.041,0.258,0,0,0.191,0,0,0.525,0.58,0,0.686,0,0,0.062,0,0.069,0,0,0.01,0,0.004,0,0,0,0,0,0,0,0,0,0.028,0,0,0.734,0,0,0,0,0,0,0,1.471,0,0.12,1.344,0,0,0.686,0,0,0,0,0.001,0,0,0,0,0,0.508,0.002,0,0,0,0.185,0,0,0,0,0,0,0,0,0,0,0,0,0,0.031,0,0,0,0.008,0,0,0,0,0,0,0,0,0,0,0,0
"Exidia","Exidiaceae","Auriculariales","Agaricomycetes","Basidiomycota","Fungi",0.002,0,0,0,0,0,0,0,0.007,0,0,0,0,0,0,0,0,0,0,0,0,0,0,0,0.045,0,0,0,0,0,0,0,0.001,0,0,0,0,0,0,0,0,0,0,0,0,0,0,0,0,0,0,0,0,0,0,0,0,0,0,0,0,0,0,0,0,0,0,0,0,0,0.001,0,0,0,0,0,0,0,0,0,0,0.108,0,0,0,0,0,0,0,0,0,0,0,0,0,0,0,0,0,0.003,0
"Cyanodermella","Stictidaceae","Ostropales","Lecanoromycetes","Ascomycota","Fungi",0,0,0,0,0,0,0,0,0,0,0,0,0,0,0,0.001,0,0,0,0,0,0,0,0,0.001,0,0,0,0,0,0,0,0,0,0,0,0,0,0,0,0,0,0,0,0,0,0,0,0,0,0.002,0,0,0,0,0,0,0,0,0,0,0,0,0,0,0,0,0,0,0,0,0,0,0,0,0,0,0,0,0.002,0,0.002,0,0,0,0,0,0,0,0,0,0,0,0,0,0,0,0,0,0,0
"Melanoleuca","Tricholomataceae","Agaricales","Agaricomycetes","Basidiomycota","Fungi",0.002,0,0,0,0,0,0,0.015,0,0,0,0,0,0,0,0.05,0,0,0,0,0,0,0,0,0,0,0,0,0,0,0,0,0,0,0,0,0,0,0,0,0.001,0,0,0,0,0,0,0,0,0,0.116,0,0,0,0,0,0,0,0,0,0,0,0,0,0,0,0,0,0,0,0,0,0,0,0,0,0,0,0,0,0,0,0,0,0,0,0,0,0,0,0,0,0,0,0,0,0,0,0,0,0
"uncl_Rozellomycota","uncl_Rozellomycota","uncl_Rozellomycota","uncl_Rozellomycota","Rozellomycota","Fungi",0.007,0,0,0.003,0,0.001,0,0.026,0.009,0,0.001,0,0,0.004,0,0.028,0,0.028,0,0.011,0,0,0.002,0.002,0.017,0.071,0.004,0,0,0,0,0.003,0.001,0,0,0.002,0,0,0,0,0,0,0,0,0.006,0,0,0,0,0,0.004,0.067,0,0,0.028,0,0,0,0.013,0,0,0,0,0,0,0,0,0,0,0.007,0,0,0.009,0,0,0,0,0.002,0,0.002,0.002,0.039,0.01,0.192,0.001,0.004,0.004,0,0,0,0,0,0,0,0,0,0,0,0.003,0.002,0
"Plenodomus","Leptosphaeriaceae","Pleosporales","Dothideomycetes","Ascomycota","Fungi",0.001,0,0,0.002,0.001,0,0,0,0.001,0,0,0,0,0,0,0.002,0,0,0,0,0.003,0,0,0,0.002,0,0,0,0,0,0,0,0,0,0,0,0,0,0,0,0,0,0,0,0,0,0,0,0,0,0.001,0.004,0,0,0,0,0,0,0,0.014,0.001,0,0,0,0.001,0.005,0,0,0,0,0,0,0,0,0,0,0,0,0,0.004,0,0,0,0,0,0,0,0,0,0,0,0,0,0,0,0,0,0,0,0,0
"uncl_Pterulaceae","Pterulaceae","Agaricales","Agaricomycetes","Basidiomycota","Fungi",0,0,0,0,0,0,0,0,0,0,0,0,0,0,0,0,0,0,0,0,0,0,0,0,0,0,0,0,0,0,0,0,0,0,0,0,0,0,0,0,0,0,0,0,0,0,0,0,0,0,0.001,0,0,0,0,0,0,0,0,0,0,0,0,0,0,0,0,0,0,0,0,0,0,0,0,0,0,0,0,0,0,0,0,0,0,0,0,0,0,0,0,0,0,0,0,0,0,0,0,0,0
"uncl_Halosphaeriaceae","Halosphaeriaceae","Microascales","Sordariomycetes","Ascomycota","Fungi",0.057,0,0,0.011,0.001,0,0.06,0.212,0.049,0,0.006,0.017,0.001,0,0,0.044,0,0,0,0,0.189,0,0.103,0.039,0.001,0.131,0.001,0,0,0.018,0,2.181,0,0,0,0,0.022,0,0.025,0,0.051,0,0,0.003,0,0,0,0,0,0,0.102,0,0,0,0,0,0,0,0,0,0.001,0,0.198,0,1.324,0,0,0,0,0,0.275,0,0.002,0,0,0.386,0,0.001,0,0.002,0,0,0.113,0.107,0.173,0.001,0.001,0,0,0,0,0.044,0,0,0,0,0,0,2.181,0,0
"uncl_Chytridiales_fam_Incertae_sedis","Chytridiales_fam_Incertae_sedis","Chytridiales","Chytridiomycetes","Chytridiomycota","Fungi",0,0,0,0.001,0,0,0,0,0,0,0,0,0,0,0,0,0,0,0,0,0,0,0,0,0.001,0,0,0,0,0,0,0,0.004,0,0,0,0,0,0,0,0,0,0,0,0,0,0,0,0,0,0,0,0,0,0,0,0,0,0,0.001,0,0,0,0,0,0,0,0,0,0,0.001,0,0,0,0,0,0,0,0,0.001,0,0.001,0,0,0,0,0,0,0,0,0,0,0,0,0,0,0,0,0,0.006,0.002
"Papiliotrema","Rhynchogastremataceae","Tremellales","Tremellomycetes","Basidiomycota","Fungi",0.003,0.001,0.001,0.002,0.002,0,0.003,0,0.007,0,0.001,0.003,0,0.001,0.002,0.001,0,0,0.018,0,0.011,0,0,0.001,0.001,0.003,0.003,0.001,0,0,0.001,0,0.003,0,0.001,0,0.002,0.009,0,0,0.002,0,0,0,0.001,0,0,0.003,0.004,0,0,0.002,0,0,0,0,0.04,0,0,0.004,0.002,0,0,0,0,0.082,0,0,0,0,0,0,0,0.002,0,0,0.001,0.001,0.001,0.002,0,0,0,0,0.011,0.002,0.005,0.001,0.001,0,0,0,0,0.001,0,0,0,0.001,0,0.004,0.002
"Pestalotiopsis","Pestalotiopsidaceae","Amphisphaeriales","Sordariomycetes","Ascomycota","Fungi",0.001,0,0,0.001,0,0,0,0.001,0.003,0,0,0,0,0,0,0,0,0.054,0,0,0,0,0.001,0,0,0.003,0.005,0,0,0,0,0,0,0,0,0,0,0,0,0,0,0,0,0,0,0,0,0,0,0,0,0.001,0,0,0.054,0,0,0,0,0,0,0,0,0,0,0,0,0,0,0.002,0,0,0,0,0,0,0,0,0,0,0,0,0,0.005,0.004,0.002,0.009,0.001,0,0,0,0,0,0,0,0,0,0,0,0.001,0
"Biscogniauxia","Graphostromataceae","Xylariales","Sordariomycetes","Ascomycota","Fungi",0,0,0,0,0,0,0,0,0,0,0,0,0,0,0,0.001,0,0,0,0,0,0,0,0,0,0,0.001,0,0,0,0,0,0,0,0,0,0,0,0,0,0,0,0,0,0,0,0,0,0,0,0,0.003,0,0,0,0,0,0,0,0,0,0,0,0,0,0,0,0,0,0.001,0,0,0,0,0,0,0,0,0,0,0,0,0,0,0,0.003,0,0,0.001,0,0,0,0,0,0,0,0,0,0,0,0
"Yamadazyma","Debaryomycetaceae","Saccharomycetales","Saccharomycetes","Ascomycota","Fungi",0,0,0,0,0,0,0,0,0,0,0,0,0,0,0,0.002,0,0,0,0,0,0,0,0,0,0,0,0,0,0,0,0,0,0,0,0,0,0,0,0,0,0,0,0,0,0,0,0,0,0,0,0.004,0,0,0,0,0,0,0,0,0,0,0,0,0,0,0,0,0,0,0,0,0,0,0,0,0,0,0,0,0,0,0,0,0,0,0,0,0,0,0,0,0,0,0,0,0,0,0,0,0
"Naganishia","Filobasidiaceae","Filobasidiales","Tremellomycetes","Basidiomycota","Fungi",0,0,0,0,0,0,0,0,0,0,0,0,0,0,0,0,0,0,0,0,0,0,0,0,0,0,0,0,0,0,0,0,0,0,0,0,0,0,0,0,0,0,0,0,0,0,0,0,0,0,0,0.001,0,0,0,0,0,0,0,0,0,0,0,0,0,0,0,0,0,0,0,0,0,0,0,0,0,0,0,0,0,0,0,0,0,0,0,0,0,0,0,0,0,0,0,0,0,0,0,0,0
"uncl_Ustilaginomycetes","uncl_Ustilaginomycetes","uncl_Ustilaginomycetes","Ustilaginomycetes","Basidiomycota","Fungi",0,0,0,0,0,0,0,0,0,0,0,0,0,0,0,0,0,0,0,0,0.001,0,0,0,0,0,0,0,0,0,0,0,0,0.001,0,0,0,0,0,0,0,0,0,0,0,0,0,0,0,0,0,0,0,0,0,0,0,0,0,0,0,0,0,0,0,0.002,0.012,0,0,0,0.001,0,0,0,0,0,0,0,0,0,0,0,0.001,0,0,0,0,0,0,0,0,0,0,0,0,0,0,0,0,0,0
"Phallus","Phallaceae","Phallales","Agaricomycetes","Basidiomycota","Fungi",0.06,0.003,0,0.322,0,0.001,0,0,0.005,0,0,0,0,0,0,0.001,0,0.001,0,0,0,0,0.002,0,1.312,0,0.033,0,0,0.004,0.002,0,0,0,0,0,0,0,0,0,0.002,0.001,0,0,0,0,0,0,0,0,0,0.004,0,0,0.001,0,0,0,0,0.002,0,0,0,0,0,0,0,0,0,0.006,0.001,0,0,0,0,0,0,0,0,3.162,0,0.009,0,0,0,0,0.065,0,0,0,0,0.01,0,0.011,0,0,0,0,0,0,0
"Parasola","Psathyrellaceae","Agaricales","Agaricomycetes","Basidiomycota","Fungi",0.184,0,0,0.001,0.526,0,0.243,0.448,0.189,0,0,0.064,0.447,0,0.367,0.048,0.006,0.004,0,2.915,0.286,0.001,0.129,0.403,0,0,0,0,0,0.002,0,1.222,0.008,0.001,0,0,0,0.002,0,0.177,0.04,0,0,1.043,0,0,0,1.712,0,0,0,0.122,0,0.018,0.004,0,0,8.333,2.141,0,0.657,1.608,0.157,0,0.002,0.011,0,0.002,0,0.001,0.344,0.001,0.002,0,0,0.004,3.097,0.007,0.084,0,0,0,0.001,0,0,0.001,0,0,0,0,0,0.005,0,0,0,0,0,0,1.222,0,0.015
"uncl_Spizellomycetales","uncl_Spizellomycetales","Spizellomycetales","Spizellomycetes","Chytridiomycota","Fungi",0.003,0.002,0,0.001,0,0.007,0.002,0.001,0.002,0.001,0.002,0.001,0,0.001,0,0.004,0.035,0.004,0.002,0,0,0.001,0.002,0.002,0,0,0.007,0.007,0.002,0,0.001,0,0.007,0.002,0,0,0.006,0,0,0.002,0.001,0,0,0,0.002,0,0,0,0,0.02,0,0.001,0.055,0,0.004,0.004,0,0,0,0,0,0,0.001,0,0,0,0,0.002,0,0.001,0,0.004,0.001,0.001,0,0,0.008,0,0.001,0,0,0,0,0,0,0,0.014,0.009,0.006,0.002,0,0,0,0.005,0.001,0,0,0,0,0.001,0.012
"Corynascella","Chaetomiaceae","Sordariales","Sordariomycetes","Ascomycota","Fungi",0,0,0,0,0,0.003,0,0,0,0,0,0,0,0,0,0,0.019,0,0,0,0,0,0,0,0,0,0,0,0,0,0,0,0,0,0,0,0,0,0,0,0,0,0,0,0,0,0,0,0,0,0,0,0.03,0,0,0,0,0,0,0,0,0,0,0,0,0,0,0,0,0,0,0,0,0,0,0,0,0,0,0,0,0,0,0,0,0,0,0,0,0,0,0,0,0,0,0,0,0,0,0,0
"uncl_Polyporales","uncl_Polyporales","Polyporales","Agaricomycetes","Basidiomycota","Fungi",0.06,0.005,0,0.005,0.002,0.208,0.017,0.005,0.075,0.026,0,0,0.213,0,0.243,0.017,1.265,0,0.02,0.219,0.001,0.007,0.003,0.002,0.004,0.01,0.006,0.009,0.008,0,0.004,0,0.019,0.003,0.05,0,0,0,0,0,0,0.01,0.016,0.481,0,0,0.006,0,0.674,0,0.022,0.02,1.951,0.008,0,0.022,0.017,1.75,0,0.002,0.002,0,0,0,0,0,0.002,0,0.01,0.003,0,0.008,0,0.004,0,0,0,0.001,0.004,0,0.022,0,0.013,0.01,0.007,0.004,0.008,0.006,0.012,0.008,0,0,0,0.021,0,0,0,0,0,0.027,0.012
"Neophaeococcomyces","Chaetothyriales_fam_Incertae_sedis","Chaetothyriales","Eurotiomycetes","Ascomycota","Fungi",0,0,0,0,0,0,0,0,0,0,0,0,0,0,0,0,0.003,0,0,0,0,0,0,0,0,0,0,0,0,0,0,0,0,0,0,0,0,0,0,0,0,0,0,0,0,0,0,0,0,0,0,0,0.004,0,0,0,0,0,0,0,0,0,0,0,0,0,0,0,0,0,0,0,0,0,0,0,0,0,0,0,0,0,0,0,0,0,0,0,0,0,0,0,0,0,0,0,0,0,0,0,0
"Pachylepyrium","Tubariaceae","Agaricales","Agaricomycetes","Basidiomycota","Fungi",0,0,0,0,0,0.001,0,0,0,0,0,0,0,0,0,0,0.005,0,0,0,0,0,0,0,0,0,0,0,0,0,0,0,0,0,0,0,0,0,0,0,0,0,0,0,0,0,0,0,0,0,0,0,0.007,0,0,0,0,0,0,0,0,0,0,0,0,0,0,0,0,0,0,0,0,0,0,0,0,0,0,0,0,0,0,0,0,0,0,0,0,0,0,0,0,0,0,0,0,0,0,0,0
"uncl_Spizellomycetes","uncl_Spizellomycetes","uncl_Spizellomycetes","Spizellomycetes","Chytridiomycota","Fungi",0,0.001,0,0,0,0,0,0,0,0,0,0,0,0,0,0,0.001,0,0,0,0,0,0,0,0,0,0,0,0,0,0.001,0,0,0,0,0,0,0,0,0,0,0,0,0,0,0,0,0,0,0,0,0,0.001,0,0,0,0,0,0,0,0,0,0,0,0,0,0,0,0,0,0,0,0,0,0,0,0,0,0,0,0,0,0,0,0,0,0,0,0,0,0,0,0,0.003,0,0,0,0,0,0,0
"uncl_Kondoaceae","Kondoaceae","Agaricostilbales","Agaricostilbomycetes","Basidiomycota","Fungi",0,0,0,0,0,0,0,0,0,0,0,0,0,0,0,0,0.002,0,0,0,0,0,0,0,0,0,0,0,0,0,0,0,0,0,0,0,0,0,0,0,0,0,0,0,0,0,0,0,0,0,0,0,0,0.007,0,0,0,0,0,0,0,0,0,0,0,0,0,0,0,0,0,0,0,0,0,0,0,0,0,0,0,0,0,0,0,0,0,0,0,0,0,0,0,0,0,0,0,0,0,0,0
"Pseudostrickeria","Melanommataceae","Pleosporales","Dothideomycetes","Ascomycota","Fungi",0,0,0,0,0,0,0,0,0,0,0,0,0,0,0,0,0.001,0,0,0,0,0,0,0,0,0,0,0,0,0,0,0,0,0,0,0,0,0,0,0,0,0,0,0,0,0,0,0,0,0,0,0,0,0.003,0,0,0,0,0,0,0,0,0,0,0,0,0,0,0,0,0,0,0,0,0,0,0,0,0,0,0,0,0,0,0,0,0,0,0,0,0,0,0,0,0,0,0,0,0,0,0
"Tricharina","Pyronemataceae","Pezizales","Pezizomycetes","Ascomycota","Fungi",0,0,0,0,0,0,0,0,0,0,0,0,0,0,0,0,0.002,0,0,0,0,0,0,0,0,0,0,0,0,0,0,0,0,0,0,0,0,0,0,0,0,0,0,0,0,0,0,0,0,0,0,0,0,0.005,0,0,0,0,0,0,0,0,0,0,0,0,0,0,0,0,0,0,0,0,0,0,0,0,0,0,0,0,0,0,0,0,0,0,0,0,0,0,0,0,0,0,0,0,0,0,0
"Neoschizothecium","Neoschizotheciaceae","Sordariales","Sordariomycetes","Ascomycota","Fungi",0,0,0,0,0,0,0,0,0,0,0,0,0,0,0,0,0.001,0,0,0,0,0,0,0,0,0,0,0,0,0,0,0,0,0,0,0,0,0,0,0,0,0,0,0,0,0,0,0,0,0,0,0,0,0.002,0,0,0,0,0,0,0,0,0,0,0,0,0,0,0,0,0,0,0,0,0,0,0,0,0,0,0,0,0,0,0,0,0,0,0,0,0,0,0,0,0,0,0,0,0,0,0
"Marquandomyces","Clavicipitaceae","Hypocreales","Sordariomycetes","Ascomycota","Fungi",0,0,0,0.001,0,0,0,0,0,0,0,0,0,0,0.002,0,0.001,0,0,0,0.001,0,0,0,0,0,0.005,0,0,0,0,0,0,0,0.001,0,0,0,0,0,0,0,0,0,0,0,0,0,0.006,0,0,0,0,0.002,0,0,0,0,0,0.004,0,0,0,0,0.001,0,0,0,0,0,0,0,0,0,0,0,0,0,0,0,0,0,0,0,0,0.009,0.001,0,0,0,0,0,0,0,0,0,0,0,0,0,0
"Polyschema","Pleosporales_fam_Incertae_sedis","Pleosporales","Dothideomycetes","Ascomycota","Fungi",0.004,0,0,0.02,0,0,0,0.001,0,0,0,0,0,0,0,0,0.001,0,0,0,0.001,0,0.001,0,0.083,0.001,0,0,0,0,0,0,0,0,0,0,0,0,0,0,0,0,0,0,0,0,0,0,0,0,0,0,0,0.003,0,0,0,0,0,0,0,0,0,0.005,0,0,0,0,0,0,0.002,0,0,0,0,0,0,0,0,0.199,0,0.001,0,0,0.002,0,0,0,0,0,0,0,0,0,0,0,0,0,0,0,0
"Calcarisporiella","Calcarisporiellaceae","Calcarisporiellales","Calcarisporiellomycetes","Calcarisporiellomycota","Fungi",0,0,0.001,0,0,0,0,0,0,0,0.001,0,0,0,0,0,0.003,0,0,0,0,0,0,0,0,0,0,0,0,0,0,0,0,0,0,0.001,0,0,0,0,0,0,0,0,0,0,0,0,0,0,0,0,0.001,0.008,0,0,0,0,0,0,0,0,0,0,0,0,0,0,0,0,0,0,0,0,0,0,0,0,0,0,0,0,0,0,0,0,0,0,0,0,0,0,0,0,0,0,0,0.001,0,0,0
"Acremoniopsis","Nectriaceae","Hypocreales","Sordariomycetes","Ascomycota","Fungi",0.003,0,0,0,0,0,0,0,0.01,0,0,0,0,0,0,0,0,0.206,0,0,0,0,0,0,0,0,0,0,0,0,0,0.132,0,0,0,0,0,0,0,0,0,0,0,0,0,0,0,0,0,0,0,0,0,0,0.206,0,0,0,0,0,0,0,0,0,0,0,0,0,0,0,0,0,0,0,0,0,0,0,0,0,0,0,0,0,0,0,0,0,0,0,0,0,0,0,0,0,0,0,0.132,0,0
"Ochronectria","Bionectriaceae","Hypocreales","Sordariomycetes","Ascomycota","Fungi",0.034,0,0,0.171,0,0,0,0,0.011,0,0,0,0,0,0,0,0,0.179,0,0,0.082,0.001,0,0,0,0.384,0,0,0,0,0,0.129,0,0,0,0,0,0,0,0,0,0,0,0,0,0,0,0,0,0,0,0,0,0,0.179,0,0,0,0,0.715,0,0,0,0,0,0.031,0,0,0.001,0,0,0,0,0,0,0,0,0,0,0,0,0,1.186,0,0.001,0.001,0,0,0,0,0,0,0,0,0,0,0,0,0.129,0.001,0
"Penidiellopsis","Teratosphaeriaceae","Mycosphaerellales","Dothideomycetes","Ascomycota","Fungi",0,0,0,0,0,0,0,0,0.001,0,0,0,0,0,0,0,0,0.016,0,0,0,0,0,0,0,0,0,0,0,0,0,0.003,0.002,0,0,0,0,0,0,0,0,0,0,0,0,0,0,0,0,0,0,0,0,0,0.016,0,0,0,0,0,0,0,0,0,0,0,0,0,0,0,0,0,0,0,0,0,0,0,0,0,0,0,0,0,0,0,0,0,0,0,0,0,0,0,0,0,0,0,0.003,0.004,0.001
"uncl_Hydnodontaceae","Hydnodontaceae","Trechisporales","Agaricomycetes","Basidiomycota","Fungi",0.001,0,0,0.004,0,0,0,0.001,0,0,0,0.002,0,0,0,0,0,0,0,0,0.003,0,0.002,0,0,0,0,0,0,0,0,0.003,0.002,0,0,0,0,0.008,0,0,0,0,0,0,0,0,0,0,0,0,0,0,0,0,0,0,0,0,0,0.029,0,0,0,0,0,0,0,0,0,0,0.007,0,0,0,0,0,0,0,0,0,0,0,0,0,0,0,0,0,0,0,0,0,0,0,0,0,0,0,0.003,0.004,0
"Rhizopogon","Rhizopogonaceae","Boletales","Agaricomycetes","Basidiomycota","Fungi",0.011,0,0,0.057,0,0,0,0,0.004,0,0,0,0,0,0,0,0,0.072,0,0,0,0,0,0,0,0,0,0.314,0,0,0,0.003,0,0,0,0,0,0,0,0,0,0,0,0,0,0,0,0,0,0,0,0,0,0,0.072,0,0,0,0,0,0,0,0,0,0,0,0,0,0,0,0,0,0,0,0,0,0,0,0,0,0,0,0,0,0,0,0.001,0.667,0.019,0,0,0,0,0,0,0,0,0,0.003,0,0
"Flagelloscypha","Tricholomataceae","Agaricales","Agaricomycetes","Basidiomycota","Fungi",0.037,0,0,0.057,0.002,0,0.001,0,0.092,0,0,0,0,0,0.127,0,0,0.006,0,0,0,0,0.056,0.109,0,0.002,0.293,0.02,0,0,0,0.003,0.121,0,0,0,0,0,0,0,0,0,0,0,0,0,0,0,0.357,0,0,0,0,0,0.006,0,0,0,0,0,0,0,0,0,0,0,0,0,0,0.004,0,0.194,0.075,0.264,0.008,0.02,0,0.028,0.149,0,0,0,0,0,0.005,0.042,0.544,0.013,0.026,0,0,0,0,0,0,0,0,0,0.003,0,0.232
"uncl_Catenochytridiaceae","Catenochytridiaceae","Cladochytriales","Cladochytriomycetes","Chytridiomycota","Fungi",0,0,0,0,0,0,0,0,0,0,0,0,0,0,0,0,0,0.001,0,0,0,0,0,0,0,0.001,0,0,0,0,0,0,0,0,0,0,0,0,0,0,0,0,0,0,0,0,0,0,0,0,0,0,0,0,0.001,0,0,0,0,0,0,0,0,0,0,0,0,0,0,0,0.001,0,0,0,0,0,0,0,0,0,0,0,0.001,0,0.001,0,0,0,0,0,0,0,0,0,0,0,0,0,0,0,0
"uncl_Saccharomycetales","uncl_Saccharomycetales","Saccharomycetales","Saccharomycetes","Ascomycota","Fungi",0,0,0,0,0,0,0,0,0,0,0,0,0,0,0,0,0,0.001,0,0,0,0,0,0,0,0,0,0,0,0,0,0,0,0,0,0,0,0,0,0,0,0,0,0,0,0,0,0,0,0,0,0,0,0,0.001,0,0,0,0,0,0,0,0,0,0,0,0,0,0,0,0,0,0,0,0,0,0,0,0,0,0,0,0,0,0,0,0,0.001,0,0,0,0,0,0.001,0,0,0,0,0,0,0
"Ramichloridium","Dissoconiaceae","Capnodiales","Dothideomycetes","Ascomycota","Fungi",0,0,0,0,0,0,0,0,0.001,0,0,0.001,0,0,0,0,0,0.001,0,0,0,0,0,0,0,0.001,0,0,0,0,0,0,0,0,0,0,0,0,0,0,0.005,0,0,0,0,0,0,0,0,0,0,0,0,0,0.001,0,0,0,0,0,0,0,0,0,0,0,0,0,0,0,0,0.001,0,0,0,0,0,0,0,0,0,0,0,0,0.003,0,0,0,0,0,0,0,0,0,0,0,0,0,0,0,0
"Mucor","Mucoraceae","Mucorales","Mucoromycetes","Mucoromycota","Fungi",0.016,0,0,0.085,0,0,0.001,0,0.003,0,0,0,0,0,0.001,0,0,0.004,0,0,0.003,0,0.302,0.004,0,0,0.004,0.005,0,0.006,0,0,0.004,0.001,0,0,0,0,0,0,0,0,0,0,0,0,0,0,0.003,0,0,0,0,0,0.004,0,0,0,0,0.001,0,0,0.003,0,0,0,0.059,0,0,0.86,0,0.021,0,0.017,0,0,0,0,0,0,0,0,0,0,0,0.004,0.004,0.004,0.006,0,0.03,0,0,0,0,0,0,0,0,0.008,0
"uncl_Cordanales","uncl_Cordanales","Cordanales","Sordariomycetes","Ascomycota","Fungi",0,0,0,0,0,0,0,0,0,0,0,0,0,0,0,0,0,0,0,0,0,0,0,0,0,0,0,0,0,0,0,0,0,0,0,0,0,0,0,0,0,0,0,0,0,0,0,0,0,0,0,0,0,0,0,0,0,0,0,0,0,0,0,0,0,0,0,0,0,0,0,0,0,0,0,0,0,0,0,0,0,0,0,0,0,0,0,0,0,0,0,0,0,0,0,0,0,0,0,0,0.001
"Urnula","Sarcosomataceae","Pezizales","Pezizomycetes","Ascomycota","Fungi",0,0,0,0,0,0,0,0,0,0,0,0,0,0,0,0,0,0.004,0,0,0,0,0,0,0,0,0.002,0.001,0,0,0,0,0,0,0,0,0,0,0,0,0,0,0,0,0,0,0,0,0,0,0,0,0,0,0.004,0,0,0,0,0,0,0,0,0,0,0,0,0,0,0,0,0,0,0,0,0,0,0,0,0,0,0,0,0,0,0.002,0.003,0.001,0.002,0,0,0,0,0,0,0,0,0,0,0,0
"Microkamienskia","Glomeraceae","Glomerales","Glomeromycetes","Glomeromycota","Fungi",0,0,0,0,0,0,0,0,0,0,0,0,0,0,0,0,0,0.004,0,0,0,0,0,0,0,0,0,0,0,0,0,0,0,0,0,0,0,0,0,0,0,0,0,0,0,0,0,0,0,0,0,0,0,0,0.004,0,0,0,0,0,0,0,0,0,0,0,0,0,0,0,0,0,0,0,0,0,0,0,0,0,0,0,0,0,0,0,0,0,0,0,0,0,0,0,0,0,0,0,0,0,0
"Ramariopsis","Clavariaceae","Agaricales","Agaricomycetes","Basidiomycota","Fungi",0.003,0,0,0,0,0,0,0,0.01,0,0,0,0,0,0,0,0,0,0,0,0,0,0,0,0,0,0,0,0,0.004,0,0.6,0,0,0,0,0,0,0,0,0,0,0,0,0,0,0,0,0,0,0,0,0,0,0,0,0,0,0,0,0,0,0,0,0,0,0,0,0,0,0,0,0,0,0,0,0,0.002,0,0,0,0,0,0,0,0,0,0,0,0,0,0.01,0,0,0,0,0,0,0.6,0,0
"uncl_Fomitopsidaceae","Fomitopsidaceae","Polyporales","Agaricomycetes","Basidiomycota","Fungi",0.074,0,0,0.38,0,0,0,0,0.019,0,0,0,0,0,0,0,0,0,0,0,0,0,0,0.505,0,0.001,0,0,0,0,0,1.084,0,0,0,0,0,0,0,0,0,0,0,0,0,0,0,0,0,0,0,0,0,0,0,0,0,0,0,0,0,0,0,0,0,0,0,0,0,0,0,0,0.738,1.797,0,0,0,0,0.009,0,0,0,0.002,0,0,0,0,0,0,0,0,0,0,0,0,0,0,0,1.084,0,0
"uncl_Dissoconiaceae","Dissoconiaceae","Capnodiales","Dothideomycetes","Ascomycota","Fungi",0,0,0,0,0,0,0,0,0,0,0,0,0,0,0,0,0,0,0,0,0,0,0,0,0,0,0,0,0,0,0,0.003,0,0,0,0,0,0,0,0,0,0,0,0,0,0,0,0,0,0,0,0,0,0,0,0,0,0,0,0,0,0,0,0,0,0,0,0,0,0,0,0,0,0,0,0,0,0,0,0,0,0,0,0,0,0,0,0,0,0,0,0,0,0,0,0,0,0,0.003,0,0
"Chloridium","Chaetosphaeriaceae","Chaetosphaeriales","Sordariomycetes","Ascomycota","Fungi",0.01,0,0,0.027,0,0,0,0.001,0.018,0,0,0,0,0,0,0,0,0.01,0,0,0,0,0.05,0.004,0.065,0.066,0.02,0.004,0,0.002,0,0.003,0.001,0,0,0,0,0,0,0,0,0,0,0,0,0,0,0,0,0,0,0,0,0,0.01,0,0,0,0,0,0,0,0,0,0,0,0,0,0,0.069,0.005,0.088,0.003,0,0.002,0,0,0.012,0.006,0.148,0,0.01,0.037,0.001,0.165,0.017,0.023,0,0.008,0,0,0,0.005,0,0,0,0,0,0.003,0.002,0
"Ilyonectria","Nectriaceae","Hypocreales","Sordariomycetes","Ascomycota","Fungi",0.001,0,0,0.004,0,0,0,0,0.003,0,0,0,0.015,0,0,0,0,0,0,0,0,0,0,0,0,0,0.003,0,0,0,0,0.007,0.021,0,0,0,0,0,0,0,0,0,0,0.035,0,0,0,0,0,0,0,0,0,0,0,0,0,0,0,0,0,0,0,0,0,0,0,0,0,0,0,0,0,0,0,0,0,0,0,0,0,0,0,0,0,0.007,0,0.001,0,0,0,0,0,0,0,0,0,0,0.007,0.034,0.009
"Cystobasidium","Cystobasidiaceae","Cystobasidiales","Cystobasidiomycetes","Basidiomycota","Fungi",0,0,0,0,0,0,0,0,0.001,0,0,0,0,0,0,0,0.002,0.02,0,0,0,0,0,0,0,0,0,0,0,0,0,0.003,0,0,0,0,0,0,0,0,0,0,0,0.001,0,0,0,0,0,0,0,0,0,0.005,0.02,0,0,0,0,0,0,0,0,0,0,0,0,0,0,0,0,0,0,0,0,0,0,0,0,0,0,0,0,0,0.001,0,0,0.001,0,0,0,0,0,0,0,0,0,0,0.003,0,0
"Ganoderma","Ganodermataceae","Polyporales","Agaricomycetes","Basidiomycota","Fungi",0,0,0,0,0,0,0,0,0,0,0,0,0,0,0,0,0,0.01,0,0,0,0,0,0,0,0,0,0,0,0,0,0,0.002,0,0,0,0,0,0,0,0,0,0,0,0,0,0,0,0,0,0,0,0,0,0.01,0,0,0,0,0,0,0,0,0,0,0,0,0,0,0,0,0,0,0,0,0,0,0,0,0,0,0,0,0,0,0,0.001,0,0,0,0,0,0,0,0,0,0,0,0,0.005,0
"Umbelopsis","Umbelopsidaceae","Umbelopsidales","Umbelopsidomycetes","Mucoromycota","Fungi",0.037,0,0,0.166,0,0,0,0,0.024,0,0,0,0,0,0.003,0,0,0.011,0,0,0,0,0.048,0,0,0,0.005,1.009,0,0,0,0,0,0,0,0,0,0,0,0,0,0,0,0,0,0,0,0,0.008,0,0,0,0,0,0.011,0,0,0,0,0,0,0,0,0,0,0,0,0,0,0.139,0,0,0,0,0,0,0,0,0,0,0,0,0,0,0.001,0.011,0,1.797,0.352,0,0,0,0,0,0,0,0,0,0,0,0
"Sphaeronaemella","Microascales_fam_Incertae_sedis","Microascales","Sordariomycetes","Ascomycota","Fungi",0,0,0,0,0,0,0,0,0,0,0,0,0,0,0,0,0,0,0,0,0,0,0,0,0,0,0,0,0,0,0,0.007,0,0,0,0,0,0,0,0,0,0,0,0,0,0,0,0,0,0,0,0,0,0,0,0,0,0,0,0,0,0,0,0,0,0,0,0,0,0,0,0,0,0,0,0,0,0,0,0,0,0,0,0,0,0,0,0,0,0,0,0,0,0,0,0,0,0,0.007,0,0
"uncl_Sordariomycetes_ord_Incertae_sedis","uncl_Sordariomycetes_ord_Incertae_sedis","Sordariomycetes_ord_Incertae_sedis","Sordariomycetes","Ascomycota","Fungi",0.016,0,0,0.011,0.013,0,0.023,0.054,0.004,0,0,0.003,0,0,0,0,0,0.001,0,0,0.012,0,0.057,0.072,0,0.003,0.025,0.004,0,0.016,0,0.007,0.001,0,0,0,0,0,0,0.002,0.01,0,0,0,0,0,0,0,0,0,0,0,0,0,0.001,0,0,0,0,0.037,0.017,0,0.012,0,0.005,0,0.015,0,0,0.001,0.148,0.005,0.012,0.016,0,0.311,0.275,0.011,0,0,0,0,0.001,0,0.008,0.022,0.029,0.009,0,0,0.079,0,0,0,0,0,0,0,0.007,0.002,0
"Tilletia","Tilletiaceae","Tilletiales","Exobasidiomycetes","Basidiomycota","Fungi",0,0,0,0,0,0,0,0,0,0,0,0,0,0,0,0,0,0,0,0,0,0,0,0,0,0,0,0,0,0,0,0.003,0,0,0,0,0,0,0,0,0,0,0,0,0,0,0,0,0,0,0,0,0,0,0,0,0,0,0,0,0,0,0,0,0,0,0,0,0,0,0,0,0,0,0,0,0,0,0,0,0,0,0,0,0,0,0,0,0,0,0,0,0,0,0,0,0,0,0.003,0,0
"uncl_Chytridiales","uncl_Chytridiales","Chytridiales","Chytridiomycetes","Chytridiomycota","Fungi",0,0,0,0,0,0,0,0,0,0,0,0,0,0,0,0,0,0.011,0,0,0,0,0,0,0,0,0,0,0,0,0,0.003,0,0,0,0,0,0,0,0,0,0,0,0,0,0,0,0,0,0,0,0,0,0,0.011,0,0,0,0,0,0,0,0,0,0,0,0,0,0,0,0,0,0,0,0,0,0,0,0,0,0,0,0,0,0,0,0,0,0,0,0,0,0,0,0,0,0,0,0.003,0,0
"uncl_Helotiales","uncl_Helotiales","Helotiales","Leotiomycetes","Ascomycota","Fungi",0.731,0.001,0,1.051,0.624,0.151,0.37,0.225,1.374,0.242,0.005,0.148,0.489,0.817,0.629,0.043,0.001,0.007,0.196,0.699,0.666,0.21,1.084,1.656,2.096,0.231,2.563,0.899,1.137,0.652,0.001,0.007,0.729,0.433,0.034,0,0.016,0.068,0.003,0.009,0.503,0.116,0.178,0.961,1.12,0.15,0,0,1.762,0.006,0.009,0.096,0.002,0,0.007,0.194,0.199,0,0.799,0.202,0.7,0.349,1.072,0.648,0.313,0.881,0.43,0.492,0.108,2.195,0.398,0.641,2.494,1.454,0.316,0.257,0.306,0.848,3.547,0.652,0.779,4.088,0.287,0.091,0.329,1.639,3.487,0.423,1.295,1.137,1.868,0.282,0.415,0.002,0,0,0,0,0.007,0.462,0.972
"uncl_Umbelopsidaceae","Umbelopsidaceae","Umbelopsidales","Umbelopsidomycetes","Mucoromycota","Fungi",0,0,0,0,0,0,0,0,0,0,0,0,0,0,0,0,0,0.004,0,0,0,0,0,0,0,0,0,0,0,0,0,0,0,0,0,0,0,0,0,0,0,0,0,0,0,0,0,0,0,0,0,0,0,0,0.004,0,0,0,0,0,0,0,0,0,0,0,0,0,0,0,0,0,0,0,0,0,0,0,0,0,0,0,0,0,0,0,0,0.001,0,0,0,0,0,0,0,0,0,0,0,0,0
"Drechslerella","Orbiliaceae","Orbiliales","Orbiliomycetes","Ascomycota","Fungi",0,0,0,0,0,0,0,0,0,0,0,0,0,0,0,0,0,0.003,0,0,0,0,0,0,0,0,0,0,0,0,0,0,0,0,0,0,0,0,0,0,0,0,0,0,0,0,0,0,0,0,0,0,0,0,0.003,0,0,0,0,0,0,0,0,0,0,0,0,0,0,0,0,0,0,0,0,0,0,0,0,0,0,0,0,0,0,0,0,0,0,0,0,0,0,0,0,0,0,0,0,0,0
"Diversispora","Diversisporaceae","Diversisporales","Glomeromycetes","Glomeromycota","Fungi",0,0,0,0.001,0,0,0,0,0,0,0,0,0,0.001,0,0,0,0.003,0,0,0,0,0,0,0,0,0.003,0,0,0,0,0,0.002,0,0,0,0,0,0,0.001,0,0,0,0,0.002,0,0,0,0,0,0,0,0,0,0.003,0,0,0,0,0,0,0,0,0,0,0,0,0,0,0,0.001,0,0,0,0,0,0,0,0,0,0,0,0,0,0,0.007,0,0,0,0,0,0,0,0,0,0,0,0,0,0.004,0
"Sepedonium","Hypocreaceae","Hypocreales","Sordariomycetes","Ascomycota","Fungi",0,0,0,0,0,0,0,0,0,0,0,0,0,0,0,0,0,0.006,0,0,0,0,0,0,0,0,0,0,0,0,0,0,0,0,0,0,0,0,0,0,0,0,0,0,0,0,0,0,0,0,0,0,0,0,0.006,0,0,0,0,0,0,0,0,0,0,0,0,0,0,0,0,0,0,0,0,0,0,0,0,0,0,0,0,0,0,0,0,0,0,0,0,0,0,0,0,0,0,0,0,0,0
"uncl_Chaetosphaeriales","uncl_Chaetosphaeriales","Chaetosphaeriales","Sordariomycetes","Ascomycota","Fungi",0.014,0,0,0.033,0,0,0,0.007,0.025,0,0,0.004,0,0,0,0,0,0.008,0,0,0,0,0.172,0.005,0.016,0.019,0.003,0.006,0,0,0,0,0.074,0,0,0,0,0.004,0,0.007,0.003,0,0,0,0,0,0,0,0.001,0,0,0,0,0,0.008,0,0,0,0,0,0,0,0,0,0,0,0,0,0,0.151,0,0.427,0.001,0.001,0.002,0,0,0.035,0,0.035,0,0.003,0,0.043,0.012,0.001,0.006,0.013,0,0,0,0,0,0,0,0,0,0,0,0.155,0.001
"uncl_Sporidiobolales","uncl_Sporidiobolales","Sporidiobolales","Microbotryomycetes","Basidiomycota","Fungi",0,0,0,0.002,0,0,0,0,0,0,0,0,0,0,0,0,0,0.001,0,0,0,0,0,0,0,0,0.001,0.009,0,0,0,0,0,0,0,0,0,0,0,0,0,0,0,0,0,0,0,0,0,0,0,0,0,0,0.001,0,0,0,0,0,0,0,0,0,0,0,0,0,0,0,0,0,0,0,0,0,0,0,0,0,0,0,0,0,0,0,0.003,0.02,0,0,0,0,0,0,0,0,0,0,0,0.001,0
"Mariannaea","Nectriaceae","Hypocreales","Sordariomycetes","Ascomycota","Fungi",0,0,0,0.001,0,0,0,0,0,0,0,0,0,0,0,0,0,0.001,0,0,0,0,0.001,0,0,0,0,0.005,0,0,0,0,0.003,0,0,0,0,0,0,0,0,0,0,0,0,0,0,0,0,0,0,0,0,0,0.001,0,0,0,0,0,0,0,0,0,0,0,0,0,0,0,0.002,0,0,0,0,0,0,0,0,0,0,0,0,0,0,0,0,0.012,0,0,0,0,0,0,0,0,0,0,0,0.003,0.003
"Subulicystidium","Hydnodontaceae","Trechisporales","Agaricomycetes","Basidiomycota","Fungi",0.004,0,0,0,0,0,0,0,0.014,0,0,0,0,0,0,0,0,0.312,0,0,0,0,0,0,0,0,0,0,0,0,0,0,0.018,0,0,0,0,0,0,0,0,0,0,0,0,0,0,0,0,0,0,0,0,0,0.312,0,0,0,0,0,0,0,0,0,0,0,0,0,0,0,0,0,0,0,0,0,0,0,0,0,0,0,0,0,0,0,0,0,0,0,0,0,0,0,0,0,0,0,0,0,0.034
"Helicoma","Tubeufiaceae","Tubeufiales","Dothideomycetes","Ascomycota","Fungi",0,0,0,0,0,0,0,0,0.001,0,0,0,0,0,0,0,0,0.013,0,0,0,0,0,0,0,0,0,0,0.002,0,0,0,0.001,0,0,0,0,0,0,0,0,0,0,0,0,0,0,0,0,0,0,0,0,0,0.013,0,0,0,0,0,0,0,0,0,0,0,0,0,0,0,0,0,0,0,0,0,0,0.001,0,0,0,0.001,0,0,0,0,0,0,0,0.002,0,0,0,0,0,0,0,0,0,0.002,0.001
"uncl_Archaeorhizomycetales","uncl_Archaeorhizomycetales","Archaeorhizomycetales","Archaeorhizomycetes","Ascomycota","Fungi",0,0,0,0,0,0,0,0,0,0,0,0,0,0,0,0,0,0,0,0,0,0,0,0,0,0,0,0,0,0,0,0,0,0,0,0,0,0,0,0,0,0,0,0,0,0,0,0,0,0,0,0,0,0,0,0,0,0,0,0,0,0,0,0,0,0,0,0,0,0,0,0,0,0,0,0,0.001,0,0,0,0,0,0,0,0,0,0,0,0,0,0,0,0,0,0,0,0,0,0,0,0
"Diddensiella","Trichomonascaceae","Saccharomycetales","Saccharomycetes","Ascomycota","Fungi",0,0,0,0,0,0,0,0,0,0,0,0,0,0,0,0,0,0.003,0,0,0,0,0,0,0,0,0,0,0,0,0,0,0,0,0,0,0,0,0,0,0,0,0,0,0,0,0,0,0,0,0,0,0,0,0.003,0,0,0,0,0,0,0,0,0,0,0,0,0,0,0,0,0,0,0,0,0,0,0,0,0,0,0,0,0,0,0,0,0,0,0,0,0,0,0,0,0,0,0,0,0,0
"uncl_Rhizophydiomycetes","uncl_Rhizophydiomycetes","uncl_Rhizophydiomycetes","Rhizophydiomycetes","Chytridiomycota","Fungi",0.001,0,0,0,0,0,0,0,0.002,0,0,0,0,0,0,0,0,0.048,0,0,0,0,0,0,0,0,0,0,0,0,0,0,0,0,0,0,0,0,0,0,0,0,0,0,0,0,0,0,0,0,0,0,0,0,0.048,0,0,0,0,0,0,0,0,0,0,0,0,0,0,0,0,0,0,0,0,0,0,0,0,0,0,0,0,0,0,0,0,0,0,0,0,0,0,0,0,0,0,0,0,0,0
"Rhytidhysteron","Hysteriaceae","Hysteriales","Dothideomycetes","Ascomycota","Fungi",0,0,0,0,0,0,0,0,0,0,0,0,0,0,0,0,0,0.001,0,0,0,0,0,0,0,0,0,0,0,0,0,0,0,0,0,0,0,0,0,0,0,0,0,0,0,0,0,0,0,0,0,0,0,0,0.001,0,0,0,0,0,0,0,0,0,0,0,0,0,0,0,0,0,0,0,0,0,0,0,0,0,0,0,0,0,0.001,0,0,0,0,0,0,0,0,0,0,0,0,0,0,0,0
"Neopyrenochaeta","Neopyrenochaetaceae","Pleosporales","Dothideomycetes","Ascomycota","Fungi",0,0,0,0,0,0,0,0,0,0,0,0,0,0,0,0,0,0.006,0,0,0,0,0,0,0,0,0,0,0,0,0,0,0,0,0,0,0,0,0,0,0,0,0,0,0,0,0,0,0,0,0,0,0,0,0.006,0,0,0,0,0,0,0,0,0,0,0,0,0,0,0,0,0,0,0,0,0,0,0,0,0,0,0,0,0.001,0,0,0,0,0,0,0,0,0,0,0,0,0,0,0,0,0
"Pisolithus","Pisolithaceae","Boletales","Agaricomycetes","Basidiomycota","Fungi",0,0,0,0.001,0,0,0,0,0,0,0,0,0,0,0,0,0,0.001,0,0,0,0,0,0,0,0.003,0,0,0,0,0,0,0,0,0,0,0,0,0,0,0,0,0,0,0,0,0,0,0,0,0,0,0,0,0.001,0,0,0,0,0,0,0,0,0,0,0,0,0,0,0,0,0,0,0,0,0,0,0,0,0,0,0,0.009,0,0,0,0.001,0,0,0,0,0,0,0,0,0,0,0,0,0,0
"Microporellus","Steccherinaceae","Polyporales","Agaricomycetes","Basidiomycota","Fungi",0,0,0,0,0,0,0,0,0,0,0,0,0,0,0,0,0,0.001,0,0,0,0,0,0,0,0,0,0,0,0,0,0,0,0,0,0,0,0,0,0,0,0,0,0,0,0,0,0,0,0,0,0,0,0,0.001,0,0,0,0,0,0,0,0,0,0,0,0,0,0,0,0,0,0,0,0,0,0,0,0,0,0,0,0,0,0,0,0,0,0,0,0,0,0,0,0,0,0,0,0,0,0
"Hypholoma","Strophariaceae","Agaricales","Agaricomycetes","Basidiomycota","Fungi",0,0,0,0,0,0,0,0,0,0,0,0,0,0,0,0,0,0,0,0,0,0,0,0,0,0,0,0,0,0,0,0,0,0,0,0,0,0,0,0,0,0,0,0,0,0,0,0,0,0,0,0,0,0,0,0,0,0,0,0,0,0,0,0,0,0,0,0,0,0,0,0,0,0,0,0,0,0,0,0,0,0,0,0,0,0,0,0,0,0,0,0,0,0,0,0,0,0,0,0,0
"Penicillifer","Nectriaceae","Hypocreales","Sordariomycetes","Ascomycota","Fungi",0,0,0,0,0,0,0,0,0,0,0,0,0,0,0,0,0,0.001,0,0,0,0,0,0,0,0,0,0,0,0,0,0,0,0,0,0,0,0,0,0,0,0,0,0,0,0,0,0,0,0,0,0,0,0,0.001,0,0,0,0,0,0,0,0,0,0,0,0,0,0,0.001,0,0,0,0,0,0,0,0,0,0,0,0,0,0,0,0,0,0,0,0,0,0,0,0,0,0,0,0,0,0,0
"Ustanciosporium","Cintractiaceae","Ustilaginales","Ustilaginomycetes","Basidiomycota","Fungi",0,0,0,0,0,0,0,0,0,0,0,0,0,0,0,0,0,0.001,0,0,0,0,0,0,0,0,0,0,0,0,0,0,0,0,0,0,0,0,0,0,0,0,0,0,0,0,0,0,0,0,0,0,0,0,0.001,0,0,0,0,0,0,0,0,0,0,0,0,0,0,0,0,0,0,0,0,0,0,0,0,0,0,0,0,0,0,0,0,0,0,0,0,0,0,0,0,0,0,0,0,0,0
"Bjerkandera","Phanerochaetaceae","Polyporales","Agaricomycetes","Basidiomycota","Fungi",0.001,0,0,0.003,0,0,0,0,0.002,0,0,0,0,0,0,0,0,0.001,0,0,0.006,0,0,0,0,0,0,0,0,0,0,0,0,0,0,0,0,0,0,0,0,0,0,0,0,0,0,0,0,0,0,0,0,0,0.001,0,0,0,0,0.031,0,0,0,0,0,0,0.067,0,0,0,0,0,0,0,0,0,0,0,0.001,0,0,0,0,0,0,0,0,0,0,0,0,0,0,0,0,0,0,0,0,0,0
"Basidiobolus","Basidiobolaceae","Basidiobolales","Basidiobolomycetes","Basidiobolomycota","Fungi",0,0,0,0,0,0.001,0,0,0,0,0,0,0,0,0,0,0,0,0.003,0,0,0,0,0,0,0,0,0,0,0,0,0,0,0,0,0,0,0,0,0,0,0,0,0,0,0,0,0,0,0,0,0,0,0,0,0.005,0,0,0,0,0,0,0,0,0,0,0,0,0,0,0,0,0,0,0,0,0,0,0,0,0,0,0,0,0,0,0,0,0,0,0,0,0,0,0,0,0,0,0,0,0
"uncl_Diversisporaceae","Diversisporaceae","Diversisporales","Glomeromycetes","Glomeromycota","Fungi",0,0,0,0,0,0,0,0,0,0,0,0,0,0,0,0,0,0,0,0,0,0,0,0,0,0,0,0,0,0,0,0,0,0,0,0,0,0,0,0,0,0,0,0,0,0,0,0,0,0,0,0,0,0,0,0,0,0,0,0.002,0,0,0,0,0,0,0,0,0,0,0,0,0,0,0,0,0,0,0,0,0,0,0,0,0,0,0,0,0,0,0,0,0,0,0,0,0,0,0,0,0
"Scleroderma","Sclerodermataceae","Boletales","Agaricomycetes","Basidiomycota","Fungi",0.001,0,0,0.003,0,0,0,0,0.001,0,0,0,0,0,0,0,0,0,0,0.004,0,0,0.018,0,0,0,0,0,0,0,0,0,0,0,0,0,0,0,0,0,0,0,0,0,0,0,0,0,0,0,0,0,0,0,0,0,0,0.03,0,0,0,0,0,0,0,0,0,0,0,0.033,0,0.024,0,0,0,0,0,0,0,0,0,0,0,0,0,0,0,0,0,0,0,0,0,0,0,0,0,0,0,0,0
"Waitea","Corticiaceae","Corticiales","Agaricomycetes","Basidiomycota","Fungi",0.003,0,0,0.018,0,0,0,0,0.001,0,0,0,0,0,0,0,0,0,0,0.001,0,0,0,0,0.075,0,0,0,0,0,0,0,0,0,0,0,0,0,0,0,0,0,0,0,0,0,0,0,0,0,0,0,0,0,0,0,0,0.01,0,0,0,0,0,0,0,0.001,0,0,0,0,0,0,0,0,0.002,0,0,0,0,0.173,0.002,0.007,0,0,0,0,0,0,0,0,0,0,0,0,0,0,0,0,0,0,0
"uncl_Cunninghamellaceae","Cunninghamellaceae","Mucorales","Mucoromycetes","Mucoromycota","Fungi",0.16,0,0,0.555,0.005,0,0.001,0.002,0.21,0,0,0.001,0,0,0,0.001,0,0,0,0,0.014,0,2.377,0.188,0.192,0.011,0.028,0.009,0,0.757,0,0,0.003,0,0,0,0,0.001,0,0,0.004,0,0,0,0,0,0,0,0,0,0,0.002,0,0,0,0,0,0,0,0.079,0,0,0.004,0,0.001,0.034,0,0,0,3.989,0.013,3.56,0.025,0.726,0.022,0.004,0.001,0.003,0.086,0.323,0,0.141,0,0,0.035,0.055,0.001,0.017,0.002,0,1.354,0,1.216,0,0,0,0,0,0,0.005,0.001
"Erythricium","Corticiaceae","Corticiales","Agaricomycetes","Basidiomycota","Fungi",0.021,0,0,0.113,0,0,0,0,0.001,0,0,0,0,0,0,0,0,0,0,0,0.148,0,0,0,0,0,0,0,0,0,0,0,0,0,0,0,0,0,0,0,0,0,0,0,0,0,0,0,0,0,0,0,0,0,0,0,0,0,0,1.332,0,0,0,0,0,0.011,0,0,0,0,0,0,0,0,0,0,0,0,0,0,0,0,0,0,0,0,0,0,0,0,0,0,0,0,0,0,0,0,0,0,0
"uncl_Aspergillaceae","Aspergillaceae","Eurotiales","Eurotiomycetes","Ascomycota","Fungi",0,0,0,0,0,0,0,0,0,0,0,0,0,0,0,0,0,0.001,0,0,0,0,0,0,0,0,0,0,0,0,0,0,0.001,0,0,0,0,0,0,0,0,0,0,0,0,0,0,0,0.001,0,0,0,0,0,0.001,0,0,0,0,0.002,0,0,0,0,0,0,0,0,0,0,0.001,0,0,0.001,0,0,0,0,0,0,0,0,0.001,0,0,0,0.001,0,0,0,0,0,0,0,0,0,0,0,0,0,0.002
"Alternariaster","Leptosphaeriaceae","Pleosporales","Dothideomycetes","Ascomycota","Fungi",0,0,0,0.001,0.003,0,0,0,0,0,0,0,0,0,0,0,0,0,0,0,0.002,0,0,0,0.002,0,0,0,0,0,0,0,0,0,0,0,0,0,0,0,0,0,0,0,0,0,0,0,0,0,0,0,0,0,0,0,0,0,0,0.004,0.003,0,0,0,0,0.004,0.002,0,0,0,0,0,0,0,0,0,0,0,0,0.006,0,0,0,0,0,0,0,0,0,0,0,0,0,0,0,0,0,0,0,0,0
"uncl_Cantharellales_fam_Incertae_sedis","Cantharellales_fam_Incertae_sedis","Cantharellales","Agaricomycetes","Basidiomycota","Fungi",0,0,0,0,0,0,0,0.001,0,0,0,0,0,0,0,0,0,0,0,0,0.001,0.005,0,0,0,0,0,0,0,0,0,0,0,0,0,0,0,0,0,0,0,0,0,0,0,0,0,0,0,0,0,0,0,0,0,0,0,0,0,0.005,0,0,0,0,0,0,0,0,0.006,0,0,0,0,0,0,0.003,0,0,0,0,0,0,0,0,0,0,0,0,0,0,0,0,0,0,0,0,0,0,0,0,0
"Microglossum","Geoglossaceae","Geoglossales","Geoglossomycetes","Ascomycota","Fungi",0.002,0,0,0.009,0,0,0,0,0,0,0,0,0,0,0,0,0,0,0,0,0.001,0,0,0.012,0,0,0,0,0,0,0,0,0,0,0,0,0,0,0,0,0,0,0,0,0,0,0,0,0,0,0,0,0,0,0,0,0,0,0,0.007,0,0,0,0,0,0,0,0,0,0,0,0,0.086,0,0,0,0,0,0,0,0,0,0,0,0,0,0,0,0,0,0,0,0,0,0,0,0,0,0,0,0
"Saksenaea","Saksenaeaceae","Mucorales","Mucoromycetes","Mucoromycota","Fungi",0,0,0,0,0,0,0,0,0.001,0,0,0,0,0,0,0,0,0,0,0,0,0,0,0.001,0,0.006,0,0,0,0,0,0,0,0,0,0,0,0,0,0,0,0,0,0,0,0,0,0,0,0,0,0,0,0,0,0,0,0,0,0.001,0,0,0,0,0,0,0,0,0,0.001,0,0,0,0.001,0,0,0,0,0.002,0,0,0,0,0,0.02,0,0,0,0,0,0,0,0,0,0,0,0,0,0,0,0
"Puccinia","Pucciniaceae","Pucciniales","Pucciniomycetes","Basidiomycota","Fungi",0,0,0,0,0,0,0,0,0,0,0,0,0,0,0,0,0,0,0,0,0,0,0,0,0,0,0,0,0,0,0,0,0,0,0,0,0,0,0,0,0,0,0,0,0,0,0,0,0,0,0,0,0,0,0,0,0,0,0,0,0,0,0,0,0,0,0,0,0,0,0,0,0,0,0,0,0,0,0,0,0,0,0,0,0,0,0,0,0,0,0,0,0,0,0,0,0,0,0,0,0
"Udeniomyces","Mrakiaceae","Cystofilobasidiales","Tremellomycetes","Basidiomycota","Fungi",0,0,0,0,0,0,0,0,0,0,0,0,0,0,0,0,0,0,0,0,0,0,0,0,0,0,0,0,0,0,0,0,0,0,0,0,0,0,0,0,0,0,0,0,0,0,0,0,0,0,0,0,0,0,0,0,0,0,0,0.003,0,0,0,0,0,0,0,0,0,0,0,0,0,0,0,0,0,0,0,0,0,0,0,0,0,0,0,0,0,0,0,0,0,0,0,0,0,0,0,0,0
"Chalara","Helotiales_fam_Incertae_sedis","Helotiales","Leotiomycetes","Ascomycota","Fungi",0,0,0,0,0,0,0,0,0,0,0,0,0,0,0,0,0,0,0,0,0,0,0,0,0,0,0,0,0,0,0,0,0,0,0,0,0,0,0,0,0,0,0,0,0,0,0,0,0,0,0,0,0,0,0,0,0,0,0,0.001,0,0,0,0,0,0,0,0,0,0,0,0,0,0,0,0,0,0,0,0,0,0,0,0,0,0,0,0,0,0,0,0,0,0,0,0,0,0,0,0,0
"Cystofilobasidium","Cystofilobasidiaceae","Cystofilobasidiales","Tremellomycetes","Basidiomycota","Fungi",0,0,0,0,0,0,0,0.001,0,0,0,0,0,0,0,0,0,0,0,0,0,0,0,0,0,0.003,0,0,0,0,0,0,0,0,0,0,0,0,0,0,0,0,0,0,0,0,0,0,0,0,0,0,0,0,0,0,0,0,0,0,0,0,0,0,0.001,0,0,0,0,0,0,0,0,0,0,0,0,0,0,0,0,0,0,0.007,0,0,0,0,0,0,0,0,0,0,0,0,0,0,0,0,0
"uncl_Platygloeales","uncl_Platygloeales","Platygloeales","Pucciniomycetes","Basidiomycota","Fungi",0,0,0,0,0,0,0,0,0,0,0,0,0,0,0,0,0,0,0,0,0,0,0,0,0,0,0,0,0,0,0,0,0,0,0,0,0,0,0,0,0,0,0,0,0,0,0,0,0,0,0,0,0,0,0,0,0,0,0,0.001,0,0,0,0,0,0,0,0,0,0,0,0,0,0,0,0,0,0,0,0,0,0,0,0,0,0,0,0,0,0,0,0,0,0,0,0,0,0,0,0,0
"uncl_Glomerellales","uncl_Glomerellales","Glomerellales","Sordariomycetes","Ascomycota","Fungi",0,0,0,0.001,0,0,0,0.001,0.001,0,0,0,0,0,0,0,0,0,0,0,0,0,0,0,0.001,0.004,0.007,0,0,0,0,0,0,0,0,0,0,0,0,0,0,0,0,0,0,0,0,0,0,0,0,0,0,0,0,0,0,0,0,0,0,0,0,0,0,0,0,0,0,0,0.001,0,0,0,0,0,0,0,0,0,0,0.002,0.005,0.005,0.002,0.008,0.007,0,0,0,0,0,0,0,0,0,0,0,0,0,0
"uncl_Cladochytriales_fam_Incertae_sedis","Cladochytriales_fam_Incertae_sedis","Cladochytriales","Cladochytriomycetes","Chytridiomycota","Fungi",0,0,0,0,0.001,0,0.001,0.001,0,0,0,0,0,0,0,0,0,0,0,0,0.002,0,0,0.001,0,0,0,0,0,0,0,0,0,0,0,0,0,0,0,0,0,0,0,0,0,0,0,0,0,0,0,0,0,0,0,0,0,0,0,0,0.001,0.003,0.003,0,0.002,0,0.002,0,0,0,0,0,0,0,0,0,0.01,0.001,0,0,0,0,0,0,0,0,0,0,0,0,0,0,0,0,0,0,0,0,0,0,0
"Ustilago","Ustilaginaceae","Ustilaginales","Ustilaginomycetes","Basidiomycota","Fungi",0.037,0.002,0,0.049,0.309,0.001,0.029,0.032,0.022,0,0,0,0,0,0,0,0,0,0,0,0.159,0,0.001,0.109,0,0,0,0,0,0,0.001,0,0,0,0,0,0,0,0,0,0,0,0,0,0,0,0,0,0,0,0,0,0,0,0,0,0,0,0,0,0.331,0.005,0.187,0.001,0.286,0,0.292,0,0,0,0.002,0,0,0.29,0.221,0,0,0,0.142,0,0,0.001,0,0,0,0.001,0,0,0,0,0,0,0,0.005,0.001,0,0,0,0,0,0
"Davidiellomyces","Cladosporiaceae","Capnodiales","Dothideomycetes","Ascomycota","Fungi",0,0,0,0,0,0,0,0.002,0,0,0,0,0,0,0,0,0,0,0,0,0.002,0,0,0,0,0,0,0,0,0,0,0,0,0,0,0,0,0,0,0,0,0,0,0,0,0,0,0,0,0,0,0,0,0,0,0,0,0,0,0,0,0,0,0.018,0,0,0,0,0,0,0,0,0,0,0,0,0,0,0,0,0,0,0,0,0,0,0,0,0,0,0,0,0,0,0,0,0,0,0,0,0
"uncl_Rhynchogastremataceae","Rhynchogastremataceae","Tremellales","Tremellomycetes","Basidiomycota","Fungi",0,0,0,0,0,0,0,0,0,0,0,0,0,0,0,0,0,0,0,0,0.001,0,0,0,0,0,0,0,0,0,0,0,0,0,0,0,0,0,0,0,0,0,0,0,0,0,0,0,0,0,0,0,0,0,0,0,0,0,0,0,0,0,0.003,0.002,0,0.001,0,0,0,0,0,0,0,0,0,0,0,0,0,0,0,0,0,0,0,0,0,0,0,0,0,0,0,0,0,0,0,0,0,0,0
"uncl_Ascobolaceae","Ascobolaceae","Pezizales","Pezizomycetes","Ascomycota","Fungi",0,0,0,0,0.005,0,0,0,0,0,0,0,0,0,0,0,0,0,0,0,0.001,0,0.001,0,0,0,0,0,0,0,0,0,0,0,0,0,0,0,0,0,0,0,0,0,0,0,0,0,0,0,0,0,0,0,0,0,0,0,0,0,0.006,0,0,0,0,0,0,0,0,0,0.001,0.002,0,0,0,0,0,0,0,0,0,0,0,0,0,0,0,0,0,0,0,0,0,0,0,0,0,0,0,0,0
"Eutypella","Diatrypaceae","Xylariales","Sordariomycetes","Ascomycota","Fungi",0,0,0,0,0,0,0,0,0,0,0,0,0,0,0,0,0,0,0,0,0,0,0,0,0,0,0,0,0,0,0,0,0,0,0,0,0,0,0,0,0,0,0,0,0,0,0,0,0,0,0,0,0,0,0,0,0,0,0,0,0,0,0,0,0,0,0,0,0,0,0,0,0,0,0,0,0,0,0,0,0,0,0,0,0,0,0,0,0,0,0,0,0,0,0,0,0,0,0,0,0
"uncl_Stephanosporaceae","Stephanosporaceae","Agaricales","Agaricomycetes","Basidiomycota","Fungi",0.015,0,0,0,0.017,0,0.071,0,0,0,0,0,0,0,0,0,0.006,0,0,0,0.005,0,0,0.103,0,0,0,0,0,0,0,0,0,0,0,0,0,0,0,0,0,0,0,0,0,0,0,0,0,0,0,0,0,0.016,0,0,0,0,0,0,0.021,0,0,0,0,0,0,0,0,0,0,0,0,0,0,1.016,0,0,0,0,0,0,0,0,0,0,0,0,0,0,0,0,0,0,0,0,0,0,0,0,0
"Marchandiomyces","Corticiaceae","Corticiales","Agaricomycetes","Basidiomycota","Fungi",0.009,0,0,0,0.241,0,0,0,0,0,0,0,0.002,0,0,0,0,0,0,0,0.066,0,0,0,0,0,0,0,0,0,0,0,0,0,0,0,0,0,0,0,0,0,0,0.004,0,0,0,0,0,0,0,0,0,0,0,0,0,0,0,0,0.302,0,0,0,0,0,0,0,0,0,0,0,0,0,0,0,0,0,0,0,0,0,0,0,0,0,0,0,0,0,0,0,0,0,0,0,0,0,0,0,0
"uncl_Cystobasidiaceae","Cystobasidiaceae","Cystobasidiales","Cystobasidiomycetes","Basidiomycota","Fungi",0.005,0,0,0,0,0,0,0,0.019,0,0,0,0,0,0,0,0,0,0,0,0,0,0,0,0.121,0,0,0,0,0,0,0,0,0,0,0,0,0,0,0,0,0,0,0,0,0,0,0,0,0,0,0,0,0,0,0,0,0,0,0,0,0,0,0,0,0,0,0,0,0,0,0,0,0,0,0,0,0,0,0.001,0,0.291,0,0,0,0.001,0,0,0,0,0,0,0,0,0,0,0,0,0,0,0
"Macroconia","Nectriaceae","Hypocreales","Sordariomycetes","Ascomycota","Fungi",0,0,0,0,0.001,0,0,0,0,0,0,0,0,0,0,0,0,0,0,0,0,0,0,0,0,0,0,0,0,0,0,0,0,0,0,0,0,0,0,0,0,0,0,0,0,0,0,0,0,0,0,0,0,0,0,0,0,0,0,0,0.001,0,0,0,0,0,0,0,0,0,0,0,0,0,0,0,0,0,0,0,0,0,0,0,0,0,0,0,0,0,0,0,0,0,0,0,0,0,0,0,0
"Irpex","Irpicaceae","Polyporales","Agaricomycetes","Basidiomycota","Fungi",0,0,0,0,0,0,0,0,0,0,0,0,0,0,0,0,0,0,0,0,0,0,0,0,0,0,0,0,0,0,0,0,0,0,0,0,0,0,0,0,0,0,0,0,0,0,0,0,0,0,0,0,0,0,0,0,0,0,0,0,0,0,0.001,0,0,0.001,0,0,0,0,0,0,0,0,0,0,0,0,0,0,0,0,0,0,0.001,0,0,0,0.001,0,0,0,0,0,0,0,0,0,0,0,0
"Serendipita","Serendipitaceae","Sebacinales","Agaricomycetes","Basidiomycota","Fungi",0.066,0,0,0.263,0.077,0,0.008,0.073,0.014,0,0.001,0.09,0,0,0,0.001,0.002,0.058,0,0,0.063,0,0,0.081,0.005,0.672,0.002,0,0,0,0,0.142,0.122,0,0,0,0.002,0.167,0.001,0.112,0.04,0,0,0,0,0,0,0,0,0,0,0.002,0,0.007,0.058,0,0,0,0,0,0.093,0,0.006,0,0.341,0.005,0.077,0,0,0,0,0,0.163,0.123,0.014,0.092,0.121,0.049,0,0,0,0.013,2.034,0.04,0,0,0.004,0,0,0,0,0,0,0,0,0,0,0,0.142,0.243,0.013
"uncl_Verrucariaceae","Verrucariaceae","Verrucariales","Eurotiomycetes","Ascomycota","Fungi",0,0,0,0,0,0,0,0,0,0,0,0,0,0,0,0,0,0,0,0,0,0,0,0,0,0,0,0,0,0,0,0,0,0,0,0,0,0,0,0,0,0,0,0,0,0,0,0,0,0,0,0,0,0,0,0,0,0,0,0,0,0,0,0,0,0,0.005,0,0,0,0,0,0,0,0,0,0,0,0,0,0,0,0,0,0,0,0,0,0,0,0,0,0,0,0,0,0,0,0,0,0
"Polyporus","Polyporaceae","Polyporales","Agaricomycetes","Basidiomycota","Fungi",0,0,0,0,0,0,0,0,0.001,0,0,0,0,0,0,0,0,0,0,0,0.001,0,0,0,0,0,0,0,0,0,0,0,0,0,0,0,0,0,0,0,0,0,0,0,0,0,0,0,0,0,0,0,0,0,0,0,0,0,0,0,0,0,0,0,0,0,0.032,0,0,0,0,0,0,0,0,0,0,0,0,0,0,0,0,0,0,0,0,0,0,0,0,0,0,0,0,0,0,0,0,0,0
"Pseudolophiotrema","Pseudolophiotremataceae","Pleosporales","Dothideomycetes","Ascomycota","Fungi",0,0,0,0,0.001,0,0,0,0,0,0,0,0,0,0,0,0,0,0,0,0,0,0,0.001,0,0,0,0,0,0,0,0,0,0,0,0,0,0,0,0,0,0,0,0,0,0,0,0,0,0,0,0,0,0,0,0,0,0,0,0,0.001,0,0,0,0,0,0,0,0,0,0,0,0,0,0,0,0,0.004,0,0,0,0,0,0,0,0,0,0,0,0,0,0,0,0,0,0,0,0,0,0,0
"Mycetinis","Omphalotaceae","Agaricales","Agaricomycetes","Basidiomycota","Fungi",0.043,0,0,0,0,0,0,0,0.151,0,0,0,0,0,0,0,0,0,0,0,0,0,0,0,0,0,0,1.271,0,0,0,0,0,0,0,0,0,0,0,0,0,0,0,0,0,0,0,0,0,0,0,0,0,0,0,0,0,0,0,0,0,0,0,0,0,0,0,0,0,0,0,0,0,0,0,0,0,0,0,0,0,0,0,0,0,0,0,0.003,2.327,0,0,0,0,0,0,0,0,0,0,0,0
"uncl_Helotiales_fam_Incertae_sedis","Helotiales_fam_Incertae_sedis","Helotiales","Leotiomycetes","Ascomycota","Fungi",0.022,0,0,0.05,0,0,0,0,0.046,0,0,0,0,0,0,0,0,0,0,0,0,0,0.002,0.002,0,0.001,0,0.648,0,0,0,0,0,0,0,0,0,0,0,0,0,0,0,0,0,0,0,0,0,0,0,0,0,0,0,0,0,0,0,0,0,0,0,0,0,0,0,0,0,0.002,0,0.004,0.001,0.007,0,0,0,0.001,0,0,0,0,0,0,0.004,0,0,0.576,0.708,0,0,0,0,0,0,0,0,0,0,0,0
"Pseudorobillarda","Pleosporales_fam_Incertae_sedis","Pleosporales","Dothideomycetes","Ascomycota","Fungi",0.025,0,0,0.015,0.053,0,0,0,0.071,0.016,0,0,0,0,0,0,0,0,0,0,0.033,0,0,0,0.001,0.002,0.639,0,0,0,0,0,0,0,0.034,0,0,0,0,0,0,0,0,0,0,0,0,0,0,0,0,0,0,0,0,0,0,0,0,0.17,0.066,0,0,0,0,0,0,0,0,0,0,0,0,0,0,0,0,0,0,0.002,0,0,0.004,0,0.002,0,1.278,0,0,0,0,0,0,0,0,0,0,0,0,0,0
"Tomentella","Thelephoraceae","Thelephorales","Agaricomycetes","Basidiomycota","Fungi",0.116,0,0,0.047,0.001,0,0.16,0,0.268,0.001,0.962,0.11,0.695,0,0.094,0,0,0,0,0,0,0,0,0,0,0.004,0.004,1.494,0,0,0,0,0,0.001,0.001,0,3.27,0,0.628,0,0,0,0,1.622,0,0,0,0,0.264,0,0,0,0,0,0,0,0,0,0,0,0.001,0,0,0,0,0,0,0,0,0,0.001,0,0,0,0,0,0.001,0.002,0,0,0,0,0.012,0,0,0.001,0.007,0.542,2.288,0,0,0,0,0,0,0,0,0,0,0,0
"Sistotrema","Hydnaceae","Cantharellales","Agaricomycetes","Basidiomycota","Fungi",0.039,0,0.001,0.17,0.056,0,0,0,0.022,0,0,0,0,0,0,0,0,0.02,0,0,0.015,0,0.133,0.003,0,0,0.014,0,0,0,0,0,0.915,0,0,0,0,0,0,0,0,0,0,0,0,0,0,0,0,0,0,0,0,0,0.02,0,0,0,0,0,0.07,0,0,0,0,0,0,0,0,0.049,0,0.414,0,0,0,0,0,0.019,0,0,0,0,0,0,0,0.029,0,0,0,0,0,0,0,0,0,0,0,0.001,0,1.921,0
"Cortinarius","Cortinariaceae","Agaricales","Agaricomycetes","Basidiomycota","Fungi",0.014,0,0,0.077,0.001,0,0,0,0.002,0,0,0,0,0,0,0,0,0,0,0,0,0,0,0,0,0,0,0.425,0,0,0,0,0,0,0.001,0,0,0,0,0,0,0,0,0,0,0,0,0,0,0,0,0,0,0,0,0,0,0,0,0,0.001,0,0,0,0,0,0,0,0,0,0,0,0,0,0,0,0,0,0,0,0,0,0,0,0,0,0,0.904,0.026,0,0,0,0,0,0,0,0,0,0,0,0
"uncl_Sarcosomataceae","Sarcosomataceae","Pezizales","Pezizomycetes","Ascomycota","Fungi",0.049,0,0,0.245,0.002,0,0,0.001,0.015,0,0,0,0,0,0,0,0,0,0,0,0,0,0,0.001,0,0,0,1.439,0,0,0,0,0,0,0,0,0,0,0,0,0,0,0,0,0,0,0,0,0,0,0,0,0,0,0,0,0,0,0,0,0.002,0,0,0,0,0,0,0,0,0,0,0,0,0,0,0,0.008,0,0,0,0,0,0,0,0,0,0,2.891,0.229,0,0,0,0,0,0,0,0,0,0,0,0
"Chaetocalathus","Marasmiaceae","Agaricales","Agaricomycetes","Basidiomycota","Fungi",0.009,0,0,0,0,0,0,0,0.033,0,0,0,0,0,0,0,0,0,0,0,0,0,0,0,0,0.177,0,0,0,0,0,0,0,0,0,0,0,0,0,0,0,0,0,0,0,0,0,0,0,0,0,0,0,0,0,0,0,0,0,0,0,0,0,0,0,0,0,0,0,0,0,0,0,0,0,0,0,0,0,0,0,0,0,0,0.547,0,0,0,0,0,0,0,0,0,0,0,0,0,0,0,0
"Camposporium","Melanommataceae","Pleosporales","Dothideomycetes","Ascomycota","Fungi",0.011,0,0,0.024,0.001,0,0,0,0.023,0,0,0,0,0,0,0,0,0,0,0,0,0,0,0,0,0,0.355,0,0,0,0,0,0,0,0,0,0,0,0,0,0,0,0,0,0,0,0,0,0,0,0,0,0,0,0,0,0,0,0,0,0.001,0,0,0,0,0,0,0,0,0,0,0,0,0,0,0,0,0,0,0,0,0,0,0,0,0.282,0.428,0,0,0,0,0,0,0,0,0,0,0,0,0,0
"Backusella","Backusellaceae","Mucorales","Mucoromycetes","Mucoromycota","Fungi",0.005,0,0,0,0,0,0,0,0.016,0,0,0,0,0,0,0,0,0,0,0,0,0,0,0,0,0.088,0,0,0,0,0,0,0,0,0,0,0,0,0,0,0,0,0,0,0,0,0,0,0,0,0,0,0,0,0,0,0,0,0,0,0,0,0,0,0,0,0,0,0,0,0,0,0,0,0,0,0,0,0,0,0,0,0,0,0.273,0,0.001,0,0,0,0,0,0,0,0,0,0,0,0,0,0
"Piloderma","Pilodermataceae","Atheliales","Agaricomycetes","Basidiomycota","Fungi",0.017,0,0,0.093,0,0,0,0,0,0,0,0,0,0,0,0,0,0,0,0,0,0,0,0,0,0,0,0.5,0,0,0,0,0,0,0,0,0,0,0,0,0,0,0,0,0,0,0,0,0,0,0,0,0,0,0,0,0,0,0,0,0,0,0,0,0,0,0,0,0,0,0,0,0,0,0,0,0,0,0,0,0,0,0,0,0,0,0,1.1,0,0,0,0,0,0,0,0,0,0,0,0,0
"uncl_Malasseziaceae","Malasseziaceae","Malasseziales","Malasseziomycetes","Basidiomycota","Fungi",0,0,0,0,0,0,0.001,0,0,0,0,0,0,0,0,0,0,0,0,0,0.001,0,0,0,0,0,0,0,0,0,0,0,0,0,0,0,0,0,0,0,0,0,0,0,0,0,0,0,0,0,0,0,0,0,0,0,0,0,0,0,0,0,0.004,0,0,0,0,0,0,0,0,0,0,0,0,0,0,0,0,0,0,0,0,0,0,0,0,0,0,0,0,0,0,0,0,0,0,0,0,0,0
"Nectriopsis","Bionectriaceae","Hypocreales","Sordariomycetes","Ascomycota","Fungi",0,0,0,0,0,0,0,0,0,0,0,0,0,0,0,0,0,0,0,0,0,0,0,0,0,0,0,0,0,0,0,0,0,0,0,0,0,0,0,0,0,0,0,0,0,0,0,0,0,0,0,0,0,0,0,0,0,0,0,0,0,0,0,0,0,0,0,0,0,0,0,0,0,0,0,0,0,0,0,0,0,0,0,0,0,0,0,0,0,0,0,0,0,0,0,0,0,0,0,0,0
"Buckleyzyma","Buckleyzymaceae","Cystobasidiomycetes_ord_Incertae_sedis","Cystobasidiomycetes","Basidiomycota","Fungi",0,0,0,0,0,0,0,0,0,0,0,0,0,0,0,0,0,0,0,0,0.001,0,0,0,0,0,0,0,0,0,0,0,0,0,0,0,0,0,0,0,0,0,0,0,0,0,0,0,0,0,0,0,0,0,0,0,0,0,0,0,0,0,0.002,0,0,0,0,0,0,0,0,0,0,0,0,0,0,0,0,0,0,0,0,0,0,0,0,0,0,0,0,0,0,0,0,0,0,0,0,0,0
"Russula","Russulaceae","Russulales","Agaricomycetes","Basidiomycota","Fungi",0.08,0,0,0.173,0,0,0,0.06,0.143,0.002,0,0,0,0,0.006,0,0,0,0,0.001,0,0,0.17,0,0,0.003,0,2.116,0,0,0,0,0,0.002,0.001,0,0,0,0,0,0,0,0,0,0,0,0,0,0.016,0,0,0,0,0,0,0,0,0.01,0,0,0,0,0,0,0,0,0,0,0,0,0.448,0.005,0,0,0,0,0,0,0,0,0,0,0,0,0.008,0,0,2.044,2.176,0,0,0,0,0,0,0,0,0,0,0,0
"uncl_Leotiales","uncl_Leotiales","Leotiales","Leotiomycetes","Ascomycota","Fungi",0,0,0,0,0,0,0,0,0.001,0,0,0,0,0,0,0,0,0,0,0,0,0,0,0,0,0,0,0.006,0,0,0,0,0,0,0,0,0,0,0,0,0,0,0,0,0,0,0,0,0,0,0,0,0,0,0,0,0,0,0,0,0,0,0,0,0.001,0,0,0,0,0,0,0,0,0,0,0,0,0,0,0,0,0,0,0,0,0,0,0.003,0.008,0,0,0,0,0,0,0,0,0,0,0,0
"Physisporinus","Meripilaceae","Polyporales","Agaricomycetes","Basidiomycota","Fungi",0,0,0,0,0,0,0,0,0,0,0,0,0,0,0,0,0,0,0,0,0,0,0,0,0,0,0,0,0,0,0,0,0,0,0,0,0,0,0,0,0,0,0,0,0,0,0,0,0,0,0,0,0,0,0,0,0,0,0,0,0,0,0,0,0.002,0,0,0,0,0,0,0,0,0,0,0,0,0,0,0,0,0,0,0,0,0,0,0,0,0,0,0,0,0,0,0,0,0,0,0,0
"Populomyces","Calloriaceae","Helotiales","Leotiomycetes","Ascomycota","Fungi",0,0,0,0,0,0,0,0.001,0,0,0,0,0,0,0,0,0,0,0,0,0,0,0.001,0,0,0.003,0,0,0,0,0,0,0,0,0,0,0,0,0,0,0,0,0,0,0,0,0,0,0,0,0,0,0,0,0,0,0,0,0,0,0,0,0,0,0.001,0,0,0,0,0,0.002,0,0,0,0,0,0,0,0,0,0,0,0,0.007,0.001,0,0,0,0,0,0,0,0,0,0,0,0,0,0,0,0
"Minutisphaera","Minutisphaeraceae","Minutisphaerales","Dothideomycetes","Ascomycota","Fungi",0.006,0,0,0.015,0.001,0,0.011,0,0.004,0,0,0,0,0,0,0,0,0,0,0,0,0.053,0,0.014,0,0,0,0.004,0,0.186,0,0,0.042,0,0,0,0,0,0,0,0,0,0,0,0,0,0,0,0,0,0,0,0,0,0,0,0,0,0,0,0,0,0,0,0,0,0,0.195,0.001,0,0,0,0.001,0.044,0.006,0,0,0,0.017,0,0,0,0,0,0,0,0,0,0.008,0,0,0.311,0.153,0,0,0,0,0,0,0.088,0.001
"Rhinocladiella","Herpotrichiellaceae","Chaetothyriales","Eurotiomycetes","Ascomycota","Fungi",0,0,0,0,0,0,0,0,0,0,0,0,0,0,0,0,0,0,0,0,0,0,0,0,0,0,0,0,0,0,0,0,0,0,0,0,0,0,0,0,0,0,0,0,0,0,0,0,0,0,0,0,0,0,0,0,0,0,0,0,0,0,0,0,0,0.001,0,0,0,0,0,0,0,0,0,0,0,0,0,0,0,0.001,0,0,0,0,0,0,0,0,0,0,0,0,0,0,0,0,0,0,0
"uncl_Olpidiomycetes","uncl_Olpidiomycetes","uncl_Olpidiomycetes","Olpidiomycetes","Olpidiomycota","Fungi",0,0,0,0,0,0,0,0,0,0,0,0,0,0,0,0,0,0,0,0,0,0.001,0,0,0,0,0,0,0,0,0,0,0,0,0,0,0,0,0,0,0,0,0,0,0,0,0,0,0,0,0,0,0,0,0,0,0,0,0,0,0,0,0,0,0,0,0,0.005,0,0,0,0,0,0,0,0,0,0,0,0,0,0,0,0,0,0,0,0,0,0,0,0,0,0,0,0,0,0,0,0,0
"Ramophialophora","Bombardiaceae","Sordariales","Sordariomycetes","Ascomycota","Fungi",0,0,0,0,0,0,0,0.003,0,0,0,0,0,0,0,0,0,0,0,0,0,0,0.007,0,0,0,0,0,0,0,0,0,0,0,0,0,0,0,0,0,0,0,0,0,0,0,0,0,0,0,0,0,0,0,0,0,0,0,0,0,0,0,0,0,0,0,0,0,0,0,0.019,0,0,0,0,0,0,0,0,0,0,0,0,0,0,0,0,0,0,0,0,0,0,0,0,0,0,0,0,0,0
"Urocystis","Urocystidaceae","Urocystidales","Ustilaginomycetes","Basidiomycota","Fungi",0,0,0,0,0,0,0,0,0,0,0,0,0,0,0,0,0,0,0,0,0,0.001,0,0,0,0,0,0,0,0,0,0,0,0,0,0,0,0,0,0,0,0,0,0,0,0,0,0,0,0,0,0,0,0,0,0,0,0,0,0,0,0,0,0,0,0,0,0.005,0,0,0,0,0,0,0,0,0,0,0,0,0,0,0,0,0,0,0,0,0,0,0,0,0,0,0,0,0,0,0,0,0
"Pseudoechria","Schizotheciaceae","Sordariales","Sordariomycetes","Ascomycota","Fungi",0.007,0,0,0.038,0,0,0,0,0.001,0,0,0,0,0,0,0,0,0,0,0,0,0,0.145,0,0.002,0.001,0,0,0,0,0,0,0,0,0,0,0,0,0,0,0,0,0,0,0,0,0,0,0,0,0,0,0,0,0,0,0,0,0,0,0,0,0,0,0,0,0,0,0,0.408,0,0.015,0,0,0,0,0,0,0,0,0,0.004,0,0,0.002,0,0,0,0,0,0,0,0,0,0,0,0,0,0,0,0
"Absidia","Cunninghamellaceae","Mucorales","Mucoromycetes","Mucoromycota","Fungi",0.068,0,0,0.221,0,0,0.003,0.001,0.099,0,0,0,0,0,0.003,0.004,0,0,0,0.002,0.017,0,1.219,0,0.122,0.002,0,0.014,0,0.008,0,0,0.001,0,0,0,0,0,0,0,0,0,0,0,0,0,0,0,0.008,0,0.008,0,0,0,0,0,0,0,0.003,0.107,0,0,0.016,0,0,0.015,0,0,0,2.24,0,1.597,0,0,0,0.001,0,0,0,0.011,0,0.285,0.003,0,0.004,0,0,0.023,0.007,0,0.01,0,0.015,0,0,0,0,0,0,0.001,0.001
"Aspergillus","Aspergillaceae","Eurotiales","Eurotiomycetes","Ascomycota","Fungi",0.001,0,0,0.006,0.002,0,0,0,0,0,0,0,0,0.002,0,0.001,0,0,0,0,0.001,0,0.022,0,0,0.001,0,0,0,0,0,0,0,0,0,0,0,0,0,0,0,0,0,0,0.004,0,0,0,0,0,0,0.003,0,0,0,0,0,0,0,0.002,0.002,0,0.001,0,0.001,0.001,0,0,0,0.061,0,0.004,0,0,0,0,0,0,0,0,0,0.001,0.001,0.001,0,0,0,0,0,0,0,0,0,0,0,0,0,0,0,0,0
"Hypoxylon","Hypoxylaceae","Xylariales","Sordariomycetes","Ascomycota","Fungi",0,0.001,0,0,0,0,0,0,0,0,0,0,0,0,0,0,0,0,0,0,0,0,0.002,0,0,0,0,0,0,0,0.001,0,0,0,0,0,0,0,0,0,0,0,0,0,0,0,0,0,0,0,0,0,0,0,0,0,0,0,0,0,0,0,0,0,0,0,0,0,0,0.004,0,0,0,0,0,0,0,0,0,0,0,0,0,0,0,0,0,0,0,0,0,0,0,0.003,0,0,0,0,0,0,0
"Metarhizium","Clavicipitaceae","Hypocreales","Sordariomycetes","Ascomycota","Fungi",0.001,0,0,0.003,0,0,0,0,0,0,0,0,0,0,0,0,0,0,0,0,0,0,0.001,0,0,0,0.015,0,0,0,0,0,0,0,0,0,0,0,0,0,0,0,0,0,0,0,0,0,0,0,0,0,0,0,0,0,0,0,0,0,0,0,0,0,0,0,0,0,0,0.002,0,0,0,0,0,0,0,0.001,0,0,0,0.001,0,0,0,0.029,0.002,0.001,0,0,0,0,0,0,0,0,0,0,0,0,0
"Stropharia","Strophariaceae","Agaricales","Agaricomycetes","Basidiomycota","Fungi",0.297,0,0,1.412,0.168,0,0.056,0,0.086,0,0,0,0,0,0,0.437,0,0,0,0,0.122,0,0.184,1.059,1.961,0,0.683,0,0,0,0,0,0,0,0,0,0,0,0,0,0,0,0,0,0,0,0,0,0,0.045,0,1.093,0,0,0,0,0,0,0,0.001,0.21,0.105,0.315,0,0,0,0,0,0,0.528,0,0.011,7.828,0,0,0.015,0,0.013,0,4.434,0,0.305,0,0,0,1.365,0,0,0,0,0,0,0,0,0,0,0,0,0,0,0
"Septoriella","Phaeosphaeriaceae","Pleosporales","Dothideomycetes","Ascomycota","Fungi",0,0,0,0,0,0,0,0.002,0,0,0,0,0,0,0,0,0,0,0,0,0,0,0.002,0,0,0.005,0,0,0,0,0,0,0,0,0,0,0,0,0,0,0,0,0,0,0,0,0,0,0,0,0,0,0,0,0,0,0,0,0,0,0,0,0,0,0,0,0,0,0,0.003,0.002,0,0,0,0,0,0,0,0,0,0,0,0,0.011,0.003,0.001,0,0,0,0,0,0,0,0,0,0,0,0,0,0,0
"Clonostachys","Bionectriaceae","Hypocreales","Sordariomycetes","Ascomycota","Fungi",0.001,0,0,0.001,0,0,0,0.003,0.002,0,0,0,0,0,0,0,0,0,0,0,0,0,0.011,0,0,0.012,0.002,0,0,0,0,0,0,0,0,0,0,0,0,0,0,0,0,0,0,0,0,0,0,0,0,0,0,0,0,0,0,0,0,0,0,0,0,0,0,0,0,0,0,0.005,0.024,0,0.001,0,0,0,0,0,0,0,0,0,0,0.001,0.036,0,0.004,0,0,0,0,0,0,0,0,0,0,0,0,0,0
"Fusicolla","Nectriaceae","Hypocreales","Sordariomycetes","Ascomycota","Fungi",0.001,0,0,0.003,0,0,0,0,0,0,0,0,0,0,0,0,0,0,0,0,0,0,0.011,0,0,0,0,0,0,0,0,0,0,0,0,0,0,0,0,0,0,0,0,0,0,0,0,0,0,0,0,0,0,0,0,0,0,0,0,0,0,0,0,0,0,0,0,0,0,0.031,0,0.002,0,0,0,0,0,0,0,0,0,0,0,0,0.001,0,0,0,0.001,0,0,0,0,0,0,0,0,0,0,0,0
"Myrothecium","Stachybotryaceae","Hypocreales","Sordariomycetes","Ascomycota","Fungi",0.001,0,0,0.001,0,0,0,0.001,0.002,0,0,0,0,0,0,0,0,0,0,0,0,0,0.004,0,0,0,0.02,0,0,0.002,0,0,0,0,0,0,0,0,0,0,0,0,0,0,0,0,0,0,0,0,0.001,0,0,0,0,0,0,0,0,0,0,0,0,0,0,0,0,0,0,0.003,0.007,0.001,0,0,0,0,0,0,0,0,0,0,0,0,0.001,0.009,0.031,0,0,0,0.01,0,0,0,0,0,0,0,0,0,0
"Paraphaeosphaeria","Didymosphaeriaceae","Pleosporales","Dothideomycetes","Ascomycota","Fungi",0.001,0,0,0.001,0,0,0,0.006,0,0,0,0,0,0,0,0,0,0,0,0,0,0,0.003,0.001,0,0.015,0,0,0,0,0,0,0.001,0,0,0,0,0,0,0,0,0,0,0,0,0,0,0,0,0,0,0,0,0,0,0,0,0,0,0,0,0,0,0,0,0,0,0,0,0.001,0.007,0,0,0,0,0,0,0,0.003,0,0,0,0.002,0.038,0.002,0,0.001,0,0,0,0,0,0,0,0,0,0,0,0,0.002,0
"Lentinus","Polyporaceae","Polyporales","Agaricomycetes","Basidiomycota","Fungi",0,0,0,0.002,0,0,0,0,0,0,0,0,0,0,0,0,0,0,0,0,0,0,0.006,0,0,0,0,0,0,0,0,0,0,0,0,0,0,0,0,0,0,0,0,0,0,0,0,0,0,0,0,0,0,0,0,0,0,0,0,0,0,0,0,0,0,0,0,0,0,0.017,0,0,0,0,0,0,0,0,0,0,0,0,0,0,0,0,0,0,0,0,0,0,0,0,0,0,0,0,0,0,0
"Trechispora","Hydnodontaceae","Trechisporales","Agaricomycetes","Basidiomycota","Fungi",0.089,0,0,0.288,0.014,0,0.009,0.001,0.121,0,0,0.003,0,0,0.553,0,0,0,0,0,0.021,0,0.773,0.123,0.166,0,0.003,0.001,0,0,0,0,0.001,0,0,0,0,0.006,0,0,0.006,0,0,0,0,0,0,0,1.547,0,0,0,0,0,0,0,0,0,0,0.007,0.018,0,0.056,0.004,0.008,0.024,0,0,0,2.159,0,0.111,0,0.467,0,0,0,0.125,0.003,0.067,0,0.334,0,0,0,0.001,0.005,0,0.002,0,0,0,0,0.001,0,0,0,0,0,0,0.003
"Chaetomium","Chaetomiaceae","Sordariales","Sordariomycetes","Ascomycota","Fungi",0,0,0,0.003,0,0,0,0,0,0,0,0,0,0,0,0,0,0,0,0,0,0,0.01,0,0,0,0,0,0,0,0,0,0,0,0,0,0,0,0,0,0,0,0,0,0,0,0,0,0,0,0,0,0,0,0,0,0,0,0,0,0,0,0,0,0,0,0,0,0,0.027,0,0.003,0,0,0,0,0,0,0,0,0,0,0,0,0,0,0,0,0,0,0,0,0,0,0,0,0,0,0,0,0
"Dissophora","Mortierellaceae","Mortierellales","Mortierellomycetes","Mortierellomycota","Fungi",0.005,0,0,0.026,0,0,0,0,0.001,0,0,0,0,0,0,0,0,0,0,0,0,0,0.002,0.005,0,0,0.135,0.001,0,0,0,0,0,0,0,0,0,0,0,0,0,0,0,0,0,0,0,0,0,0,0,0,0,0,0,0,0,0,0,0,0,0,0,0,0,0,0,0,0,0.005,0,0.002,0,0.022,0,0,0,0,0,0,0,0,0,0,0,0.257,0.013,0.002,0,0,0,0,0,0,0,0,0,0,0,0,0
"Paraglomus","Paraglomeraceae","Paraglomerales","Paraglomeromycetes","Glomeromycota","Fungi",0,0,0,0,0,0,0,0,0,0,0,0,0,0,0,0,0,0,0,0,0,0,0.002,0,0,0,0.001,0,0,0,0,0,0,0,0,0,0,0,0,0,0,0,0,0,0,0,0,0,0,0,0,0,0,0,0,0,0,0,0,0,0,0,0,0,0,0,0,0,0,0.002,0,0.003,0,0,0,0,0,0,0,0,0,0,0,0,0,0.002,0,0,0,0,0,0,0,0,0,0,0,0,0,0,0
"Apiospora","Apiosporaceae","Xylariales","Sordariomycetes","Ascomycota","Fungi",0.001,0,0,0,0,0,0,0.002,0.002,0,0,0,0,0,0,0,0,0,0,0,0,0,0.002,0,0,0.012,0,0,0,0,0,0,0,0,0,0,0,0,0,0,0,0,0,0,0,0,0,0,0,0,0,0,0,0,0,0,0,0,0,0,0,0,0,0,0,0.001,0,0,0,0,0.007,0,0,0,0,0,0,0,0,0.001,0,0,0.001,0.007,0.028,0,0,0,0,0,0,0,0,0,0,0,0,0,0,0.001,0
"uncl_Trimorphomycetaceae","Trimorphomycetaceae","Tremellales","Tremellomycetes","Basidiomycota","Fungi",0,0,0,0,0,0,0,0,0,0,0,0,0,0,0,0,0,0,0,0,0,0,0,0,0,0,0,0,0,0,0,0,0,0,0,0,0,0,0,0,0,0,0,0,0,0,0,0,0,0,0,0,0,0,0,0,0,0,0,0,0,0,0,0,0,0,0,0,0,0.001,0,0,0,0,0,0,0,0,0,0,0,0,0,0,0,0,0,0,0,0,0,0,0,0,0,0,0,0,0,0,0
"Pyrenochaetopsis","Cucurbitariaceae","Pleosporales","Dothideomycetes","Ascomycota","Fungi",0.016,0,0,0.007,0,0,0,0.077,0.013,0,0,0,0,0,0,0,0,0.004,0,0,0,0,0.207,0,0.001,0.011,0.127,0,0,0.002,0,0.003,0.026,0,0,0,0,0,0,0,0,0,0,0,0,0,0,0,0,0,0,0,0,0,0.004,0,0,0,0,0,0,0,0,0,0.001,0,0,0,0,0.004,0.548,0.001,0,0,0,0,0,0,0.002,0.003,0,0,0,0.029,0.002,0.022,0.231,0,0,0,0.01,0,0,0,0,0,0,0,0.003,0.049,0.004
"Keithomyces","Clavicipitaceae","Hypocreales","Sordariomycetes","Ascomycota","Fungi",0,0,0,0,0,0,0,0.001,0,0,0,0,0,0,0,0,0,0,0,0,0,0,0.002,0,0,0,0,0,0,0,0,0,0,0,0,0,0,0,0,0,0,0,0,0,0,0,0,0,0,0,0,0,0,0,0,0,0,0,0,0,0,0,0,0,0,0,0,0,0,0,0.005,0,0,0,0,0,0,0,0,0,0,0,0,0,0.001,0,0,0,0,0,0,0,0,0,0,0,0,0,0,0,0
"Pseudomicrodochium","Hypocreales_fam_Incertae_sedis","Hypocreales","Sordariomycetes","Ascomycota","Fungi",0.001,0,0,0,0,0,0,0.005,0,0,0,0,0,0,0,0,0,0,0,0,0,0,0.001,0,0,0.014,0,0,0,0,0,0,0,0,0,0,0,0,0,0,0,0,0,0,0,0,0,0,0,0,0,0,0,0,0,0,0,0,0,0,0,0,0,0,0,0,0,0,0,0,0.002,0,0,0,0,0,0,0,0,0,0,0,0,0.039,0,0,0,0,0,0,0,0,0,0,0,0,0,0,0,0,0
"Tuber","Tuberaceae","Pezizales","Pezizomycetes","Ascomycota","Fungi",0.022,0,0,0.016,0,0,0.002,0.105,0.015,0.002,0.009,0,0,0,0.002,0,0,0,0.004,0,0,0,0.295,0,0,0.001,0.001,0.204,0,0,0,0,0,0.002,0.001,0,0.032,0,0,0,0,0,0,0,0,0,0,0,0.006,0,0,0,0,0,0,0,0.01,0,0,0,0,0,0,0,0,0,0,0,0,0,0.787,0,0,0,0,0,0,0,0,0,0,0,0.004,0,0,0.003,0,0.185,0.22,0,0,0,0,0,0,0,0,0,0,0,0
"Entorrhiza","Entorrhizaceae","Entorrhizales","Entorrhizomycetes","Entorrhizomycota","Fungi",0,0,0,0.001,0,0,0,0,0,0,0,0,0,0,0,0,0,0,0,0,0,0,0.001,0.001,0,0,0.002,0,0,0,0,0,0,0,0,0,0,0,0,0,0,0,0,0,0,0,0,0,0,0,0,0,0,0,0,0,0,0,0,0,0,0,0,0,0,0,0,0,0,0,0.002,0,0.002,0,0,0.001,0,0,0.001,0,0,0,0,0,0,0.003,0.001,0,0,0,0,0,0,0,0,0,0,0,0,0,0
"Dioszegia","Bulleribasidiaceae","Tremellales","Tremellomycetes","Basidiomycota","Fungi",0,0,0,0,0,0,0,0,0,0,0,0,0,0,0,0,0,0,0,0,0,0,0,0.001,0,0,0,0,0,0,0,0,0,0,0,0,0,0,0,0,0,0,0,0,0,0,0,0,0,0,0,0,0,0,0,0,0,0,0,0,0,0,0,0,0,0,0,0,0,0,0,0,0,0,0,0.001,0,0,0.002,0,0,0,0,0,0,0,0,0,0,0,0,0,0,0,0,0,0,0,0,0,0
"uncl_Teichosporaceae","Teichosporaceae","Pleosporales","Dothideomycetes","Ascomycota","Fungi",0.002,0,0,0,0.001,0,0,0,0.008,0,0,0,0,0,0,0,0,0,0,0,0,0,0.044,0,0,0.002,0,0,0,0,0,0,0,0,0,0,0,0,0,0,0,0,0,0,0,0,0,0,0,0,0,0,0,0,0,0,0,0,0,0,0.001,0,0,0,0,0.002,0,0,0,0.002,0.003,0.148,0,0,0,0,0,0,0,0,0,0,0,0,0.006,0,0,0,0,0,0,0,0,0,0,0,0,0,0,0,0
"Cystoagaricus","Agaricaceae","Agaricales","Agaricomycetes","Basidiomycota","Fungi",0,0,0,0,0,0,0,0,0,0,0,0,0,0,0,0,0,0,0,0,0,0,0,0,0,0,0,0,0,0,0,0,0,0,0,0,0,0,0,0,0,0,0,0,0,0,0,0,0,0,0,0,0,0,0,0,0,0,0,0,0,0,0,0,0,0,0,0,0,0,0.001,0,0,0.001,0,0,0.001,0,0,0,0,0,0,0,0,0,0,0,0,0,0,0,0,0,0,0,0,0,0,0,0
"Wongia","Papulosaceae","Sordariomycetes_ord_Incertae_sedis","Sordariomycetes","Ascomycota","Fungi",0.002,0,0,0.004,0,0,0,0,0.006,0,0,0,0,0,0,0,0,0,0,0,0,0,0.028,0,0.007,0,0.023,0,0,0,0,0,0,0,0,0,0,0,0,0,0,0,0,0,0,0,0,0,0,0,0,0,0,0,0,0,0,0,0,0,0,0,0,0,0,0,0,0,0,0,0,0.101,0,0,0,0,0,0,0,0.016,0,0,0,0,0,0.024,0.022,0,0,0,0,0,0,0,0,0,0,0,0,0,0
"Nigrograna","Nigrogranaceae","Pleosporales","Dothideomycetes","Ascomycota","Fungi",0,0,0,0,0,0,0,0,0,0,0,0,0,0,0,0,0,0,0,0,0,0,0,0,0,0,0,0,0,0,0,0,0,0,0,0,0,0,0,0,0,0,0,0,0,0,0,0,0,0,0,0,0,0,0,0,0,0,0,0,0,0,0,0,0,0,0,0,0,0,0,0,0,0,0,0,0,0,0,0,0,0,0,0,0.001,0,0,0,0,0,0,0,0,0,0,0,0,0,0,0,0
"uncl_Archaeosporales","uncl_Archaeosporales","Archaeosporales","Archaeosporomycetes","Glomeromycota","Fungi",0,0,0,0,0,0,0,0,0,0,0,0,0,0,0,0,0,0,0,0,0,0,0.001,0,0.001,0,0,0,0,0,0,0,0,0,0,0,0,0,0,0,0,0,0,0,0,0,0,0,0,0,0,0,0,0,0,0,0,0,0,0,0,0,0,0,0,0,0,0,0,0,0,0.002,0,0,0,0,0,0,0,0,0,0.002,0,0,0,0,0,0,0,0,0,0,0,0,0,0,0,0,0,0,0
"uncl_Chytridiomycetes","uncl_Chytridiomycetes","uncl_Chytridiomycetes","Chytridiomycetes","Chytridiomycota","Fungi",0,0,0,0,0,0,0,0,0,0,0,0,0,0,0,0,0,0,0,0,0,0,0,0,0,0,0,0,0,0,0,0,0,0,0,0,0,0,0,0,0,0,0,0,0,0,0,0,0,0,0,0,0,0,0,0,0,0,0,0,0,0,0,0,0,0,0,0,0,0,0,0,0.001,0,0,0,0,0,0,0,0,0,0,0,0,0,0,0,0,0,0,0,0,0,0,0,0,0,0,0,0
"uncl_Sordariaceae","Sordariaceae","Sordariales","Sordariomycetes","Ascomycota","Fungi",0,0,0,0,0,0,0,0,0,0,0,0,0,0,0,0,0,0,0,0,0,0,0.001,0,0,0,0,0,0,0,0,0,0,0,0,0,0,0,0,0,0,0,0,0,0,0,0,0,0,0,0,0,0,0,0,0,0,0,0,0,0,0,0,0,0,0,0,0,0,0,0,0.002,0,0,0,0,0,0,0,0,0,0,0,0,0,0,0,0,0,0,0,0,0,0,0,0,0,0,0,0,0
"uncl_Elaphomycetaceae","Elaphomycetaceae","Eurotiales","Eurotiomycetes","Ascomycota","Fungi",0.001,0,0,0,0,0,0,0,0.004,0,0,0,0,0,0,0,0,0,0,0,0,0,0.02,0,0,0,0,0,0,0,0,0,0,0,0,0,0,0,0,0,0,0,0,0,0,0,0,0,0,0,0,0,0,0,0,0,0,0,0,0,0,0,0,0,0,0,0,0,0,0,0,0.072,0,0,0,0,0,0,0,0,0,0,0,0,0,0,0,0,0,0,0,0,0,0,0,0,0,0,0,0,0
"Extremopsis","Extremaceae","Mycosphaerellales","Dothideomycetes","Ascomycota","Fungi",0,0.002,0.001,0,0,0.001,0,0,0,0,0,0,0,0,0,0,0,0,0,0,0,0,0,0,0.001,0,0,0,0,0,0.001,0,0,0,0,0,0,0,0,0,0,0,0,0,0,0,0,0,0,0,0,0,0,0,0,0,0,0,0,0,0,0,0,0,0,0,0,0,0,0,0,0,0,0,0,0,0,0,0,0,0.006,0,0,0,0,0,0,0,0,0,0,0,0,0,0,0.003,0,0.001,0,0,0
"uncl_Atractosporales","uncl_Atractosporales","Atractosporales","Sordariomycetes","Ascomycota","Fungi",0.004,0,0,0.018,0,0,0,0,0.001,0,0,0,0,0,0.003,0,0,0,0,0,0,0,0,0.022,0,0,0.017,0,0,0,0,0,0,0,0,0,0,0,0,0,0,0,0,0,0,0,0,0,0.009,0,0,0,0,0,0,0,0,0,0,0,0,0,0,0,0,0,0,0,0,0,0,0,0.149,0.001,0,0,0,0.003,0.006,0,0,0,0,0,0,0.034,0.001,0,0.001,0,0,0,0,0,0,0,0,0,0,0,0
"Geoglossum","Geoglossaceae","Geoglossales","Geoglossomycetes","Ascomycota","Fungi",0.006,0,0,0.001,0.002,0,0.013,0.023,0.001,0,0,0,0,0,0,0,0,0,0,0,0,0,0,0.045,0,0,0,0.003,0,0.01,0,0,0,0,0,0,0,0,0,0,0,0,0,0,0,0,0,0,0,0,0,0,0,0,0,0,0,0,0,0,0,0,0,0,0,0,0,0,0,0.001,0,0,0.006,0,0.01,0.177,0.188,0.014,0.002,0,0,0,0,0,0,0,0,0.006,0,0,0,0.025,0,0,0,0,0,0,0,0,0
"Clavaria","Clavariaceae","Agaricales","Agaricomycetes","Basidiomycota","Fungi",0.007,0,0,0.031,0.006,0,0.001,0,0.006,0,0,0,0.001,0,0,0,0,0.01,0,0,0,0,0,0.046,0,0,0.005,0.008,0,0.014,0,0.007,0.013,0,0,0,0,0,0,0,0,0,0,0.003,0,0,0,0,0,0,0,0,0,0,0.01,0,0,0,0,0,0,0,0,0,0,0.003,0,0,0,0,0,0,0.155,0.065,0.032,0,0.002,0.035,0.019,0,0,0,0,0,0,0.006,0.004,0.012,0.004,0,0,0.035,0,0,0,0,0,0,0.007,0.027,0
"Clarireedia","Sclerotiniaceae","Helotiales","Leotiomycetes","Ascomycota","Fungi",0.001,0,0,0.008,0,0,0,0,0,0,0,0,0,0,0,0,0,0,0,0,0,0,0,0.01,0,0,0,0,0,0,0,0,0,0,0,0,0,0,0,0,0,0,0,0,0,0,0,0,0,0,0,0,0,0,0,0,0,0,0,0,0,0,0,0,0,0,0,0,0,0,0,0,0.077,0,0,0,0,0,0,0,0,0,0,0,0,0,0,0,0,0,0,0,0,0,0,0,0,0,0,0,0
"uncl_Amphisphaeriaceae","Amphisphaeriaceae","Xylariales","Sordariomycetes","Ascomycota","Fungi",0,0,0.001,0,0,0,0.001,0.002,0,0,0,0,0,0,0,0,0,0,0,0,0,0,0,0.003,0,0,0,0,0,0,0,0,0,0,0,0,0,0,0,0,0,0,0,0,0,0,0,0,0,0,0,0,0,0,0,0,0,0,0,0,0,0,0,0,0,0,0,0,0,0,0,0,0.002,0,0,0.01,0.015,0,0,0,0,0,0,0,0,0,0,0,0,0,0,0,0,0,0,0,0,0.001,0,0,0
"Cuphophyllus","Hygrophoraceae","Agaricales","Agaricomycetes","Basidiomycota","Fungi",0.023,0,0,0.042,0.001,0,0,0.022,0.045,0,0,0,0,0,0,0,0,0,0,0,0,0,0,0.172,0,0,0,0,0,0.008,0,0,0,0,0,0,0,0,0,0,0,0,0,0,0,0,0,0,0,0,0,0,0,0,0,0,0,0,0,0,0,0,0,0,0,0,0,0,0,0,0,0,0.15,0.158,0.004,0,0.176,0.002,0.416,0,0,0,0,0,0,0,0,0,0,0,0,0,0.02,0,0,0,0,0,0,0,0
"uncl_Eurotiomycetes_ord_Incertae_sedis","uncl_Eurotiomycetes_ord_Incertae_sedis","Eurotiomycetes_ord_Incertae_sedis","Eurotiomycetes","Ascomycota","Fungi",0,0,0,0,0.002,0,0,0,0,0,0,0,0,0,0,0,0,0,0,0,0,0,0,0.001,0,0,0.001,0,0,0.002,0,0,0,0,0,0,0,0,0,0,0,0,0,0,0,0,0,0,0,0,0,0,0,0,0,0,0,0,0,0,0,0,0,0,0,0,0.002,0,0,0,0,0,0.001,0.001,0.012,0,0,0.001,0,0,0,0,0,0,0,0.002,0,0,0,0,0,0.005,0,0,0,0,0,0,0,0,0
"Tubaria","Strophariaceae","Agaricales","Agaricomycetes","Basidiomycota","Fungi",0,0,0,0,0,0,0,0,0,0,0,0,0,0,0,0,0,0,0,0,0,0,0,0,0,0,0,0,0,0,0,0,0,0,0,0,0,0,0,0,0,0,0,0,0,0,0,0,0,0,0,0,0,0,0,0,0,0,0,0,0,0,0,0,0,0,0,0,0,0,0,0,0.001,0,0,0,0.002,0,0,0,0,0,0,0,0,0,0,0,0,0,0,0,0,0,0,0,0,0,0,0,0
"Xeromphalina","Tricholomataceae","Agaricales","Agaricomycetes","Basidiomycota","Fungi",0.004,0,0,0,0,0,0,0,0.015,0,0,0,0,0,0,0,0,0,0,0,0,0,0,0.032,0,0,0,0,0,0,0,0,0,0,0,0,0,0,0,0,0,0,0,0,0,0,0,0,0,0,0,0,0,0,0,0,0,0,0,0,0,0,0,0,0,0,0,0,0,0,0,0,0.001,0,0,0,0,0.236,0,0,0,0,0,0,0,0,0,0,0,0,0,0,0,0,0,0,0,0,0,0,0
"Archaeorhizomyces","Archaeorhizomycetaceae","Archaeorhizomycetales","Archaeorhizomycetes","Ascomycota","Fungi",0,0,0,0,0,0,0,0.003,0,0,0,0,0,0,0,0,0,0,0,0,0,0,0,0.003,0,0,0,0,0,0,0,0,0,0,0,0,0,0,0,0,0,0,0,0,0,0,0,0,0,0,0,0,0,0,0,0,0,0,0,0,0,0,0,0,0,0,0,0,0,0,0,0,0,0.001,0,0.004,0.021,0,0,0,0,0,0,0,0,0,0,0,0,0,0,0,0,0,0,0,0,0,0,0,0
"Pyronema","Pyronemataceae","Pezizales","Pezizomycetes","Ascomycota","Fungi",0.001,0.001,0,0,0,0,0,0.004,0,0,0,0,0,0,0,0,0,0,0,0,0,0,0,0.004,0,0,0,0,0,0,0.001,0,0,0,0,0,0,0,0,0,0,0,0,0,0,0,0,0,0,0,0,0,0,0,0,0,0,0,0,0,0,0,0,0,0,0,0,0,0,0,0,0,0,0,0,0,0.03,0,0,0,0,0,0,0,0,0,0,0,0,0,0,0,0,0,0,0.001,0,0,0,0,0
"uncl_Leptosphaeriaceae","Leptosphaeriaceae","Pleosporales","Dothideomycetes","Ascomycota","Fungi",0.05,0,0,0,0,0,0,0.366,0,0,0,0,0,0,0,0,0,0,0,0,0,0,0,0.37,0,0,0,0,0,0,0,0,0,0,0,0,0,0,0,0,0,0,0,0,0,0,0,0,0,0,0,0,0,0,0,0,0,0,0,0,0,0,0,0,0,0,0,0,0,0,0,0,0,0,0,0,2.993,0,0,0,0,0,0,0,0,0,0,0,0,0,0,0,0,0,0,0,0,0,0,0,0
"uncl_Exobasidiomycetes","uncl_Exobasidiomycetes","uncl_Exobasidiomycetes","Exobasidiomycetes","Basidiomycota","Fungi",0,0,0,0.001,0,0,0,0,0.001,0,0,0,0,0,0,0,0,0,0,0,0,0,0,0.003,0,0,0,0,0,0.004,0,0,0,0,0,0,0,0,0,0,0,0,0,0,0,0,0,0,0,0,0,0,0,0,0,0,0,0,0,0,0,0,0,0,0,0,0,0,0,0,0,0,0,0.004,0,0,0.001,0.001,0.009,0,0,0,0,0,0,0.001,0,0,0,0,0,0,0.01,0,0,0,0,0,0,0,0
"Eriospora","Stictidaceae","Ostropales","Lecanoromycetes","Ascomycota","Fungi",0,0,0,0,0,0,0,0,0.002,0,0,0,0,0,0,0,0,0,0,0,0,0,0,0.003,0.001,0,0,0,0,0,0,0,0,0,0,0,0,0,0,0,0,0,0,0,0,0,0,0,0,0,0,0,0,0,0,0,0,0,0,0,0,0,0,0,0,0,0,0,0,0,0,0,0,0,0,0,0,0.001,0.014,0,0,0.002,0,0,0,0,0,0,0,0,0,0,0,0,0,0,0,0,0,0,0
"uncl_Clavulinaceae","Clavulinaceae","Cantharellales","Agaricomycetes","Basidiomycota","Fungi",0,0,0,0,0,0,0,0,0,0,0,0,0,0,0,0,0,0,0,0,0,0,0,0,0,0,0,0,0,0,0,0,0,0,0,0,0,0,0,0,0,0,0,0,0,0,0,0,0,0,0,0,0,0,0,0,0,0,0,0,0,0,0,0,0,0,0,0,0,0,0,0,0,0,0,0,0.003,0,0,0,0,0,0,0,0,0,0,0,0,0,0,0,0,0,0,0,0,0,0,0,0
"Diatractium","Capnodiales_fam_Incertae_sedis","Capnodiales","Dothideomycetes","Ascomycota","Fungi",0,0,0,0,0,0,0,0,0,0,0,0,0,0,0,0,0,0,0,0,0,0,0,0,0,0,0,0,0,0,0,0,0,0,0,0,0,0,0,0,0,0,0,0,0,0,0,0,0,0,0,0,0,0,0,0,0,0,0,0,0,0,0,0,0,0,0,0,0,0,0,0,0,0,0,0,0.002,0,0,0,0,0,0,0,0,0,0,0,0,0,0,0,0,0,0,0,0,0,0,0,0
"uncl_Trichosporonales","uncl_Trichosporonales","Trichosporonales","Tremellomycetes","Basidiomycota","Fungi",0.007,0,0,0,0,0,0,0.006,0.022,0,0,0,0,0,0,0,0,0,0,0,0,0,0,0.052,0,0,0,0,0,0,0,0,0,0,0,0,0,0,0,0,0,0,0,0,0,0,0,0,0,0,0,0,0,0,0,0,0,0,0,0,0,0,0,0,0,0,0,0,0,0,0,0,0,0,0,0,0.053,0,0.202,0,0,0,0,0,0,0,0,0,0,0,0,0,0,0,0,0,0,0,0,0,0
"uncl_Geoglossomycetes","uncl_Geoglossomycetes","uncl_Geoglossomycetes","Geoglossomycetes","Ascomycota","Fungi",0.004,0,0,0,0,0,0.019,0,0.001,0,0,0,0,0,0,0,0,0,0,0,0,0,0,0.003,0,0,0,0,0,0.488,0,0,0.001,0,0,0,0,0,0,0,0,0,0,0,0,0,0,0,0,0,0,0,0,0,0,0,0,0,0,0,0,0,0,0,0,0,0,0,0,0,0,0,0,0.001,0,0,0,0.02,0,0,0,0,0,0,0,0,0,0,0,0,0,1.221,0,0,0,0,0,0,0,0,0.002
"Hodophilus","Clavariaceae","Agaricales","Agaricomycetes","Basidiomycota","Fungi",0,0,0,0.002,0,0,0,0,0,0,0,0,0,0,0,0,0,0,0,0,0,0,0,0.003,0,0,0,0,0,0,0,0,0,0,0,0,0,0,0,0,0,0,0,0,0,0,0,0,0,0,0,0,0,0,0,0,0,0,0,0,0,0,0,0,0,0,0,0,0,0,0,0,0,0.01,0,0,0,0,0.003,0,0,0,0,0,0,0,0,0,0,0,0,0,0,0,0,0,0,0,0,0,0
"Hygrocybe","Hygrophoraceae","Agaricales","Agaricomycetes","Basidiomycota","Fungi",0.006,0,0,0.031,0,0,0,0,0,0,0,0,0,0,0,0,0,0,0,0,0,0,0,0.005,0,0,0.001,0.146,0,0,0,0,0,0,0,0,0,0,0,0,0,0,0,0,0,0,0,0,0,0,0,0,0,0,0,0,0,0,0,0,0,0,0,0,0,0,0,0,0,0,0,0,0,0.019,0,0,0,0,0.002,0,0,0,0,0,0,0.002,0.001,0.322,0,0,0,0,0,0,0,0,0,0,0,0,0
"uncl_Venturiales","uncl_Venturiales","Venturiales","Dothideomycetes","Ascomycota","Fungi",0.008,0,0,0.023,0.013,0,0.001,0.006,0.009,0.001,0,0.003,0,0,0.004,0.002,0,0,0,0,0.001,0,0,0.029,0,0.004,0.092,0.007,0.005,0,0,0,0.008,0.002,0,0,0,0.004,0,0.001,0.006,0,0,0,0,0,0,0,0.01,0,0.005,0,0,0,0,0,0,0,0,0.001,0,0,0.002,0,0,0.003,0.01,0,0,0,0,0,0.012,0.028,0.065,0.005,0.04,0.009,0.047,0,0,0,0.001,0,0.013,0.18,0.005,0.004,0.01,0.005,0,0,0,0,0,0,0,0,0,0.015,0.001
"uncl_Irpicaceae","Irpicaceae","Polyporales","Agaricomycetes","Basidiomycota","Fungi",0.006,0,0,0.031,0,0,0,0,0,0,0,0,0,0,0,0,0,0,0,0,0,0,0.002,0.04,0,0,0,0,0,0,0,0,0,0,0,0,0,0,0,0,0,0,0,0,0,0,0,0,0,0,0,0,0,0,0,0,0,0,0,0,0,0,0,0,0,0,0,0,0,0.006,0,0,0,0.179,0,0,0,0,0,0,0,0,0,0,0,0,0,0,0,0,0,0,0,0,0,0,0,0,0,0,0
"Microcyclospora","Capnodiales_fam_Incertae_sedis","Capnodiales","Dothideomycetes","Ascomycota","Fungi",0,0,0,0,0,0,0,0,0,0,0,0,0,0,0,0,0,0,0,0,0,0,0,0,0,0,0,0,0,0,0,0,0,0,0,0,0,0,0,0,0,0,0,0,0,0,0,0,0,0,0,0,0,0,0,0,0,0,0,0,0,0,0,0,0,0,0,0,0,0,0,0,0,0,0,0,0,0,0.001,0,0,0,0,0,0,0,0,0,0.001,0,0,0,0,0,0,0,0,0,0,0,0
"uncl_Mollisiaceae","Mollisiaceae","Helotiales","Leotiomycetes","Ascomycota","Fungi",0.005,0,0,0.026,0,0,0,0,0.002,0,0,0,0,0,0,0,0,0,0,0,0,0,0,0.038,0,0,0,0,0,0,0,0,0,0,0,0,0,0,0,0,0,0,0,0,0,0,0,0,0,0,0,0,0,0,0,0,0,0,0,0,0,0,0,0,0,0,0,0,0,0,0,0,0,0.153,0,0,0,0,0.016,0,0,0,0,0,0,0,0,0,0,0,0,0,0,0,0,0,0,0,0,0,0
"Pseudophialocephala","Chaetosphaeriaceae","Chaetosphaeriales","Sordariomycetes","Ascomycota","Fungi",0.001,0,0,0.001,0.019,0,0,0,0,0,0,0,0,0,0,0,0,0,0,0,0,0,0,0.007,0,0,0,0,0,0,0,0,0,0,0,0,0,0,0,0,0,0,0,0,0,0,0,0,0,0,0,0,0,0,0,0,0,0,0,0,0,0,0,0,0,0,0,0,0,0,0,0,0,0.003,0.097,0,0,0.003,0,0,0,0,0,0,0.001,0,0,0,0,0,0,0,0,0,0,0,0,0,0,0,0
"Myriogenospora","Clavicipitaceae","Hypocreales","Sordariomycetes","Ascomycota","Fungi",0,0,0,0,0,0,0,0,0,0,0,0,0,0,0,0,0,0,0,0,0,0,0,0,0,0,0,0,0,0,0,0,0,0,0,0,0,0,0,0,0,0,0,0,0,0,0,0,0,0,0,0,0,0,0,0,0,0,0,0,0,0,0,0,0,0,0,0,0,0,0,0,0,0.001,0,0,0,0,0,0,0,0,0,0,0,0,0,0,0,0,0,0,0,0,0,0,0,0,0,0,0
"Spirosphaera","Tricladiaceae","Helotiales","Leotiomycetes","Ascomycota","Fungi",0.008,0,0,0.045,0.002,0,0,0,0,0,0,0,0,0,0,0,0,0,0,0,0,0,0,0.001,0,0,0,0,0,1.052,0,0,0,0,0,0,0,0,0,0,0,0,0,0,0,0,0,0,0,0,0,0,0,0,0,0,0,0,0,0,0,0,0,0,0,0,0,0,0,0,0,0,0,0,0.01,0,0,0.002,0,0,0,0,0,0,0,0,0,0,0,0,5.259,0,0,0,0,0,0,0,0,0,0
"uncl_Atractiellomycetes","uncl_Atractiellomycetes","uncl_Atractiellomycetes","Atractiellomycetes","Basidiomycota","Fungi",0,0,0,0,0,0,0,0,0,0,0,0,0,0,0,0,0,0,0,0,0,0,0,0,0,0,0,0,0,0,0,0,0,0,0,0,0,0,0,0,0,0,0,0,0,0,0,0,0,0,0,0,0,0,0,0,0,0,0,0,0,0,0,0,0,0,0,0,0,0,0,0,0,0,0,0,0,0,0.001,0,0,0,0,0,0,0,0,0,0,0,0,0,0,0,0,0,0,0,0,0,0
"Jahnula","Aliquandostipitaceae","Jahnulales","Dothideomycetes","Ascomycota","Fungi",0,0,0,0,0,0,0,0,0,0,0,0,0,0,0,0,0,0,0,0,0,0,0,0.001,0,0,0,0,0,0,0,0,0,0,0,0,0,0,0,0,0,0,0,0,0,0,0,0,0,0,0,0,0,0,0,0,0,0,0,0,0,0,0,0,0,0,0,0,0,0,0,0,0,0,0,0,0,0,0.002,0,0,0,0,0,0,0,0,0,0,0,0,0,0,0,0,0,0,0,0,0,0
"uncl_Tremellales","uncl_Tremellales","Tremellales","Tremellomycetes","Basidiomycota","Fungi",0.012,0,0.002,0.006,0.001,0.004,0.008,0.001,0.03,0.036,0.003,0.001,0.01,0.001,0.004,0.001,0.017,0.001,0.001,0,0.002,0.001,0.023,0.057,0.002,0,0.001,0,0.015,0,0.001,0,0,0.068,0.001,0.004,0,0,0,0.002,0.003,0,0,0.024,0.001,0,0.007,0,0.001,0,0.003,0,0.025,0.002,0.001,0.001,0.001,0,0,0.008,0.001,0.003,0,0,0,0.002,0,0.005,0,0.049,0,0.022,0,0,0,0,0.004,0,0.251,0.003,0,0.002,0,0,0,0,0.002,0,0.001,0.015,0,0,0,0,0.001,0,0,0.003,0,0,0
"Discosia","Discosiaceae","Amphisphaeriales","Sordariomycetes","Ascomycota","Fungi",0,0,0,0,0,0,0,0,0,0,0,0,0,0,0,0,0,0,0,0,0,0,0,0,0,0,0,0,0,0,0,0,0,0,0,0,0,0,0,0,0,0,0,0,0,0,0,0,0,0,0,0,0,0,0,0,0,0,0,0,0,0,0,0,0,0,0,0,0,0,0,0,0,0,0,0,0,0,0.001,0,0,0,0,0,0.001,0,0,0,0,0,0,0,0,0,0,0,0,0,0,0,0
"Tremellodendropsis","Tremellodendropsidaceae","Tremellodendropsidales","Agaricomycetes","Basidiomycota","Fungi",0,0,0,0,0,0,0,0,0,0,0,0,0,0,0,0,0,0,0,0,0,0,0,0,0,0,0,0,0,0,0,0,0,0,0,0,0,0,0,0,0,0,0,0,0,0,0,0,0,0,0,0,0,0,0,0,0,0,0,0,0,0,0,0,0,0,0,0,0,0,0,0,0,0,0,0,0,0,0,0,0,0,0,0,0,0,0,0,0,0,0,0,0,0,0,0,0,0,0,0,0
"Gymnopus","Omphalotaceae","Agaricales","Agaricomycetes","Basidiomycota","Fungi",0.009,0,0,0.012,0,0,0,0,0.023,0,0,0,0,0,0.001,0,0,0,0,0,0.015,0,0,0.048,0,0,0,0,0,0,0,0,0,0,0,0,0,0,0,0,0,0,0,0,0,0,0,0,0.003,0,0,0,0,0,0,0,0,0,0,0.135,0,0,0,0,0,0,0,0,0,0,0,0,0,0.002,0,0,0,0,0.213,0,0,0,0,0,0,0,0,0,0,0,0,0,0,0,0,0,0,0,0,0,0
"uncl_Sclerotiniaceae","Sclerotiniaceae","Helotiales","Leotiomycetes","Ascomycota","Fungi",0,0,0,0,0,0,0,0,0,0,0,0,0,0,0,0,0,0,0,0,0,0,0,0,0,0,0,0,0,0,0,0,0,0,0,0,0,0,0,0,0,0,0,0,0,0,0,0,0,0,0,0,0,0,0,0,0,0,0,0,0,0,0,0,0,0,0,0,0,0,0,0,0,0,0,0,0,0,0.001,0,0,0,0,0,0,0,0,0,0,0,0,0,0,0,0,0,0,0,0,0,0
"Arrhenia","Hygrophoraceae","Agaricales","Agaricomycetes","Basidiomycota","Fungi",0.002,0,0,0.001,0,0.003,0,0,0.006,0.001,0,0,0.01,0.001,0,0,0,0,0,0,0,0.001,0,0.012,0,0,0,0,0,0,0,0,0.004,0.002,0,0,0,0,0,0,0,0.025,0,0,0,0.004,0,0,0,0,0,0,0,0,0,0,0,0,0,0,0,0,0,0,0.002,0,0,0,0.001,0,0,0,0,0,0,0,0,0.089,0.001,0,0,0,0,0,0,0,0,0,0,0,0,0,0,0,0,0,0,0,0,0.009,0
"Anthostomella","Xylariaceae","Xylariales","Sordariomycetes","Ascomycota","Fungi",0,0,0,0,0,0,0,0,0,0,0,0,0,0,0,0,0,0,0,0,0,0,0,0,0,0,0,0,0,0,0,0,0,0,0,0,0,0,0,0,0,0,0,0,0,0,0,0,0,0,0,0,0,0,0,0,0,0,0,0,0,0,0,0,0,0,0,0,0,0,0,0,0,0,0,0,0,0.001,0,0,0,0,0,0,0,0,0,0,0,0,0,0,0,0,0,0,0,0,0,0,0.001
"Dermoloma","Tricholomataceae","Agaricales","Agaricomycetes","Basidiomycota","Fungi",0,0,0,0,0,0,0,0,0,0,0,0,0,0,0,0,0,0,0,0,0,0,0,0,0,0,0,0,0,0,0,0,0,0,0,0,0,0,0,0,0,0,0,0,0,0,0,0,0,0,0,0,0,0,0,0,0,0,0,0,0,0,0,0,0,0,0,0,0,0,0,0,0,0,0,0,0,0.001,0,0,0,0,0,0,0,0,0,0,0,0,0,0,0,0,0,0,0,0,0,0,0
"Glomus","Glomeraceae","Glomerales","Glomeromycetes","Glomeromycota","Fungi",0.007,0,0,0.006,0,0.002,0.015,0.002,0.01,0.009,0,0,0,0.012,0,0,0,0,0,0,0,0,0,0.003,0.142,0,0.002,0,0,0,0,0,0,0.003,0.015,0,0,0,0,0,0,0,0,0,0.017,0,0,0,0,0,0,0,0,0,0,0,0,0,0,0,0,0,0,0,0,0,0,0,0,0,0,0,0.001,0,0,0,0.016,0.004,0,0.054,0.376,0.134,0,0,0,0.001,0.004,0,0,0,0,0,0,0,0,0,0,0,0,0,0
"Sporidesmiella","Melanommataceae","Pleosporales","Dothideomycetes","Ascomycota","Fungi",0.001,0,0,0.002,0,0,0,0,0,0,0,0,0,0,0,0,0,0,0,0,0,0,0.002,0,0.009,0,0.002,0,0,0,0,0,0,0,0,0,0,0,0,0,0,0,0,0,0,0,0,0,0,0,0,0,0,0,0,0,0,0,0,0,0,0,0,0,0,0,0,0,0,0,0,0.005,0,0,0.002,0,0,0,0,0.021,0,0.001,0,0,0,0.001,0.003,0,0,0,0,0,0,0,0,0,0,0,0,0,0
"Entoloma","Entolomataceae","Agaricales","Agaricomycetes","Basidiomycota","Fungi",0.034,0,0,0.002,0.001,0.001,0.145,0.011,0.01,0.017,0,0,0,0.069,0.001,0.016,0,0,0,0.007,0.008,0,0.003,0.003,0.59,0,0.083,0,0,0,0,0,0.004,0.033,0,0,0,0,0,0,0.001,0,0.002,0,0.005,0.21,0,0.007,0,0,0.036,0,0,0,0,0,0,0.03,0.004,0,0.001,0.021,0.003,0.001,0.05,0.001,0,0,0,0,0.005,0.005,0.012,0,0,0,0.001,0.003,0.006,0.002,3.42,0,0,0,0.001,0,0.165,0,0,0,0,0,0,0,0,0,0,0,0,0.008,0
"Kluyveromyces","Saccharomycetaceae","Saccharomycetales","Saccharomycetes","Ascomycota","Fungi",0,0,0,0,0,0,0,0,0,0,0,0,0,0,0,0,0,0,0,0,0,0,0,0,0.001,0,0,0,0,0,0,0,0,0,0,0,0,0,0,0,0,0,0,0,0,0,0,0,0,0,0,0,0,0,0,0,0,0,0,0,0,0,0,0,0,0,0,0,0,0,0,0,0,0,0,0,0,0,0,0,0.004,0,0,0,0,0,0,0,0,0,0,0,0,0,0,0,0,0,0,0,0
"Occultifur","Cystobasidiaceae","Cystobasidiales","Cystobasidiomycetes","Basidiomycota","Fungi",0,0,0,0,0,0,0,0,0,0,0,0,0,0,0,0,0,0,0,0,0,0,0,0,0,0,0,0,0,0,0,0,0,0,0,0,0,0,0,0,0,0,0,0,0,0,0,0,0,0,0,0,0,0,0,0,0,0,0,0,0,0,0,0,0,0,0,0,0,0,0,0,0,0,0,0,0,0,0,0,0,0.001,0,0,0,0,0,0,0,0,0,0,0,0,0,0,0,0,0,0,0
"uncl_Olpidiaceae","Olpidiaceae","Olpidiales","Olpidiomycetes","Olpidiomycota","Fungi",0,0,0,0,0,0,0,0,0,0,0,0,0,0,0,0,0,0,0,0,0,0,0,0,0.001,0,0,0,0,0,0,0,0,0,0,0,0,0,0,0,0,0,0,0,0,0,0,0,0,0,0,0,0,0,0,0,0,0,0,0,0,0,0,0,0,0,0,0,0,0,0,0,0,0,0,0,0,0,0,0,0,0.002,0,0,0,0,0,0,0,0,0,0,0,0,0,0,0,0,0,0,0
"uncl_Basidiobolomycota","uncl_Basidiobolomycota","uncl_Basidiobolomycota","uncl_Basidiobolomycota","Basidiobolomycota","Fungi",0,0,0,0,0,0,0,0,0,0,0,0,0,0,0,0,0,0,0,0,0,0,0,0,0.002,0,0,0,0,0,0,0,0,0,0,0,0,0,0,0,0,0,0,0,0,0,0,0,0,0,0,0,0,0,0,0,0,0,0,0,0,0,0,0,0,0,0,0,0,0,0,0,0,0,0,0,0,0,0,0,0,0.005,0,0,0,0,0,0,0,0,0,0,0,0,0,0,0,0,0,0,0
"Coniella","Schizoparmaceae","Diaporthales","Sordariomycetes","Ascomycota","Fungi",0,0,0,0,0,0,0,0,0,0,0,0,0,0,0,0,0,0,0,0,0,0,0,0,0,0.001,0,0,0,0,0,0,0,0,0,0,0,0,0,0,0,0,0,0,0,0,0,0,0,0,0,0,0,0,0,0,0,0,0,0,0,0,0,0,0,0,0,0,0,0,0,0,0,0,0,0,0,0,0,0,0,0,0.002,0,0,0,0,0,0,0,0,0,0,0,0,0,0,0,0,0,0
"Moesziomyces","Ustilaginaceae","Ustilaginales","Ustilaginomycetes","Basidiomycota","Fungi",0,0,0,0,0,0,0,0,0,0,0,0,0,0,0,0,0,0,0,0,0,0,0,0,0,0.001,0,0,0,0,0,0,0,0,0,0,0,0,0,0,0,0,0,0,0,0,0,0,0,0,0,0,0,0,0,0,0,0,0,0,0,0,0,0,0,0,0,0,0,0,0,0,0,0,0,0,0,0,0,0,0,0,0.001,0,0.001,0,0,0,0,0,0,0,0,0,0,0,0,0,0,0,0
"uncl_Diversisporales","uncl_Diversisporales","Diversisporales","Glomeromycetes","Glomeromycota","Fungi",0,0,0,0.001,0,0,0,0,0,0,0,0,0,0,0,0,0,0,0,0,0,0,0,0,0.001,0,0.004,0,0,0,0,0,0.001,0,0,0,0,0,0,0,0,0,0,0,0,0,0,0,0,0,0,0,0,0,0,0,0,0,0,0,0,0,0,0,0,0,0,0,0,0,0,0,0,0,0,0,0,0,0,0,0.006,0,0.001,0,0,0.009,0,0,0,0,0,0,0,0,0,0,0,0,0,0.002,0
"uncl_Periconiaceae","Periconiaceae","Pleosporales","Dothideomycetes","Ascomycota","Fungi",0,0,0,0,0,0,0,0,0,0,0,0,0,0,0,0,0,0,0,0,0,0,0,0,0,0,0,0,0,0,0,0,0,0,0,0,0,0,0,0,0,0,0,0,0,0,0,0,0,0,0,0,0,0,0,0,0,0,0,0,0,0,0,0,0,0,0,0,0,0,0,0,0,0,0,0,0,0,0,0,0,0,0,0,0.001,0,0,0,0,0,0,0,0,0,0,0,0,0,0,0.001,0
"Paurocotylis","Pyronemataceae","Pezizales","Pezizomycetes","Ascomycota","Fungi",0,0,0,0,0,0,0,0,0,0,0,0,0,0,0,0,0,0,0,0,0,0,0,0,0,0,0,0,0,0,0,0,0,0,0,0,0,0,0,0,0,0,0,0,0,0,0,0,0,0,0,0,0,0,0,0,0,0,0,0,0,0,0,0,0,0,0,0,0,0,0,0,0,0,0,0,0,0,0,0,0,0,0,0.001,0,0,0,0,0,0,0,0,0,0,0,0,0,0,0,0,0
"Leucocoprinus","Agaricaceae","Agaricales","Agaricomycetes","Basidiomycota","Fungi",0,0,0,0,0,0,0,0,0,0,0,0,0,0,0,0,0,0,0,0,0,0,0,0,0,0,0,0,0,0,0,0,0,0,0,0,0,0,0,0,0,0,0,0,0,0,0,0,0,0,0,0,0,0,0,0,0,0,0,0,0,0,0,0,0,0,0,0,0,0,0,0,0,0,0,0,0,0,0,0,0,0,0,0.001,0,0,0,0,0,0,0,0,0,0,0,0,0,0,0,0,0
"Elmerina","Aporpiaceae","Auriculariales","Agaricomycetes","Basidiomycota","Fungi",0,0.001,0,0,0,0,0,0,0,0,0,0,0,0,0,0,0,0,0,0,0,0,0,0,0,0,0,0,0,0,0.001,0,0,0,0,0,0,0,0,0,0,0,0,0,0,0,0,0,0,0,0,0,0,0,0,0,0,0,0,0,0,0,0,0,0,0,0,0,0,0,0,0,0,0,0,0,0,0,0,0,0,0,0,0,0,0,0,0,0,0,0,0,0,0,0,0.002,0,0,0,0,0
"uncl_Cyphellophoraceae","Cyphellophoraceae","Chaetothyriales","Eurotiomycetes","Ascomycota","Fungi",0.001,0,0,0,0,0,0,0.007,0,0,0,0,0.002,0,0,0,0,0,0,0,0,0,0,0,0,0.017,0,0,0,0,0,0,0,0,0,0,0,0,0,0,0,0,0,0.005,0,0,0,0,0,0,0,0,0,0,0,0,0,0,0,0,0,0,0,0,0,0,0,0,0,0,0,0,0,0,0,0,0.004,0,0,0,0,0,0,0.049,0.001,0,0,0,0,0,0,0,0,0,0,0,0,0,0,0,0
"Pithomyces","Pleosporaceae","Pleosporales","Dothideomycetes","Ascomycota","Fungi",0,0,0,0,0,0,0,0,0,0,0,0,0,0,0,0,0,0,0,0,0,0,0,0,0,0.001,0,0,0,0,0,0,0,0,0,0,0,0,0,0,0,0,0,0,0,0,0,0,0,0,0,0,0,0,0,0,0,0,0,0,0,0,0,0,0,0,0,0,0,0,0,0,0,0,0,0,0,0,0,0,0,0,0,0,0.004,0,0,0,0,0,0,0,0,0,0,0,0,0,0,0,0
"Peniophora","Peniophoraceae","Russulales","Agaricomycetes","Basidiomycota","Fungi",0,0,0,0,0,0,0,0,0,0,0,0,0,0,0,0,0,0,0,0,0,0,0,0,0,0.002,0,0,0,0,0,0,0.002,0,0,0,0,0,0,0,0,0,0,0,0,0,0,0,0,0,0,0,0,0,0,0,0,0,0,0,0,0,0,0,0,0,0,0,0,0,0,0,0,0,0,0,0,0,0,0,0,0,0,0,0.005,0,0,0,0,0,0,0,0,0,0,0,0,0,0,0.005,0
"Porodiplodia","Porodiplodiaceae","Helotiales","Leotiomycetes","Ascomycota","Fungi",0,0,0,0,0,0,0,0,0,0,0,0,0,0,0,0,0,0,0,0,0,0,0,0,0,0.001,0,0,0,0,0,0,0,0,0,0,0,0,0,0,0,0,0,0,0,0,0,0,0,0,0,0,0,0,0,0,0,0,0,0,0,0,0,0,0,0,0,0,0,0,0,0,0,0,0,0,0,0,0,0,0,0,0,0,0.002,0,0,0,0,0,0,0,0,0,0,0,0,0,0,0,0
"Erythrobasidium","Erythrobasidiaceae","Erythrobasidiales","Cystobasidiomycetes","Basidiomycota","Fungi",0,0,0,0,0,0,0,0,0,0,0,0,0,0,0,0,0,0,0,0,0,0,0,0,0,0.001,0,0,0,0,0,0,0,0,0,0,0,0,0,0,0,0,0,0,0,0,0,0,0,0,0,0,0,0,0,0,0,0,0,0,0,0,0,0,0,0,0,0,0,0,0,0,0,0,0,0,0,0,0,0,0,0,0,0,0.004,0,0,0,0,0,0,0,0,0,0,0,0,0,0,0,0
"uncl_Bartaliniaceae","Bartaliniaceae","Xylariales","Sordariomycetes","Ascomycota","Fungi",0,0,0,0,0,0,0,0,0,0,0,0,0,0,0,0,0,0,0,0,0,0,0,0,0,0.001,0,0,0,0,0,0,0,0,0,0,0,0,0,0,0,0,0,0,0,0,0,0,0,0,0,0,0,0,0,0,0,0,0,0,0,0,0,0,0,0,0,0,0,0,0,0,0,0,0,0,0,0,0,0,0,0,0,0,0.003,0,0,0,0,0,0,0,0,0,0,0,0,0,0,0,0
"uncl_Acrogenosporaceae","Acrogenosporaceae","Minutisphaerales","Dothideomycetes","Ascomycota","Fungi",0.001,0,0,0,0,0,0,0,0.003,0,0,0,0,0,0,0,0,0,0,0,0,0,0,0,0,0.014,0,0,0,0,0,0,0,0,0,0,0,0,0,0,0,0,0,0,0,0,0,0,0,0,0,0,0,0,0,0,0,0,0,0,0,0,0,0,0,0,0,0,0,0,0,0,0,0,0,0,0,0,0,0,0,0,0,0,0.043,0,0,0,0,0,0,0,0,0,0,0,0,0,0,0,0
"uncl_Filobasidiales","uncl_Filobasidiales","Filobasidiales","Tremellomycetes","Basidiomycota","Fungi",0,0,0,0,0,0,0,0,0,0,0,0,0,0,0,0,0,0,0,0,0,0,0,0,0,0.001,0,0,0,0,0,0,0,0,0,0,0,0,0,0,0,0,0,0,0,0,0,0,0,0,0,0,0,0,0,0,0,0,0,0,0,0,0,0,0,0,0,0,0,0,0,0,0,0,0,0,0,0,0,0,0,0,0,0,0.002,0,0,0,0,0,0,0,0,0,0,0,0,0,0,0,0
"Sphaerellopsis","Leptosphaeriaceae","Pleosporales","Dothideomycetes","Ascomycota","Fungi",0,0,0,0,0,0,0,0,0,0,0,0,0,0,0,0,0,0,0,0,0,0,0,0,0,0,0,0,0,0,0,0,0,0,0,0,0,0,0,0,0,0,0,0,0,0,0,0,0,0,0,0,0,0,0,0,0,0,0,0,0,0,0,0,0,0,0,0,0,0,0,0,0,0,0,0,0,0,0,0,0,0,0,0,0.001,0,0,0,0,0,0,0,0,0,0,0,0,0,0,0,0
"Tritirachium","Tritirachiaceae","Tritirachiales","Tritirachiomycetes","Basidiomycota","Fungi",0,0,0,0.001,0,0,0,0,0,0,0,0,0,0,0,0,0,0,0,0,0,0,0,0,0,0,0.003,0,0,0,0,0,0,0,0,0,0,0,0,0,0,0,0,0,0,0,0,0,0,0,0,0,0,0,0,0,0,0,0,0,0,0,0,0,0,0,0,0,0,0,0,0,0,0,0,0,0,0,0,0,0,0,0,0,0,0.007,0,0,0,0,0,0,0,0,0,0,0,0,0,0,0
"uncl_Ramicandelaberales","uncl_Ramicandelaberales","Ramicandelaberales","Ramicandelaberomycetes","Kickxellomycota","Fungi",0,0,0,0,0,0,0,0,0.001,0,0,0,0,0,0,0,0,0,0,0,0,0,0,0,0,0,0.012,0,0,0,0,0,0,0,0,0,0,0,0,0,0,0,0,0,0,0,0,0,0,0,0,0,0,0,0,0,0,0,0,0,0,0,0,0,0,0,0,0,0,0,0,0,0,0,0,0,0,0,0,0,0,0,0,0,0,0.003,0.021,0,0,0,0,0,0,0,0,0,0,0,0,0,0
"uncl_Myrmecridiales","uncl_Myrmecridiales","Myrmecridiales","Sordariomycetes","Ascomycota","Fungi",0.002,0,0,0.005,0,0,0,0,0.004,0.005,0,0,0,0,0,0,0,0,0,0,0,0,0,0,0,0.001,0.062,0,0,0,0,0,0,0,0.01,0,0,0,0,0,0,0,0,0,0,0,0,0,0,0,0,0,0,0,0,0,0,0,0,0,0,0,0,0,0,0,0,0,0,0,0,0,0,0,0,0,0,0,0,0,0,0,0.001,0.002,0.001,0.058,0.065,0,0,0,0,0,0,0,0,0,0,0,0,0,0
"uncl_Piptocephalidaceae","Piptocephalidaceae","Zoopagales","Zoopagomycetes","Zoopagomycota","Fungi",0,0,0,0,0,0,0,0,0,0,0,0,0,0,0,0,0,0,0,0,0,0,0,0,0,0,0,0,0,0,0,0,0,0,0,0,0,0,0,0,0,0,0,0,0,0,0,0,0,0,0,0,0,0,0,0,0,0,0,0,0,0,0,0,0,0,0,0,0,0,0,0,0,0,0,0,0,0,0,0,0,0,0,0,0,0.001,0,0,0,0,0,0,0,0,0,0,0,0,0,0,0
"Tetrapyrgos","Marasmiaceae","Agaricales","Agaricomycetes","Basidiomycota","Fungi",0,0,0,0,0,0,0,0,0,0,0,0,0,0,0,0,0,0,0,0,0,0,0,0,0,0,0.001,0,0,0,0,0,0,0,0,0,0,0,0,0,0,0,0,0,0,0,0,0,0,0,0,0,0,0,0,0,0,0,0,0,0,0,0,0,0,0,0,0,0,0,0,0,0,0,0,0,0,0,0,0,0,0,0,0,0,0.003,0,0,0,0,0,0,0,0,0,0,0,0,0,0,0
"uncl_Pucciniomycetes","uncl_Pucciniomycetes","uncl_Pucciniomycetes","Pucciniomycetes","Basidiomycota","Fungi",0,0,0,0.001,0,0,0,0,0.001,0,0,0,0,0,0,0,0,0,0,0,0,0,0,0,0,0,0.015,0,0,0,0,0,0,0,0,0,0,0,0,0,0,0,0,0,0,0,0,0,0,0,0,0,0,0,0,0,0,0,0,0,0,0,0,0,0,0,0,0,0,0,0,0,0,0,0,0,0,0,0,0,0,0,0,0,0,0.013,0.017,0,0,0,0,0,0,0,0,0,0,0,0,0,0
"Hyphoderma","Hyphodermataceae","Polyporales","Agaricomycetes","Basidiomycota","Fungi",0,0,0,0,0,0,0,0,0.001,0,0,0,0,0,0,0,0,0,0,0,0,0,0,0,0,0,0.007,0,0,0,0,0,0,0,0,0,0,0,0,0,0,0,0,0,0,0,0,0,0,0,0,0,0,0,0,0,0,0,0,0,0,0,0,0,0,0,0,0,0,0,0,0,0,0,0,0,0,0,0,0,0,0,0,0,0,0,0.015,0,0,0,0,0,0,0,0,0,0,0,0,0,0
"uncl_Rhizophydiaceae","Rhizophydiaceae","Rhizophydiales","Rhizophydiomycetes","Chytridiomycota","Fungi",0,0,0,0.001,0,0,0,0,0.001,0,0,0,0,0,0,0,0,0,0,0,0,0,0,0,0,0,0.009,0,0,0,0,0,0,0,0,0,0,0,0,0,0,0,0,0,0,0,0,0,0,0,0,0,0,0,0,0,0,0,0,0,0,0,0,0,0,0,0,0,0,0,0,0,0,0,0,0,0,0,0,0,0,0,0,0,0,0.005,0.013,0.001,0,0,0,0,0,0,0,0,0,0,0,0,0
"Kordyana","Brachybasidiaceae","Exobasidiales","Exobasidiomycetes","Basidiomycota","Fungi",0,0,0,0,0,0,0,0,0,0,0,0,0,0,0,0,0,0,0,0,0,0,0,0,0,0,0.001,0,0,0,0,0,0,0,0,0,0,0,0,0,0,0,0,0,0,0,0,0,0,0,0,0,0,0,0,0,0,0,0,0,0,0,0,0,0,0,0,0,0,0,0,0,0,0,0,0,0,0,0,0,0,0,0,0,0,0,0.002,0,0,0,0,0,0,0,0,0,0,0,0,0,0
"Melanconiella","Melanconidaceae","Diaporthales","Sordariomycetes","Ascomycota","Fungi",0,0,0,0,0,0,0,0,0,0,0,0,0,0,0,0,0,0,0,0,0,0,0,0,0,0,0,0,0,0,0,0,0,0,0,0,0,0,0,0,0,0,0,0,0,0,0,0,0,0,0,0,0,0,0,0,0,0,0,0,0,0,0,0,0,0,0,0,0,0,0,0,0,0,0,0,0,0,0,0,0,0,0,0,0,0,0.001,0,0,0,0,0,0,0,0,0,0,0,0,0,0
"Pseudotomentella","Thelephoraceae","Thelephorales","Agaricomycetes","Basidiomycota","Fungi",0,0,0,0,0,0,0,0,0,0,0,0,0,0,0,0,0,0,0,0,0,0,0,0,0,0,0.002,0,0,0,0,0,0,0,0,0,0,0,0,0,0,0,0,0,0,0,0,0,0,0,0,0,0,0,0,0,0,0,0,0,0,0,0,0,0,0,0,0,0,0,0,0,0,0,0,0,0,0,0,0,0,0,0,0,0,0,0.005,0,0,0,0,0,0,0,0,0,0,0,0,0,0
"Crucibulum","Nidulariaceae","Agaricales","Agaricomycetes","Basidiomycota","Fungi",0,0,0,0,0,0,0,0,0,0,0,0,0,0,0,0,0,0,0,0,0,0,0,0,0,0,0.001,0,0,0,0,0,0,0,0,0,0,0,0,0,0,0,0,0,0,0,0,0,0,0,0,0,0,0,0,0,0,0,0,0,0,0,0,0,0,0,0,0,0,0,0,0,0,0,0,0,0,0,0,0,0,0,0,0,0,0,0.003,0,0,0,0,0,0,0,0,0,0,0,0,0,0
"uncl_Exobasidiales","uncl_Exobasidiales","Exobasidiales","Exobasidiomycetes","Basidiomycota","Fungi",0,0,0,0,0,0,0,0,0,0,0,0,0,0,0,0,0,0,0,0,0,0,0,0,0,0,0,0,0,0,0,0,0,0,0,0,0,0,0,0,0,0,0,0,0,0,0,0,0,0,0,0,0,0,0,0,0,0,0,0,0,0,0,0,0,0,0,0,0,0,0,0,0,0,0,0,0,0,0,0,0,0,0,0,0,0,0.001,0,0,0,0,0,0,0,0,0,0,0,0,0,0
"Dendrochytridium","Chytridiaceae","Chytridiales","Chytridiomycetes","Chytridiomycota","Fungi",0,0,0,0,0,0,0,0,0,0,0,0,0,0,0,0,0,0,0,0,0,0,0,0,0,0,0.003,0.002,0,0,0,0,0,0,0,0,0,0,0,0,0,0,0,0,0,0,0,0,0,0,0,0,0,0,0,0,0,0,0,0,0,0,0,0,0,0,0,0,0,0,0,0,0,0,0,0,0,0,0,0,0,0,0,0,0,0,0.006,0.004,0,0,0,0,0,0,0,0,0,0,0,0,0
"Cenococcum","Gloniaceae","Gloniales","Dothideomycetes","Ascomycota","Fungi",0.002,0,0,0,0,0,0,0,0.006,0,0,0,0,0,0,0,0,0,0,0,0,0,0,0,0,0,0,0.049,0,0,0,0,0,0,0,0,0,0,0,0,0,0,0,0,0,0,0,0,0,0,0,0,0,0,0,0,0,0,0,0,0,0,0,0,0,0,0,0,0,0,0,0,0,0,0,0,0,0,0,0,0,0,0,0,0,0,0,0.004,0.087,0,0,0,0,0,0,0,0,0,0,0,0
"Chaetosphaeria","Chaetosphaeriaceae","Chaetosphaeriales","Sordariomycetes","Ascomycota","Fungi",0.003,0,0,0.002,0,0,0,0,0.01,0,0,0,0,0,0,0,0,0,0,0,0,0,0,0,0,0,0,0.09,0,0,0,0,0,0,0,0,0,0,0,0,0,0,0,0,0,0,0,0,0,0,0,0,0,0,0,0,0,0,0,0,0,0,0,0,0,0,0,0,0,0,0,0,0,0,0,0,0,0,0,0,0,0,0,0,0,0,0,0.022,0.147,0,0,0,0,0,0,0,0,0,0,0,0
"Apodus","Lasiosphaeriaceae","Sordariales","Sordariomycetes","Ascomycota","Fungi",0,0,0,0.001,0,0,0,0,0,0,0,0,0,0,0,0,0,0,0,0,0,0,0,0,0,0,0,0.004,0,0,0,0,0,0,0,0,0,0,0,0,0,0,0,0,0,0,0,0,0,0,0,0,0,0,0,0,0,0,0,0,0,0,0,0,0,0,0,0,0,0,0,0,0,0,0,0,0,0,0,0,0,0,0,0,0,0,0,0.01,0,0,0,0,0,0,0,0,0,0,0,0,0
"uncl_Phleogenaceae","Phleogenaceae","Atractiellales","Atractiellomycetes","Basidiomycota","Fungi",0,0,0,0,0,0,0,0,0,0,0,0,0,0,0,0,0,0,0,0,0,0,0,0,0,0,0,0,0,0,0,0,0,0,0,0,0,0,0,0,0,0,0,0,0,0,0,0,0,0,0,0,0,0,0,0,0,0,0,0,0,0,0,0,0,0,0,0,0,0,0,0,0,0,0,0,0,0,0,0,0,0,0,0,0,0,0,0.001,0,0,0,0,0,0,0,0,0,0,0,0,0
"Plectania","Sarcosomataceae","Pezizales","Pezizomycetes","Ascomycota","Fungi",0,0,0,0,0,0,0,0,0,0,0,0,0,0,0,0,0,0,0,0,0,0,0,0,0,0,0,0.001,0,0,0,0,0,0,0,0,0,0,0,0,0,0,0,0,0,0,0,0,0,0,0,0,0,0,0,0,0,0,0,0,0,0,0,0,0,0,0,0,0,0,0,0,0,0,0,0,0,0,0,0,0,0,0,0,0,0,0,0,0.002,0,0,0,0,0,0,0,0,0,0,0,0
"uncl_Tylosporaceae","Tylosporaceae","Atheliales","Agaricomycetes","Basidiomycota","Fungi",0.001,0,0,0.004,0,0,0,0,0,0,0,0,0,0,0,0,0,0,0,0,0,0,0,0,0,0,0,0.019,0,0,0,0,0,0,0,0,0,0,0,0,0,0,0,0,0,0,0,0,0,0,0,0,0,0,0,0,0,0,0,0,0,0,0,0,0,0,0,0,0,0,0,0,0,0,0,0,0,0,0,0,0,0,0,0,0,0,0,0.043,0,0,0,0,0,0,0,0,0,0,0,0,0
"Thozetella","Chaetosphaeriaceae","Chaetosphaeriales","Sordariomycetes","Ascomycota","Fungi",0.008,0,0,0.023,0,0,0,0,0.014,0,0,0,0,0,0,0,0,0,0,0,0,0,0,0,0,0,0,0.235,0,0,0,0,0,0,0,0,0,0,0,0,0,0,0,0,0,0,0,0,0,0,0,0,0,0,0,0,0,0,0,0,0,0,0,0,0,0,0,0,0,0,0,0,0,0,0,0,0,0,0,0,0,0,0,0,0,0,0,0.267,0.208,0,0,0,0,0,0,0,0,0,0,0,0
"Clitocybula","Tricholomataceae","Agaricales","Agaricomycetes","Basidiomycota","Fungi",0,0,0,0,0,0,0,0,0,0,0,0,0,0,0,0,0,0,0,0,0,0,0,0,0,0,0,0,0,0,0,0,0,0,0,0,0,0,0,0,0,0,0,0,0,0,0,0,0,0,0,0,0,0,0,0,0,0,0,0,0,0,0,0,0,0,0,0,0,0,0,0,0,0,0,0,0,0,0,0,0,0,0,0,0,0,0,0.001,0,0,0,0,0,0,0,0,0,0,0,0,0
"Ochroconis","Sympoventuriaceae","Venturiales","Dothideomycetes","Ascomycota","Fungi",0,0,0,0,0,0,0,0,0,0,0,0,0,0,0,0,0,0,0,0,0,0,0,0,0,0,0,0.001,0,0,0,0,0,0,0,0,0,0,0,0,0,0,0,0.001,0,0,0,0,0,0,0,0,0,0,0,0,0,0,0,0,0,0,0,0,0,0,0,0,0,0,0,0,0,0,0,0,0,0,0,0,0,0,0,0,0,0,0,0.001,0.001,0,0,0,0,0,0,0,0,0,0,0.001,0
"Xerocomus","Boletaceae","Boletales","Agaricomycetes","Basidiomycota","Fungi",0,0,0,0,0,0,0,0,0,0,0,0,0,0,0,0,0,0,0,0,0,0,0,0,0,0,0,0.001,0,0,0,0,0,0,0,0,0,0,0,0,0,0,0,0,0,0,0,0,0,0,0,0,0,0,0,0,0,0,0,0,0,0,0,0,0,0,0,0,0,0,0,0,0,0,0,0,0,0,0,0,0,0,0,0,0,0,0,0.002,0,0,0,0,0,0,0,0,0,0,0,0,0
"Rectipilus","Cyphellaceae","Agaricales","Agaricomycetes","Basidiomycota","Fungi",0,0,0,0,0,0,0,0,0,0,0,0,0,0,0,0,0,0,0,0,0,0,0,0,0,0,0,0.001,0,0,0,0,0,0,0,0,0,0,0,0,0,0,0,0,0,0,0,0,0,0,0,0,0,0,0,0,0,0,0,0,0,0,0,0,0,0,0,0,0,0,0,0,0,0,0,0,0,0,0,0,0,0,0,0,0,0,0,0,0.002,0,0,0,0,0,0,0,0,0,0,0,0
"Penicillago","Penicillaginaceae","Eurotiales","Eurotiomycetes","Ascomycota","Fungi",0,0,0,0.001,0,0,0,0,0,0,0,0,0,0,0,0,0,0,0,0,0,0,0,0,0,0,0,0.005,0,0,0,0,0,0,0,0,0,0,0,0,0,0,0,0,0,0,0,0,0,0,0,0,0,0,0,0,0,0,0,0,0,0,0,0,0,0,0,0,0,0,0,0,0,0,0,0,0,0,0,0,0,0,0,0,0,0,0,0.009,0.002,0,0,0,0,0,0,0,0,0,0,0,0
"uncl_Porotheleaceae","Porotheleaceae","Agaricales","Agaricomycetes","Basidiomycota","Fungi",0,0,0,0.002,0,0,0,0,0,0,0,0,0,0,0,0,0,0,0,0,0,0,0,0,0,0,0,0.009,0,0,0,0,0,0,0,0,0,0,0,0,0,0,0,0,0,0,0,0,0,0,0,0,0,0,0,0,0,0,0,0,0,0,0,0,0,0,0,0,0,0,0,0,0,0,0,0,0,0,0,0,0,0,0,0,0,0,0,0.02,0,0,0,0,0,0,0,0,0,0,0,0,0
"uncl_GS18","uncl_GS18","uncl_GS18","GS18","Olpidiomycota","Fungi",0,0,0,0.003,0,0,0,0,0,0,0,0,0,0,0,0,0,0,0,0,0,0,0,0,0,0,0,0.015,0,0,0,0,0,0,0,0,0,0,0,0,0,0,0,0,0,0,0,0,0,0,0,0,0,0,0,0,0,0,0,0,0,0,0,0,0,0,0,0,0,0,0,0,0,0,0,0,0,0,0,0,0,0,0,0,0,0,0,0.033,0,0,0,0,0,0,0,0,0,0,0,0,0
"Asterostroma","Lachnocladiaceae","Russulales","Agaricomycetes","Basidiomycota","Fungi",0.001,0,0,0.006,0,0,0,0,0,0,0,0,0,0,0,0,0,0,0,0,0,0,0,0,0,0,0,0.034,0,0,0,0,0,0,0,0,0,0,0,0,0,0,0,0,0,0,0,0,0,0,0,0,0,0,0,0,0,0,0,0,0,0,0,0,0,0,0,0,0,0,0,0,0,0,0,0,0,0,0,0,0,0,0,0,0,0,0,0.074,0,0,0,0,0,0,0,0,0,0,0,0,0
"uncl_Cordycipitaceae","Cordycipitaceae","Hypocreales","Sordariomycetes","Ascomycota","Fungi",0.001,0,0,0.001,0,0,0,0,0.001,0.002,0,0,0,0,0.001,0,0,0.003,0,0,0.001,0,0.001,0,0,0,0,0.007,0,0,0,0,0,0.003,0,0,0,0,0,0,0,0,0,0.001,0,0,0,0,0.003,0,0,0.001,0,0,0.003,0,0,0,0,0,0,0,0,0,0,0.004,0,0,0,0.003,0,0.001,0,0,0,0,0,0,0,0.001,0,0,0,0,0,0,0,0.013,0.002,0,0,0,0,0,0,0,0,0,0,0,0
"Amphinema","Tylosporaceae","Atheliales","Agaricomycetes","Basidiomycota","Fungi",0.001,0,0,0.004,0,0,0,0,0.002,0,0,0,0,0,0,0,0,0.001,0,0,0,0,0,0,0,0,0,0.039,0,0,0,0,0,0,0,0,0,0,0,0,0,0,0,0,0,0,0,0,0,0,0,0,0,0,0.001,0,0,0,0,0,0,0,0,0,0,0,0,0,0,0,0,0,0,0,0,0,0,0,0,0,0,0,0,0,0,0,0,0.043,0.035,0,0,0,0,0,0,0,0,0,0,0,0
"uncl_Geoglossales","uncl_Geoglossales","Geoglossales","Geoglossomycetes","Ascomycota","Fungi",0.003,0,0,0.011,0.001,0,0,0.002,0.001,0,0,0,0,0,0.002,0,0,0,0,0,0.001,0,0,0.006,0,0,0,0.044,0,0,0,0,0.002,0,0,0,0,0,0,0,0.001,0,0,0,0,0,0,0,0.005,0,0,0,0,0,0,0,0,0,0,0.002,0,0,0,0.001,0,0.002,0,0,0,0,0,0,0.018,0.001,0.006,0.001,0.014,0.007,0,0,0,0,0.001,0,0,0,0,0.096,0.001,0,0,0,0,0,0,0,0,0,0,0.003,0.002
"uncl_Boletaceae","Boletaceae","Boletales","Agaricomycetes","Basidiomycota","Fungi",0.005,0,0,0.027,0,0,0,0,0,0,0,0,0,0,0,0,0,0,0,0,0,0,0,0,0,0,0,0.144,0,0,0,0,0,0,0,0,0,0,0,0,0,0,0,0,0,0,0,0,0,0,0,0,0,0,0,0,0,0,0,0,0,0,0,0,0,0,0,0,0,0,0,0,0,0,0,0,0,0,0,0,0,0,0,0,0,0,0,0.315,0.001,0,0,0,0,0,0,0,0,0,0,0,0
"Humicolopsis","Helotiales_fam_Incertae_sedis","Helotiales","Leotiomycetes","Ascomycota","Fungi",0,0,0,0.001,0,0,0,0,0,0,0,0,0,0,0,0,0,0,0,0,0,0,0,0,0,0,0,0.008,0,0,0,0,0,0,0,0,0,0,0,0,0,0,0,0,0,0,0,0,0,0,0,0,0,0,0,0,0,0,0,0,0,0,0,0,0,0,0,0,0,0,0,0,0,0,0,0,0,0,0,0,0,0,0,0,0,0,0,0.009,0.007,0,0,0,0,0,0,0,0,0,0,0,0
"uncl_Amphisphaeriales","uncl_Amphisphaeriales","Amphisphaeriales","Sordariomycetes","Ascomycota","Fungi",0,0,0,0,0,0,0,0,0.002,0,0,0,0,0,0,0,0,0,0,0,0,0,0,0,0,0,0,0.013,0,0,0,0,0,0,0,0,0,0,0,0,0,0,0,0,0,0,0,0,0,0,0,0,0,0,0,0,0,0,0,0,0,0,0,0,0,0,0,0,0,0,0,0,0,0,0,0,0,0,0,0,0,0,0,0,0,0,0,0,0.024,0,0,0,0,0,0,0,0,0,0,0,0
"Chromelosporiopsis","Pezizaceae","Pezizales","Pezizomycetes","Ascomycota","Fungi",0,0,0,0,0,0,0,0,0,0,0,0,0,0,0,0,0,0,0,0,0,0,0,0,0,0,0,0,0,0,0,0,0,0,0,0,0,0,0,0,0,0,0,0,0,0,0,0,0,0,0,0,0,0,0,0,0,0,0,0,0,0,0,0,0,0,0,0,0,0,0,0,0,0,0,0,0,0,0,0,0,0,0,0,0,0,0,0.001,0,0,0,0,0,0,0,0,0,0,0,0,0
"Humaria","Pyronemataceae","Pezizales","Pezizomycetes","Ascomycota","Fungi",0,0,0,0.001,0,0,0,0,0,0,0,0,0,0,0,0,0,0,0,0,0,0,0,0,0,0,0,0.003,0,0,0,0,0,0,0,0,0,0,0,0,0,0,0,0,0,0,0,0,0,0,0,0,0,0,0,0,0,0,0,0,0,0,0,0,0,0,0,0,0,0,0,0,0,0,0,0,0,0,0,0,0,0,0,0,0,0,0,0.006,0.001,0,0,0,0,0,0,0,0,0,0,0,0
"Dactylella","Orbiliaceae","Orbiliales","Orbiliomycetes","Ascomycota","Fungi",0,0,0,0,0,0,0,0,0,0,0,0,0,0,0,0,0,0,0,0,0,0,0,0,0,0,0,0,0,0,0,0,0,0,0,0,0,0,0,0,0,0,0,0,0,0,0,0,0,0,0,0,0,0,0,0,0,0,0,0,0,0,0,0,0,0,0,0,0,0,0,0,0,0,0,0,0,0,0,0,0,0,0,0,0,0,0,0.001,0,0,0,0,0,0,0,0,0,0,0,0,0
"Phanerochaete","Phanerochaetaceae","Polyporales","Agaricomycetes","Basidiomycota","Fungi",0.003,0,0,0.017,0,0,0,0,0.001,0,0,0,0,0,0,0,0,0,0,0,0,0,0.002,0,0.002,0,0,0.089,0,0,0,0,0,0,0,0,0,0,0,0,0,0,0,0,0,0,0,0,0,0,0,0,0,0,0,0,0,0,0,0,0,0,0,0,0,0,0,0,0,0,0,0.007,0,0,0,0,0,0,0,0,0,0.005,0,0,0,0,0.001,0.197,0,0,0,0,0,0,0,0,0,0,0,0,0
"uncl_Hyaloriaceae","Hyaloriaceae","Auriculariales","Agaricomycetes","Basidiomycota","Fungi",0,0,0,0,0,0,0,0,0,0,0,0,0,0,0,0,0,0,0,0,0,0,0,0,0,0,0,0.002,0,0,0,0,0,0,0,0,0,0,0,0,0,0,0,0,0,0,0,0,0,0,0,0,0,0,0,0,0,0,0,0,0,0,0,0,0,0,0,0,0,0,0,0,0,0,0,0,0,0,0,0,0,0,0,0,0,0,0,0.001,0.003,0,0,0,0,0,0,0,0,0,0,0,0
"uncl_Thelephorales","uncl_Thelephorales","Thelephorales","Agaricomycetes","Basidiomycota","Fungi",0,0,0,0.002,0,0,0,0,0,0,0,0,0,0,0,0,0,0,0,0,0,0,0,0,0,0,0,0.009,0,0,0,0,0,0,0,0,0,0,0,0,0,0,0,0,0,0,0,0,0,0,0,0,0,0,0,0,0,0,0,0,0,0,0,0,0,0,0,0,0,0,0,0,0,0,0,0,0,0,0,0,0,0,0,0,0,0,0,0.019,0,0,0,0,0,0,0,0,0,0,0,0,0
"Helvellosebacina","Sebacinaceae","Sebacinales","Agaricomycetes","Basidiomycota","Fungi",0.008,0,0,0.043,0,0,0,0,0,0,0,0,0,0,0,0,0,0,0,0,0,0,0,0,0,0,0,0.229,0,0,0,0,0,0,0,0,0,0,0,0,0,0,0,0,0,0,0,0,0,0,0,0,0,0,0,0,0,0,0,0,0,0,0,0,0,0,0,0,0,0,0,0,0,0,0,0,0,0,0,0,0,0,0,0,0,0,0,0.504,0,0,0,0,0,0,0,0,0,0,0,0,0
"Desmazierella","Sarcoscyphaceae","Pezizales","Pezizomycetes","Ascomycota","Fungi",0,0,0,0,0,0,0,0,0,0,0,0,0,0,0.001,0,0,0,0,0,0,0,0,0,0,0,0,0.001,0,0,0,0,0,0,0,0,0,0,0,0,0,0,0,0,0,0,0,0,0.002,0,0,0,0,0,0,0,0,0,0,0,0,0,0,0,0,0,0,0,0,0,0,0,0,0,0,0,0,0,0,0,0,0,0,0,0,0,0,0.003,0,0,0,0,0,0,0,0,0,0,0,0,0
"Inosperma","Inocybaceae","Agaricales","Agaricomycetes","Basidiomycota","Fungi",0,0,0,0,0,0,0,0,0,0,0,0,0,0,0,0,0,0,0,0,0,0,0,0,0,0,0,0.002,0,0,0,0,0,0,0,0,0,0,0,0,0,0,0,0,0,0,0,0,0,0,0,0,0,0,0,0,0,0,0,0,0,0,0,0,0,0,0,0,0,0,0,0,0,0,0,0,0,0,0,0,0,0,0,0,0,0,0,0,0.003,0,0,0,0,0,0,0,0,0,0,0,0
"Nematoctonus","Pleurotaceae","Agaricales","Agaricomycetes","Basidiomycota","Fungi",0,0,0,0,0,0,0,0,0,0,0,0,0,0,0,0,0,0,0,0,0,0,0,0,0,0,0,0,0,0,0,0,0,0,0,0,0,0,0,0,0,0,0,0,0,0,0,0,0,0,0,0,0,0,0,0,0,0,0,0,0,0,0,0,0,0,0,0,0,0,0,0,0,0,0,0,0,0,0,0,0,0,0,0,0,0,0,0,0.001,0,0,0,0,0,0,0,0,0,0,0,0
"uncl_Russulaceae","Russulaceae","Russulales","Agaricomycetes","Basidiomycota","Fungi",0.004,0.001,0,0.001,0,0,0,0,0.012,0,0,0,0,0,0,0,0,0,0,0,0,0,0,0,0,0,0,0.105,0,0,0,0,0,0,0,0,0,0,0,0,0,0,0,0,0,0,0,0,0,0,0,0,0,0,0,0,0,0,0,0,0,0,0,0,0,0,0,0,0,0,0,0,0,0,0,0,0,0,0,0,0,0,0,0,0,0,0,0.006,0.187,0,0,0,0,0,0,0.001,0,0,0,0,0
"Devriesia","Teratosphaeriaceae","Mycosphaerellales","Dothideomycetes","Ascomycota","Fungi",0,0,0,0,0,0,0,0,0,0,0,0,0,0,0,0,0,0,0,0,0,0,0,0,0,0,0,0.001,0,0,0,0,0,0,0,0,0,0,0,0,0,0,0,0,0,0,0,0,0,0,0,0,0,0,0,0,0,0,0,0,0,0,0,0,0,0,0,0,0,0,0,0,0,0,0,0,0,0,0,0,0,0,0,0,0,0,0,0,0.002,0,0,0,0,0,0,0,0,0,0,0,0
"uncl_GS22","uncl_GS22","GS22","Endogonomycetes","Mucoromycota","Fungi",0,0,0,0,0,0,0,0,0,0,0,0,0,0,0,0,0,0,0,0,0,0,0,0,0,0,0,0.001,0,0,0,0,0,0,0,0,0,0,0,0,0,0,0,0,0,0,0,0,0,0,0,0,0,0,0,0,0,0,0,0,0,0,0,0,0,0,0,0,0,0,0,0,0,0,0,0,0,0,0,0,0,0,0,0,0,0,0,0,0.002,0,0,0,0,0,0,0,0,0,0,0,0
"uncl_Cortinariaceae","Cortinariaceae","Agaricales","Agaricomycetes","Basidiomycota","Fungi",0,0,0,0,0,0,0,0,0,0,0,0,0,0,0,0,0,0,0,0,0,0,0,0,0,0,0,0.004,0,0,0,0,0,0,0,0,0,0,0,0,0,0,0,0,0,0,0,0,0,0,0,0,0,0,0,0,0,0,0,0,0,0,0,0,0,0,0,0,0,0,0,0,0,0,0,0,0,0,0,0,0,0,0,0,0,0,0,0,0.007,0,0,0,0,0,0,0,0,0,0,0,0
"Lactifluus","Russulaceae","Russulales","Agaricomycetes","Basidiomycota","Fungi",0.002,0,0,0.001,0,0,0,0,0.006,0,0,0,0,0,0,0,0,0,0,0,0,0,0,0,0,0,0,0.055,0,0,0,0,0,0,0,0,0,0,0,0,0,0,0,0,0,0,0,0,0,0,0,0,0,0,0,0,0,0,0,0,0,0,0,0,0,0,0,0,0,0,0,0,0,0,0,0,0,0,0,0,0,0,0,0,0,0,0,0.01,0.093,0,0,0,0,0,0,0,0,0,0,0,0
"Leucogaster","Albatrellaceae","Russulales","Agaricomycetes","Basidiomycota","Fungi",0,0,0,0,0,0,0,0,0,0,0,0,0,0,0,0,0,0,0,0,0,0,0,0,0,0,0,0.004,0,0,0,0,0,0,0,0,0,0,0,0,0,0,0,0,0,0,0,0,0,0,0,0,0,0,0,0,0,0,0,0,0,0,0,0,0,0,0,0,0,0,0,0,0,0,0,0,0,0,0,0,0,0,0,0,0,0,0,0,0.007,0,0,0,0,0,0,0,0,0,0,0,0
"uncl_Bulleraceae","Bulleraceae","Tremellales","Tremellomycetes","Basidiomycota","Fungi",0,0,0,0,0,0,0,0,0,0,0,0,0,0,0,0,0,0,0,0,0,0,0,0,0,0,0,0.002,0,0,0,0,0,0,0,0,0,0,0,0,0,0,0,0,0,0,0,0,0,0,0,0,0,0,0,0,0,0,0,0,0,0,0,0,0,0,0,0,0,0,0,0,0,0,0,0,0,0,0,0,0,0,0,0,0,0,0,0,0.003,0,0,0,0,0,0,0,0,0,0,0,0
"uncl_Hysterangiaceae","Hysterangiaceae","Hysterangiales","Agaricomycetes","Basidiomycota","Fungi",0,0,0,0,0,0,0,0,0,0,0,0,0,0,0,0,0,0,0,0,0,0,0,0,0,0,0,0.001,0,0,0,0,0,0,0,0,0,0,0,0,0,0,0,0,0,0,0,0,0,0,0,0,0,0,0,0,0,0,0,0,0,0,0,0,0,0,0,0,0,0,0,0,0,0,0,0,0,0,0,0,0,0,0,0,0,0,0,0,0.002,0,0,0,0,0,0,0,0,0,0,0,0
"Clitopilopsis","Entolomataceae","Agaricales","Agaricomycetes","Basidiomycota","Fungi",0.003,0,0,0,0,0,0,0,0.01,0,0,0,0,0,0,0,0,0,0,0,0,0,0,0,0,0,0,0.083,0,0,0,0,0,0,0,0,0,0,0,0,0,0,0,0,0,0,0,0,0,0,0,0,0,0,0,0,0,0,0,0,0,0,0,0,0,0,0,0,0,0,0,0,0,0,0,0,0,0,0,0,0,0,0,0,0,0,0,0,0.152,0,0,0,0,0,0,0,0,0,0,0,0
"Retiboletus","Boletaceae","Boletales","Agaricomycetes","Basidiomycota","Fungi",0,0,0,0,0,0,0,0,0.001,0,0,0,0,0,0,0,0,0,0,0,0,0,0,0,0,0,0,0.01,0,0,0,0,0,0,0,0,0,0,0,0,0,0,0,0,0,0,0,0,0,0,0,0,0,0,0,0,0,0,0,0,0,0,0,0,0,0,0,0,0,0,0,0,0,0,0,0,0,0,0,0,0,0,0,0,0,0,0,0,0.018,0,0,0,0,0,0,0,0,0,0,0,0
"uncl_Geoglossaceae","Geoglossaceae","Geoglossales","Geoglossomycetes","Ascomycota","Fungi",0.001,0,0,0,0,0,0,0,0.003,0,0,0,0.007,0,0,0,0,0.004,0,0,0,0,0,0,0,0,0,0.014,0,0,0,0,0,0,0,0,0,0,0,0,0,0,0,0.016,0,0,0,0,0,0,0,0,0,0,0.004,0,0,0,0,0,0,0,0,0,0,0,0,0,0,0,0,0,0.001,0,0,0,0,0,0,0,0,0,0,0,0,0,0,0,0.026,0,0,0,0,0,0,0,0,0,0,0,0
"Pseudoophiobolus","Phaeosphaeriaceae","Pleosporales","Dothideomycetes","Ascomycota","Fungi",0,0,0,0,0,0,0.001,0,0,0,0,0,0,0,0,0,0,0,0,0,0,0,0,0,0,0,0,0,0.013,0,0,0,0,0,0,0,0,0,0,0,0,0,0,0,0,0,0,0,0,0,0,0,0,0,0,0,0,0,0,0,0,0,0,0,0,0,0,0,0,0,0,0,0,0,0,0,0,0,0,0,0,0,0,0,0,0,0,0,0,0.013,0,0,0,0,0,0,0,0,0,0,0
"Clathrosphaerina","Hyaloscyphaceae","Helotiales","Leotiomycetes","Ascomycota","Fungi",0,0,0,0,0,0,0.002,0,0,0,0,0,0,0,0,0,0,0,0,0,0,0,0,0,0,0,0,0,0.033,0,0,0,0,0,0,0,0,0,0,0,0,0,0,0,0,0,0,0,0,0,0,0,0,0,0,0,0,0,0,0,0,0,0,0,0,0,0,0,0,0,0,0,0,0,0,0,0,0,0,0,0,0,0,0,0,0,0,0,0,0.033,0,0,0,0,0,0,0,0,0,0,0
"Sclerogaster","Sclerogastraceae","Geastrales","Agaricomycetes","Basidiomycota","Fungi",0,0,0,0,0,0,0,0,0.001,0,0,0,0,0,0,0,0,0,0,0,0,0,0,0,0,0,0,0,0,0.04,0,0,0,0,0,0,0,0,0,0,0,0,0,0,0,0,0,0,0,0,0,0,0,0,0,0,0,0,0,0,0,0,0,0,0,0,0,0,0,0,0,0,0,0,0,0,0,0,0,0,0,0,0,0,0,0,0,0,0,0,0,0,0.099,0,0,0,0,0,0,0,0
"Phaeopezia","Pezizaceae","Pezizales","Pezizomycetes","Ascomycota","Fungi",0,0.006,0,0,0,0.002,0,0,0,0,0,0,0,0,0,0,0,0,0,0,0,0,0,0,0,0,0,0,0,0,0.004,0,0,0,0,0,0,0,0,0,0,0,0,0,0,0,0,0,0,0,0,0,0,0,0,0,0,0,0,0,0,0,0,0,0,0,0,0,0,0,0,0,0,0,0,0,0,0,0,0,0,0,0,0,0,0,0,0,0,0,0,0,0,0.025,0,0,0,0,0,0,0
"Pochonia","Clavicipitaceae","Hypocreales","Sordariomycetes","Ascomycota","Fungi",0,0,0,0,0,0,0,0,0,0,0,0,0,0,0,0,0,0,0,0,0,0,0,0,0,0,0,0,0,0,0,0,0,0,0,0,0,0,0,0,0,0,0,0,0,0,0,0,0,0,0,0,0,0,0,0,0,0,0,0,0,0,0,0,0,0,0,0,0,0,0,0,0,0,0,0,0,0,0,0,0,0,0,0,0,0,0,0,0,0,0,0,0,0.001,0,0,0,0,0,0,0
"Neocucurbitaria","Cucurbitariaceae","Pleosporales","Dothideomycetes","Ascomycota","Fungi",0,0.002,0,0,0,0.001,0,0,0,0,0,0,0,0,0,0,0,0,0,0,0,0,0,0,0,0,0,0,0,0,0.001,0,0,0,0,0,0,0,0,0,0,0,0,0,0,0,0,0,0,0,0,0,0,0,0,0,0,0,0,0,0,0,0,0,0,0,0,0,0,0,0,0,0,0,0,0,0,0,0,0,0,0,0,0,0,0,0,0,0,0,0,0,0,0.008,0,0,0,0,0,0,0
"uncl_Amanitaceae","Amanitaceae","Agaricales","Agaricomycetes","Basidiomycota","Fungi",0.002,0.03,0,0,0,0.011,0,0,0,0,0,0,0,0,0,0,0,0,0,0,0,0,0,0,0,0,0,0,0,0,0.021,0,0,0,0,0,0,0,0,0,0,0,0,0,0,0,0,0,0,0,0,0,0,0,0,0,0,0,0,0,0,0,0,0,0,0,0,0,0,0,0,0,0,0,0,0,0,0,0,0,0,0,0,0,0,0,0,0,0,0,0,0,0,0.124,0,0,0,0,0,0,0
"Powellomyces","Powellomycetaceae","Spizellomycetales","Spizellomycetes","Chytridiomycota","Fungi",0,0,0.002,0,0,0,0,0,0,0,0,0,0,0,0,0,0,0,0,0,0,0,0,0,0,0,0,0,0,0,0.001,0,0,0,0.001,0,0,0,0,0,0.002,0,0,0,0,0,0.001,0,0,0,0,0,0,0,0,0,0,0,0,0,0,0,0,0,0,0,0,0,0,0,0,0,0,0,0,0,0,0,0,0,0,0,0,0,0,0,0,0,0,0,0,0,0,0,0,0,0,0.003,0,0,0
"uncl_Rhizophlyctidales","uncl_Rhizophlyctidales","Rhizophlyctidales","Rhizophlyctidomycetes","Chytridiomycota","Fungi",0,0,0.004,0,0,0,0.001,0,0,0,0,0.001,0,0,0,0,0,0,0,0.001,0,0,0,0,0,0,0,0,0.005,0,0.001,0,0,0.001,0,0,0,0,0.001,0.001,0.001,0,0,0,0,0,0,0,0,0,0,0,0,0,0,0,0,0.01,0,0,0,0,0,0,0,0,0,0,0,0,0,0,0,0,0,0,0,0.001,0,0,0,0,0,0,0,0,0,0,0,0.005,0,0,0,0,0,0,0,0.005,0,0,0
"uncl_Geminibasidiomycetes","uncl_Geminibasidiomycetes","uncl_Geminibasidiomycetes","Geminibasidiomycetes","Basidiomycota","Fungi",0,0.001,0,0,0,0,0,0,0,0,0,0,0,0,0,0,0,0,0,0,0,0,0,0,0,0,0,0,0,0,0,0,0,0,0,0,0,0,0,0,0,0,0,0,0,0,0,0,0,0,0,0,0,0,0,0,0,0,0,0,0,0,0,0,0,0,0,0,0,0,0,0,0,0,0,0,0,0,0,0,0,0,0,0,0,0,0,0,0,0,0,0,0,0,0,0.001,0,0,0,0,0
"Monoblepharella","Monoblepharidaceae","Monoblepharidales","Monoblepharidomycetes","Monoblepharomycota","Fungi",0.002,0,0,0.003,0,0,0,0,0.004,0,0,0,0,0,0,0,0,0,0,0,0,0,0,0,0,0,0,0,0,0,0,0,0.055,0,0,0,0,0,0,0,0,0,0,0,0,0,0,0,0,0,0,0,0,0,0,0,0,0,0,0,0,0,0,0,0,0,0,0,0,0,0,0,0,0,0,0,0,0,0,0,0,0,0,0,0,0,0,0,0,0,0,0,0,0,0,0,0,0,0,0.036,0.072
"uncl_Cladochytriomycetes","uncl_Cladochytriomycetes","uncl_Cladochytriomycetes","Cladochytriomycetes","Chytridiomycota","Fungi",0,0,0,0.002,0,0,0,0,0.001,0,0,0,0,0,0,0.001,0,0,0,0,0,0,0,0,0,0,0,0,0,0,0,0,0.012,0,0,0,0,0,0,0,0,0,0,0,0,0,0,0,0,0,0,0.003,0,0,0,0,0,0,0,0,0,0,0,0,0,0,0,0,0,0,0,0,0,0,0,0,0,0,0,0,0,0,0,0,0,0,0,0,0,0,0,0,0,0,0,0,0,0,0,0.019,0.006
"Lindtneria","Stephanosporaceae","Agaricales","Agaricomycetes","Basidiomycota","Fungi",0,0,0,0,0,0,0,0,0,0,0,0,0,0,0,0,0,0,0,0,0,0,0,0,0,0,0,0,0,0,0,0,0.002,0,0,0,0,0,0,0,0,0,0,0,0,0,0,0,0,0,0,0,0,0,0,0,0,0,0,0,0,0,0,0,0,0,0,0,0,0,0,0,0,0,0,0,0,0,0,0,0,0,0,0,0,0,0,0,0,0,0,0,0,0,0,0,0,0,0,0.001,0.003
"uncl_Monoblepharidomycetes","uncl_Monoblepharidomycetes","uncl_Monoblepharidomycetes","Monoblepharidomycetes","Monoblepharomycota","Fungi",0.002,0,0,0.004,0,0,0,0,0.004,0,0,0,0,0,0,0,0,0,0,0,0,0,0,0,0,0,0,0,0,0,0,0,0.053,0,0,0,0,0,0,0,0,0,0,0,0,0,0,0,0,0,0,0,0,0,0,0,0,0,0,0,0,0,0,0,0,0,0,0,0,0,0,0,0,0,0,0,0,0,0,0,0,0,0,0,0,0,0,0,0,0,0,0,0,0,0,0,0,0,0,0.043,0.062
"uncl_Brachybasidiaceae","Brachybasidiaceae","Exobasidiales","Exobasidiomycetes","Basidiomycota","Fungi",0,0,0,0,0,0,0,0,0,0,0,0,0,0,0,0,0,0,0,0,0,0,0,0,0,0,0,0,0,0,0,0,0,0,0,0,0,0,0,0,0,0,0,0,0,0,0,0,0,0,0,0,0,0,0,0,0,0,0,0,0,0,0,0,0,0,0,0,0,0,0,0,0,0,0,0,0,0,0,0,0,0,0,0,0,0,0,0,0,0,0,0,0,0,0,0,0,0,0,0.001,0
"uncl_Monoblepharidales","uncl_Monoblepharidales","Monoblepharidales","Monoblepharidomycetes","Monoblepharomycota","Fungi",0.002,0,0,0.002,0,0,0,0,0.006,0,0,0,0,0,0,0,0,0,0,0,0,0,0,0,0,0,0,0,0,0,0,0,0.066,0,0,0,0,0,0,0,0,0,0,0,0,0,0,0,0,0,0,0,0,0,0,0,0,0,0,0,0,0,0,0,0,0,0,0,0,0,0,0,0,0,0,0,0,0,0,0,0,0,0,0,0,0,0,0,0,0,0,0,0,0,0,0,0,0,0,0.029,0.101
"Stypella","Hyaloriaceae","Auriculariales","Agaricomycetes","Basidiomycota","Fungi",0.002,0,0,0,0,0,0,0,0.006,0,0,0,0,0,0,0,0,0,0,0,0,0,0,0,0,0,0,0,0,0,0,0,0.057,0,0,0,0,0,0,0,0,0,0,0,0,0,0,0,0,0,0,0,0,0,0,0,0,0,0,0,0,0,0,0,0,0,0,0,0,0,0,0,0,0,0,0,0,0,0,0,0,0,0,0,0,0,0,0,0,0,0,0,0,0,0,0,0,0,0,0.004,0.105
"uncl_Monoblepharomycota","uncl_Monoblepharomycota","uncl_Monoblepharomycota","uncl_Monoblepharomycota","Monoblepharomycota","Fungi",0.001,0,0,0.002,0,0,0,0,0.001,0,0,0,0,0,0,0,0,0,0,0,0,0,0,0,0,0,0,0,0,0,0,0,0.022,0,0,0,0,0,0,0,0,0,0,0,0,0,0,0,0,0,0,0,0,0,0,0,0,0,0,0,0,0,0,0,0,0,0,0,0,0,0,0,0,0,0,0,0,0,0,0,0,0,0,0,0,0,0,0,0,0,0,0,0,0,0,0,0,0,0,0.019,0.024
"Neospadicoides","Xenospadicoidaceae","Xenospadicoidales","Sordariomycetes","Ascomycota","Fungi",0.001,0,0,0.008,0,0,0,0,0,0,0,0,0,0,0,0,0,0,0,0,0,0,0,0,0,0,0,0,0,0,0,0,0.044,0,0,0,0,0,0,0,0,0,0,0,0,0,0,0,0,0,0,0,0,0,0,0,0,0,0,0,0,0,0,0,0,0,0,0,0,0,0,0,0,0,0,0,0,0,0,0,0,0,0,0,0,0,0,0,0,0,0,0,0,0,0,0,0,0,0,0.092,0
"uncl_GS08","uncl_GS08","GS08","Rozellomycotina_cls_Incertae_sedis","Rozellomycota","Fungi",0,0,0,0,0,0,0,0,0,0,0,0,0,0,0,0,0,0,0,0,0,0,0,0,0,0,0,0,0,0,0,0,0.001,0,0,0,0,0,0,0,0,0,0,0,0,0,0,0,0,0,0,0,0,0,0,0,0,0,0,0,0,0,0,0,0,0,0,0,0,0,0,0,0,0,0,0,0,0,0,0,0,0,0,0,0,0,0,0,0,0,0,0,0,0,0,0,0,0,0,0.002,0
"uncl_Monoblepharidaceae","Monoblepharidaceae","Monoblepharidales","Monoblepharidomycetes","Monoblepharomycota","Fungi",0,0,0,0,0,0,0,0,0,0,0,0,0,0,0,0,0,0,0,0,0,0,0,0,0,0,0,0,0,0,0,0,0.002,0,0,0,0,0,0,0,0,0,0,0,0,0,0,0,0,0,0,0,0,0,0,0,0,0,0,0,0,0,0,0,0,0,0,0,0,0,0,0,0,0,0,0,0,0,0,0,0,0,0,0,0,0,0,0,0,0,0,0,0,0,0,0,0,0,0,0.004,0.001
"uncl_Mucoromycota","uncl_Mucoromycota","uncl_Mucoromycota","uncl_Mucoromycota","Mucoromycota","Fungi",0,0.001,0,0.001,0,0,0,0,0,0,0.001,0,0,0.001,0,0,0,0.003,0,0,0,0,0.001,0,0,0,0,0,0,0,0.001,0.003,0.005,0,0,0,0.004,0,0,0,0,0,0,0,0.001,0,0,0,0,0,0,0,0,0,0.003,0,0,0,0,0,0,0,0,0,0,0,0,0,0,0.002,0,0,0,0,0,0,0,0,0,0,0,0,0,0,0,0,0,0,0,0,0,0,0,0.004,0,0,0,0,0.003,0.005,0.004
"uncl_Chaetosphaeriaceae","Chaetosphaeriaceae","Chaetosphaeriales","Sordariomycetes","Ascomycota","Fungi",0.002,0,0,0.008,0,0,0,0,0.001,0,0,0,0,0,0,0,0,0.001,0,0,0,0,0,0,0,0,0.008,0,0,0,0,0,0.044,0,0,0,0,0,0,0,0,0,0,0,0,0,0,0,0,0,0,0,0,0,0.001,0,0,0,0,0,0,0,0,0,0,0,0,0,0,0,0,0,0,0,0,0,0,0,0,0,0,0,0,0,0,0,0.017,0,0,0,0,0,0,0,0,0,0,0,0,0.089,0.004
"Trematosphaeria","Trematosphaeriaceae","Pleosporales","Dothideomycetes","Ascomycota","Fungi",0,0,0,0,0,0,0,0,0,0,0,0,0,0,0,0,0,0,0,0,0,0,0,0,0,0,0,0,0,0,0,0,0.001,0,0,0,0,0,0,0,0,0,0,0,0,0,0,0,0,0,0,0,0,0,0,0,0,0,0,0,0,0,0,0,0,0,0,0,0,0,0,0,0,0,0,0,0,0,0,0,0,0,0,0,0,0,0,0,0,0,0,0,0,0,0,0,0,0,0,0.001,0.001
"uncl_Cladochytriaceae","Cladochytriaceae","Cladochytriales","Cladochytriomycetes","Chytridiomycota","Fungi",0,0,0,0,0,0,0,0,0,0,0,0,0,0,0,0,0,0,0,0,0,0,0,0,0,0,0,0,0,0,0,0,0.002,0,0,0,0,0,0,0,0,0,0,0,0,0,0,0,0,0,0,0,0,0,0,0,0,0,0,0,0,0,0,0,0,0,0,0,0,0,0,0,0,0,0,0,0,0,0,0,0,0,0,0,0,0,0,0,0,0,0,0,0,0,0,0,0,0,0,0,0.004
"Crepidotus","Crepidotaceae","Agaricales","Agaricomycetes","Basidiomycota","Fungi",0.001,0,0,0,0,0,0.001,0.001,0.001,0,0,0.004,0,0,0,0,0,0,0,0,0,0,0.001,0,0,0,0,0,0,0,0,0,0.011,0,0,0,0,0,0.011,0.006,0,0,0,0,0,0,0,0,0,0,0.001,0,0,0,0,0.001,0,0,0,0,0,0,0,0,0,0,0,0,0,0,0.002,0,0,0,0,0,0,0,0,0,0,0,0,0,0,0,0,0,0,0,0,0,0,0,0,0,0,0,0,0,0.022
