"Domain","Phylum","Class","Order","Family","Genus","Species"
"Fungi","Ascomycota","Sordariomycetes","Hypocreales","Hypocreaceae","uncl_Hypocreaceae","uncl_Hypocreaceae"
"Fungi","Ascomycota","uncl_Ascomycota","uncl_Ascomycota","uncl_Ascomycota","uncl_Ascomycota","uncl_Ascomycota"
"Fungi","Basidiomycota","Agaricomycetes","Agaricales","uncl_Agaricales","uncl_Agaricales","uncl_Agaricales"
"Fungi","Ascomycota","uncl_Ascomycota","uncl_Ascomycota","uncl_Ascomycota","uncl_Ascomycota","uncl_Ascomycota"
"Fungi","Basidiomycota","Pucciniomycetes","Septobasidiales","Septobasidiaceae","Septobasidium","uncl_Septobasidium"
"Fungi","Basidiomycota","Agaricomycetes","uncl_Agaricomycetes","uncl_Agaricomycetes","uncl_Agaricomycetes","uncl_Agaricomycetes"
"Fungi","Ascomycota","uncl_Ascomycota","uncl_Ascomycota","uncl_Ascomycota","uncl_Ascomycota","uncl_Ascomycota"
"Fungi","Ascomycota","uncl_Ascomycota","uncl_Ascomycota","uncl_Ascomycota","uncl_Ascomycota","uncl_Ascomycota"
"Fungi","Ascomycota","Sordariomycetes","Diaporthales","Diaporthaceae","uncl_Diaporthaceae","uncl_Diaporthaceae"
"Fungi","Ascomycota","Dothideomycetes","Pleosporales","Lindgomycetaceae","uncl_Lindgomycetaceae","uncl_Lindgomycetaceae"
"Fungi","Ascomycota","uncl_Ascomycota","uncl_Ascomycota","uncl_Ascomycota","uncl_Ascomycota","uncl_Ascomycota"
"Fungi","Ascomycota","Eurotiomycetes","Chaetothyriales","Herpotrichiellaceae","Cladophialophora","uncl_Cladophialophora"
"Fungi","Ascomycota","Dothideomycetes","uncl_Dothideomycetes","uncl_Dothideomycetes","uncl_Dothideomycetes","uncl_Dothideomycetes"
"Fungi","Ascomycota","Sordariomycetes","Hypocreales","Nectriaceae","Fusarium","uncl_Fusarium"
"Fungi","Ascomycota","Sordariomycetes","Hypocreales","Nectriaceae","Fusarium","uncl_Fusarium"
"Fungi","Ascomycota","Eurotiomycetes","Chaetothyriales","uncl_Chaetothyriales","uncl_Chaetothyriales","uncl_Chaetothyriales"
"Fungi","Ascomycota","Dothideomycetes","Pleosporales","uncl_Pleosporales","uncl_Pleosporales","uncl_Pleosporales"
"Fungi","Ascomycota","Sordariomycetes","Sordariales","uncl_Sordariales","uncl_Sordariales","uncl_Sordariales"
"Fungi","Ascomycota","Dothideomycetes","Pleosporales","Periconiaceae","Periconia","uncl_Periconia"
"Fungi","Ascomycota","Sordariomycetes","Hypocreales","Nectriaceae","Fusarium","uncl_Fusarium"
"Fungi","Ascomycota","Sordariomycetes","Hypocreales","Nectriaceae","Fusarium","uncl_Fusarium"
"Fungi","Ascomycota","Leotiomycetes","uncl_Leotiomycetes","uncl_Leotiomycetes","uncl_Leotiomycetes","uncl_Leotiomycetes"
"Fungi","Ascomycota","Dothideomycetes","Pleosporales","Lophiostomataceae","Lophiostoma","uncl_Lophiostoma"
"Fungi","Basidiomycota","Agaricomycetes","Agaricales","Psathyrellaceae","Coprinellus","uncl_Coprinellus"
"Fungi","Ascomycota","uncl_Ascomycota","uncl_Ascomycota","uncl_Ascomycota","uncl_Ascomycota","uncl_Ascomycota"
"Fungi","Ascomycota","uncl_Ascomycota","uncl_Ascomycota","uncl_Ascomycota","uncl_Ascomycota","uncl_Ascomycota"
"Fungi","Ascomycota","uncl_Ascomycota","uncl_Ascomycota","uncl_Ascomycota","uncl_Ascomycota","uncl_Ascomycota"
"Fungi","Basidiomycota","Agaricomycetes","Agaricales","Lycoperdaceae","uncl_Lycoperdaceae","uncl_Lycoperdaceae"
"Fungi","Ascomycota","Sordariomycetes","Xylariales","uncl_Xylariales","uncl_Xylariales","uncl_Xylariales"
"Fungi","Ascomycota","Sordariomycetes","Diaporthales","uncl_Diaporthales","uncl_Diaporthales","uncl_Diaporthales"
"Fungi","Basidiomycota","Agaricomycetes","Agaricales","Strophariaceae","uncl_Strophariaceae","uncl_Strophariaceae"
"Fungi","Ascomycota","Sordariomycetes","uncl_Sordariomycetes","uncl_Sordariomycetes","uncl_Sordariomycetes","uncl_Sordariomycetes"
"Fungi","Ascomycota","Dothideomycetes","uncl_Dothideomycetes","uncl_Dothideomycetes","uncl_Dothideomycetes","uncl_Dothideomycetes"
"Fungi","Basidiomycota","Tremellomycetes","Tremellales","Cuniculitremaceae","Kockovaella","Kockovaella_chinensis"
"Fungi","Ascomycota","Dothideomycetes","Pleosporales","uncl_Pleosporales","uncl_Pleosporales","uncl_Pleosporales"
"Fungi","Basidiomycota","Agaricomycetes","Auriculariales","uncl_Auriculariales","uncl_Auriculariales","uncl_Auriculariales"
"Fungi","Mucoromycota","Glomeromycetes","Glomerales","Glomeraceae","uncl_Glomeraceae","uncl_Glomeraceae"
"Fungi","Mucoromycota","Glomeromycetes","uncl_Glomeromycetes","uncl_Glomeromycetes","uncl_Glomeromycetes","uncl_Glomeromycetes"
"Fungi","Ascomycota","uncl_Ascomycota","uncl_Ascomycota","uncl_Ascomycota","uncl_Ascomycota","uncl_Ascomycota"
"Fungi","Ascomycota","Eurotiomycetes","Eurotiales","Aspergillaceae","Talaromyces","uncl_Talaromyces"
"Fungi","Ascomycota","Eurotiomycetes","uncl_Eurotiomycetes","uncl_Eurotiomycetes","uncl_Eurotiomycetes","uncl_Eurotiomycetes"
"Fungi","Ascomycota","Dothideomycetes","Pleosporales","Periconiaceae","Periconia","uncl_Periconia"
"Fungi","Ascomycota","Eurotiomycetes","Eurotiales","Aspergillaceae","Talaromyces","uncl_Talaromyces"
"Fungi","Ascomycota","uncl_Ascomycota","uncl_Ascomycota","uncl_Ascomycota","uncl_Ascomycota","uncl_Ascomycota"
"Fungi","Ascomycota","Leotiomycetes","Helotiales","Hyaloscyphaceae","Lachnum","uncl_Lachnum"
"Fungi","Ascomycota","Sordariomycetes","Hypocreales","uncl_Hypocreales","uncl_Hypocreales","uncl_Hypocreales"
"Fungi","Ascomycota","Sordariomycetes","Hypocreales","Hypocreaceae","uncl_Hypocreaceae","uncl_Hypocreaceae"
"Fungi","Ascomycota","Sordariomycetes","Hypocreales","Nectriaceae","Fusarium","Fusarium_polyphialidicum"
"Fungi","Ascomycota","uncl_Ascomycota","uncl_Ascomycota","uncl_Ascomycota","uncl_Ascomycota","uncl_Ascomycota"
"Fungi","Ascomycota","Dothideomycetes","Pleosporales","Pleosporaceae","uncl_Pleosporaceae","uncl_Pleosporaceae"
"Fungi","Ascomycota","Dothideomycetes","uncl_Dothideomycetes","uncl_Dothideomycetes","uncl_Dothideomycetes","uncl_Dothideomycetes"
"Fungi","Ascomycota","Sordariomycetes","Hypocreales","uncl_Hypocreales","uncl_Hypocreales","uncl_Hypocreales"
"Fungi","Basidiomycota","Agaricomycetes","Agaricales","Marasmiaceae","uncl_Marasmiaceae","uncl_Marasmiaceae"
"Fungi","Ascomycota","Dothideomycetes","uncl_Dothideomycetes","uncl_Dothideomycetes","uncl_Dothideomycetes","uncl_Dothideomycetes"
"Fungi","Ascomycota","Sordariomycetes","uncl_Sordariomycetes","uncl_Sordariomycetes","uncl_Sordariomycetes","uncl_Sordariomycetes"
"Fungi","Ascomycota","Eurotiomycetes","Chaetothyriales","uncl_Chaetothyriales","uncl_Chaetothyriales","uncl_Chaetothyriales"
"Fungi","Ascomycota","uncl_Ascomycota","uncl_Ascomycota","uncl_Ascomycota","uncl_Ascomycota","uncl_Ascomycota"
"Fungi","Ascomycota","Sordariomycetes","Hypocreales","Hypocreales_fam_Incertae_sedis","Acremonium","Acremonium_persicinum"
"Fungi","Basidiomycota","Agaricomycetes","Agaricales","uncl_Agaricales","uncl_Agaricales","uncl_Agaricales"
"Fungi","Ascomycota","uncl_Ascomycota","uncl_Ascomycota","uncl_Ascomycota","uncl_Ascomycota","uncl_Ascomycota"
"Fungi","Ascomycota","uncl_Ascomycota","uncl_Ascomycota","uncl_Ascomycota","uncl_Ascomycota","uncl_Ascomycota"
"Fungi","Ascomycota","Sordariomycetes","Hypocreales","Nectriaceae","uncl_Nectriaceae","uncl_Nectriaceae"
"Fungi","Ascomycota","Sordariomycetes","uncl_Sordariomycetes","uncl_Sordariomycetes","uncl_Sordariomycetes","uncl_Sordariomycetes"
"Fungi","Ascomycota","Dothideomycetes","uncl_Dothideomycetes","uncl_Dothideomycetes","uncl_Dothideomycetes","uncl_Dothideomycetes"
"Fungi","Ascomycota","Sordariomycetes","Sordariales","uncl_Sordariales","uncl_Sordariales","uncl_Sordariales"
"Fungi","Ascomycota","Sordariomycetes","Myrmecridiales","Myrmecridiaceae","Myrmecridium","uncl_Myrmecridium"
"Fungi","Basidiomycota","Pucciniomycetes","Septobasidiales","Septobasidiaceae","uncl_Septobasidiaceae","uncl_Septobasidiaceae"
"Fungi","Ascomycota","Sordariomycetes","Hypocreales","Nectriaceae","Fusarium","uncl_Fusarium"
"Fungi","Basidiomycota","uncl_Basidiomycota","uncl_Basidiomycota","uncl_Basidiomycota","uncl_Basidiomycota","uncl_Basidiomycota"
"Fungi","Ascomycota","Leotiomycetes","Helotiales","uncl_Helotiales","uncl_Helotiales","uncl_Helotiales"
"Fungi","Ascomycota","Dothideomycetes","Pleosporales","Didymosphaeriaceae","uncl_Didymosphaeriaceae","uncl_Didymosphaeriaceae"
"Fungi","Ascomycota","Lecanoromycetes","uncl_Lecanoromycetes","uncl_Lecanoromycetes","uncl_Lecanoromycetes","uncl_Lecanoromycetes"
"Fungi","Ascomycota","Dothideomycetes","uncl_Dothideomycetes","uncl_Dothideomycetes","uncl_Dothideomycetes","uncl_Dothideomycetes"
"Fungi","Ascomycota","Eurotiomycetes","uncl_Eurotiomycetes","uncl_Eurotiomycetes","uncl_Eurotiomycetes","uncl_Eurotiomycetes"
"Fungi","Ascomycota","Sordariomycetes","Xylariales","Xylariaceae","Nemania","uncl_Nemania"
"Fungi","Ascomycota","Sordariomycetes","Xylariales","Diatrypaceae","uncl_Diatrypaceae","uncl_Diatrypaceae"
"Fungi","Ascomycota","Eurotiomycetes","Chaetothyriales","Herpotrichiellaceae","Cladophialophora","uncl_Cladophialophora"
"Fungi","Ascomycota","Dothideomycetes","Pleosporales","uncl_Pleosporales","uncl_Pleosporales","uncl_Pleosporales"
"Fungi","Ascomycota","Sordariomycetes","Hypocreales","Nectriaceae","uncl_Nectriaceae","uncl_Nectriaceae"
"Fungi","Ascomycota","Sordariomycetes","Hypocreales","Nectriaceae","Fusarium","uncl_Fusarium"
"Fungi","Ascomycota","Sordariomycetes","Hypocreales","uncl_Hypocreales","uncl_Hypocreales","uncl_Hypocreales"
"Fungi","Ascomycota","Dothideomycetes","Pleosporales","Pleosporaceae","Curvularia","Curvularia_inaequalis"
"Fungi","Ascomycota","Sordariomycetes","Hypocreales","Nectriaceae","uncl_Nectriaceae","uncl_Nectriaceae"
"Fungi","Ascomycota","Sordariomycetes","Hypocreales","Nectriaceae","Fusarium","uncl_Fusarium"
"Fungi","Ascomycota","uncl_Ascomycota","uncl_Ascomycota","uncl_Ascomycota","uncl_Ascomycota","uncl_Ascomycota"
"Fungi","Basidiomycota","Agaricomycetes","Auriculariales","uncl_Auriculariales","uncl_Auriculariales","uncl_Auriculariales"
"Fungi","Ascomycota","uncl_Ascomycota","uncl_Ascomycota","uncl_Ascomycota","uncl_Ascomycota","uncl_Ascomycota"
"Fungi","Ascomycota","Sordariomycetes","Sordariales","uncl_Sordariales","uncl_Sordariales","uncl_Sordariales"
"Fungi","Ascomycota","uncl_Ascomycota","uncl_Ascomycota","uncl_Ascomycota","uncl_Ascomycota","uncl_Ascomycota"
"Fungi","Ascomycota","Sordariomycetes","Sordariales","uncl_Sordariales","uncl_Sordariales","uncl_Sordariales"
"Fungi","Basidiomycota","Agaricomycetes","Agaricales","uncl_Agaricales","uncl_Agaricales","uncl_Agaricales"
"Fungi","Ascomycota","Sordariomycetes","Hypocreales","uncl_Hypocreales","uncl_Hypocreales","uncl_Hypocreales"
"Fungi","Ascomycota","Sordariomycetes","Sordariales","uncl_Sordariales","uncl_Sordariales","uncl_Sordariales"
"Fungi","Ascomycota","Dothideomycetes","Pleosporales","uncl_Pleosporales","uncl_Pleosporales","uncl_Pleosporales"
"Fungi","Ascomycota","Eurotiomycetes","Chaetothyriales","uncl_Chaetothyriales","uncl_Chaetothyriales","uncl_Chaetothyriales"
"Fungi","Ascomycota","uncl_Ascomycota","uncl_Ascomycota","uncl_Ascomycota","uncl_Ascomycota","uncl_Ascomycota"
"Fungi","Ascomycota","Dothideomycetes","uncl_Dothideomycetes","uncl_Dothideomycetes","uncl_Dothideomycetes","uncl_Dothideomycetes"
"Fungi","Ascomycota","Leotiomycetes","Helotiales","uncl_Helotiales","uncl_Helotiales","uncl_Helotiales"
"Fungi","Basidiomycota","Agaricomycetes","Sebacinales","uncl_Sebacinales","uncl_Sebacinales","uncl_Sebacinales"
"Fungi","Ascomycota","Sordariomycetes","Hypocreales","uncl_Hypocreales","uncl_Hypocreales","uncl_Hypocreales"
"Fungi","Basidiomycota","Agaricomycetes","Cantharellales","Tulasnellaceae","uncl_Tulasnellaceae","uncl_Tulasnellaceae"
"Fungi","Ascomycota","uncl_Ascomycota","uncl_Ascomycota","uncl_Ascomycota","uncl_Ascomycota","uncl_Ascomycota"
"Fungi","Ascomycota","Sordariomycetes","uncl_Sordariomycetes","uncl_Sordariomycetes","uncl_Sordariomycetes","uncl_Sordariomycetes"
"Fungi","Ascomycota","Sordariomycetes","uncl_Sordariomycetes","uncl_Sordariomycetes","uncl_Sordariomycetes","uncl_Sordariomycetes"
"Fungi","Ascomycota","uncl_Ascomycota","uncl_Ascomycota","uncl_Ascomycota","uncl_Ascomycota","uncl_Ascomycota"
"Fungi","Ascomycota","uncl_Ascomycota","uncl_Ascomycota","uncl_Ascomycota","uncl_Ascomycota","uncl_Ascomycota"
"Fungi","Ascomycota","Sordariomycetes","uncl_Sordariomycetes","uncl_Sordariomycetes","uncl_Sordariomycetes","uncl_Sordariomycetes"
"Fungi","Basidiomycota","Agaricomycetes","Agaricales","Marasmiaceae","uncl_Marasmiaceae","uncl_Marasmiaceae"
"Fungi","Ascomycota","uncl_Ascomycota","uncl_Ascomycota","uncl_Ascomycota","uncl_Ascomycota","uncl_Ascomycota"
"Fungi","Mucoromycota","uncl_Mucoromycota","uncl_Mucoromycota","uncl_Mucoromycota","uncl_Mucoromycota","uncl_Mucoromycota"
"Fungi","Basidiomycota","uncl_Basidiomycota","uncl_Basidiomycota","uncl_Basidiomycota","uncl_Basidiomycota","uncl_Basidiomycota"
"Fungi","Ascomycota","Sordariomycetes","Hypocreales","Nectriaceae","Fusarium","uncl_Fusarium"
"Fungi","Mucoromycota","Glomeromycetes","uncl_Glomeromycetes","uncl_Glomeromycetes","uncl_Glomeromycetes","uncl_Glomeromycetes"
"Fungi","Ascomycota","Sordariomycetes","uncl_Sordariomycetes","uncl_Sordariomycetes","uncl_Sordariomycetes","uncl_Sordariomycetes"
"Fungi","Mucoromycota","Glomeromycetes","Glomerales","Glomeraceae","uncl_Glomeraceae","uncl_Glomeraceae"
"Fungi","Ascomycota","Sordariomycetes","Hypocreales","Nectriaceae","Fusarium","uncl_Fusarium"
"Fungi","Ascomycota","Sordariomycetes","uncl_Sordariomycetes","uncl_Sordariomycetes","uncl_Sordariomycetes","uncl_Sordariomycetes"
"Fungi","Ascomycota","Sordariomycetes","Magnaporthales","Magnaporthaceae","Magnaporthiopsis","uncl_Magnaporthiopsis"
"Fungi","Ascomycota","Sordariomycetes","Hypocreales","uncl_Hypocreales","uncl_Hypocreales","uncl_Hypocreales"
"Fungi","Ascomycota","uncl_Ascomycota","uncl_Ascomycota","uncl_Ascomycota","uncl_Ascomycota","uncl_Ascomycota"
"Fungi","Mucoromycota","Glomeromycetes","Glomerales","Glomeraceae","uncl_Glomeraceae","uncl_Glomeraceae"
"Fungi","Basidiomycota","Agaricomycetes","uncl_Agaricomycetes","uncl_Agaricomycetes","uncl_Agaricomycetes","uncl_Agaricomycetes"
"Fungi","Ascomycota","uncl_Ascomycota","uncl_Ascomycota","uncl_Ascomycota","uncl_Ascomycota","uncl_Ascomycota"
"Fungi","Ascomycota","Sordariomycetes","Hypocreales","Nectriaceae","Fusarium","uncl_Fusarium"
"Fungi","Ascomycota","Sordariomycetes","Hypocreales","Hypocreaceae","Trichoderma","uncl_Trichoderma"
"Fungi","Ascomycota","Eurotiomycetes","Eurotiales","Aspergillaceae","Talaromyces","uncl_Talaromyces"
"Fungi","Ascomycota","Dothideomycetes","Pleosporales","uncl_Pleosporales","uncl_Pleosporales","uncl_Pleosporales"
"Fungi","Ascomycota","uncl_Ascomycota","uncl_Ascomycota","uncl_Ascomycota","uncl_Ascomycota","uncl_Ascomycota"
"Fungi","Ascomycota","Dothideomycetes","Pleosporales","Pleosporaceae","Curvularia","uncl_Curvularia"
"Fungi","Ascomycota","Dothideomycetes","Pleosporales","Lindgomycetaceae","uncl_Lindgomycetaceae","uncl_Lindgomycetaceae"
"Fungi","Ascomycota","Eurotiomycetes","Chaetothyriales","Herpotrichiellaceae","Veronaea","uncl_Veronaea"
"Fungi","Ascomycota","uncl_Ascomycota","uncl_Ascomycota","uncl_Ascomycota","uncl_Ascomycota","uncl_Ascomycota"
"Fungi","Ascomycota","Sordariomycetes","Xylariales","Xylariaceae","Xylaria","uncl_Xylaria"
"Fungi","Ascomycota","Sordariomycetes","uncl_Sordariomycetes","uncl_Sordariomycetes","uncl_Sordariomycetes","uncl_Sordariomycetes"
"Fungi","Ascomycota","Eurotiomycetes","Eurotiales","Aspergillaceae","Talaromyces","uncl_Talaromyces"
"Fungi","Ascomycota","Dothideomycetes","Pleosporales","uncl_Pleosporales","uncl_Pleosporales","uncl_Pleosporales"
"Fungi","Ascomycota","Sordariomycetes","uncl_Sordariomycetes","uncl_Sordariomycetes","uncl_Sordariomycetes","uncl_Sordariomycetes"
"Fungi","Ascomycota","Dothideomycetes","Mycosphaerellales","Teratosphaeriaceae","Elasticomyces","Elasticomyces_elasticus"
"Fungi","Ascomycota","Dothideomycetes","Pleosporales","Phaeosphaeriaceae","uncl_Phaeosphaeriaceae","uncl_Phaeosphaeriaceae"
"Fungi","Ascomycota","uncl_Ascomycota","uncl_Ascomycota","uncl_Ascomycota","uncl_Ascomycota","uncl_Ascomycota"
"Fungi","Ascomycota","Dothideomycetes","Dothideales","Saccotheciaceae","Aureobasidium","uncl_Aureobasidium"
"Fungi","Ascomycota","uncl_Ascomycota","uncl_Ascomycota","uncl_Ascomycota","uncl_Ascomycota","uncl_Ascomycota"
"Fungi","Ascomycota","Sordariomycetes","Magnaporthales","Magnaporthaceae","Magnaporthiopsis","uncl_Magnaporthiopsis"
"Fungi","Basidiomycota","Agaricomycetes","uncl_Agaricomycetes","uncl_Agaricomycetes","uncl_Agaricomycetes","uncl_Agaricomycetes"
"Fungi","Ascomycota","Sordariomycetes","Hypocreales","Nectriaceae","Fusarium","uncl_Fusarium"
"Fungi","Ascomycota","Sordariomycetes","Hypocreales","Stachybotryaceae","uncl_Stachybotryaceae","uncl_Stachybotryaceae"
"Fungi","Ascomycota","uncl_Ascomycota","uncl_Ascomycota","uncl_Ascomycota","uncl_Ascomycota","uncl_Ascomycota"
"Fungi","Ascomycota","Eurotiomycetes","Chaetothyriales","uncl_Chaetothyriales","uncl_Chaetothyriales","uncl_Chaetothyriales"
"Fungi","Ascomycota","uncl_Ascomycota","uncl_Ascomycota","uncl_Ascomycota","uncl_Ascomycota","uncl_Ascomycota"
"Fungi","Basidiomycota","Agaricomycetes","Agaricales","uncl_Agaricales","uncl_Agaricales","uncl_Agaricales"
"Fungi","Ascomycota","Sordariomycetes","uncl_Sordariomycetes","uncl_Sordariomycetes","uncl_Sordariomycetes","uncl_Sordariomycetes"
"Fungi","Ascomycota","Leotiomycetes","Helotiales","uncl_Helotiales","uncl_Helotiales","uncl_Helotiales"
"Fungi","Ascomycota","uncl_Ascomycota","uncl_Ascomycota","uncl_Ascomycota","uncl_Ascomycota","uncl_Ascomycota"
"Fungi","Ascomycota","Sordariomycetes","Xylariales","Diatrypaceae","uncl_Diatrypaceae","uncl_Diatrypaceae"
"Fungi","Ascomycota","Leotiomycetes","uncl_Leotiomycetes","uncl_Leotiomycetes","uncl_Leotiomycetes","uncl_Leotiomycetes"
"Fungi","Basidiomycota","Agaricomycetes","Polyporales","Podoscyphaceae","Podoscypha","uncl_Podoscypha"
"Fungi","Ascomycota","Eurotiomycetes","Eurotiales","Aspergillaceae","Talaromyces","uncl_Talaromyces"
"Fungi","Ascomycota","Sordariomycetes","Hypocreales","Ophiocordycipitaceae","uncl_Ophiocordycipitaceae","uncl_Ophiocordycipitaceae"
"Fungi","Ascomycota","Eurotiomycetes","uncl_Eurotiomycetes","uncl_Eurotiomycetes","uncl_Eurotiomycetes","uncl_Eurotiomycetes"
"Fungi","Ascomycota","Dothideomycetes","Pleosporales","uncl_Pleosporales","uncl_Pleosporales","uncl_Pleosporales"
"Fungi","Mucoromycota","Glomeromycetes","Glomerales","Glomeraceae","uncl_Glomeraceae","uncl_Glomeraceae"
"Fungi","Ascomycota","uncl_Ascomycota","uncl_Ascomycota","uncl_Ascomycota","uncl_Ascomycota","uncl_Ascomycota"
"Fungi","Ascomycota","Orbiliomycetes","Orbiliales","uncl_Orbiliales","uncl_Orbiliales","uncl_Orbiliales"
"Fungi","Ascomycota","Dothideomycetes","Pleosporales","uncl_Pleosporales","uncl_Pleosporales","uncl_Pleosporales"
"Fungi","Ascomycota","Dothideomycetes","Gloniales","Gloniaceae","uncl_Gloniaceae","uncl_Gloniaceae"
"Fungi","Ascomycota","Sordariomycetes","Diaporthales","Diaporthaceae","uncl_Diaporthaceae","uncl_Diaporthaceae"
"Fungi","Basidiomycota","Agaricomycetes","Agaricales","Marasmiaceae","Crinipellis","uncl_Crinipellis"
"Fungi","Ascomycota","Dothideomycetes","Pleosporales","uncl_Pleosporales","uncl_Pleosporales","uncl_Pleosporales"
"Fungi","Basidiomycota","Agaricomycetes","Geastrales","uncl_Geastrales","uncl_Geastrales","uncl_Geastrales"
"Fungi","Ascomycota","uncl_Ascomycota","uncl_Ascomycota","uncl_Ascomycota","uncl_Ascomycota","uncl_Ascomycota"
"Fungi","Ascomycota","Dothideomycetes","Pleosporales","uncl_Pleosporales","uncl_Pleosporales","uncl_Pleosporales"
"Fungi","Ascomycota","Sordariomycetes","Sordariales","uncl_Sordariales","uncl_Sordariales","uncl_Sordariales"
"Fungi","Ascomycota","Sordariomycetes","Hypocreales","Cordycipitaceae","Simplicillium","Simplicillium_lamellicola"
"Fungi","Ascomycota","Sordariomycetes","Hypocreales","Nectriaceae","Fusarium","uncl_Fusarium"
"Fungi","Ascomycota","Leotiomycetes","Helotiales","uncl_Helotiales","uncl_Helotiales","uncl_Helotiales"
"Fungi","Basidiomycota","Agaricomycetes","Thelephorales","Thelephoraceae","uncl_Thelephoraceae","uncl_Thelephoraceae"
"Fungi","Ascomycota","Sordariomycetes","Chaetosphaeriales","Chaetosphaeriaceae","Codinaea","uncl_Codinaea"
"Fungi","Ascomycota","Sordariomycetes","Sordariales","uncl_Sordariales","uncl_Sordariales","uncl_Sordariales"
"Fungi","Basidiomycota","Agaricomycetes","Agaricales","uncl_Agaricales","uncl_Agaricales","uncl_Agaricales"
"Fungi","Ascomycota","uncl_Ascomycota","uncl_Ascomycota","uncl_Ascomycota","uncl_Ascomycota","uncl_Ascomycota"
"Fungi","Ascomycota","Sordariomycetes","Hypocreales","Hypocreaceae","uncl_Hypocreaceae","uncl_Hypocreaceae"
"Fungi","Ascomycota","Leotiomycetes","Helotiales","Hyaloscyphaceae","uncl_Hyaloscyphaceae","uncl_Hyaloscyphaceae"
"Fungi","Ascomycota","Eurotiomycetes","Eurotiales","Aspergillaceae","Penicillium","uncl_Penicillium"
"Fungi","Ascomycota","Saccharomycetes","Saccharomycetales","Phaffomycetaceae","Cyberlindnera","Cyberlindnera_jadinii"
"Fungi","Mucoromycota","Glomeromycetes","Glomerales","Glomeraceae","uncl_Glomeraceae","uncl_Glomeraceae"
"Fungi","Ascomycota","uncl_Ascomycota","uncl_Ascomycota","uncl_Ascomycota","uncl_Ascomycota","uncl_Ascomycota"
"Fungi","Basidiomycota","Agaricomycetes","Agaricales","uncl_Agaricales","uncl_Agaricales","uncl_Agaricales"
"Fungi","Ascomycota","uncl_Ascomycota","uncl_Ascomycota","uncl_Ascomycota","uncl_Ascomycota","uncl_Ascomycota"
"Fungi","Ascomycota","Eurotiomycetes","Eurotiales","Aspergillaceae","Talaromyces","uncl_Talaromyces"
"Fungi","Ascomycota","Dothideomycetes","Pleosporales","Sporormiaceae","Sparticola","Sparticola_juncei"
"Fungi","Basidiomycota","Agaricomycetes","Auriculariales","uncl_Auriculariales","uncl_Auriculariales","uncl_Auriculariales"
"Fungi","Basidiomycota","Agaricomycetes","Agaricales","uncl_Agaricales","uncl_Agaricales","uncl_Agaricales"
"Fungi","Basidiomycota","uncl_Basidiomycota","uncl_Basidiomycota","uncl_Basidiomycota","uncl_Basidiomycota","uncl_Basidiomycota"
"Fungi","Ascomycota","Sordariomycetes","Hypocreales","Hypocreaceae","Trichoderma","uncl_Trichoderma"
"Fungi","Mucoromycota","uncl_Mucoromycota","uncl_Mucoromycota","uncl_Mucoromycota","uncl_Mucoromycota","uncl_Mucoromycota"
"Fungi","Ascomycota","Sordariomycetes","uncl_Sordariomycetes","uncl_Sordariomycetes","uncl_Sordariomycetes","uncl_Sordariomycetes"
"Fungi","Ascomycota","uncl_Ascomycota","uncl_Ascomycota","uncl_Ascomycota","uncl_Ascomycota","uncl_Ascomycota"
"Fungi","Basidiomycota","Agaricomycetes","Agaricales","uncl_Agaricales","uncl_Agaricales","uncl_Agaricales"
"Fungi","Ascomycota","Eurotiomycetes","Chaetothyriales","uncl_Chaetothyriales","uncl_Chaetothyriales","uncl_Chaetothyriales"
"Fungi","Ascomycota","Sordariomycetes","Hypocreales","uncl_Hypocreales","uncl_Hypocreales","uncl_Hypocreales"
"Fungi","Ascomycota","Dothideomycetes","uncl_Dothideomycetes","uncl_Dothideomycetes","uncl_Dothideomycetes","uncl_Dothideomycetes"
"Fungi","Ascomycota","Dothideomycetes","Pleosporales","Phaeosphaeriaceae","uncl_Phaeosphaeriaceae","uncl_Phaeosphaeriaceae"
"Fungi","Ascomycota","Dothideomycetes","Pleosporales","uncl_Pleosporales","uncl_Pleosporales","uncl_Pleosporales"
"Fungi","Ascomycota","Dothideomycetes","Pleosporales","Pleosporaceae","Alternaria","uncl_Alternaria"
"Fungi","Ascomycota","Dothideomycetes","uncl_Dothideomycetes","uncl_Dothideomycetes","uncl_Dothideomycetes","uncl_Dothideomycetes"
"Fungi","Ascomycota","uncl_Ascomycota","uncl_Ascomycota","uncl_Ascomycota","uncl_Ascomycota","uncl_Ascomycota"
"Fungi","Ascomycota","Dothideomycetes","uncl_Dothideomycetes","uncl_Dothideomycetes","uncl_Dothideomycetes","uncl_Dothideomycetes"
"Fungi","Ascomycota","Sordariomycetes","uncl_Sordariomycetes","uncl_Sordariomycetes","uncl_Sordariomycetes","uncl_Sordariomycetes"
"Fungi","Ascomycota","Sordariomycetes","Hypocreales","Nectriaceae","uncl_Nectriaceae","uncl_Nectriaceae"
"Fungi","Ascomycota","Eurotiomycetes","Chaetothyriales","Herpotrichiellaceae","uncl_Herpotrichiellaceae","uncl_Herpotrichiellaceae"
"Fungi","Ascomycota","Sordariomycetes","Hypocreales","Nectriaceae","Fusarium","uncl_Fusarium"
"Fungi","Ascomycota","Leotiomycetes","Helotiales","Hyaloscyphaceae","Lachnum","uncl_Lachnum"
"Fungi","Ascomycota","Sordariomycetes","Amphisphaeriales","Pestalotiopsidaceae","uncl_Pestalotiopsidaceae","uncl_Pestalotiopsidaceae"
"Fungi","Ascomycota","Sordariomycetes","Hypocreales","Bionectriaceae","Ijuhya","uncl_Ijuhya"
"Fungi","Ascomycota","Eurotiomycetes","Eurotiales","Aspergillaceae","Talaromyces","uncl_Talaromyces"
"Fungi","Ascomycota","uncl_Ascomycota","uncl_Ascomycota","uncl_Ascomycota","uncl_Ascomycota","uncl_Ascomycota"
"Fungi","Ascomycota","uncl_Ascomycota","uncl_Ascomycota","uncl_Ascomycota","uncl_Ascomycota","uncl_Ascomycota"
"Fungi","Ascomycota","Sordariomycetes","Trichosphaeriales","Trichosphaeriaceae","Nigrospora","uncl_Nigrospora"
"Fungi","Ascomycota","Sordariomycetes","Hypocreales","Hypocreaceae","uncl_Hypocreaceae","uncl_Hypocreaceae"
"Fungi","Basidiomycota","Agaricomycetes","Cantharellales","Tulasnellaceae","Tulasnella","uncl_Tulasnella"
"Fungi","Basidiomycota","Agaricomycetes","Agaricales","Mycenaceae","Mycena","uncl_Mycena"
"Fungi","Ascomycota","Sordariomycetes","Hypocreales","Hypocreales_fam_Incertae_sedis","Acremonium","uncl_Acremonium"
"Fungi","Ascomycota","Sordariomycetes","uncl_Sordariomycetes","uncl_Sordariomycetes","uncl_Sordariomycetes","uncl_Sordariomycetes"
"Fungi","Chytridiomycota","Rhizophlyctidomycetes","Rhizophlyctidales","Rhizophlyctidaceae","Rhizophlyctis","uncl_Rhizophlyctis"
"Fungi","Chytridiomycota","uncl_Chytridiomycota","uncl_Chytridiomycota","uncl_Chytridiomycota","uncl_Chytridiomycota","uncl_Chytridiomycota"
"Fungi","Ascomycota","uncl_Ascomycota","uncl_Ascomycota","uncl_Ascomycota","uncl_Ascomycota","uncl_Ascomycota"
"Fungi","Basidiomycota","Agaricomycetes","Agaricales","uncl_Agaricales","uncl_Agaricales","uncl_Agaricales"
"Fungi","Ascomycota","Sordariomycetes","Hypocreales","Hypocreales_fam_Incertae_sedis","Acremonium","uncl_Acremonium"
"Fungi","Chytridiomycota","Spizellomycetes","Spizellomycetales","Powellomycetaceae","Fimicolochytrium","uncl_Fimicolochytrium"
"Fungi","Basidiomycota","Agaricomycetes","Agaricales","uncl_Agaricales","uncl_Agaricales","uncl_Agaricales"
"Fungi","Ascomycota","Sordariomycetes","Xylariales","Xylariaceae","uncl_Xylariaceae","uncl_Xylariaceae"
"Fungi","Ascomycota","uncl_Ascomycota","uncl_Ascomycota","uncl_Ascomycota","uncl_Ascomycota","uncl_Ascomycota"
"Fungi","Ascomycota","Sordariomycetes","Hypocreales","Nectriaceae","Fusarium","uncl_Fusarium"
"Fungi","Ascomycota","Dothideomycetes","uncl_Dothideomycetes","uncl_Dothideomycetes","uncl_Dothideomycetes","uncl_Dothideomycetes"
"Fungi","Basidiomycota","Ustilaginomycetes","Ustilaginales","Ustilaginaceae","Tranzscheliella","uncl_Tranzscheliella"
"Fungi","Ascomycota","Eurotiomycetes","Eurotiales","Aspergillaceae","Penicillium","uncl_Penicillium"
"Fungi","Ascomycota","Eurotiomycetes","Chaetothyriales","uncl_Chaetothyriales","uncl_Chaetothyriales","uncl_Chaetothyriales"
"Fungi","Mucoromycota","Glomeromycetes","uncl_Glomeromycetes","uncl_Glomeromycetes","uncl_Glomeromycetes","uncl_Glomeromycetes"
"Fungi","Ascomycota","Dothideomycetes","Pleosporales","uncl_Pleosporales","uncl_Pleosporales","uncl_Pleosporales"
"Fungi","Ascomycota","Sordariomycetes","Sordariales","uncl_Sordariales","uncl_Sordariales","uncl_Sordariales"
"Fungi","Ascomycota","Sordariomycetes","Sordariales","uncl_Sordariales","uncl_Sordariales","uncl_Sordariales"
"Fungi","Ascomycota","Dothideomycetes","Pleosporales","uncl_Pleosporales","uncl_Pleosporales","uncl_Pleosporales"
"Fungi","Ascomycota","Sordariomycetes","Sordariales","uncl_Sordariales","uncl_Sordariales","uncl_Sordariales"
"Fungi","Ascomycota","Dothideomycetes","Pleosporales","Pleosporaceae","Curvularia","uncl_Curvularia"
"Fungi","Mucoromycota","Glomeromycetes","Glomerales","Glomeraceae","Rhizophagus","uncl_Rhizophagus"
"Fungi","Ascomycota","Dothideomycetes","Pleosporales","uncl_Pleosporales","uncl_Pleosporales","uncl_Pleosporales"
"Fungi","Ascomycota","Dothideomycetes","Pleosporales","Sporormiaceae","uncl_Sporormiaceae","uncl_Sporormiaceae"
"Fungi","Ascomycota","Sordariomycetes","uncl_Sordariomycetes","uncl_Sordariomycetes","uncl_Sordariomycetes","uncl_Sordariomycetes"
"Fungi","Ascomycota","Leotiomycetes","Helotiales","uncl_Helotiales","uncl_Helotiales","uncl_Helotiales"
"Fungi","Ascomycota","Dothideomycetes","Pleosporales","Pleosporaceae","Curvularia","uncl_Curvularia"
"Fungi","Mucoromycota","Glomeromycetes","uncl_Glomeromycetes","uncl_Glomeromycetes","uncl_Glomeromycetes","uncl_Glomeromycetes"
"Fungi","Ascomycota","Dothideomycetes","Pleosporales","uncl_Pleosporales","uncl_Pleosporales","uncl_Pleosporales"
"Fungi","Basidiomycota","Agaricomycetes","Agaricales","uncl_Agaricales","uncl_Agaricales","uncl_Agaricales"
"Fungi","Ascomycota","Sordariomycetes","Hypocreales","Hypocreaceae","Trichoderma","uncl_Trichoderma"
"Fungi","Ascomycota","uncl_Ascomycota","uncl_Ascomycota","uncl_Ascomycota","uncl_Ascomycota","uncl_Ascomycota"
"Fungi","Ascomycota","Sordariomycetes","Hypocreales","uncl_Hypocreales","uncl_Hypocreales","uncl_Hypocreales"
"Fungi","Ascomycota","Sordariomycetes","uncl_Sordariomycetes","uncl_Sordariomycetes","uncl_Sordariomycetes","uncl_Sordariomycetes"
"Fungi","Ascomycota","Sordariomycetes","Hypocreales","Cordycipitaceae","uncl_Cordycipitaceae","uncl_Cordycipitaceae"
"Fungi","Ascomycota","uncl_Ascomycota","uncl_Ascomycota","uncl_Ascomycota","uncl_Ascomycota","uncl_Ascomycota"
"Fungi","Mucoromycota","Glomeromycetes","Glomerales","Glomeraceae","uncl_Glomeraceae","uncl_Glomeraceae"
"Fungi","Ascomycota","Eurotiomycetes","uncl_Eurotiomycetes","uncl_Eurotiomycetes","uncl_Eurotiomycetes","uncl_Eurotiomycetes"
"Fungi","Ascomycota","Sordariomycetes","Xylariales","uncl_Xylariales","uncl_Xylariales","uncl_Xylariales"
"Fungi","Ascomycota","Leotiomycetes","Helotiales","Hyaloscyphaceae","uncl_Hyaloscyphaceae","uncl_Hyaloscyphaceae"
"Fungi","Ascomycota","uncl_Ascomycota","uncl_Ascomycota","uncl_Ascomycota","uncl_Ascomycota","uncl_Ascomycota"
"Fungi","Ascomycota","Sordariomycetes","Hypocreales","Nectriaceae","uncl_Nectriaceae","uncl_Nectriaceae"
"Fungi","Ascomycota","Dothideomycetes","Pleosporales","Massarinaceae","Stagonospora","Stagonospora_bicolor"
"Fungi","Ascomycota","Sordariomycetes","Magnaporthales","Magnaporthaceae","uncl_Magnaporthaceae","uncl_Magnaporthaceae"
"Fungi","Mucoromycota","uncl_Mucoromycota","uncl_Mucoromycota","uncl_Mucoromycota","uncl_Mucoromycota","uncl_Mucoromycota"
"Fungi","Ascomycota","Sordariomycetes","Hypocreales","Hypocreaceae","uncl_Hypocreaceae","uncl_Hypocreaceae"
"Fungi","Ascomycota","uncl_Ascomycota","uncl_Ascomycota","uncl_Ascomycota","uncl_Ascomycota","uncl_Ascomycota"
"Fungi","Ascomycota","Dothideomycetes","Pleosporales","Didymosphaeriaceae","uncl_Didymosphaeriaceae","uncl_Didymosphaeriaceae"
"Fungi","Basidiomycota","Cystobasidiomycetes","Cystobasidiales","Cystobasidiaceae","Cystobasidium","uncl_Cystobasidium"
"Fungi","Ascomycota","uncl_Ascomycota","uncl_Ascomycota","uncl_Ascomycota","uncl_Ascomycota","uncl_Ascomycota"
"Fungi","Ascomycota","Leotiomycetes","Helotiales","Mollisiaceae","Mollisia","uncl_Mollisia"
"Fungi","Ascomycota","uncl_Ascomycota","uncl_Ascomycota","uncl_Ascomycota","uncl_Ascomycota","uncl_Ascomycota"
"Fungi","Chytridiomycota","Rhizophlyctidomycetes","Rhizophlyctidales","Rhizophlyctidaceae","Rhizophlyctis","uncl_Rhizophlyctis"
"Fungi","Ascomycota","uncl_Ascomycota","uncl_Ascomycota","uncl_Ascomycota","uncl_Ascomycota","uncl_Ascomycota"
"Fungi","Ascomycota","Sordariomycetes","uncl_Sordariomycetes","uncl_Sordariomycetes","uncl_Sordariomycetes","uncl_Sordariomycetes"
"Fungi","Ascomycota","Dothideomycetes","uncl_Dothideomycetes","uncl_Dothideomycetes","uncl_Dothideomycetes","uncl_Dothideomycetes"
"Fungi","Ascomycota","Dothideomycetes","Pleosporales","Phaeosphaeriaceae","uncl_Phaeosphaeriaceae","uncl_Phaeosphaeriaceae"
"Fungi","Ascomycota","Pezizomycetes","Pezizales","Pyronemataceae","Geopora","uncl_Geopora"
"Fungi","Ascomycota","uncl_Ascomycota","uncl_Ascomycota","uncl_Ascomycota","uncl_Ascomycota","uncl_Ascomycota"
"Fungi","Ascomycota","Leotiomycetes","Helotiales","uncl_Helotiales","uncl_Helotiales","uncl_Helotiales"
"Fungi","Ascomycota","uncl_Ascomycota","uncl_Ascomycota","uncl_Ascomycota","uncl_Ascomycota","uncl_Ascomycota"
"Fungi","Ascomycota","Dothideomycetes","Pleosporales","uncl_Pleosporales","uncl_Pleosporales","uncl_Pleosporales"
"Fungi","Ascomycota","Dothideomycetes","Pleosporales","uncl_Pleosporales","uncl_Pleosporales","uncl_Pleosporales"
"Fungi","Ascomycota","Sordariomycetes","Hypocreales","uncl_Hypocreales","uncl_Hypocreales","uncl_Hypocreales"
"Fungi","Ascomycota","Sordariomycetes","Sordariales","uncl_Sordariales","uncl_Sordariales","uncl_Sordariales"
"Fungi","Basidiomycota","Exobasidiomycetes","Exobasidiales","Brachybasidiaceae","Meira","uncl_Meira"
"Fungi","Ascomycota","Sordariomycetes","uncl_Sordariomycetes","uncl_Sordariomycetes","uncl_Sordariomycetes","uncl_Sordariomycetes"
"Fungi","Ascomycota","Dothideomycetes","Pleosporales","uncl_Pleosporales","uncl_Pleosporales","uncl_Pleosporales"
"Fungi","Ascomycota","Dothideomycetes","Pleosporales","Lentitheciaceae","Keissleriella","uncl_Keissleriella"
"Fungi","Ascomycota","Dothideomycetes","Pleosporales","uncl_Pleosporales","uncl_Pleosporales","uncl_Pleosporales"
"Fungi","Ascomycota","Sordariomycetes","Coniochaetales","uncl_Coniochaetales","uncl_Coniochaetales","uncl_Coniochaetales"
"Fungi","Ascomycota","Eurotiomycetes","Chaetothyriales","uncl_Chaetothyriales","uncl_Chaetothyriales","uncl_Chaetothyriales"
"Fungi","Basidiomycota","Agaricostilbomycetes","Agaricostilbales","Chionosphaeraceae","Kurtzmanomyces","uncl_Kurtzmanomyces"
"Fungi","Ascomycota","Orbiliomycetes","Orbiliales","Orbiliaceae","uncl_Orbiliaceae","uncl_Orbiliaceae"
"Fungi","Ascomycota","Dothideomycetes","Pleosporales","uncl_Pleosporales","uncl_Pleosporales","uncl_Pleosporales"
"Fungi","Ascomycota","uncl_Ascomycota","uncl_Ascomycota","uncl_Ascomycota","uncl_Ascomycota","uncl_Ascomycota"
"Fungi","Ascomycota","uncl_Ascomycota","uncl_Ascomycota","uncl_Ascomycota","uncl_Ascomycota","uncl_Ascomycota"
"Fungi","Ascomycota","Arthoniomycetes","uncl_Arthoniomycetes","uncl_Arthoniomycetes","uncl_Arthoniomycetes","uncl_Arthoniomycetes"
"Fungi","Ascomycota","Sordariomycetes","Hypocreales","Nectriaceae","uncl_Nectriaceae","uncl_Nectriaceae"
"Fungi","Ascomycota","Arthoniomycetes","Lichenostigmatales","Phaeococcomycetaceae","Phaeococcomyces","Phaeococcomyces_mexicanus"
"Fungi","Ascomycota","Sordariomycetes","Xylariales","Diatrypaceae","uncl_Diatrypaceae","uncl_Diatrypaceae"
"Fungi","Mucoromycota","Glomeromycetes","Glomerales","Glomeraceae","Glomus","uncl_Glomus"
"Fungi","Basidiomycota","Agaricomycetes","Agaricales","uncl_Agaricales","uncl_Agaricales","uncl_Agaricales"
"Fungi","Ascomycota","Dothideomycetes","Pleosporales","uncl_Pleosporales","uncl_Pleosporales","uncl_Pleosporales"
"Fungi","Basidiomycota","Agaricomycetes","Agaricales","uncl_Agaricales","uncl_Agaricales","uncl_Agaricales"
"Fungi","Ascomycota","Dothideomycetes","Pleosporales","uncl_Pleosporales","uncl_Pleosporales","uncl_Pleosporales"
"Fungi","Basidiomycota","Ustilaginomycetes","Ustilaginales","Ustilaginaceae","Tranzscheliella","Tranzscheliella_hypodytes"
"Fungi","Ascomycota","uncl_Ascomycota","uncl_Ascomycota","uncl_Ascomycota","uncl_Ascomycota","uncl_Ascomycota"
"Fungi","Ascomycota","uncl_Ascomycota","uncl_Ascomycota","uncl_Ascomycota","uncl_Ascomycota","uncl_Ascomycota"
"Fungi","Mucoromycota","Glomeromycetes","uncl_Glomeromycetes","uncl_Glomeromycetes","uncl_Glomeromycetes","uncl_Glomeromycetes"
"Fungi","Ascomycota","Orbiliomycetes","Orbiliales","uncl_Orbiliales","uncl_Orbiliales","uncl_Orbiliales"
"Fungi","Ascomycota","Sordariomycetes","Diaporthales","uncl_Diaporthales","uncl_Diaporthales","uncl_Diaporthales"
"Fungi","Basidiomycota","Malasseziomycetes","Malasseziales","Malasseziaceae","Malassezia","Malassezia_arunalokei"
"Fungi","Ascomycota","Sordariomycetes","Xylariales","uncl_Xylariales","uncl_Xylariales","uncl_Xylariales"
"Fungi","Ascomycota","Dothideomycetes","Pleosporales","uncl_Pleosporales","uncl_Pleosporales","uncl_Pleosporales"
"Fungi","Mucoromycota","Glomeromycetes","uncl_Glomeromycetes","uncl_Glomeromycetes","uncl_Glomeromycetes","uncl_Glomeromycetes"
"Fungi","Ascomycota","uncl_Ascomycota","uncl_Ascomycota","uncl_Ascomycota","uncl_Ascomycota","uncl_Ascomycota"
"Fungi","Ascomycota","Leotiomycetes","Helotiales","uncl_Helotiales","uncl_Helotiales","uncl_Helotiales"
"Fungi","Ascomycota","uncl_Ascomycota","uncl_Ascomycota","uncl_Ascomycota","uncl_Ascomycota","uncl_Ascomycota"
"Fungi","Ascomycota","Sordariomycetes","Hypocreales","Hypocreaceae","uncl_Hypocreaceae","uncl_Hypocreaceae"
"Fungi","Ascomycota","Sordariomycetes","Sordariales","uncl_Sordariales","uncl_Sordariales","uncl_Sordariales"
"Fungi","Ascomycota","Orbiliomycetes","Orbiliales","Orbiliaceae","uncl_Orbiliaceae","uncl_Orbiliaceae"
"Fungi","Basidiomycota","Agaricomycetes","Hymenochaetales","Hymenochaetaceae","Hymenochaete","uncl_Hymenochaete"
"Fungi","Mucoromycota","uncl_Mucoromycota","uncl_Mucoromycota","uncl_Mucoromycota","uncl_Mucoromycota","uncl_Mucoromycota"
"Fungi","Ascomycota","Dothideomycetes","Pleosporales","Lentitheciaceae","Darksidea","uncl_Darksidea"
"Fungi","Ascomycota","Dothideomycetes","Pleosporales","uncl_Pleosporales","uncl_Pleosporales","uncl_Pleosporales"
"Fungi","Mucoromycota","Glomeromycetes","Glomerales","Glomeraceae","uncl_Glomeraceae","uncl_Glomeraceae"
"Fungi","Ascomycota","Sordariomycetes","uncl_Sordariomycetes","uncl_Sordariomycetes","uncl_Sordariomycetes","uncl_Sordariomycetes"
"Fungi","Ascomycota","Sordariomycetes","Hypocreales","uncl_Hypocreales","uncl_Hypocreales","uncl_Hypocreales"
"Fungi","Ascomycota","Arthoniomycetes","Lichenostigmatales","Phaeococcomycetaceae","Phaeococcomyces","uncl_Phaeococcomyces"
"Fungi","Ascomycota","Dothideomycetes","Pleosporales","uncl_Pleosporales","uncl_Pleosporales","uncl_Pleosporales"
"Fungi","Ascomycota","uncl_Ascomycota","uncl_Ascomycota","uncl_Ascomycota","uncl_Ascomycota","uncl_Ascomycota"
"Fungi","Basidiomycota","Agaricomycetes","Russulales","Russulaceae","Russula","uncl_Russula"
"Fungi","Basidiomycota","Agaricomycetes","Agaricales","Tricholomataceae","Flagelloscypha","uncl_Flagelloscypha"
"Fungi","Mucoromycota","Glomeromycetes","Glomerales","Glomeraceae","uncl_Glomeraceae","uncl_Glomeraceae"
"Fungi","Basidiomycota","Agaricostilbomycetes","Agaricostilbales","Chionosphaeraceae","Kurtzmanomyces","uncl_Kurtzmanomyces"
"Fungi","Basidiomycota","Agaricomycetes","Agaricales","uncl_Agaricales","uncl_Agaricales","uncl_Agaricales"
"Fungi","Ascomycota","uncl_Ascomycota","uncl_Ascomycota","uncl_Ascomycota","uncl_Ascomycota","uncl_Ascomycota"
"Fungi","Ascomycota","Dothideomycetes","Capnodiales","Cladosporiaceae","Rachicladosporium","uncl_Rachicladosporium"
"Fungi","Ascomycota","Sordariomycetes","Hypocreales","Nectriaceae","uncl_Nectriaceae","uncl_Nectriaceae"
"Fungi","Basidiomycota","Tremellomycetes","uncl_Tremellomycetes","uncl_Tremellomycetes","uncl_Tremellomycetes","uncl_Tremellomycetes"
"Fungi","Ascomycota","Lecanoromycetes","uncl_Lecanoromycetes","uncl_Lecanoromycetes","uncl_Lecanoromycetes","uncl_Lecanoromycetes"
"Fungi","Chytridiomycota","uncl_Chytridiomycota","uncl_Chytridiomycota","uncl_Chytridiomycota","uncl_Chytridiomycota","uncl_Chytridiomycota"
"Fungi","Ascomycota","Sordariomycetes","Sordariales","uncl_Sordariales","uncl_Sordariales","uncl_Sordariales"
"Fungi","Ascomycota","Dothideomycetes","Pleosporales","uncl_Pleosporales","uncl_Pleosporales","uncl_Pleosporales"
"Fungi","Ascomycota","Dothideomycetes","uncl_Dothideomycetes","uncl_Dothideomycetes","uncl_Dothideomycetes","uncl_Dothideomycetes"
"Fungi","Ascomycota","Eurotiomycetes","Chaetothyriales","uncl_Chaetothyriales","uncl_Chaetothyriales","uncl_Chaetothyriales"
"Fungi","Ascomycota","Dothideomycetes","Pleosporales","Sporormiaceae","uncl_Sporormiaceae","uncl_Sporormiaceae"
"Fungi","Ascomycota","Sordariomycetes","Myrmecridiales","Myrmecridiaceae","Myrmecridium","Myrmecridium_schulzeri"
"Fungi","Ascomycota","Dothideomycetes","Pleosporales","uncl_Pleosporales","uncl_Pleosporales","uncl_Pleosporales"
"Fungi","Ascomycota","Arthoniomycetes","Lichenostigmatales","Phaeococcomycetaceae","Phaeococcomyces","uncl_Phaeococcomyces"
"Fungi","Ascomycota","Sordariomycetes","Sordariales","uncl_Sordariales","uncl_Sordariales","uncl_Sordariales"
"Fungi","Ascomycota","Sordariomycetes","Hypocreales","Nectriaceae","Fusarium","uncl_Fusarium"
"Fungi","Basidiomycota","Agaricomycetes","Sebacinales","Serendipitaceae","uncl_Serendipitaceae","uncl_Serendipitaceae"
"Fungi","Basidiomycota","Agaricomycetes","Agaricales","Marasmiaceae","uncl_Marasmiaceae","uncl_Marasmiaceae"
"Fungi","Ascomycota","Dothideomycetes","Pleosporales","uncl_Pleosporales","uncl_Pleosporales","uncl_Pleosporales"
"Fungi","Ascomycota","Leotiomycetes","Helotiales","uncl_Helotiales","uncl_Helotiales","uncl_Helotiales"
"Fungi","Ascomycota","Leotiomycetes","uncl_Leotiomycetes","uncl_Leotiomycetes","uncl_Leotiomycetes","uncl_Leotiomycetes"
"Fungi","Ascomycota","Dothideomycetes","Pleosporales","uncl_Pleosporales","uncl_Pleosporales","uncl_Pleosporales"
"Fungi","Ascomycota","Sordariomycetes","uncl_Sordariomycetes","uncl_Sordariomycetes","uncl_Sordariomycetes","uncl_Sordariomycetes"
"Fungi","Ascomycota","Eurotiomycetes","Chaetothyriales","uncl_Chaetothyriales","uncl_Chaetothyriales","uncl_Chaetothyriales"
"Fungi","Ascomycota","Eurotiomycetes","Chaetothyriales","uncl_Chaetothyriales","uncl_Chaetothyriales","uncl_Chaetothyriales"
"Fungi","Ascomycota","Dothideomycetes","uncl_Dothideomycetes","uncl_Dothideomycetes","uncl_Dothideomycetes","uncl_Dothideomycetes"
"Fungi","Mucoromycota","Glomeromycetes","Glomerales","Glomeraceae","Glomus","uncl_Glomus"
"Fungi","Ascomycota","Sordariomycetes","Trichosphaeriales","Trichosphaeriaceae","Nigrospora","uncl_Nigrospora"
"Fungi","Ascomycota","Dothideomycetes","Pleosporales","Periconiaceae","Periconia","uncl_Periconia"
"Fungi","Ascomycota","Sordariomycetes","Hypocreales","Nectriaceae","uncl_Nectriaceae","uncl_Nectriaceae"
"Fungi","Ascomycota","Sordariomycetes","uncl_Sordariomycetes","uncl_Sordariomycetes","uncl_Sordariomycetes","uncl_Sordariomycetes"
"Fungi","Ascomycota","uncl_Ascomycota","uncl_Ascomycota","uncl_Ascomycota","uncl_Ascomycota","uncl_Ascomycota"
"Fungi","Ascomycota","Dothideomycetes","Capnodiales","uncl_Capnodiales","uncl_Capnodiales","uncl_Capnodiales"
"Fungi","Ascomycota","Dothideomycetes","Pleosporales","uncl_Pleosporales","uncl_Pleosporales","uncl_Pleosporales"
"Fungi","Basidiomycota","Agaricomycetes","Sebacinales","uncl_Sebacinales","uncl_Sebacinales","uncl_Sebacinales"
"Fungi","Ascomycota","Sordariomycetes","Sporidesmiales","uncl_Sporidesmiales","uncl_Sporidesmiales","uncl_Sporidesmiales"
"Fungi","Ascomycota","Leotiomycetes","uncl_Leotiomycetes","uncl_Leotiomycetes","uncl_Leotiomycetes","uncl_Leotiomycetes"
"Fungi","Basidiomycota","Agaricomycetes","uncl_Agaricomycetes","uncl_Agaricomycetes","uncl_Agaricomycetes","uncl_Agaricomycetes"
"Fungi","Basidiomycota","uncl_Basidiomycota","uncl_Basidiomycota","uncl_Basidiomycota","uncl_Basidiomycota","uncl_Basidiomycota"
"Fungi","Ascomycota","Eurotiomycetes","Chaetothyriales","uncl_Chaetothyriales","uncl_Chaetothyriales","uncl_Chaetothyriales"
"Fungi","Basidiomycota","uncl_Basidiomycota","uncl_Basidiomycota","uncl_Basidiomycota","uncl_Basidiomycota","uncl_Basidiomycota"
"Fungi","Ascomycota","uncl_Ascomycota","uncl_Ascomycota","uncl_Ascomycota","uncl_Ascomycota","uncl_Ascomycota"
"Fungi","Ascomycota","Dothideomycetes","Pleosporales","Melanommataceae","uncl_Melanommataceae","uncl_Melanommataceae"
"Fungi","Ascomycota","Orbiliomycetes","Orbiliales","Orbiliaceae","uncl_Orbiliaceae","uncl_Orbiliaceae"
"Fungi","Ascomycota","Sordariomycetes","Hypocreales","Stachybotryaceae","uncl_Stachybotryaceae","uncl_Stachybotryaceae"
"Fungi","Ascomycota","Dothideomycetes","Dothideales","uncl_Dothideales","uncl_Dothideales","uncl_Dothideales"
"Fungi","Ascomycota","uncl_Ascomycota","uncl_Ascomycota","uncl_Ascomycota","uncl_Ascomycota","uncl_Ascomycota"
"Fungi","Ascomycota","uncl_Ascomycota","uncl_Ascomycota","uncl_Ascomycota","uncl_Ascomycota","uncl_Ascomycota"
"Fungi","Ascomycota","Lecanoromycetes","uncl_Lecanoromycetes","uncl_Lecanoromycetes","uncl_Lecanoromycetes","uncl_Lecanoromycetes"
"Fungi","Ascomycota","Dothideomycetes","Pleosporales","Massarinaceae","uncl_Massarinaceae","uncl_Massarinaceae"
"Fungi","Basidiomycota","Agaricomycetes","Auriculariales","Auriculariales_fam_Incertae_sedis","uncl_Auriculariales_fam_Incertae_sedis","uncl_Auriculariales_fam_Incertae_sedis"
"Fungi","Ascomycota","Lecanoromycetes","Ostropales","Stictidaceae","uncl_Stictidaceae","uncl_Stictidaceae"
"Fungi","Basidiomycota","Agaricomycetes","Atheliales","uncl_Atheliales","uncl_Atheliales","uncl_Atheliales"
"Fungi","Ascomycota","Dothideomycetes","uncl_Dothideomycetes","uncl_Dothideomycetes","uncl_Dothideomycetes","uncl_Dothideomycetes"
"Fungi","Ascomycota","Sordariomycetes","Hypocreales","uncl_Hypocreales","uncl_Hypocreales","uncl_Hypocreales"
"Fungi","Ascomycota","Dothideomycetes","Pleosporales","uncl_Pleosporales","uncl_Pleosporales","uncl_Pleosporales"
"Fungi","Ascomycota","uncl_Ascomycota","uncl_Ascomycota","uncl_Ascomycota","uncl_Ascomycota","uncl_Ascomycota"
"Fungi","Ascomycota","Sordariomycetes","uncl_Sordariomycetes","uncl_Sordariomycetes","uncl_Sordariomycetes","uncl_Sordariomycetes"
"Fungi","Ascomycota","Sordariomycetes","Sporidesmiales","uncl_Sporidesmiales","uncl_Sporidesmiales","uncl_Sporidesmiales"
"Fungi","Ascomycota","uncl_Ascomycota","uncl_Ascomycota","uncl_Ascomycota","uncl_Ascomycota","uncl_Ascomycota"
"Fungi","Ascomycota","Leotiomycetes","Thelebolales","Thelebolaceae","Thelebolus","uncl_Thelebolus"
"Fungi","Ascomycota","Dothideomycetes","Mycosphaerellales","uncl_Mycosphaerellales","uncl_Mycosphaerellales","uncl_Mycosphaerellales"
"Fungi","Basidiomycota","Agaricomycetes","Atheliales","Atheliaceae","Athelia","Athelia_arachnoidea"
"Fungi","Basidiomycota","Agaricomycetes","Cantharellales","Ceratobasidiaceae","uncl_Ceratobasidiaceae","uncl_Ceratobasidiaceae"
"Fungi","Ascomycota","Dothideomycetes","Capnodiales","Cladosporiaceae","uncl_Cladosporiaceae","uncl_Cladosporiaceae"
"Fungi","Basidiomycota","Exobasidiomycetes","Exobasidiales","Brachybasidiaceae","Meira","uncl_Meira"
"Fungi","Ascomycota","Dothideomycetes","Microthyriales","uncl_Microthyriales","uncl_Microthyriales","uncl_Microthyriales"
"Fungi","Ascomycota","Dothideomycetes","uncl_Dothideomycetes","uncl_Dothideomycetes","uncl_Dothideomycetes","uncl_Dothideomycetes"
"Fungi","Basidiomycota","Agaricomycetes","Auriculariales","uncl_Auriculariales","uncl_Auriculariales","uncl_Auriculariales"
"Fungi","Ascomycota","Lecanoromycetes","Ostropales","Stictidaceae","Karstenia","uncl_Karstenia"
"Fungi","Ascomycota","Dothideomycetes","Pleosporales","uncl_Pleosporales","uncl_Pleosporales","uncl_Pleosporales"
"Fungi","Basidiomycota","uncl_Basidiomycota","uncl_Basidiomycota","uncl_Basidiomycota","uncl_Basidiomycota","uncl_Basidiomycota"
"Fungi","Ascomycota","Sordariomycetes","uncl_Sordariomycetes","uncl_Sordariomycetes","uncl_Sordariomycetes","uncl_Sordariomycetes"
"Fungi","Ascomycota","uncl_Ascomycota","uncl_Ascomycota","uncl_Ascomycota","uncl_Ascomycota","uncl_Ascomycota"
"Fungi","Basidiomycota","Tremellomycetes","Tremellales","Bulleraceae","Genolevuria","Genolevuria_armeniaca"
"Fungi","Basidiomycota","Agaricomycetes","Agaricales","Hygrophoraceae","Arrhenia","uncl_Arrhenia"
"Fungi","Ascomycota","Leotiomycetes","Helotiales","uncl_Helotiales","uncl_Helotiales","uncl_Helotiales"
"Fungi","Ascomycota","Dothideomycetes","Pleosporales","Melanommataceae","uncl_Melanommataceae","uncl_Melanommataceae"
"Fungi","Ascomycota","uncl_Ascomycota","uncl_Ascomycota","uncl_Ascomycota","uncl_Ascomycota","uncl_Ascomycota"
"Fungi","Ascomycota","Sordariomycetes","uncl_Sordariomycetes","uncl_Sordariomycetes","uncl_Sordariomycetes","uncl_Sordariomycetes"
"Fungi","Ascomycota","Eurotiomycetes","uncl_Eurotiomycetes","uncl_Eurotiomycetes","uncl_Eurotiomycetes","uncl_Eurotiomycetes"
"Fungi","Ascomycota","Dothideomycetes","Pleosporales","uncl_Pleosporales","uncl_Pleosporales","uncl_Pleosporales"
"Fungi","Ascomycota","Sordariomycetes","Hypocreales","Hypocreales_fam_Incertae_sedis","Sarocladium","uncl_Sarocladium"
"Fungi","Ascomycota","Sordariomycetes","Hypocreales","uncl_Hypocreales","uncl_Hypocreales","uncl_Hypocreales"
"Fungi","Ascomycota","Dothideomycetes","Pleosporales","uncl_Pleosporales","uncl_Pleosporales","uncl_Pleosporales"
"Fungi","Basidiomycota","Agaricomycetes","Agaricales","uncl_Agaricales","uncl_Agaricales","uncl_Agaricales"
"Fungi","Basidiomycota","Cystobasidiomycetes","uncl_Cystobasidiomycetes","uncl_Cystobasidiomycetes","uncl_Cystobasidiomycetes","uncl_Cystobasidiomycetes"
"Fungi","Ascomycota","Dothideomycetes","Pleosporales","Lentitheciaceae","Keissleriella","Keissleriella_trichophoricola"
"Fungi","Ascomycota","Sordariomycetes","Hypocreales","Bionectriaceae","Nectriella","uncl_Nectriella"
"Fungi","Ascomycota","Arthoniomycetes","uncl_Arthoniomycetes","uncl_Arthoniomycetes","uncl_Arthoniomycetes","uncl_Arthoniomycetes"
"Fungi","Ascomycota","Orbiliomycetes","Orbiliales","uncl_Orbiliales","uncl_Orbiliales","uncl_Orbiliales"
"Fungi","Basidiomycota","Agaricomycetes","uncl_Agaricomycetes","uncl_Agaricomycetes","uncl_Agaricomycetes","uncl_Agaricomycetes"
"Fungi","Ascomycota","Dothideomycetes","Pleosporales","uncl_Pleosporales","uncl_Pleosporales","uncl_Pleosporales"
"Fungi","Ascomycota","uncl_Ascomycota","uncl_Ascomycota","uncl_Ascomycota","uncl_Ascomycota","uncl_Ascomycota"
"Fungi","Ascomycota","uncl_Ascomycota","uncl_Ascomycota","uncl_Ascomycota","uncl_Ascomycota","uncl_Ascomycota"
"Fungi","Mucoromycota","Glomeromycetes","Glomerales","uncl_Glomerales","uncl_Glomerales","uncl_Glomerales"
"Fungi","Ascomycota","Eurotiomycetes","Chaetothyriales","uncl_Chaetothyriales","uncl_Chaetothyriales","uncl_Chaetothyriales"
"Fungi","Ascomycota","Eurotiomycetes","Chaetothyriales","uncl_Chaetothyriales","uncl_Chaetothyriales","uncl_Chaetothyriales"
"Fungi","Ascomycota","Dothideomycetes","Mycosphaerellales","Teratosphaeriaceae","uncl_Teratosphaeriaceae","uncl_Teratosphaeriaceae"
"Fungi","Ascomycota","uncl_Ascomycota","uncl_Ascomycota","uncl_Ascomycota","uncl_Ascomycota","uncl_Ascomycota"
"Fungi","Basidiomycota","Tremellomycetes","Tremellales","uncl_Tremellales","uncl_Tremellales","uncl_Tremellales"
"Fungi","Ascomycota","Eurotiomycetes","uncl_Eurotiomycetes","uncl_Eurotiomycetes","uncl_Eurotiomycetes","uncl_Eurotiomycetes"
"Fungi","Basidiomycota","Agaricomycetes","Sebacinales","uncl_Sebacinales","uncl_Sebacinales","uncl_Sebacinales"
"Fungi","Ascomycota","Dothideomycetes","Mycosphaerellales","Teratosphaeriaceae","Lapidomyces","uncl_Lapidomyces"
"Fungi","Basidiomycota","uncl_Basidiomycota","uncl_Basidiomycota","uncl_Basidiomycota","uncl_Basidiomycota","uncl_Basidiomycota"
"Fungi","Ascomycota","Dothideomycetes","Tubeufiales","Bezerromycetaceae","Bezerromyces","uncl_Bezerromyces"
"Fungi","Ascomycota","Sordariomycetes","Hypocreales","uncl_Hypocreales","uncl_Hypocreales","uncl_Hypocreales"
"Fungi","Ascomycota","uncl_Ascomycota","uncl_Ascomycota","uncl_Ascomycota","uncl_Ascomycota","uncl_Ascomycota"
"Fungi","Ascomycota","Sordariomycetes","Hypocreales","Stachybotryaceae","uncl_Stachybotryaceae","uncl_Stachybotryaceae"
"Fungi","Mucoromycota","Glomeromycetes","Glomerales","Glomeraceae","uncl_Glomeraceae","uncl_Glomeraceae"
"Fungi","Basidiomycota","Agaricomycetes","Auriculariales","Auriculariales_fam_Incertae_sedis","Oliveonia","uncl_Oliveonia"
"Fungi","Ascomycota","Orbiliomycetes","Orbiliales","Orbiliaceae","Orbilia","uncl_Orbilia"
"Fungi","Ascomycota","Dothideomycetes","Pleosporales","uncl_Pleosporales","uncl_Pleosporales","uncl_Pleosporales"
"Fungi","Ascomycota","Eurotiomycetes","Chaetothyriales","Herpotrichiellaceae","uncl_Herpotrichiellaceae","uncl_Herpotrichiellaceae"
"Fungi","Mucoromycota","Glomeromycetes","Glomerales","uncl_Glomerales","uncl_Glomerales","uncl_Glomerales"
"Fungi","Ascomycota","Dothideomycetes","uncl_Dothideomycetes","uncl_Dothideomycetes","uncl_Dothideomycetes","uncl_Dothideomycetes"
"Fungi","Ascomycota","Dothideomycetes","Pleosporales","Phaeosphaeriaceae","uncl_Phaeosphaeriaceae","uncl_Phaeosphaeriaceae"
"Fungi","Ascomycota","Dothideomycetes","Pleosporales","uncl_Pleosporales","uncl_Pleosporales","uncl_Pleosporales"
"Fungi","Mucoromycota","Glomeromycetes","uncl_Glomeromycetes","uncl_Glomeromycetes","uncl_Glomeromycetes","uncl_Glomeromycetes"
"Fungi","Ascomycota","Dothideomycetes","Pleosporales","Pleosporaceae","Alternaria","uncl_Alternaria"
"Fungi","Ascomycota","uncl_Ascomycota","uncl_Ascomycota","uncl_Ascomycota","uncl_Ascomycota","uncl_Ascomycota"
"Fungi","Ascomycota","Sordariomycetes","Xylariales","Diatrypaceae","uncl_Diatrypaceae","uncl_Diatrypaceae"
"Fungi","Basidiomycota","Agaricomycetes","Atheliales","uncl_Atheliales","uncl_Atheliales","uncl_Atheliales"
"Fungi","Ascomycota","Dothideomycetes","Pleosporales","Pleosporaceae","Curvularia","uncl_Curvularia"
"Fungi","Basidiomycota","uncl_Basidiomycota","uncl_Basidiomycota","uncl_Basidiomycota","uncl_Basidiomycota","uncl_Basidiomycota"
"Fungi","Ascomycota","Dothideomycetes","uncl_Dothideomycetes","uncl_Dothideomycetes","uncl_Dothideomycetes","uncl_Dothideomycetes"
"Fungi","Basidiomycota","Tremellomycetes","Tremellales","uncl_Tremellales","uncl_Tremellales","uncl_Tremellales"
"Fungi","Mucoromycota","Glomeromycetes","Glomerales","Glomeraceae","uncl_Glomeraceae","uncl_Glomeraceae"
"Fungi","Basidiomycota","Agaricomycetes","Russulales","Russulaceae","Lactarius","uncl_Lactarius"
"Fungi","Ascomycota","Dothideomycetes","uncl_Dothideomycetes","uncl_Dothideomycetes","uncl_Dothideomycetes","uncl_Dothideomycetes"
"Fungi","Ascomycota","Dothideomycetes","Mycosphaerellales","Teratosphaeriaceae","uncl_Teratosphaeriaceae","uncl_Teratosphaeriaceae"
"Fungi","Ascomycota","Arthoniomycetes","Lichenostigmatales","Phaeococcomycetaceae","Phaeococcomyces","uncl_Phaeococcomyces"
"Fungi","Ascomycota","Leotiomycetes","Helotiales","Dermateaceae","Pezicula","uncl_Pezicula"
"Fungi","Ascomycota","Dothideomycetes","uncl_Dothideomycetes","uncl_Dothideomycetes","uncl_Dothideomycetes","uncl_Dothideomycetes"
"Fungi","Ascomycota","Sordariomycetes","uncl_Sordariomycetes","uncl_Sordariomycetes","uncl_Sordariomycetes","uncl_Sordariomycetes"
"Fungi","Ascomycota","uncl_Ascomycota","uncl_Ascomycota","uncl_Ascomycota","uncl_Ascomycota","uncl_Ascomycota"
"Fungi","Ascomycota","uncl_Ascomycota","uncl_Ascomycota","uncl_Ascomycota","uncl_Ascomycota","uncl_Ascomycota"
"Fungi","Basidiomycota","Cystobasidiomycetes","Cystobasidiales","Cystobasidiaceae","Cystobasidium","Cystobasidium_laryngis"
"Fungi","Ascomycota","Sordariomycetes","Hypocreales","Nectriaceae","Fusarium","uncl_Fusarium"
"Fungi","Basidiomycota","uncl_Basidiomycota","uncl_Basidiomycota","uncl_Basidiomycota","uncl_Basidiomycota","uncl_Basidiomycota"
"Fungi","Ascomycota","Sordariomycetes","Diaporthales","Diaporthaceae","uncl_Diaporthaceae","uncl_Diaporthaceae"
"Fungi","Ascomycota","uncl_Ascomycota","uncl_Ascomycota","uncl_Ascomycota","uncl_Ascomycota","uncl_Ascomycota"
"Fungi","Ascomycota","uncl_Ascomycota","uncl_Ascomycota","uncl_Ascomycota","uncl_Ascomycota","uncl_Ascomycota"
"Fungi","Ascomycota","Sordariomycetes","Togniniales","Togniniaceae","Phaeoacremonium","uncl_Phaeoacremonium"
"Fungi","Ascomycota","uncl_Ascomycota","uncl_Ascomycota","uncl_Ascomycota","uncl_Ascomycota","uncl_Ascomycota"
"Fungi","Ascomycota","Dothideomycetes","Mycosphaerellales","Teratosphaeriaceae","Lapidomyces","uncl_Lapidomyces"
"Fungi","Ascomycota","Dothideomycetes","Pleosporales","uncl_Pleosporales","uncl_Pleosporales","uncl_Pleosporales"
"Fungi","Ascomycota","Leotiomycetes","Helotiales","uncl_Helotiales","uncl_Helotiales","uncl_Helotiales"
"Fungi","Ascomycota","uncl_Ascomycota","uncl_Ascomycota","uncl_Ascomycota","uncl_Ascomycota","uncl_Ascomycota"
"Fungi","Ascomycota","Dothideomycetes","Pleosporales","Lentitheciaceae","Darksidea","uncl_Darksidea"
"Fungi","Basidiomycota","Agaricomycetes","Atheliales","Atheliaceae","Athelia","Athelia_arachnoidea"
"Fungi","Basidiomycota","Agaricomycetes","Agaricales","uncl_Agaricales","uncl_Agaricales","uncl_Agaricales"
"Fungi","Basidiomycota","Agaricomycetes","Agaricales","Lycoperdaceae","Calvatia","uncl_Calvatia"
"Fungi","Ascomycota","Sordariomycetes","uncl_Sordariomycetes","uncl_Sordariomycetes","uncl_Sordariomycetes","uncl_Sordariomycetes"
"Fungi","Basidiomycota","Agaricomycetes","Agaricales","uncl_Agaricales","uncl_Agaricales","uncl_Agaricales"
"Fungi","Ascomycota","Sordariomycetes","uncl_Sordariomycetes","uncl_Sordariomycetes","uncl_Sordariomycetes","uncl_Sordariomycetes"
"Fungi","Mucoromycota","Glomeromycetes","Glomerales","Glomeraceae","uncl_Glomeraceae","uncl_Glomeraceae"
"Fungi","Ascomycota","Sordariomycetes","Hypocreales","Niessliaceae","Niesslia","uncl_Niesslia"
"Fungi","Basidiomycota","Agaricomycetes","Agaricales","Strophariaceae","uncl_Strophariaceae","uncl_Strophariaceae"
"Fungi","Ascomycota","Sordariomycetes","Hypocreales","Bionectriaceae","Ijuhya","uncl_Ijuhya"
"Fungi","Ascomycota","Leotiomycetes","Helotiales","uncl_Helotiales","uncl_Helotiales","uncl_Helotiales"
"Fungi","Ascomycota","Sordariomycetes","Diaporthales","uncl_Diaporthales","uncl_Diaporthales","uncl_Diaporthales"
"Fungi","Basidiomycota","Agaricomycetes","Polyporales","Polyporaceae","uncl_Polyporaceae","uncl_Polyporaceae"
"Fungi","Ascomycota","uncl_Ascomycota","uncl_Ascomycota","uncl_Ascomycota","uncl_Ascomycota","uncl_Ascomycota"
"Fungi","Ascomycota","Sordariomycetes","Hypocreales","Nectriaceae","uncl_Nectriaceae","uncl_Nectriaceae"
"Fungi","Ascomycota","Sordariomycetes","Xylariales","Xylariaceae","Nemania","uncl_Nemania"
"Fungi","Ascomycota","Sordariomycetes","Magnaporthales","uncl_Magnaporthales","uncl_Magnaporthales","uncl_Magnaporthales"
"Fungi","Ascomycota","Leotiomycetes","Helotiales","uncl_Helotiales","uncl_Helotiales","uncl_Helotiales"
"Fungi","Ascomycota","uncl_Ascomycota","uncl_Ascomycota","uncl_Ascomycota","uncl_Ascomycota","uncl_Ascomycota"
"Fungi","Ascomycota","Dothideomycetes","uncl_Dothideomycetes","uncl_Dothideomycetes","uncl_Dothideomycetes","uncl_Dothideomycetes"
"Fungi","Ascomycota","uncl_Ascomycota","uncl_Ascomycota","uncl_Ascomycota","uncl_Ascomycota","uncl_Ascomycota"
"Fungi","Ascomycota","Sordariomycetes","Xylariales","Xylariaceae","uncl_Xylariaceae","uncl_Xylariaceae"
"Fungi","Ascomycota","Sordariomycetes","Sordariales","uncl_Sordariales","uncl_Sordariales","uncl_Sordariales"
"Fungi","Ascomycota","Sordariomycetes","Xylariales","uncl_Xylariales","uncl_Xylariales","uncl_Xylariales"
"Fungi","Ascomycota","uncl_Ascomycota","uncl_Ascomycota","uncl_Ascomycota","uncl_Ascomycota","uncl_Ascomycota"
"Fungi","Basidiomycota","uncl_Basidiomycota","uncl_Basidiomycota","uncl_Basidiomycota","uncl_Basidiomycota","uncl_Basidiomycota"
"Fungi","Ascomycota","Dothideomycetes","Pleosporales","uncl_Pleosporales","uncl_Pleosporales","uncl_Pleosporales"
"Fungi","Ascomycota","Sordariomycetes","Xylariales","uncl_Xylariales","uncl_Xylariales","uncl_Xylariales"
"Fungi","Ascomycota","Pezizomycetes","Pezizales","Tuberaceae","Tuber","uncl_Tuber"
"Fungi","Ascomycota","Dothideomycetes","Pleosporales","uncl_Pleosporales","uncl_Pleosporales","uncl_Pleosporales"
"Fungi","Basidiomycota","Agaricomycetes","Sebacinales","uncl_Sebacinales","uncl_Sebacinales","uncl_Sebacinales"
"Fungi","Ascomycota","Pezizomycetes","Pezizales","uncl_Pezizales","uncl_Pezizales","uncl_Pezizales"
"Fungi","Basidiomycota","Agaricomycetes","Polyporales","uncl_Polyporales","uncl_Polyporales","uncl_Polyporales"
"Fungi","Basidiomycota","Agaricomycetes","Agaricales","uncl_Agaricales","uncl_Agaricales","uncl_Agaricales"
"Fungi","Ascomycota","Sordariomycetes","Diaporthales","Diaporthaceae","uncl_Diaporthaceae","uncl_Diaporthaceae"
"Fungi","Ascomycota","Dothideomycetes","Pleosporales","uncl_Pleosporales","uncl_Pleosporales","uncl_Pleosporales"
"Fungi","Ascomycota","Dothideomycetes","Pleosporales","Massarinaceae","Stagonospora","Stagonospora_bicolor"
"Fungi","Ascomycota","Eurotiomycetes","Chaetothyriales","Herpotrichiellaceae","Exophiala","uncl_Exophiala"
"Fungi","Ascomycota","Dothideomycetes","Pleosporales","uncl_Pleosporales","uncl_Pleosporales","uncl_Pleosporales"
"Fungi","Ascomycota","Dothideomycetes","Pleosporales","uncl_Pleosporales","uncl_Pleosporales","uncl_Pleosporales"
"Fungi","Basidiomycota","Agaricomycetes","Agaricales","uncl_Agaricales","uncl_Agaricales","uncl_Agaricales"
"Fungi","Ascomycota","Eurotiomycetes","Eurotiales","Aspergillaceae","Talaromyces","uncl_Talaromyces"
"Fungi","Mucoromycota","Glomeromycetes","Glomerales","Glomeraceae","uncl_Glomeraceae","uncl_Glomeraceae"
"Fungi","Ascomycota","Sordariomycetes","uncl_Sordariomycetes","uncl_Sordariomycetes","uncl_Sordariomycetes","uncl_Sordariomycetes"
"Fungi","Mucoromycota","Glomeromycetes","Glomerales","Glomeraceae","uncl_Glomeraceae","uncl_Glomeraceae"
"Fungi","Ascomycota","Dothideomycetes","Botryosphaeriales","Botryosphaeriaceae","uncl_Botryosphaeriaceae","uncl_Botryosphaeriaceae"
"Fungi","Ascomycota","Sordariomycetes","Hypocreales","Nectriaceae","Fusarium","uncl_Fusarium"
"Fungi","Ascomycota","Sordariomycetes","uncl_Sordariomycetes","uncl_Sordariomycetes","uncl_Sordariomycetes","uncl_Sordariomycetes"
"Fungi","Ascomycota","Sordariomycetes","Xylariales","Xylariaceae","Hypocopra","uncl_Hypocopra"
"Fungi","Basidiomycota","Agaricomycetes","Thelephorales","Thelephoraceae","uncl_Thelephoraceae","uncl_Thelephoraceae"
"Fungi","Ascomycota","Dothideomycetes","uncl_Dothideomycetes","uncl_Dothideomycetes","uncl_Dothideomycetes","uncl_Dothideomycetes"
"Fungi","Ascomycota","Dothideomycetes","Pleosporales","uncl_Pleosporales","uncl_Pleosporales","uncl_Pleosporales"
"Fungi","Ascomycota","Sordariomycetes","Hypocreales","uncl_Hypocreales","uncl_Hypocreales","uncl_Hypocreales"
"Fungi","Ascomycota","Sordariomycetes","Sordariales","uncl_Sordariales","uncl_Sordariales","uncl_Sordariales"
"Fungi","Ascomycota","Sordariomycetes","Sordariales","uncl_Sordariales","uncl_Sordariales","uncl_Sordariales"
"Fungi","Ascomycota","uncl_Ascomycota","uncl_Ascomycota","uncl_Ascomycota","uncl_Ascomycota","uncl_Ascomycota"
"Fungi","Ascomycota","Sordariomycetes","uncl_Sordariomycetes","uncl_Sordariomycetes","uncl_Sordariomycetes","uncl_Sordariomycetes"
"Fungi","Ascomycota","Dothideomycetes","Pleosporales","uncl_Pleosporales","uncl_Pleosporales","uncl_Pleosporales"
"Fungi","Mucoromycota","Glomeromycetes","Glomerales","Glomeraceae","Rhizophagus","uncl_Rhizophagus"
"Fungi","Basidiomycota","Agaricomycetes","Agaricales","uncl_Agaricales","uncl_Agaricales","uncl_Agaricales"
"Fungi","Ascomycota","Dothideomycetes","Pleosporales","uncl_Pleosporales","uncl_Pleosporales","uncl_Pleosporales"
"Fungi","Basidiomycota","Agaricomycetes","Polyporales","Meruliaceae","uncl_Meruliaceae","uncl_Meruliaceae"
"Fungi","Ascomycota","Sordariomycetes","uncl_Sordariomycetes","uncl_Sordariomycetes","uncl_Sordariomycetes","uncl_Sordariomycetes"
"Fungi","Basidiomycota","Agaricomycetes","Agaricales","Marasmiaceae","uncl_Marasmiaceae","uncl_Marasmiaceae"
"Fungi","Ascomycota","Leotiomycetes","Helotiales","Hyaloscyphaceae","Lachnum","uncl_Lachnum"
"Fungi","Ascomycota","Sordariomycetes","Hypocreales","Nectriaceae","Fusarium","Fusarium_polyphialidicum"
"Fungi","Basidiomycota","Agaricomycetes","Agaricales","Marasmiaceae","Crinipellis","uncl_Crinipellis"
"Fungi","Ascomycota","Lecanoromycetes","uncl_Lecanoromycetes","uncl_Lecanoromycetes","uncl_Lecanoromycetes","uncl_Lecanoromycetes"
"Fungi","Basidiomycota","Agaricomycetes","Agaricales","Marasmiaceae","uncl_Marasmiaceae","uncl_Marasmiaceae"
"Fungi","Ascomycota","Sordariomycetes","Hypocreales","Nectriaceae","uncl_Nectriaceae","uncl_Nectriaceae"
"Fungi","Ascomycota","Dothideomycetes","uncl_Dothideomycetes","uncl_Dothideomycetes","uncl_Dothideomycetes","uncl_Dothideomycetes"
"Fungi","Ascomycota","Eurotiomycetes","Eurotiales","Aspergillaceae","Talaromyces","uncl_Talaromyces"
"Fungi","Ascomycota","Leotiomycetes","Helotiales","Hyaloscyphaceae","uncl_Hyaloscyphaceae","uncl_Hyaloscyphaceae"
"Fungi","Basidiomycota","Agaricomycetes","Cantharellales","Ceratobasidiaceae","uncl_Ceratobasidiaceae","uncl_Ceratobasidiaceae"
"Fungi","Ascomycota","uncl_Ascomycota","uncl_Ascomycota","uncl_Ascomycota","uncl_Ascomycota","uncl_Ascomycota"
"Fungi","Ascomycota","uncl_Ascomycota","uncl_Ascomycota","uncl_Ascomycota","uncl_Ascomycota","uncl_Ascomycota"
"Fungi","Ascomycota","Dothideomycetes","Tubeufiales","uncl_Tubeufiales","uncl_Tubeufiales","uncl_Tubeufiales"
"Fungi","Ascomycota","Dothideomycetes","Dothideales","Saccotheciaceae","Aureobasidium","uncl_Aureobasidium"
"Fungi","Ascomycota","Dothideomycetes","uncl_Dothideomycetes","uncl_Dothideomycetes","uncl_Dothideomycetes","uncl_Dothideomycetes"
"Fungi","Ascomycota","Dothideomycetes","Pleosporales","Lentitheciaceae","Poaceascoma","uncl_Poaceascoma"
"Fungi","Ascomycota","uncl_Ascomycota","uncl_Ascomycota","uncl_Ascomycota","uncl_Ascomycota","uncl_Ascomycota"
"Fungi","Basidiomycota","Agaricomycetes","Agaricales","Strophariaceae","Deconica","uncl_Deconica"
"Fungi","Ascomycota","Dothideomycetes","Pleosporales","uncl_Pleosporales","uncl_Pleosporales","uncl_Pleosporales"
"Fungi","Basidiomycota","Agaricomycetes","Sebacinales","Sebacinaceae","Sebacina","uncl_Sebacina"
"Fungi","Ascomycota","Dothideomycetes","Pleosporales","uncl_Pleosporales","uncl_Pleosporales","uncl_Pleosporales"
"Fungi","Ascomycota","Dothideomycetes","uncl_Dothideomycetes","uncl_Dothideomycetes","uncl_Dothideomycetes","uncl_Dothideomycetes"
"Fungi","Ascomycota","Sordariomycetes","uncl_Sordariomycetes","uncl_Sordariomycetes","uncl_Sordariomycetes","uncl_Sordariomycetes"
"Fungi","Ascomycota","Orbiliomycetes","uncl_Orbiliomycetes","uncl_Orbiliomycetes","uncl_Orbiliomycetes","uncl_Orbiliomycetes"
"Fungi","Ascomycota","uncl_Ascomycota","uncl_Ascomycota","uncl_Ascomycota","uncl_Ascomycota","uncl_Ascomycota"
"Fungi","Ascomycota","Dothideomycetes","uncl_Dothideomycetes","uncl_Dothideomycetes","uncl_Dothideomycetes","uncl_Dothideomycetes"
"Fungi","Ascomycota","Dothideomycetes","uncl_Dothideomycetes","uncl_Dothideomycetes","uncl_Dothideomycetes","uncl_Dothideomycetes"
"Fungi","Ascomycota","Dothideomycetes","Pleosporales","uncl_Pleosporales","uncl_Pleosporales","uncl_Pleosporales"
"Fungi","Ascomycota","Sordariomycetes","Hypocreales","uncl_Hypocreales","uncl_Hypocreales","uncl_Hypocreales"
"Fungi","Ascomycota","uncl_Ascomycota","uncl_Ascomycota","uncl_Ascomycota","uncl_Ascomycota","uncl_Ascomycota"
"Fungi","Ascomycota","Sordariomycetes","Sordariales","uncl_Sordariales","uncl_Sordariales","uncl_Sordariales"
"Fungi","Ascomycota","uncl_Ascomycota","uncl_Ascomycota","uncl_Ascomycota","uncl_Ascomycota","uncl_Ascomycota"
"Fungi","Ascomycota","Dothideomycetes","Pleosporales","Phaeosphaeriaceae","uncl_Phaeosphaeriaceae","uncl_Phaeosphaeriaceae"
"Fungi","Ascomycota","Dothideomycetes","uncl_Dothideomycetes","uncl_Dothideomycetes","uncl_Dothideomycetes","uncl_Dothideomycetes"
"Fungi","Ascomycota","Dothideomycetes","Pleosporales","Melanommataceae","uncl_Melanommataceae","uncl_Melanommataceae"
"Fungi","Ascomycota","uncl_Ascomycota","uncl_Ascomycota","uncl_Ascomycota","uncl_Ascomycota","uncl_Ascomycota"
"Fungi","Basidiomycota","Agaricomycetes","Agaricales","Mycenaceae","Mycena","uncl_Mycena"
"Fungi","Basidiomycota","Agaricomycetes","uncl_Agaricomycetes","uncl_Agaricomycetes","uncl_Agaricomycetes","uncl_Agaricomycetes"
"Fungi","Ascomycota","Leotiomycetes","Helotiales","Hyaloscyphaceae","uncl_Hyaloscyphaceae","uncl_Hyaloscyphaceae"
"Fungi","Ascomycota","uncl_Ascomycota","uncl_Ascomycota","uncl_Ascomycota","uncl_Ascomycota","uncl_Ascomycota"
"Fungi","Ascomycota","Sordariomycetes","Xylariales","uncl_Xylariales","uncl_Xylariales","uncl_Xylariales"
"Fungi","Ascomycota","uncl_Ascomycota","uncl_Ascomycota","uncl_Ascomycota","uncl_Ascomycota","uncl_Ascomycota"
"Fungi","Basidiomycota","Agaricomycetes","Agaricales","uncl_Agaricales","uncl_Agaricales","uncl_Agaricales"
"Fungi","Ascomycota","Dothideomycetes","Capnodiales","uncl_Capnodiales","uncl_Capnodiales","uncl_Capnodiales"
"Fungi","Basidiomycota","Agaricomycetes","Russulales","Russulaceae","Russula","uncl_Russula"
"Fungi","Ascomycota","Dothideomycetes","Pleosporales","uncl_Pleosporales","uncl_Pleosporales","uncl_Pleosporales"
"Fungi","Ascomycota","Dothideomycetes","uncl_Dothideomycetes","uncl_Dothideomycetes","uncl_Dothideomycetes","uncl_Dothideomycetes"
"Fungi","Mucoromycota","Glomeromycetes","Glomerales","Glomeraceae","uncl_Glomeraceae","uncl_Glomeraceae"
"Fungi","Ascomycota","Dothideomycetes","uncl_Dothideomycetes","uncl_Dothideomycetes","uncl_Dothideomycetes","uncl_Dothideomycetes"
"Fungi","Basidiomycota","Agaricomycetes","Agaricales","Strophariaceae","uncl_Strophariaceae","uncl_Strophariaceae"
"Fungi","Basidiomycota","Agaricomycetes","Agaricales","Mycenaceae","Mycena","uncl_Mycena"
"Fungi","Ascomycota","Eurotiomycetes","Chaetothyriales","Herpotrichiellaceae","uncl_Herpotrichiellaceae","uncl_Herpotrichiellaceae"
"Fungi","Basidiomycota","Agaricomycetes","Hymenochaetales","Hymenochaetaceae","Hymenochaete","uncl_Hymenochaete"
"Fungi","Ascomycota","Sordariomycetes","Hypocreales","uncl_Hypocreales","uncl_Hypocreales","uncl_Hypocreales"
"Fungi","Ascomycota","Dothideomycetes","Pleosporales","uncl_Pleosporales","uncl_Pleosporales","uncl_Pleosporales"
"Fungi","Ascomycota","Dothideomycetes","Pleosporales","uncl_Pleosporales","uncl_Pleosporales","uncl_Pleosporales"
"Fungi","Ascomycota","Sordariomycetes","Hypocreales","Stachybotryaceae","uncl_Stachybotryaceae","uncl_Stachybotryaceae"
"Fungi","Ascomycota","uncl_Ascomycota","uncl_Ascomycota","uncl_Ascomycota","uncl_Ascomycota","uncl_Ascomycota"
"Fungi","Ascomycota","Leotiomycetes","Helotiales","Hyaloscyphaceae","uncl_Hyaloscyphaceae","uncl_Hyaloscyphaceae"
"Fungi","Basidiomycota","Agaricomycetes","Phallales","Phallaceae","uncl_Phallaceae","uncl_Phallaceae"
"Fungi","Basidiomycota","Agaricomycetes","Agaricales","uncl_Agaricales","uncl_Agaricales","uncl_Agaricales"
"Fungi","Basidiomycota","Agaricomycetes","Agaricales","uncl_Agaricales","uncl_Agaricales","uncl_Agaricales"
"Fungi","Ascomycota","Sordariomycetes","uncl_Sordariomycetes","uncl_Sordariomycetes","uncl_Sordariomycetes","uncl_Sordariomycetes"
"Fungi","Ascomycota","Dothideomycetes","Pleosporales","Lentitheciaceae","Darksidea","uncl_Darksidea"
"Fungi","Basidiomycota","Tremellomycetes","Tremellales","Bulleribasidiaceae","Vishniacozyma","uncl_Vishniacozyma"
"Fungi","Basidiomycota","Agaricomycetes","uncl_Agaricomycetes","uncl_Agaricomycetes","uncl_Agaricomycetes","uncl_Agaricomycetes"
"Fungi","Basidiomycota","Tremellomycetes","Tremellales","Phaeotremellaceae","Gelidatrema","uncl_Gelidatrema"
"Fungi","Basidiomycota","Agaricomycetes","Cantharellales","Hydnaceae","Sistotrema","uncl_Sistotrema"
"Fungi","Ascomycota","Dothideomycetes","Pleosporales","uncl_Pleosporales","uncl_Pleosporales","uncl_Pleosporales"
"Fungi","Ascomycota","Dothideomycetes","Pleosporales","Didymosphaeriaceae","uncl_Didymosphaeriaceae","uncl_Didymosphaeriaceae"
"Fungi","Ascomycota","uncl_Ascomycota","uncl_Ascomycota","uncl_Ascomycota","uncl_Ascomycota","uncl_Ascomycota"
"Fungi","Ascomycota","Dothideomycetes","Pleosporales","Pleosporales_fam_Incertae_sedis","Aaosphaeria","Aaosphaeria_arxii"
"Fungi","Mucoromycota","Mucoromycetes","Mucorales","Cunninghamellaceae","uncl_Cunninghamellaceae","uncl_Cunninghamellaceae"
"Fungi","Ascomycota","Sordariomycetes","Hypocreales","Nectriaceae","Fusarium","uncl_Fusarium"
"Fungi","Ascomycota","Sordariomycetes","uncl_Sordariomycetes","uncl_Sordariomycetes","uncl_Sordariomycetes","uncl_Sordariomycetes"
"Fungi","Mucoromycota","Glomeromycetes","Glomerales","Glomeraceae","uncl_Glomeraceae","uncl_Glomeraceae"
"Fungi","Ascomycota","uncl_Ascomycota","uncl_Ascomycota","uncl_Ascomycota","uncl_Ascomycota","uncl_Ascomycota"
"Fungi","Ascomycota","uncl_Ascomycota","uncl_Ascomycota","uncl_Ascomycota","uncl_Ascomycota","uncl_Ascomycota"
"Fungi","Ascomycota","Sordariomycetes","Hypocreales","Nectriaceae","uncl_Nectriaceae","uncl_Nectriaceae"
"Fungi","Basidiomycota","Tremellomycetes","Filobasidiales","Filobasidiaceae","Filobasidium","uncl_Filobasidium"
"Fungi","Ascomycota","Sordariomycetes","Hypocreales","Nectriaceae","Fusarium","uncl_Fusarium"
"Fungi","Ascomycota","Sordariomycetes","Hypocreales","Hypocreaceae","Trichoderma","uncl_Trichoderma"
"Fungi","Basidiomycota","Agaricomycetes","Trechisporales","uncl_Trechisporales","uncl_Trechisporales","uncl_Trechisporales"
"Fungi","Ascomycota","Dothideomycetes","Pleosporales","uncl_Pleosporales","uncl_Pleosporales","uncl_Pleosporales"
"Fungi","Ascomycota","Dothideomycetes","Pleosporales","Pleosporaceae","uncl_Pleosporaceae","uncl_Pleosporaceae"
"Fungi","Ascomycota","Dothideomycetes","uncl_Dothideomycetes","uncl_Dothideomycetes","uncl_Dothideomycetes","uncl_Dothideomycetes"
"Fungi","Basidiomycota","Agaricostilbomycetes","Agaricostilbales","Chionosphaeraceae","Kurtzmanomyces","uncl_Kurtzmanomyces"
"Fungi","Basidiomycota","Agaricomycetes","Agaricales","Psathyrellaceae","Coprinopsis","uncl_Coprinopsis"
"Fungi","Basidiomycota","Agaricomycetes","Agaricales","uncl_Agaricales","uncl_Agaricales","uncl_Agaricales"
"Fungi","Ascomycota","Dothideomycetes","uncl_Dothideomycetes","uncl_Dothideomycetes","uncl_Dothideomycetes","uncl_Dothideomycetes"
"Fungi","Basidiomycota","Agaricomycetes","Agaricales","uncl_Agaricales","uncl_Agaricales","uncl_Agaricales"
"Fungi","Ascomycota","Dothideomycetes","Pleosporales","uncl_Pleosporales","uncl_Pleosporales","uncl_Pleosporales"
"Fungi","Ascomycota","uncl_Ascomycota","uncl_Ascomycota","uncl_Ascomycota","uncl_Ascomycota","uncl_Ascomycota"
"Fungi","Ascomycota","Sordariomycetes","uncl_Sordariomycetes","uncl_Sordariomycetes","uncl_Sordariomycetes","uncl_Sordariomycetes"
"Fungi","Ascomycota","Sordariomycetes","Magnaporthales","uncl_Magnaporthales","uncl_Magnaporthales","uncl_Magnaporthales"
"Fungi","Ascomycota","uncl_Ascomycota","uncl_Ascomycota","uncl_Ascomycota","uncl_Ascomycota","uncl_Ascomycota"
"Fungi","Basidiomycota","Agaricomycetes","Auriculariales","uncl_Auriculariales","uncl_Auriculariales","uncl_Auriculariales"
"Fungi","Basidiomycota","Agaricomycetes","Russulales","Russulaceae","Russula","uncl_Russula"
"Fungi","Basidiomycota","Agaricomycetes","Agaricales","Mycenaceae","Mycena","uncl_Mycena"
"Fungi","Ascomycota","Sordariomycetes","Sordariales","uncl_Sordariales","uncl_Sordariales","uncl_Sordariales"
"Fungi","Ascomycota","uncl_Ascomycota","uncl_Ascomycota","uncl_Ascomycota","uncl_Ascomycota","uncl_Ascomycota"
"Fungi","Ascomycota","uncl_Ascomycota","uncl_Ascomycota","uncl_Ascomycota","uncl_Ascomycota","uncl_Ascomycota"
"Fungi","Ascomycota","Dothideomycetes","Pleosporales","Phaeosphaeriaceae","uncl_Phaeosphaeriaceae","uncl_Phaeosphaeriaceae"
"Fungi","Ascomycota","uncl_Ascomycota","uncl_Ascomycota","uncl_Ascomycota","uncl_Ascomycota","uncl_Ascomycota"
"Fungi","Ascomycota","Leotiomycetes","Helotiales","uncl_Helotiales","uncl_Helotiales","uncl_Helotiales"
"Fungi","Basidiomycota","Agaricomycetes","Agaricales","Entolomataceae","Clitopilus","uncl_Clitopilus"
"Fungi","Basidiomycota","Agaricomycetes","Auriculariales","Auriculariales_fam_Incertae_sedis","uncl_Auriculariales_fam_Incertae_sedis","uncl_Auriculariales_fam_Incertae_sedis"
"Fungi","Ascomycota","Arthoniomycetes","Lichenostigmatales","Phaeococcomycetaceae","Phaeococcomyces","Phaeococcomyces_mexicanus"
"Fungi","Ascomycota","uncl_Ascomycota","uncl_Ascomycota","uncl_Ascomycota","uncl_Ascomycota","uncl_Ascomycota"
"Fungi","Ascomycota","Dothideomycetes","Pleosporales","Sporormiaceae","Sparticola","Sparticola_juncei"
"Fungi","Basidiomycota","Tremellomycetes","Tremellales","uncl_Tremellales","uncl_Tremellales","uncl_Tremellales"
"Fungi","Basidiomycota","Agaricomycetes","uncl_Agaricomycetes","uncl_Agaricomycetes","uncl_Agaricomycetes","uncl_Agaricomycetes"
"Fungi","Basidiomycota","Cystobasidiomycetes","Sakaguchiales","uncl_Sakaguchiales","uncl_Sakaguchiales","uncl_Sakaguchiales"
"Fungi","Ascomycota","Orbiliomycetes","Orbiliales","uncl_Orbiliales","uncl_Orbiliales","uncl_Orbiliales"
"Fungi","Basidiomycota","uncl_Basidiomycota","uncl_Basidiomycota","uncl_Basidiomycota","uncl_Basidiomycota","uncl_Basidiomycota"
"Fungi","Ascomycota","uncl_Ascomycota","uncl_Ascomycota","uncl_Ascomycota","uncl_Ascomycota","uncl_Ascomycota"
"Fungi","Ascomycota","Dothideomycetes","Pleosporales","Pleosporaceae","Pleospora","Pleospora_leptosphaerulinoides"
"Fungi","Basidiomycota","Agaricomycetes","Agaricales","Bolbitiaceae","Conocybe","Conocybe_deliquescens"
"Fungi","Basidiomycota","Cystobasidiomycetes","uncl_Cystobasidiomycetes","uncl_Cystobasidiomycetes","uncl_Cystobasidiomycetes","uncl_Cystobasidiomycetes"
"Fungi","Ascomycota","Dothideomycetes","Pleosporales","uncl_Pleosporales","uncl_Pleosporales","uncl_Pleosporales"
"Fungi","Ascomycota","Lecanoromycetes","Ostropales","Gomphillaceae","Corticifraga","Corticifraga_peltigerae"
"Fungi","Ascomycota","Dothideomycetes","Pleosporales","uncl_Pleosporales","uncl_Pleosporales","uncl_Pleosporales"
"Fungi","Basidiomycota","Agaricomycetes","Agaricales","uncl_Agaricales","uncl_Agaricales","uncl_Agaricales"
"Fungi","Basidiomycota","Agaricomycetes","Trechisporales","Hydnodontaceae","Trechispora","uncl_Trechispora"
"Fungi","Ascomycota","Orbiliomycetes","uncl_Orbiliomycetes","uncl_Orbiliomycetes","uncl_Orbiliomycetes","uncl_Orbiliomycetes"
"Fungi","Ascomycota","Dothideomycetes","Pleosporales","Lentitheciaceae","Keissleriella","uncl_Keissleriella"
"Fungi","Ascomycota","Eurotiomycetes","Chaetothyriales","uncl_Chaetothyriales","uncl_Chaetothyriales","uncl_Chaetothyriales"
"Fungi","Mucoromycota","Glomeromycetes","Glomerales","Glomeraceae","uncl_Glomeraceae","uncl_Glomeraceae"
"Fungi","Ascomycota","Sordariomycetes","Hypocreales","uncl_Hypocreales","uncl_Hypocreales","uncl_Hypocreales"
"Fungi","Ascomycota","uncl_Ascomycota","uncl_Ascomycota","uncl_Ascomycota","uncl_Ascomycota","uncl_Ascomycota"
"Fungi","Basidiomycota","Agaricomycetes","Auriculariales","Auriculariales_fam_Incertae_sedis","Oliveonia","uncl_Oliveonia"
"Fungi","Ascomycota","Dothideomycetes","Dothideomycetes_ord_Incertae_sedis","uncl_Dothideomycetes_ord_Incertae_sedis","uncl_Dothideomycetes_ord_Incertae_sedis","uncl_Dothideomycetes_ord_Incertae_sedis"
"Fungi","Ascomycota","Dothideomycetes","Pleosporales","uncl_Pleosporales","uncl_Pleosporales","uncl_Pleosporales"
"Fungi","Ascomycota","Sordariomycetes","uncl_Sordariomycetes","uncl_Sordariomycetes","uncl_Sordariomycetes","uncl_Sordariomycetes"
"Fungi","Ascomycota","Eurotiomycetes","Chaetothyriales","uncl_Chaetothyriales","uncl_Chaetothyriales","uncl_Chaetothyriales"
"Fungi","Ascomycota","Dothideomycetes","Pleosporales","uncl_Pleosporales","uncl_Pleosporales","uncl_Pleosporales"
"Fungi","Ascomycota","uncl_Ascomycota","uncl_Ascomycota","uncl_Ascomycota","uncl_Ascomycota","uncl_Ascomycota"
"Fungi","Ascomycota","Dothideomycetes","Capnodiales","uncl_Capnodiales","uncl_Capnodiales","uncl_Capnodiales"
"Fungi","Ascomycota","Dothideomycetes","Pleosporales","uncl_Pleosporales","uncl_Pleosporales","uncl_Pleosporales"
"Fungi","Basidiomycota","Cystobasidiomycetes","Cystobasidiomycetes_ord_Incertae_sedis","Symmetrosporaceae","Symmetrospora","Symmetrospora_gracilis"
"Fungi","Ascomycota","Sordariomycetes","uncl_Sordariomycetes","uncl_Sordariomycetes","uncl_Sordariomycetes","uncl_Sordariomycetes"
"Fungi","Mucoromycota","Glomeromycetes","Glomerales","Glomeraceae","uncl_Glomeraceae","uncl_Glomeraceae"
"Fungi","Ascomycota","uncl_Ascomycota","uncl_Ascomycota","uncl_Ascomycota","uncl_Ascomycota","uncl_Ascomycota"
"Fungi","Ascomycota","Eurotiomycetes","Chaetothyriales","uncl_Chaetothyriales","uncl_Chaetothyriales","uncl_Chaetothyriales"
"Fungi","Ascomycota","Dothideomycetes","Pleosporales","uncl_Pleosporales","uncl_Pleosporales","uncl_Pleosporales"
"Fungi","Ascomycota","uncl_Ascomycota","uncl_Ascomycota","uncl_Ascomycota","uncl_Ascomycota","uncl_Ascomycota"
"Fungi","Basidiomycota","Agaricomycetes","Agaricales","Strophariaceae","Agrocybe","uncl_Agrocybe"
"Fungi","Ascomycota","Dothideomycetes","uncl_Dothideomycetes","uncl_Dothideomycetes","uncl_Dothideomycetes","uncl_Dothideomycetes"
"Fungi","Ascomycota","Dothideomycetes","Mycosphaerellales","Teratosphaeriaceae","Lapidomyces","uncl_Lapidomyces"
"Fungi","Ascomycota","Dothideomycetes","Pleosporales","Phaeosphaeriaceae","uncl_Phaeosphaeriaceae","uncl_Phaeosphaeriaceae"
"Fungi","Mucoromycota","Glomeromycetes","Glomerales","Glomeraceae","uncl_Glomeraceae","uncl_Glomeraceae"
"Fungi","Basidiomycota","Agaricomycetes","Agaricales","Amanitaceae","Amanita","uncl_Amanita"
"Fungi","Ascomycota","Dothideomycetes","uncl_Dothideomycetes","uncl_Dothideomycetes","uncl_Dothideomycetes","uncl_Dothideomycetes"
"Fungi","Ascomycota","Dothideomycetes","Pleosporales","Paradictyoarthriniaceae","uncl_Paradictyoarthriniaceae","uncl_Paradictyoarthriniaceae"
"Fungi","Ascomycota","Dothideomycetes","Capnodiales","Neodevriesiaceae","uncl_Neodevriesiaceae","uncl_Neodevriesiaceae"
"Fungi","Ascomycota","Sordariomycetes","uncl_Sordariomycetes","uncl_Sordariomycetes","uncl_Sordariomycetes","uncl_Sordariomycetes"
"Fungi","Ascomycota","Sordariomycetes","uncl_Sordariomycetes","uncl_Sordariomycetes","uncl_Sordariomycetes","uncl_Sordariomycetes"
"Fungi","Ascomycota","Leotiomycetes","Helotiales","Hyaloscyphaceae","uncl_Hyaloscyphaceae","uncl_Hyaloscyphaceae"
"Fungi","Ascomycota","Dothideomycetes","Pleosporales","uncl_Pleosporales","uncl_Pleosporales","uncl_Pleosporales"
"Fungi","Ascomycota","Dothideomycetes","Capnodiales","Cladosporiaceae","Toxicocladosporium","uncl_Toxicocladosporium"
"Fungi","Basidiomycota","Tremellomycetes","Tremellales","Bulleraceae","Genolevuria","uncl_Genolevuria"
"Fungi","Ascomycota","uncl_Ascomycota","uncl_Ascomycota","uncl_Ascomycota","uncl_Ascomycota","uncl_Ascomycota"
"Fungi","Mucoromycota","Glomeromycetes","Glomerales","Glomeraceae","uncl_Glomeraceae","uncl_Glomeraceae"
"Fungi","Basidiomycota","Agaricomycetes","Agaricales","uncl_Agaricales","uncl_Agaricales","uncl_Agaricales"
"Fungi","Ascomycota","Dothideomycetes","Pleosporales","uncl_Pleosporales","uncl_Pleosporales","uncl_Pleosporales"
"Fungi","Basidiomycota","Agaricomycetes","Agaricales","uncl_Agaricales","uncl_Agaricales","uncl_Agaricales"
"Fungi","Basidiomycota","Agaricomycetes","Agaricales","Entolomataceae","Clitopilus","uncl_Clitopilus"
"Fungi","Ascomycota","Sordariomycetes","Hypocreales","uncl_Hypocreales","uncl_Hypocreales","uncl_Hypocreales"
"Fungi","Basidiomycota","Agaricomycetes","Agaricales","uncl_Agaricales","uncl_Agaricales","uncl_Agaricales"
"Fungi","Chytridiomycota","Rhizophlyctidomycetes","Rhizophlyctidales","Rhizophlyctidaceae","uncl_Rhizophlyctidaceae","uncl_Rhizophlyctidaceae"
"Fungi","Basidiomycota","Agaricomycetes","Agaricales","Entolomataceae","Entoloma","uncl_Entoloma"
"Fungi","Ascomycota","Leotiomycetes","Helotiales","uncl_Helotiales","uncl_Helotiales","uncl_Helotiales"
"Fungi","Ascomycota","Sordariomycetes","Hypocreales","Stachybotryaceae","Striaticonidium","uncl_Striaticonidium"
"Fungi","Ascomycota","uncl_Ascomycota","uncl_Ascomycota","uncl_Ascomycota","uncl_Ascomycota","uncl_Ascomycota"
"Fungi","Ascomycota","Dothideomycetes","Pleosporales","uncl_Pleosporales","uncl_Pleosporales","uncl_Pleosporales"
"Fungi","Mucoromycota","Glomeromycetes","Glomerales","Glomeraceae","uncl_Glomeraceae","uncl_Glomeraceae"
"Fungi","Basidiomycota","Agaricomycetes","Agaricales","uncl_Agaricales","uncl_Agaricales","uncl_Agaricales"
"Fungi","Mucoromycota","Glomeromycetes","Glomerales","Glomeraceae","uncl_Glomeraceae","uncl_Glomeraceae"
"Fungi","Chytridiomycota","Rhizophlyctidomycetes","Rhizophlyctidales","Rhizophlyctidaceae","Rhizophlyctis","uncl_Rhizophlyctis"
"Fungi","Mucoromycota","Glomeromycetes","Glomerales","Glomeraceae","uncl_Glomeraceae","uncl_Glomeraceae"
"Fungi","Chytridiomycota","Rhizophlyctidomycetes","Rhizophlyctidales","Rhizophlyctidaceae","Rhizophlyctis","uncl_Rhizophlyctis"
"Fungi","Chytridiomycota","Rhizophlyctidomycetes","Rhizophlyctidales","Rhizophlyctidaceae","Rhizophlyctis","uncl_Rhizophlyctis"
"Fungi","Ascomycota","Dothideomycetes","Pleosporales","uncl_Pleosporales","uncl_Pleosporales","uncl_Pleosporales"
"Fungi","Ascomycota","Sordariomycetes","Hypocreales","uncl_Hypocreales","uncl_Hypocreales","uncl_Hypocreales"
"Fungi","Chytridiomycota","Rhizophlyctidomycetes","Rhizophlyctidales","Rhizophlyctidaceae","uncl_Rhizophlyctidaceae","uncl_Rhizophlyctidaceae"
"Fungi","Mucoromycota","Glomeromycetes","Glomerales","Glomeraceae","uncl_Glomeraceae","uncl_Glomeraceae"
"Fungi","Ascomycota","Sordariomycetes","Hypocreales","Clavicipitaceae","uncl_Clavicipitaceae","uncl_Clavicipitaceae"
"Fungi","Chytridiomycota","Rhizophlyctidomycetes","Rhizophlyctidales","Rhizophlyctidaceae","Rhizophlyctis","uncl_Rhizophlyctis"
"Fungi","Ascomycota","Sordariomycetes","Sordariales","uncl_Sordariales","uncl_Sordariales","uncl_Sordariales"
"Fungi","Chytridiomycota","Spizellomycetes","Spizellomycetales","Powellomycetaceae","Powellomyces","uncl_Powellomyces"
"Fungi","Ascomycota","Dothideomycetes","uncl_Dothideomycetes","uncl_Dothideomycetes","uncl_Dothideomycetes","uncl_Dothideomycetes"
"Fungi","Mucoromycota","uncl_Mucoromycota","uncl_Mucoromycota","uncl_Mucoromycota","uncl_Mucoromycota","uncl_Mucoromycota"
"Fungi","Ascomycota","Dothideomycetes","uncl_Dothideomycetes","uncl_Dothideomycetes","uncl_Dothideomycetes","uncl_Dothideomycetes"
"Fungi","Ascomycota","Sordariomycetes","Sordariales","Chaetomiaceae","uncl_Chaetomiaceae","uncl_Chaetomiaceae"
"Fungi","Ascomycota","Dothideomycetes","Pleosporales","Pleosporaceae","uncl_Pleosporaceae","uncl_Pleosporaceae"
"Fungi","Ascomycota","Dothideomycetes","uncl_Dothideomycetes","uncl_Dothideomycetes","uncl_Dothideomycetes","uncl_Dothideomycetes"
"Fungi","Basidiomycota","Agaricomycetes","Agaricales","Psathyrellaceae","Parasola","Parasola_malakandensis"
"Fungi","Basidiomycota","Malasseziomycetes","Malasseziales","Malasseziaceae","Malassezia","uncl_Malassezia"
"Fungi","Ascomycota","uncl_Ascomycota","uncl_Ascomycota","uncl_Ascomycota","uncl_Ascomycota","uncl_Ascomycota"
"Fungi","Ascomycota","uncl_Ascomycota","uncl_Ascomycota","uncl_Ascomycota","uncl_Ascomycota","uncl_Ascomycota"
"Fungi","Basidiomycota","Agaricomycetes","Agaricales","Entolomataceae","Entoloma","uncl_Entoloma"
"Fungi","Ascomycota","Orbiliomycetes","Orbiliales","Orbiliaceae","Orbilia","Orbilia_cylindrosoma"
"Fungi","Chytridiomycota","Spizellomycetes","Spizellomycetales","uncl_Spizellomycetales","uncl_Spizellomycetales","uncl_Spizellomycetales"
"Fungi","Ascomycota","Dothideomycetes","Pleosporales","Pleosporaceae","Alternaria","uncl_Alternaria"
"Fungi","Ascomycota","Dothideomycetes","Pleosporales","Didymosphaeriaceae","uncl_Didymosphaeriaceae","uncl_Didymosphaeriaceae"
"Fungi","Mucoromycota","Glomeromycetes","Glomerales","Glomeraceae","uncl_Glomeraceae","uncl_Glomeraceae"
"Fungi","Chytridiomycota","Rhizophlyctidomycetes","Rhizophlyctidales","Rhizophlyctidaceae","uncl_Rhizophlyctidaceae","uncl_Rhizophlyctidaceae"
"Fungi","Ascomycota","Dothideomycetes","Pleosporales","uncl_Pleosporales","uncl_Pleosporales","uncl_Pleosporales"
"Fungi","Basidiomycota","Agaricomycetes","Agaricales","uncl_Agaricales","uncl_Agaricales","uncl_Agaricales"
"Fungi","Ascomycota","uncl_Ascomycota","uncl_Ascomycota","uncl_Ascomycota","uncl_Ascomycota","uncl_Ascomycota"
"Fungi","Basidiomycota","Agaricomycetes","Agaricales","uncl_Agaricales","uncl_Agaricales","uncl_Agaricales"
"Fungi","Ascomycota","Dothideomycetes","Pleosporales","uncl_Pleosporales","uncl_Pleosporales","uncl_Pleosporales"
"Fungi","Ascomycota","Leotiomycetes","Helotiales","Ploettnerulaceae","uncl_Ploettnerulaceae","uncl_Ploettnerulaceae"
"Fungi","Ascomycota","Sordariomycetes","uncl_Sordariomycetes","uncl_Sordariomycetes","uncl_Sordariomycetes","uncl_Sordariomycetes"
"Fungi","Basidiomycota","Agaricomycetes","Tremellodendropsidales","uncl_Tremellodendropsidales","uncl_Tremellodendropsidales","uncl_Tremellodendropsidales"
"Fungi","Basidiomycota","Agaricomycetes","Agaricales","uncl_Agaricales","uncl_Agaricales","uncl_Agaricales"
"Fungi","Basidiomycota","Agaricomycetes","Cantharellales","Ceratobasidiaceae","uncl_Ceratobasidiaceae","uncl_Ceratobasidiaceae"
"Fungi","Basidiomycota","uncl_Basidiomycota","uncl_Basidiomycota","uncl_Basidiomycota","uncl_Basidiomycota","uncl_Basidiomycota"
"Fungi","Basidiomycota","Agaricomycetes","Agaricales","uncl_Agaricales","uncl_Agaricales","uncl_Agaricales"
"Fungi","Basidiomycota","Agaricomycetes","Agaricales","uncl_Agaricales","uncl_Agaricales","uncl_Agaricales"
"Fungi","Ascomycota","Orbiliomycetes","Orbiliales","Orbiliaceae","uncl_Orbiliaceae","uncl_Orbiliaceae"
"Fungi","Ascomycota","Leotiomycetes","uncl_Leotiomycetes","uncl_Leotiomycetes","uncl_Leotiomycetes","uncl_Leotiomycetes"
"Fungi","Ascomycota","Dothideomycetes","uncl_Dothideomycetes","uncl_Dothideomycetes","uncl_Dothideomycetes","uncl_Dothideomycetes"
"Fungi","Ascomycota","Dothideomycetes","Pleosporales","uncl_Pleosporales","uncl_Pleosporales","uncl_Pleosporales"
"Fungi","Basidiomycota","Agaricomycetes","uncl_Agaricomycetes","uncl_Agaricomycetes","uncl_Agaricomycetes","uncl_Agaricomycetes"
"Fungi","Ascomycota","Dothideomycetes","Pleosporales","Periconiaceae","Periconia","Periconia_neobrittanica"
"Fungi","Basidiomycota","Tremellomycetes","Tremellales","Cuniculitremaceae","uncl_Cuniculitremaceae","uncl_Cuniculitremaceae"
"Fungi","Ascomycota","Pezizomycetes","Pezizales","Pezizaceae","Eremiomyces","uncl_Eremiomyces"
"Fungi","Ascomycota","Dothideomycetes","Pleosporales","Lophiostomataceae","Lophiostoma","uncl_Lophiostoma"
"Fungi","Basidiomycota","Agaricomycetes","Agaricales","uncl_Agaricales","uncl_Agaricales","uncl_Agaricales"
"Fungi","Ascomycota","uncl_Ascomycota","uncl_Ascomycota","uncl_Ascomycota","uncl_Ascomycota","uncl_Ascomycota"
"Fungi","Ascomycota","Sordariomycetes","Sordariales","Helminthosphaeriaceae","uncl_Helminthosphaeriaceae","uncl_Helminthosphaeriaceae"
"Fungi","Ascomycota","Dothideomycetes","Pleosporales","uncl_Pleosporales","uncl_Pleosporales","uncl_Pleosporales"
"Fungi","Basidiomycota","Agaricomycetes","Polyporales","uncl_Polyporales","uncl_Polyporales","uncl_Polyporales"
"Fungi","Ascomycota","uncl_Ascomycota","uncl_Ascomycota","uncl_Ascomycota","uncl_Ascomycota","uncl_Ascomycota"
"Fungi","Chytridiomycota","Rhizophlyctidomycetes","Rhizophlyctidales","uncl_Rhizophlyctidales","uncl_Rhizophlyctidales","uncl_Rhizophlyctidales"
"Fungi","Ascomycota","Dothideomycetes","Pleosporales","Teichosporaceae","Teichospora","Teichospora_viticola"
"Fungi","Ascomycota","Dothideomycetes","Venturiales","uncl_Venturiales","uncl_Venturiales","uncl_Venturiales"
"Fungi","Ascomycota","Dothideomycetes","Pleosporales","uncl_Pleosporales","uncl_Pleosporales","uncl_Pleosporales"
"Fungi","Ascomycota","uncl_Ascomycota","uncl_Ascomycota","uncl_Ascomycota","uncl_Ascomycota","uncl_Ascomycota"
"Fungi","Ascomycota","uncl_Ascomycota","uncl_Ascomycota","uncl_Ascomycota","uncl_Ascomycota","uncl_Ascomycota"
"Fungi","Ascomycota","uncl_Ascomycota","uncl_Ascomycota","uncl_Ascomycota","uncl_Ascomycota","uncl_Ascomycota"
"Fungi","Ascomycota","Sordariomycetes","Xylariales","Xylariaceae","Xylaria","uncl_Xylaria"
"Fungi","Ascomycota","Leotiomycetes","uncl_Leotiomycetes","uncl_Leotiomycetes","uncl_Leotiomycetes","uncl_Leotiomycetes"
"Fungi","Mucoromycota","Glomeromycetes","uncl_Glomeromycetes","uncl_Glomeromycetes","uncl_Glomeromycetes","uncl_Glomeromycetes"
"Fungi","Ascomycota","Sordariomycetes","uncl_Sordariomycetes","uncl_Sordariomycetes","uncl_Sordariomycetes","uncl_Sordariomycetes"
"Fungi","Ascomycota","Dothideomycetes","Pleosporales","uncl_Pleosporales","uncl_Pleosporales","uncl_Pleosporales"
"Fungi","Chytridiomycota","Spizellomycetes","Spizellomycetales","uncl_Spizellomycetales","uncl_Spizellomycetales","uncl_Spizellomycetales"
"Fungi","Ascomycota","Sordariomycetes","Magnaporthales","Magnaporthaceae","uncl_Magnaporthaceae","uncl_Magnaporthaceae"
"Fungi","Ascomycota","uncl_Ascomycota","uncl_Ascomycota","uncl_Ascomycota","uncl_Ascomycota","uncl_Ascomycota"
"Fungi","Basidiomycota","Agaricomycetes","Agaricales","Hygrophoraceae","uncl_Hygrophoraceae","uncl_Hygrophoraceae"
"Fungi","Ascomycota","uncl_Ascomycota","uncl_Ascomycota","uncl_Ascomycota","uncl_Ascomycota","uncl_Ascomycota"
"Fungi","Ascomycota","uncl_Ascomycota","uncl_Ascomycota","uncl_Ascomycota","uncl_Ascomycota","uncl_Ascomycota"
"Fungi","Basidiomycota","Agaricomycetes","Agaricales","uncl_Agaricales","uncl_Agaricales","uncl_Agaricales"
"Fungi","Basidiomycota","Agaricomycetes","Cantharellales","Ceratobasidiaceae","uncl_Ceratobasidiaceae","uncl_Ceratobasidiaceae"
"Fungi","Ascomycota","Sordariomycetes","Xylariales","uncl_Xylariales","uncl_Xylariales","uncl_Xylariales"
"Fungi","Ascomycota","uncl_Ascomycota","uncl_Ascomycota","uncl_Ascomycota","uncl_Ascomycota","uncl_Ascomycota"
"Fungi","Ascomycota","uncl_Ascomycota","uncl_Ascomycota","uncl_Ascomycota","uncl_Ascomycota","uncl_Ascomycota"
"Fungi","Ascomycota","Dothideomycetes","uncl_Dothideomycetes","uncl_Dothideomycetes","uncl_Dothideomycetes","uncl_Dothideomycetes"
"Fungi","Ascomycota","Sordariomycetes","Sordariomycetes_ord_Incertae_sedis","Junewangiaceae","uncl_Junewangiaceae","uncl_Junewangiaceae"
"Fungi","Mucoromycota","Glomeromycetes","Glomerales","Glomeraceae","Kamienskia","uncl_Kamienskia"
"Fungi","Ascomycota","Sordariomycetes","uncl_Sordariomycetes","uncl_Sordariomycetes","uncl_Sordariomycetes","uncl_Sordariomycetes"
"Fungi","Basidiomycota","Agaricomycetes","Boletales","uncl_Boletales","uncl_Boletales","uncl_Boletales"
"Fungi","Basidiomycota","Agaricomycetes","Geastrales","Geastraceae","Geastrum","Geastrum_floriforme"
"Fungi","Basidiomycota","Agaricomycetes","Cantharellales","Ceratobasidiaceae","uncl_Ceratobasidiaceae","uncl_Ceratobasidiaceae"
"Fungi","Ascomycota","Dothideomycetes","Pleosporales","Periconiaceae","Periconia","uncl_Periconia"
"Fungi","Basidiomycota","Agaricomycetes","Agaricales","Psathyrellaceae","Coprinopsis","uncl_Coprinopsis"
"Fungi","Ascomycota","Dothideomycetes","uncl_Dothideomycetes","uncl_Dothideomycetes","uncl_Dothideomycetes","uncl_Dothideomycetes"
"Fungi","Ascomycota","Sordariomycetes","Sordariales","Chaetomiaceae","uncl_Chaetomiaceae","uncl_Chaetomiaceae"
"Fungi","Basidiomycota","uncl_Basidiomycota","uncl_Basidiomycota","uncl_Basidiomycota","uncl_Basidiomycota","uncl_Basidiomycota"
"Fungi","Mucoromycota","Glomeromycetes","Glomerales","uncl_Glomerales","uncl_Glomerales","uncl_Glomerales"
"Fungi","Ascomycota","Dothideomycetes","Pleosporales","Massarinaceae","uncl_Massarinaceae","uncl_Massarinaceae"
"Fungi","Ascomycota","uncl_Ascomycota","uncl_Ascomycota","uncl_Ascomycota","uncl_Ascomycota","uncl_Ascomycota"
"Fungi","Ascomycota","Dothideomycetes","uncl_Dothideomycetes","uncl_Dothideomycetes","uncl_Dothideomycetes","uncl_Dothideomycetes"
"Fungi","Ascomycota","Sordariomycetes","Sordariales","uncl_Sordariales","uncl_Sordariales","uncl_Sordariales"
"Fungi","Ascomycota","Sordariomycetes","Sordariales","uncl_Sordariales","uncl_Sordariales","uncl_Sordariales"
"Fungi","Basidiomycota","Agaricomycetes","Russulales","Russulaceae","Lactarius","Lactarius_yazooensis"
"Fungi","Mucoromycota","Glomeromycetes","Glomerales","Glomeraceae","uncl_Glomeraceae","uncl_Glomeraceae"
"Fungi","Ascomycota","Dothideomycetes","Pleosporales","Pleosporaceae","Curvularia","Curvularia_inaequalis"
"Fungi","Ascomycota","Eurotiomycetes","Eurotiales","uncl_Eurotiales","uncl_Eurotiales","uncl_Eurotiales"
"Fungi","Mucoromycota","Glomeromycetes","Glomerales","uncl_Glomerales","uncl_Glomerales","uncl_Glomerales"
"Fungi","Mucoromycota","uncl_Mucoromycota","uncl_Mucoromycota","uncl_Mucoromycota","uncl_Mucoromycota","uncl_Mucoromycota"
"Fungi","Basidiomycota","Agaricomycetes","Russulales","Russulaceae","Russula","uncl_Russula"
"Fungi","Ascomycota","Eurotiomycetes","uncl_Eurotiomycetes","uncl_Eurotiomycetes","uncl_Eurotiomycetes","uncl_Eurotiomycetes"
"Fungi","Ascomycota","uncl_Ascomycota","uncl_Ascomycota","uncl_Ascomycota","uncl_Ascomycota","uncl_Ascomycota"
"Fungi","Ascomycota","Dothideomycetes","uncl_Dothideomycetes","uncl_Dothideomycetes","uncl_Dothideomycetes","uncl_Dothideomycetes"
"Fungi","Basidiomycota","Agaricomycetes","Geastrales","Geastraceae","Geastrum","Geastrum_floriforme"
"Fungi","Mucoromycota","uncl_Mucoromycota","uncl_Mucoromycota","uncl_Mucoromycota","uncl_Mucoromycota","uncl_Mucoromycota"
"Fungi","Basidiomycota","Agaricomycetes","Agaricales","Inocybaceae","Inocybe","uncl_Inocybe"
"Fungi","Basidiomycota","Agaricomycetes","Geastrales","Geastraceae","Geastrum","Geastrum_campestre"
"Fungi","Basidiomycota","Agaricomycetes","Sebacinales","Sebacinaceae","Sebacina","uncl_Sebacina"
"Fungi","Ascomycota","Eurotiomycetes","Chaetothyriales","uncl_Chaetothyriales","uncl_Chaetothyriales","uncl_Chaetothyriales"
"Fungi","Ascomycota","Sordariomycetes","Chaetosphaeriales","Chaetosphaeriaceae","Codinaea","uncl_Codinaea"
"Fungi","Ascomycota","Orbiliomycetes","Orbiliales","uncl_Orbiliales","uncl_Orbiliales","uncl_Orbiliales"
"Fungi","Ascomycota","Eurotiomycetes","Onygenales","uncl_Onygenales","uncl_Onygenales","uncl_Onygenales"
"Fungi","Basidiomycota","Agaricomycetes","uncl_Agaricomycetes","uncl_Agaricomycetes","uncl_Agaricomycetes","uncl_Agaricomycetes"
"Fungi","Ascomycota","Sordariomycetes","Sordariales","Lasiosphaeriaceae","uncl_Lasiosphaeriaceae","uncl_Lasiosphaeriaceae"
"Fungi","Mucoromycota","Mortierellomycetes","uncl_Mortierellomycetes","uncl_Mortierellomycetes","uncl_Mortierellomycetes","uncl_Mortierellomycetes"
"Fungi","Ascomycota","Eurotiomycetes","Chaetothyriales","uncl_Chaetothyriales","uncl_Chaetothyriales","uncl_Chaetothyriales"
"Fungi","Ascomycota","Eurotiomycetes","Chaetothyriales","Herpotrichiellaceae","Cladophialophora","uncl_Cladophialophora"
"Fungi","Ascomycota","Sordariomycetes","Diaporthales","Diaporthaceae","Diaporthe","uncl_Diaporthe"
"Fungi","Basidiomycota","Agaricomycetes","Sebacinales","Sebacinaceae","Sebacina","uncl_Sebacina"
"Fungi","Ascomycota","Eurotiomycetes","Chaetothyriales","uncl_Chaetothyriales","uncl_Chaetothyriales","uncl_Chaetothyriales"
"Fungi","Mucoromycota","Mortierellomycetes","Mortierellales","Mortierellaceae","uncl_Mortierellaceae","uncl_Mortierellaceae"
"Fungi","Ascomycota","Dothideomycetes","uncl_Dothideomycetes","uncl_Dothideomycetes","uncl_Dothideomycetes","uncl_Dothideomycetes"
"Fungi","Mucoromycota","Glomeromycetes","uncl_Glomeromycetes","uncl_Glomeromycetes","uncl_Glomeromycetes","uncl_Glomeromycetes"
"Fungi","Ascomycota","Dothideomycetes","Mycosphaerellales","uncl_Mycosphaerellales","uncl_Mycosphaerellales","uncl_Mycosphaerellales"
"Fungi","Ascomycota","Leotiomycetes","Helotiales","Hyaloscyphaceae","uncl_Hyaloscyphaceae","uncl_Hyaloscyphaceae"
"Fungi","Ascomycota","uncl_Ascomycota","uncl_Ascomycota","uncl_Ascomycota","uncl_Ascomycota","uncl_Ascomycota"
"Fungi","Ascomycota","uncl_Ascomycota","uncl_Ascomycota","uncl_Ascomycota","uncl_Ascomycota","uncl_Ascomycota"
"Fungi","Ascomycota","Sordariomycetes","Xylariales","Xylariaceae","uncl_Xylariaceae","uncl_Xylariaceae"
"Fungi","Mucoromycota","Glomeromycetes","Glomerales","uncl_Glomerales","uncl_Glomerales","uncl_Glomerales"
"Fungi","Basidiomycota","Ustilaginomycetes","uncl_Ustilaginomycetes","uncl_Ustilaginomycetes","uncl_Ustilaginomycetes","uncl_Ustilaginomycetes"
"Fungi","Basidiomycota","Agaricomycetes","Agaricales","Entolomataceae","Clitopilus","uncl_Clitopilus"
"Fungi","Ascomycota","Sordariomycetes","Hypocreales","Hypocreaceae","uncl_Hypocreaceae","uncl_Hypocreaceae"
"Fungi","Mucoromycota","Glomeromycetes","uncl_Glomeromycetes","uncl_Glomeromycetes","uncl_Glomeromycetes","uncl_Glomeromycetes"
"Fungi","Basidiomycota","Agaricomycetes","Agaricales","Agaricaceae","Agaricus","uncl_Agaricus"
"Fungi","Ascomycota","Sordariomycetes","uncl_Sordariomycetes","uncl_Sordariomycetes","uncl_Sordariomycetes","uncl_Sordariomycetes"
"Fungi","Ascomycota","Dothideomycetes","Pleosporales","Sporormiaceae","Preussia","uncl_Preussia"
"Fungi","Ascomycota","Dothideomycetes","Pleosporales","uncl_Pleosporales","uncl_Pleosporales","uncl_Pleosporales"
"Fungi","Basidiomycota","Agaricomycetes","Cantharellales","uncl_Cantharellales","uncl_Cantharellales","uncl_Cantharellales"
"Fungi","Ascomycota","Eurotiomycetes","Chaetothyriales","Herpotrichiellaceae","uncl_Herpotrichiellaceae","uncl_Herpotrichiellaceae"
"Fungi","Basidiomycota","uncl_Basidiomycota","uncl_Basidiomycota","uncl_Basidiomycota","uncl_Basidiomycota","uncl_Basidiomycota"
"Fungi","Basidiomycota","Agaricomycetes","Agaricales","uncl_Agaricales","uncl_Agaricales","uncl_Agaricales"
"Fungi","Ascomycota","Eurotiomycetes","Chaetothyriales","uncl_Chaetothyriales","uncl_Chaetothyriales","uncl_Chaetothyriales"
"Fungi","Ascomycota","Sordariomycetes","Sordariales","uncl_Sordariales","uncl_Sordariales","uncl_Sordariales"
"Fungi","Ascomycota","uncl_Ascomycota","uncl_Ascomycota","uncl_Ascomycota","uncl_Ascomycota","uncl_Ascomycota"
"Fungi","Basidiomycota","Wallemiomycetes","Wallemiales","Wallemiaceae","Wallemia","uncl_Wallemia"
"Fungi","Ascomycota","Sordariomycetes","uncl_Sordariomycetes","uncl_Sordariomycetes","uncl_Sordariomycetes","uncl_Sordariomycetes"
"Fungi","Ascomycota","Sordariomycetes","Coniochaetales","Coniochaetaceae","Lecythophora","Lecythophora_canina"
"Fungi","Ascomycota","Eurotiomycetes","Onygenales","uncl_Onygenales","uncl_Onygenales","uncl_Onygenales"
"Fungi","Basidiomycota","Agaricomycetes","Agaricales","Physalacriaceae","Physalacria","Physalacria_bambusae"
"Fungi","Basidiomycota","Agaricomycetes","Auriculariales","uncl_Auriculariales","uncl_Auriculariales","uncl_Auriculariales"
"Fungi","Ascomycota","Sordariomycetes","Hypocreales","uncl_Hypocreales","uncl_Hypocreales","uncl_Hypocreales"
"Fungi","Ascomycota","Sordariomycetes","Hypocreales","uncl_Hypocreales","uncl_Hypocreales","uncl_Hypocreales"
"Fungi","Mucoromycota","Mortierellomycetes","Mortierellales","Mortierellaceae","Mortierella","uncl_Mortierella"
"Fungi","Ascomycota","Lecanoromycetes","uncl_Lecanoromycetes","uncl_Lecanoromycetes","uncl_Lecanoromycetes","uncl_Lecanoromycetes"
"Fungi","Mucoromycota","uncl_Mucoromycota","uncl_Mucoromycota","uncl_Mucoromycota","uncl_Mucoromycota","uncl_Mucoromycota"
"Fungi","Ascomycota","Sordariomycetes","Hypocreales","Stachybotryaceae","uncl_Stachybotryaceae","uncl_Stachybotryaceae"
"Fungi","Basidiomycota","Agaricomycetes","Geastrales","Geastraceae","Geastrum","uncl_Geastrum"
"Fungi","Ascomycota","Dothideomycetes","Pleosporales","Phaeosphaeriaceae","uncl_Phaeosphaeriaceae","uncl_Phaeosphaeriaceae"
"Fungi","Basidiomycota","Agaricomycetes","Thelephorales","Thelephoraceae","Tomentella","uncl_Tomentella"
"Fungi","Ascomycota","Sordariomycetes","Hypocreales","Hypocreales_fam_Incertae_sedis","Acremonium","Acremonium_persicinum"
"Fungi","Mucoromycota","Glomeromycetes","Glomerales","Glomeraceae","uncl_Glomeraceae","uncl_Glomeraceae"
"Fungi","Ascomycota","uncl_Ascomycota","uncl_Ascomycota","uncl_Ascomycota","uncl_Ascomycota","uncl_Ascomycota"
"Fungi","Ascomycota","Sordariomycetes","Sordariales","Chaetomiaceae","uncl_Chaetomiaceae","uncl_Chaetomiaceae"
"Fungi","Ascomycota","Sordariomycetes","Sordariales","uncl_Sordariales","uncl_Sordariales","uncl_Sordariales"
"Fungi","Mucoromycota","Mortierellomycetes","Mortierellales","Mortierellaceae","uncl_Mortierellaceae","uncl_Mortierellaceae"
"Fungi","Ascomycota","Sordariomycetes","Sordariales","uncl_Sordariales","uncl_Sordariales","uncl_Sordariales"
"Fungi","Ascomycota","uncl_Ascomycota","uncl_Ascomycota","uncl_Ascomycota","uncl_Ascomycota","uncl_Ascomycota"
"Fungi","Ascomycota","uncl_Ascomycota","uncl_Ascomycota","uncl_Ascomycota","uncl_Ascomycota","uncl_Ascomycota"
"Fungi","Ascomycota","Sordariomycetes","Hypocreales","uncl_Hypocreales","uncl_Hypocreales","uncl_Hypocreales"
"Fungi","Ascomycota","Dothideomycetes","Pleosporales","uncl_Pleosporales","uncl_Pleosporales","uncl_Pleosporales"
"Fungi","Ascomycota","uncl_Ascomycota","uncl_Ascomycota","uncl_Ascomycota","uncl_Ascomycota","uncl_Ascomycota"
"Fungi","Basidiomycota","Agaricomycetes","Agaricales","Inocybaceae","Inocybe","uncl_Inocybe"
"Fungi","Ascomycota","Sordariomycetes","Sordariales","uncl_Sordariales","uncl_Sordariales","uncl_Sordariales"
"Fungi","Ascomycota","Orbiliomycetes","Orbiliales","Orbiliaceae","uncl_Orbiliaceae","uncl_Orbiliaceae"
"Fungi","Ascomycota","Sordariomycetes","Magnaporthales","Magnaporthaceae","Magnaporthiopsis","uncl_Magnaporthiopsis"
"Fungi","Ascomycota","Dothideomycetes","Pleosporales","uncl_Pleosporales","uncl_Pleosporales","uncl_Pleosporales"
"Fungi","Ascomycota","Dothideomycetes","Pleosporales","uncl_Pleosporales","uncl_Pleosporales","uncl_Pleosporales"
"Fungi","Basidiomycota","Agaricomycetes","Agaricales","Physalacriaceae","Physalacria","Physalacria_bambusae"
"Fungi","Ascomycota","Sordariomycetes","uncl_Sordariomycetes","uncl_Sordariomycetes","uncl_Sordariomycetes","uncl_Sordariomycetes"
"Fungi","Basidiomycota","Agaricomycetes","Hymenochaetales","Hymenochaetaceae","Hymenochaete","uncl_Hymenochaete"
"Fungi","Ascomycota","uncl_Ascomycota","uncl_Ascomycota","uncl_Ascomycota","uncl_Ascomycota","uncl_Ascomycota"
"Fungi","Basidiomycota","Agaricomycetes","Agaricales","Bolbitiaceae","uncl_Bolbitiaceae","uncl_Bolbitiaceae"
"Fungi","Basidiomycota","Agaricomycetes","Agaricales","uncl_Agaricales","uncl_Agaricales","uncl_Agaricales"
"Fungi","Ascomycota","Dothideomycetes","uncl_Dothideomycetes","uncl_Dothideomycetes","uncl_Dothideomycetes","uncl_Dothideomycetes"
"Fungi","Ascomycota","Dothideomycetes","uncl_Dothideomycetes","uncl_Dothideomycetes","uncl_Dothideomycetes","uncl_Dothideomycetes"
"Fungi","Ascomycota","uncl_Ascomycota","uncl_Ascomycota","uncl_Ascomycota","uncl_Ascomycota","uncl_Ascomycota"
"Fungi","Ascomycota","Lecanoromycetes","Ostropales","uncl_Ostropales","uncl_Ostropales","uncl_Ostropales"
"Fungi","Ascomycota","Sordariomycetes","uncl_Sordariomycetes","uncl_Sordariomycetes","uncl_Sordariomycetes","uncl_Sordariomycetes"
"Fungi","Basidiomycota","Agaricomycetes","Agaricales","Marasmiaceae","Marasmius","uncl_Marasmius"
"Fungi","Ascomycota","Dothideomycetes","Pleosporales","Didymosphaeriaceae","uncl_Didymosphaeriaceae","uncl_Didymosphaeriaceae"
"Fungi","Ascomycota","Sordariomycetes","Hypocreales","uncl_Hypocreales","uncl_Hypocreales","uncl_Hypocreales"
"Fungi","Ascomycota","Dothideomycetes","Pleosporales","Phaeosphaeriaceae","uncl_Phaeosphaeriaceae","uncl_Phaeosphaeriaceae"
"Fungi","Ascomycota","Sordariomycetes","uncl_Sordariomycetes","uncl_Sordariomycetes","uncl_Sordariomycetes","uncl_Sordariomycetes"
"Fungi","Ascomycota","Sordariomycetes","Sordariales","Chaetomiaceae","uncl_Chaetomiaceae","uncl_Chaetomiaceae"
"Fungi","Basidiomycota","Agaricomycetes","Hymenochaetales","Hymenochaetaceae","Hymenochaete","uncl_Hymenochaete"
"Fungi","Ascomycota","Sordariomycetes","Hypocreales","Stachybotryaceae","uncl_Stachybotryaceae","uncl_Stachybotryaceae"
"Fungi","Olpidiomycota","Olpidiomycetes","Olpidiales","Olpidiaceae","Olpidium","uncl_Olpidium"
"Fungi","Ascomycota","Sordariomycetes","Hypocreales","uncl_Hypocreales","uncl_Hypocreales","uncl_Hypocreales"
"Fungi","Basidiomycota","Tremellomycetes","Trichosporonales","Trichosporonaceae","Cutaneotrichosporon","Cutaneotrichosporon_moniliiforme"
"Fungi","Ascomycota","Sordariomycetes","Hypocreales","Stachybotryaceae","uncl_Stachybotryaceae","uncl_Stachybotryaceae"
"Fungi","Ascomycota","Eurotiomycetes","Chaetothyriales","Herpotrichiellaceae","Veronaea","uncl_Veronaea"
"Fungi","Ascomycota","Eurotiomycetes","uncl_Eurotiomycetes","uncl_Eurotiomycetes","uncl_Eurotiomycetes","uncl_Eurotiomycetes"
"Fungi","Basidiomycota","Agaricomycetes","Thelephorales","Thelephoraceae","uncl_Thelephoraceae","uncl_Thelephoraceae"
"Fungi","Ascomycota","Dothideomycetes","Pleosporales","Pleosporaceae","uncl_Pleosporaceae","uncl_Pleosporaceae"
"Fungi","Basidiomycota","Agaricomycetes","Cantharellales","Tulasnellaceae","uncl_Tulasnellaceae","uncl_Tulasnellaceae"
"Fungi","Ascomycota","Eurotiomycetes","Chaetothyriales","uncl_Chaetothyriales","uncl_Chaetothyriales","uncl_Chaetothyriales"
"Fungi","Ascomycota","Eurotiomycetes","Chaetothyriales","uncl_Chaetothyriales","uncl_Chaetothyriales","uncl_Chaetothyriales"
"Fungi","Ascomycota","uncl_Ascomycota","uncl_Ascomycota","uncl_Ascomycota","uncl_Ascomycota","uncl_Ascomycota"
"Fungi","Basidiomycota","Agaricomycetes","Cantharellales","Ceratobasidiaceae","uncl_Ceratobasidiaceae","uncl_Ceratobasidiaceae"
"Fungi","Ascomycota","uncl_Ascomycota","uncl_Ascomycota","uncl_Ascomycota","uncl_Ascomycota","uncl_Ascomycota"
"Fungi","Ascomycota","Dothideomycetes","Pleosporales","uncl_Pleosporales","uncl_Pleosporales","uncl_Pleosporales"
"Fungi","Basidiomycota","Agaricomycetes","Polyporales","Podoscyphaceae","Podoscypha","uncl_Podoscypha"
"Fungi","Ascomycota","uncl_Ascomycota","uncl_Ascomycota","uncl_Ascomycota","uncl_Ascomycota","uncl_Ascomycota"
"Fungi","Basidiomycota","Atractiellomycetes","Atractiellales","Hoehnelomycetaceae","Atractiella","Atractiella_rhizophila"
"Fungi","Chytridiomycota","Cladochytriomycetes","Cladochytriales","uncl_Cladochytriales","uncl_Cladochytriales","uncl_Cladochytriales"
"Fungi","Ascomycota","uncl_Ascomycota","uncl_Ascomycota","uncl_Ascomycota","uncl_Ascomycota","uncl_Ascomycota"
"Fungi","Ascomycota","Sordariomycetes","Magnaporthales","Magnaporthaceae","Magnaporthe","uncl_Magnaporthe"
"Fungi","Ascomycota","Sordariomycetes","uncl_Sordariomycetes","uncl_Sordariomycetes","uncl_Sordariomycetes","uncl_Sordariomycetes"
"Fungi","Ascomycota","Sordariomycetes","uncl_Sordariomycetes","uncl_Sordariomycetes","uncl_Sordariomycetes","uncl_Sordariomycetes"
"Fungi","Ascomycota","Sordariomycetes","uncl_Sordariomycetes","uncl_Sordariomycetes","uncl_Sordariomycetes","uncl_Sordariomycetes"
"Fungi","Ascomycota","Dothideomycetes","Pleosporales","Massarinaceae","uncl_Massarinaceae","uncl_Massarinaceae"
"Fungi","Basidiomycota","Agaricomycetes","Geastrales","Sphaerobolaceae","Sphaerobolus","Sphaerobolus_stellatus"
"Fungi","Ascomycota","uncl_Ascomycota","uncl_Ascomycota","uncl_Ascomycota","uncl_Ascomycota","uncl_Ascomycota"
"Fungi","Ascomycota","Dothideomycetes","Pleosporales","Didymellaceae","uncl_Didymellaceae","uncl_Didymellaceae"
"Fungi","Ascomycota","Orbiliomycetes","Orbiliales","uncl_Orbiliales","uncl_Orbiliales","uncl_Orbiliales"
"Fungi","Ascomycota","Eurotiomycetes","Chaetothyriales","uncl_Chaetothyriales","uncl_Chaetothyriales","uncl_Chaetothyriales"
"Fungi","Ascomycota","Sordariomycetes","Coniochaetales","Coniochaetaceae","Coniochaeta","uncl_Coniochaeta"
"Fungi","Ascomycota","Dothideomycetes","uncl_Dothideomycetes","uncl_Dothideomycetes","uncl_Dothideomycetes","uncl_Dothideomycetes"
"Fungi","Ascomycota","Sordariomycetes","uncl_Sordariomycetes","uncl_Sordariomycetes","uncl_Sordariomycetes","uncl_Sordariomycetes"
"Fungi","Ascomycota","Dothideomycetes","Pleosporales","uncl_Pleosporales","uncl_Pleosporales","uncl_Pleosporales"
"Fungi","Basidiomycota","Agaricomycetes","Geastrales","Geastraceae","Geastrum","Geastrum_hungaricum"
"Fungi","Basidiomycota","Agaricomycetes","Cantharellales","Ceratobasidiaceae","Ceratobasidium","uncl_Ceratobasidium"
"Fungi","Ascomycota","uncl_Ascomycota","uncl_Ascomycota","uncl_Ascomycota","uncl_Ascomycota","uncl_Ascomycota"
"Fungi","Ascomycota","Dothideomycetes","Pleosporales","Pleosporaceae","Bipolaris","uncl_Bipolaris"
"Fungi","Ascomycota","Dothideomycetes","uncl_Dothideomycetes","uncl_Dothideomycetes","uncl_Dothideomycetes","uncl_Dothideomycetes"
"Fungi","Ascomycota","Dothideomycetes","uncl_Dothideomycetes","uncl_Dothideomycetes","uncl_Dothideomycetes","uncl_Dothideomycetes"
"Fungi","Basidiomycota","Agaricomycetes","Agaricales","uncl_Agaricales","uncl_Agaricales","uncl_Agaricales"
"Fungi","Ascomycota","Sordariomycetes","Sordariales","uncl_Sordariales","uncl_Sordariales","uncl_Sordariales"
"Fungi","Mucoromycota","Glomeromycetes","Glomerales","Glomeraceae","Rhizophagus","uncl_Rhizophagus"
"Fungi","Basidiomycota","Agaricomycetes","Geastrales","Geastraceae","uncl_Geastraceae","uncl_Geastraceae"
"Fungi","Mucoromycota","Glomeromycetes","Glomerales","Glomeraceae","uncl_Glomeraceae","uncl_Glomeraceae"
"Fungi","Ascomycota","Dothideomycetes","Pleosporales","Pleosporales_fam_Incertae_sedis","Pseudorobillarda","uncl_Pseudorobillarda"
"Fungi","Ascomycota","Dothideomycetes","uncl_Dothideomycetes","uncl_Dothideomycetes","uncl_Dothideomycetes","uncl_Dothideomycetes"
"Fungi","Ascomycota","uncl_Ascomycota","uncl_Ascomycota","uncl_Ascomycota","uncl_Ascomycota","uncl_Ascomycota"
"Fungi","Basidiomycota","Tremellomycetes","Tremellales","Rhynchogastremataceae","Papiliotrema","Papiliotrema_frias"
"Fungi","Ascomycota","Sordariomycetes","Hypocreales","Nectriaceae","Fusarium","uncl_Fusarium"
"Fungi","Mucoromycota","Glomeromycetes","Glomerales","uncl_Glomerales","uncl_Glomerales","uncl_Glomerales"
"Fungi","Ascomycota","Dothideomycetes","Pleosporales","uncl_Pleosporales","uncl_Pleosporales","uncl_Pleosporales"
"Fungi","Ascomycota","Sordariomycetes","Hypocreales","Nectriaceae","Fusarium","uncl_Fusarium"
"Fungi","Ascomycota","uncl_Ascomycota","uncl_Ascomycota","uncl_Ascomycota","uncl_Ascomycota","uncl_Ascomycota"
"Fungi","Basidiomycota","Agaricomycetes","uncl_Agaricomycetes","uncl_Agaricomycetes","uncl_Agaricomycetes","uncl_Agaricomycetes"
"Fungi","Ascomycota","Sordariomycetes","Sordariales","Chaetomiaceae","uncl_Chaetomiaceae","uncl_Chaetomiaceae"
"Fungi","Ascomycota","Sordariomycetes","Hypocreales","uncl_Hypocreales","uncl_Hypocreales","uncl_Hypocreales"
"Fungi","Ascomycota","uncl_Ascomycota","uncl_Ascomycota","uncl_Ascomycota","uncl_Ascomycota","uncl_Ascomycota"
"Fungi","Ascomycota","Dothideomycetes","Mycosphaerellales","Teratosphaeriaceae","Elasticomyces","Elasticomyces_elasticus"
"Fungi","Ascomycota","Eurotiomycetes","Eurotiales","Aspergillaceae","Talaromyces","uncl_Talaromyces"
"Fungi","Ascomycota","Sordariomycetes","Myrmecridiales","Myrmecridiaceae","Myrmecridium","uncl_Myrmecridium"
"Fungi","Ascomycota","Dothideomycetes","Pleosporales","Lentitheciaceae","Keissleriella","Keissleriella_trichophoricola"
"Fungi","Basidiomycota","Agaricomycetes","Sebacinales","Serendipitaceae","uncl_Serendipitaceae","uncl_Serendipitaceae"
"Fungi","Mucoromycota","Glomeromycetes","Glomerales","Glomeraceae","uncl_Glomeraceae","uncl_Glomeraceae"
"Fungi","Ascomycota","Dothideomycetes","Pleosporales","uncl_Pleosporales","uncl_Pleosporales","uncl_Pleosporales"
"Fungi","Ascomycota","Sordariomycetes","Sordariales","Lasiosphaeriaceae","uncl_Lasiosphaeriaceae","uncl_Lasiosphaeriaceae"
"Fungi","Ascomycota","Dothideomycetes","Pleosporales","Pleosporaceae","Johnalcornia","Johnalcornia_aberrans"
"Fungi","Ascomycota","Dothideomycetes","Pleosporales","Phaeosphaeriaceae","uncl_Phaeosphaeriaceae","uncl_Phaeosphaeriaceae"
"Fungi","Mucoromycota","Glomeromycetes","Glomerales","Glomeraceae","uncl_Glomeraceae","uncl_Glomeraceae"
"Fungi","Ascomycota","uncl_Ascomycota","uncl_Ascomycota","uncl_Ascomycota","uncl_Ascomycota","uncl_Ascomycota"
"Fungi","Mucoromycota","Glomeromycetes","Glomerales","Glomeraceae","uncl_Glomeraceae","uncl_Glomeraceae"
"Fungi","Ascomycota","Dothideomycetes","Pleosporales","uncl_Pleosporales","uncl_Pleosporales","uncl_Pleosporales"
"Fungi","Ascomycota","Dothideomycetes","Pleosporales","uncl_Pleosporales","uncl_Pleosporales","uncl_Pleosporales"
"Fungi","Ascomycota","Eurotiomycetes","Chaetothyriales","Herpotrichiellaceae","Veronaea","uncl_Veronaea"
"Fungi","Basidiomycota","Agaricomycetes","uncl_Agaricomycetes","uncl_Agaricomycetes","uncl_Agaricomycetes","uncl_Agaricomycetes"
"Fungi","Basidiomycota","Agaricomycetes","uncl_Agaricomycetes","uncl_Agaricomycetes","uncl_Agaricomycetes","uncl_Agaricomycetes"
"Fungi","Ascomycota","uncl_Ascomycota","uncl_Ascomycota","uncl_Ascomycota","uncl_Ascomycota","uncl_Ascomycota"
"Fungi","Ascomycota","Eurotiomycetes","Onygenales","uncl_Onygenales","uncl_Onygenales","uncl_Onygenales"
"Fungi","Ascomycota","Sordariomycetes","Sordariales","uncl_Sordariales","uncl_Sordariales","uncl_Sordariales"
"Fungi","Mucoromycota","Glomeromycetes","Glomerales","uncl_Glomerales","uncl_Glomerales","uncl_Glomerales"
"Fungi","Mucoromycota","Glomeromycetes","uncl_Glomeromycetes","uncl_Glomeromycetes","uncl_Glomeromycetes","uncl_Glomeromycetes"
"Fungi","Mucoromycota","Glomeromycetes","Glomerales","Glomeraceae","uncl_Glomeraceae","uncl_Glomeraceae"
"Fungi","Ascomycota","Dothideomycetes","uncl_Dothideomycetes","uncl_Dothideomycetes","uncl_Dothideomycetes","uncl_Dothideomycetes"
"Fungi","Mucoromycota","Glomeromycetes","Glomerales","Glomeraceae","uncl_Glomeraceae","uncl_Glomeraceae"
"Fungi","Ascomycota","Dothideomycetes","Pleosporales","Phaeosphaeriaceae","uncl_Phaeosphaeriaceae","uncl_Phaeosphaeriaceae"
"Fungi","Ascomycota","Dothideomycetes","Pleosporales","Phaeosphaeriaceae","Wojnowiciella","uncl_Wojnowiciella"
"Fungi","Ascomycota","Sordariomycetes","Myrmecridiales","Myrmecridiaceae","Myrmecridium","Myrmecridium_schulzeri"
"Fungi","Ascomycota","Dothideomycetes","uncl_Dothideomycetes","uncl_Dothideomycetes","uncl_Dothideomycetes","uncl_Dothideomycetes"
"Fungi","Mucoromycota","Glomeromycetes","Glomerales","uncl_Glomerales","uncl_Glomerales","uncl_Glomerales"
"Fungi","Ascomycota","Sordariomycetes","Hypocreales","Stachybotryaceae","uncl_Stachybotryaceae","uncl_Stachybotryaceae"
"Fungi","Basidiomycota","uncl_Basidiomycota","uncl_Basidiomycota","uncl_Basidiomycota","uncl_Basidiomycota","uncl_Basidiomycota"
"Fungi","Mucoromycota","Glomeromycetes","uncl_Glomeromycetes","uncl_Glomeromycetes","uncl_Glomeromycetes","uncl_Glomeromycetes"
"Fungi","Ascomycota","uncl_Ascomycota","uncl_Ascomycota","uncl_Ascomycota","uncl_Ascomycota","uncl_Ascomycota"
"Fungi","Ascomycota","Sordariomycetes","Sordariales","Chaetomiaceae","uncl_Chaetomiaceae","uncl_Chaetomiaceae"
"Fungi","Ascomycota","Dothideomycetes","Pleosporales","uncl_Pleosporales","uncl_Pleosporales","uncl_Pleosporales"
"Fungi","Mucoromycota","Glomeromycetes","Glomerales","Glomeraceae","uncl_Glomeraceae","uncl_Glomeraceae"
"Fungi","Ascomycota","Dothideomycetes","uncl_Dothideomycetes","uncl_Dothideomycetes","uncl_Dothideomycetes","uncl_Dothideomycetes"
"Fungi","Basidiomycota","Agaricomycetes","Agaricales","Psathyrellaceae","Psathyrella","uncl_Psathyrella"
"Fungi","Ascomycota","Sordariomycetes","Magnaporthales","Magnaporthaceae","Magnaporthiopsis","uncl_Magnaporthiopsis"
"Fungi","Basidiomycota","Agaricomycetes","Agaricales","Niaceae","uncl_Niaceae","uncl_Niaceae"
"Fungi","Mucoromycota","Glomeromycetes","Glomerales","Glomeraceae","uncl_Glomeraceae","uncl_Glomeraceae"
"Fungi","Mucoromycota","Glomeromycetes","Glomerales","Glomeraceae","uncl_Glomeraceae","uncl_Glomeraceae"
"Fungi","Mucoromycota","Glomeromycetes","Glomerales","Glomeraceae","uncl_Glomeraceae","uncl_Glomeraceae"
"Fungi","Ascomycota","Dothideomycetes","Pleosporales","uncl_Pleosporales","uncl_Pleosporales","uncl_Pleosporales"
"Fungi","Basidiomycota","Agaricomycetes","Agaricales","uncl_Agaricales","uncl_Agaricales","uncl_Agaricales"
"Fungi","Ascomycota","Dothideomycetes","uncl_Dothideomycetes","uncl_Dothideomycetes","uncl_Dothideomycetes","uncl_Dothideomycetes"
"Fungi","Ascomycota","Pezizomycetes","uncl_Pezizomycetes","uncl_Pezizomycetes","uncl_Pezizomycetes","uncl_Pezizomycetes"
"Fungi","Basidiomycota","Agaricomycetes","Agaricales","Marasmiaceae","Crinipellis","uncl_Crinipellis"
"Fungi","Ascomycota","Sordariomycetes","Magnaporthales","Magnaporthaceae","uncl_Magnaporthaceae","uncl_Magnaporthaceae"
"Fungi","Basidiomycota","Agaricomycetes","Agaricales","Mycenaceae","uncl_Mycenaceae","uncl_Mycenaceae"
"Fungi","Mucoromycota","Glomeromycetes","uncl_Glomeromycetes","uncl_Glomeromycetes","uncl_Glomeromycetes","uncl_Glomeromycetes"
"Fungi","Mucoromycota","Mortierellomycetes","Mortierellales","uncl_Mortierellales","uncl_Mortierellales","uncl_Mortierellales"
"Fungi","Mucoromycota","Glomeromycetes","Glomerales","uncl_Glomerales","uncl_Glomerales","uncl_Glomerales"
"Fungi","Ascomycota","uncl_Ascomycota","uncl_Ascomycota","uncl_Ascomycota","uncl_Ascomycota","uncl_Ascomycota"
"Fungi","Ascomycota","Sordariomycetes","Sordariales","Chaetomiaceae","uncl_Chaetomiaceae","uncl_Chaetomiaceae"
"Fungi","Ascomycota","Dothideomycetes","uncl_Dothideomycetes","uncl_Dothideomycetes","uncl_Dothideomycetes","uncl_Dothideomycetes"
"Fungi","Mucoromycota","Glomeromycetes","Glomerales","Glomeraceae","uncl_Glomeraceae","uncl_Glomeraceae"
"Fungi","Ascomycota","Leotiomycetes","Helotiales","Hyaloscyphaceae","Lachnum","uncl_Lachnum"
"Fungi","Ascomycota","uncl_Ascomycota","uncl_Ascomycota","uncl_Ascomycota","uncl_Ascomycota","uncl_Ascomycota"
"Fungi","Mucoromycota","Glomeromycetes","Glomerales","Glomeraceae","uncl_Glomeraceae","uncl_Glomeraceae"
"Fungi","Basidiomycota","Agaricomycetes","Thelephorales","Thelephoraceae","Tomentella","uncl_Tomentella"
"Fungi","Ascomycota","Sordariomycetes","Sordariales","uncl_Sordariales","uncl_Sordariales","uncl_Sordariales"
"Fungi","Ascomycota","uncl_Ascomycota","uncl_Ascomycota","uncl_Ascomycota","uncl_Ascomycota","uncl_Ascomycota"
"Fungi","Ascomycota","Orbiliomycetes","Orbiliales","Orbiliaceae","Hyalorbilia","uncl_Hyalorbilia"
"Fungi","Basidiomycota","Agaricomycetes","Agaricales","Psathyrellaceae","Psathyrella","uncl_Psathyrella"
"Fungi","Ascomycota","Orbiliomycetes","Orbiliales","Orbiliaceae","uncl_Orbiliaceae","uncl_Orbiliaceae"
"Fungi","Ascomycota","Dothideomycetes","Pleosporales","uncl_Pleosporales","uncl_Pleosporales","uncl_Pleosporales"
"Fungi","Chytridiomycota","Rhizophlyctidomycetes","Rhizophlyctidales","Rhizophlyctidaceae","Rhizophlyctis","Rhizophlyctis_rosea"
"Fungi","Ascomycota","Dothideomycetes","Pleosporales","uncl_Pleosporales","uncl_Pleosporales","uncl_Pleosporales"
"Fungi","Ascomycota","Dothideomycetes","Pleosporales","uncl_Pleosporales","uncl_Pleosporales","uncl_Pleosporales"
"Fungi","Ascomycota","uncl_Ascomycota","uncl_Ascomycota","uncl_Ascomycota","uncl_Ascomycota","uncl_Ascomycota"
"Fungi","Basidiomycota","Agaricomycetes","Cantharellales","Ceratobasidiaceae","uncl_Ceratobasidiaceae","uncl_Ceratobasidiaceae"
"Fungi","Ascomycota","Dothideomycetes","Pleosporales","uncl_Pleosporales","uncl_Pleosporales","uncl_Pleosporales"
"Fungi","Ascomycota","uncl_Ascomycota","uncl_Ascomycota","uncl_Ascomycota","uncl_Ascomycota","uncl_Ascomycota"
"Fungi","Basidiomycota","Agaricomycetes","Agaricales","Psathyrellaceae","Psathyrella","uncl_Psathyrella"
"Fungi","Mucoromycota","Glomeromycetes","Glomerales","uncl_Glomerales","uncl_Glomerales","uncl_Glomerales"
"Fungi","Ascomycota","Dothideomycetes","Pleosporales","Sporormiaceae","uncl_Sporormiaceae","uncl_Sporormiaceae"
"Fungi","Ascomycota","uncl_Ascomycota","uncl_Ascomycota","uncl_Ascomycota","uncl_Ascomycota","uncl_Ascomycota"
"Fungi","Ascomycota","uncl_Ascomycota","uncl_Ascomycota","uncl_Ascomycota","uncl_Ascomycota","uncl_Ascomycota"
"Fungi","Ascomycota","Dothideomycetes","uncl_Dothideomycetes","uncl_Dothideomycetes","uncl_Dothideomycetes","uncl_Dothideomycetes"
"Fungi","Ascomycota","Orbiliomycetes","Orbiliales","Orbiliaceae","Hyalorbilia","uncl_Hyalorbilia"
"Fungi","Ascomycota","uncl_Ascomycota","uncl_Ascomycota","uncl_Ascomycota","uncl_Ascomycota","uncl_Ascomycota"
"Fungi","Ascomycota","Dothideomycetes","Pleosporales","uncl_Pleosporales","uncl_Pleosporales","uncl_Pleosporales"
"Fungi","Ascomycota","Eurotiomycetes","Eurotiales","uncl_Eurotiales","uncl_Eurotiales","uncl_Eurotiales"
"Fungi","Basidiomycota","Agaricomycetes","Russulales","Russulaceae","Russula","uncl_Russula"
"Fungi","Ascomycota","Sordariomycetes","Sordariales","uncl_Sordariales","uncl_Sordariales","uncl_Sordariales"
"Fungi","Mucoromycota","Mortierellomycetes","uncl_Mortierellomycetes","uncl_Mortierellomycetes","uncl_Mortierellomycetes","uncl_Mortierellomycetes"
"Fungi","Ascomycota","uncl_Ascomycota","uncl_Ascomycota","uncl_Ascomycota","uncl_Ascomycota","uncl_Ascomycota"
"Fungi","Ascomycota","uncl_Ascomycota","uncl_Ascomycota","uncl_Ascomycota","uncl_Ascomycota","uncl_Ascomycota"
"Fungi","Ascomycota","uncl_Ascomycota","uncl_Ascomycota","uncl_Ascomycota","uncl_Ascomycota","uncl_Ascomycota"
"Fungi","Basidiomycota","Agaricomycetes","Agaricales","Psathyrellaceae","Coprinopsis","uncl_Coprinopsis"
"Fungi","Ascomycota","Dothideomycetes","Pleosporales","uncl_Pleosporales","uncl_Pleosporales","uncl_Pleosporales"
"Fungi","Ascomycota","Sordariomycetes","Sordariales","uncl_Sordariales","uncl_Sordariales","uncl_Sordariales"
"Fungi","Ascomycota","Sordariomycetes","Sordariales","uncl_Sordariales","uncl_Sordariales","uncl_Sordariales"
"Fungi","Ascomycota","Dothideomycetes","Pleosporales","Phaeosphaeriaceae","uncl_Phaeosphaeriaceae","uncl_Phaeosphaeriaceae"
"Fungi","Ascomycota","Sordariomycetes","Sordariales","Chaetomiaceae","uncl_Chaetomiaceae","uncl_Chaetomiaceae"
"Fungi","Mucoromycota","Glomeromycetes","Glomerales","Glomeraceae","uncl_Glomeraceae","uncl_Glomeraceae"
"Fungi","Basidiomycota","Agaricomycetes","Agaricales","Cortinariaceae","Cortinarius","uncl_Cortinarius"
"Fungi","Ascomycota","Sordariomycetes","uncl_Sordariomycetes","uncl_Sordariomycetes","uncl_Sordariomycetes","uncl_Sordariomycetes"
"Fungi","Ascomycota","uncl_Ascomycota","uncl_Ascomycota","uncl_Ascomycota","uncl_Ascomycota","uncl_Ascomycota"
"Fungi","Basidiomycota","Agaricomycetes","Agaricales","Entolomataceae","Clitopilus","uncl_Clitopilus"
"Fungi","Ascomycota","Sordariomycetes","Hypocreales","uncl_Hypocreales","uncl_Hypocreales","uncl_Hypocreales"
"Fungi","Basidiomycota","Agaricomycetes","Agaricales","Tricholomataceae","Gerronema","Gerronema_xanthophyllum"
"Fungi","Ascomycota","Sordariomycetes","Hypocreales","Nectriaceae","uncl_Nectriaceae","uncl_Nectriaceae"
"Fungi","Ascomycota","Dothideomycetes","Pleosporales","uncl_Pleosporales","uncl_Pleosporales","uncl_Pleosporales"
"Fungi","Ascomycota","uncl_Ascomycota","uncl_Ascomycota","uncl_Ascomycota","uncl_Ascomycota","uncl_Ascomycota"
"Fungi","Ascomycota","Dothideomycetes","Pleosporales","Pleosporaceae","Stemphylium","uncl_Stemphylium"
"Fungi","Ascomycota","uncl_Ascomycota","uncl_Ascomycota","uncl_Ascomycota","uncl_Ascomycota","uncl_Ascomycota"
"Fungi","Basidiomycota","Agaricomycetes","Thelephorales","Thelephoraceae","uncl_Thelephoraceae","uncl_Thelephoraceae"
"Fungi","Basidiomycota","Agaricomycetes","Cantharellales","Ceratobasidiaceae","uncl_Ceratobasidiaceae","uncl_Ceratobasidiaceae"
"Fungi","Basidiomycota","uncl_Basidiomycota","uncl_Basidiomycota","uncl_Basidiomycota","uncl_Basidiomycota","uncl_Basidiomycota"
"Fungi","Basidiomycota","Tremellomycetes","Tremellales","uncl_Tremellales","uncl_Tremellales","uncl_Tremellales"
"Fungi","Chytridiomycota","Spizellomycetes","Spizellomycetales","Spizellomycetaceae","uncl_Spizellomycetaceae","uncl_Spizellomycetaceae"
"Fungi","Ascomycota","Dothideomycetes","Pleosporales","Pleosporales_fam_Incertae_sedis","Amarenomyces","uncl_Amarenomyces"
"Fungi","Ascomycota","Dothideomycetes","uncl_Dothideomycetes","uncl_Dothideomycetes","uncl_Dothideomycetes","uncl_Dothideomycetes"
"Fungi","Ascomycota","Eurotiomycetes","Chaetothyriales","uncl_Chaetothyriales","uncl_Chaetothyriales","uncl_Chaetothyriales"
"Fungi","Basidiomycota","Agaricomycetes","Cantharellales","Ceratobasidiaceae","uncl_Ceratobasidiaceae","uncl_Ceratobasidiaceae"
"Fungi","Ascomycota","uncl_Ascomycota","uncl_Ascomycota","uncl_Ascomycota","uncl_Ascomycota","uncl_Ascomycota"
"Fungi","Basidiomycota","Agaricomycetes","Corticiales","uncl_Corticiales","uncl_Corticiales","uncl_Corticiales"
"Fungi","Ascomycota","Orbiliomycetes","uncl_Orbiliomycetes","uncl_Orbiliomycetes","uncl_Orbiliomycetes","uncl_Orbiliomycetes"
"Fungi","Ascomycota","Eurotiomycetes","uncl_Eurotiomycetes","uncl_Eurotiomycetes","uncl_Eurotiomycetes","uncl_Eurotiomycetes"
"Fungi","Basidiomycota","Agaricomycetes","Auriculariales","uncl_Auriculariales","uncl_Auriculariales","uncl_Auriculariales"
"Fungi","Basidiomycota","Agaricomycetes","uncl_Agaricomycetes","uncl_Agaricomycetes","uncl_Agaricomycetes","uncl_Agaricomycetes"
"Fungi","Ascomycota","Sordariomycetes","Hypocreales","uncl_Hypocreales","uncl_Hypocreales","uncl_Hypocreales"
"Fungi","Ascomycota","Sordariomycetes","Hypocreales","Stachybotryaceae","uncl_Stachybotryaceae","uncl_Stachybotryaceae"
"Fungi","Ascomycota","Dothideomycetes","Pleosporales","Pleosporaceae","uncl_Pleosporaceae","uncl_Pleosporaceae"
"Fungi","Basidiomycota","Agaricomycetes","Corticiales","Corticiaceae","uncl_Corticiaceae","uncl_Corticiaceae"
"Fungi","Ascomycota","uncl_Ascomycota","uncl_Ascomycota","uncl_Ascomycota","uncl_Ascomycota","uncl_Ascomycota"
"Fungi","Basidiomycota","Agaricomycetes","Thelephorales","Thelephoraceae","Tomentella","uncl_Tomentella"
"Fungi","Ascomycota","uncl_Ascomycota","uncl_Ascomycota","uncl_Ascomycota","uncl_Ascomycota","uncl_Ascomycota"
"Fungi","Ascomycota","Dothideomycetes","Pleosporales","uncl_Pleosporales","uncl_Pleosporales","uncl_Pleosporales"
"Fungi","Ascomycota","uncl_Ascomycota","uncl_Ascomycota","uncl_Ascomycota","uncl_Ascomycota","uncl_Ascomycota"
"Fungi","Basidiomycota","uncl_Basidiomycota","uncl_Basidiomycota","uncl_Basidiomycota","uncl_Basidiomycota","uncl_Basidiomycota"
"Fungi","Basidiomycota","Agaricomycetes","Corticiales","uncl_Corticiales","uncl_Corticiales","uncl_Corticiales"
"Fungi","Ascomycota","Leotiomycetes","Helotiales","uncl_Helotiales","uncl_Helotiales","uncl_Helotiales"
"Fungi","Basidiomycota","Agaricomycetes","Agaricales","Marasmiaceae","uncl_Marasmiaceae","uncl_Marasmiaceae"
"Fungi","Basidiomycota","Agaricomycetes","Sebacinales","Sebacinaceae","uncl_Sebacinaceae","uncl_Sebacinaceae"
"Fungi","Mucoromycota","Glomeromycetes","Glomerales","Glomeraceae","uncl_Glomeraceae","uncl_Glomeraceae"
"Fungi","Ascomycota","Dothideomycetes","Pleosporales","Periconiaceae","Periconia","uncl_Periconia"
"Fungi","Ascomycota","Dothideomycetes","uncl_Dothideomycetes","uncl_Dothideomycetes","uncl_Dothideomycetes","uncl_Dothideomycetes"
"Fungi","Ascomycota","Eurotiomycetes","Chaetothyriales","Herpotrichiellaceae","uncl_Herpotrichiellaceae","uncl_Herpotrichiellaceae"
"Fungi","Basidiomycota","Agaricomycetes","Auriculariales","uncl_Auriculariales","uncl_Auriculariales","uncl_Auriculariales"
"Fungi","Ascomycota","uncl_Ascomycota","uncl_Ascomycota","uncl_Ascomycota","uncl_Ascomycota","uncl_Ascomycota"
"Fungi","Basidiomycota","Agaricomycetes","Agaricales","Inocybaceae","Inocybe","uncl_Inocybe"
"Fungi","Basidiomycota","Atractiellomycetes","Atractiellales","uncl_Atractiellales","uncl_Atractiellales","uncl_Atractiellales"
"Fungi","Mucoromycota","Glomeromycetes","uncl_Glomeromycetes","uncl_Glomeromycetes","uncl_Glomeromycetes","uncl_Glomeromycetes"
"Fungi","Basidiomycota","Tremellomycetes","Tremellales","Bulleraceae","Genolevuria","uncl_Genolevuria"
"Fungi","Basidiomycota","Agaricomycetes","Agaricales","Marasmiaceae","Crinipellis","uncl_Crinipellis"
"Fungi","Ascomycota","Sordariomycetes","uncl_Sordariomycetes","uncl_Sordariomycetes","uncl_Sordariomycetes","uncl_Sordariomycetes"
"Fungi","Ascomycota","Eurotiomycetes","Chaetothyriales","uncl_Chaetothyriales","uncl_Chaetothyriales","uncl_Chaetothyriales"
"Fungi","Basidiomycota","Agaricomycetes","uncl_Agaricomycetes","uncl_Agaricomycetes","uncl_Agaricomycetes","uncl_Agaricomycetes"
"Fungi","Basidiomycota","Agaricomycetes","Cantharellales","Ceratobasidiaceae","uncl_Ceratobasidiaceae","uncl_Ceratobasidiaceae"
"Fungi","Ascomycota","Lecanoromycetes","Ostropales","uncl_Ostropales","uncl_Ostropales","uncl_Ostropales"
"Fungi","Ascomycota","uncl_Ascomycota","uncl_Ascomycota","uncl_Ascomycota","uncl_Ascomycota","uncl_Ascomycota"
"Fungi","Basidiomycota","Agaricomycetes","uncl_Agaricomycetes","uncl_Agaricomycetes","uncl_Agaricomycetes","uncl_Agaricomycetes"
"Fungi","Basidiomycota","Agaricomycetes","Geastrales","Geastraceae","Geastrum","uncl_Geastrum"
"Fungi","Mucoromycota","Glomeromycetes","Glomerales","Glomeraceae","Glomus","uncl_Glomus"
"Fungi","Ascomycota","uncl_Ascomycota","uncl_Ascomycota","uncl_Ascomycota","uncl_Ascomycota","uncl_Ascomycota"
"Fungi","Mucoromycota","Glomeromycetes","Glomerales","Glomeraceae","uncl_Glomeraceae","uncl_Glomeraceae"
"Fungi","Mucoromycota","Glomeromycetes","Glomerales","Glomeraceae","Rhizophagus","uncl_Rhizophagus"
"Fungi","Basidiomycota","Agaricomycetes","Cantharellales","Ceratobasidiaceae","uncl_Ceratobasidiaceae","uncl_Ceratobasidiaceae"
"Fungi","Mucoromycota","Glomeromycetes","Glomerales","Glomeraceae","uncl_Glomeraceae","uncl_Glomeraceae"
"Fungi","Ascomycota","Sordariomycetes","uncl_Sordariomycetes","uncl_Sordariomycetes","uncl_Sordariomycetes","uncl_Sordariomycetes"
"Fungi","Ascomycota","Sordariomycetes","Sordariomycetes_ord_Incertae_sedis","uncl_Sordariomycetes_ord_Incertae_sedis","uncl_Sordariomycetes_ord_Incertae_sedis","uncl_Sordariomycetes_ord_Incertae_sedis"
"Fungi","Basidiomycota","Cystobasidiomycetes","uncl_Cystobasidiomycetes","uncl_Cystobasidiomycetes","uncl_Cystobasidiomycetes","uncl_Cystobasidiomycetes"
"Fungi","Basidiomycota","Agaricomycetes","Cantharellales","Ceratobasidiaceae","Ceratobasidium","uncl_Ceratobasidium"
"Fungi","Basidiomycota","uncl_Basidiomycota","uncl_Basidiomycota","uncl_Basidiomycota","uncl_Basidiomycota","uncl_Basidiomycota"
"Fungi","Mucoromycota","Glomeromycetes","Glomerales","Glomeraceae","uncl_Glomeraceae","uncl_Glomeraceae"
"Fungi","Ascomycota","Dothideomycetes","uncl_Dothideomycetes","uncl_Dothideomycetes","uncl_Dothideomycetes","uncl_Dothideomycetes"
"Fungi","Mucoromycota","Glomeromycetes","Glomerales","Glomeraceae","uncl_Glomeraceae","uncl_Glomeraceae"
"Fungi","Ascomycota","Sordariomycetes","uncl_Sordariomycetes","uncl_Sordariomycetes","uncl_Sordariomycetes","uncl_Sordariomycetes"
"Fungi","Basidiomycota","Cystobasidiomycetes","Sakaguchiales","uncl_Sakaguchiales","uncl_Sakaguchiales","uncl_Sakaguchiales"
"Fungi","Ascomycota","Sordariomycetes","Myrmecridiales","Myrmecridiaceae","Myrmecridium","uncl_Myrmecridium"
"Fungi","Ascomycota","Sordariomycetes","Hypocreales","Clavicipitaceae","Marquandomyces","uncl_Marquandomyces"
"Fungi","Basidiomycota","Agaricomycetes","Agaricales","Tricholomataceae","uncl_Tricholomataceae","uncl_Tricholomataceae"
"Fungi","Basidiomycota","Agaricomycetes","uncl_Agaricomycetes","uncl_Agaricomycetes","uncl_Agaricomycetes","uncl_Agaricomycetes"
"Fungi","Ascomycota","Dothideomycetes","Pleosporales","uncl_Pleosporales","uncl_Pleosporales","uncl_Pleosporales"
"Fungi","Ascomycota","Pezizomycetes","Pezizales","Pyronemataceae","uncl_Pyronemataceae","uncl_Pyronemataceae"
"Fungi","Ascomycota","Sordariomycetes","Myrmecridiales","uncl_Myrmecridiales","uncl_Myrmecridiales","uncl_Myrmecridiales"
"Fungi","Ascomycota","Sordariomycetes","Myrmecridiales","Myrmecridiaceae","Myrmecridium","uncl_Myrmecridium"
"Fungi","Ascomycota","Lecanoromycetes","Ostropales","uncl_Ostropales","uncl_Ostropales","uncl_Ostropales"
"Fungi","Ascomycota","Dothideomycetes","Pleosporales","uncl_Pleosporales","uncl_Pleosporales","uncl_Pleosporales"
"Fungi","Ascomycota","Sordariomycetes","Hypocreales","uncl_Hypocreales","uncl_Hypocreales","uncl_Hypocreales"
"Fungi","Ascomycota","Dothideomycetes","Pleosporales","Pleosporaceae","uncl_Pleosporaceae","uncl_Pleosporaceae"
"Fungi","Ascomycota","Dothideomycetes","Pleosporales","Pleosporaceae","uncl_Pleosporaceae","uncl_Pleosporaceae"
"Fungi","Ascomycota","Sordariomycetes","Myrmecridiales","Myrmecridiaceae","Myrmecridium","uncl_Myrmecridium"
"Fungi","Ascomycota","uncl_Ascomycota","uncl_Ascomycota","uncl_Ascomycota","uncl_Ascomycota","uncl_Ascomycota"
"Fungi","Ascomycota","Eurotiomycetes","Eurotiales","uncl_Eurotiales","uncl_Eurotiales","uncl_Eurotiales"
"Fungi","Ascomycota","Dothideomycetes","Pleosporales","uncl_Pleosporales","uncl_Pleosporales","uncl_Pleosporales"
"Fungi","Ascomycota","Sordariomycetes","Myrmecridiales","Myrmecridiaceae","Myrmecridium","Myrmecridium_schulzeri"
"Fungi","Ascomycota","Sordariomycetes","Xylariales","uncl_Xylariales","uncl_Xylariales","uncl_Xylariales"
"Fungi","Basidiomycota","Agaricomycetes","Cantharellales","Ceratobasidiaceae","uncl_Ceratobasidiaceae","uncl_Ceratobasidiaceae"
"Fungi","Ascomycota","Dothideomycetes","Pleosporales","uncl_Pleosporales","uncl_Pleosporales","uncl_Pleosporales"
"Fungi","Ascomycota","Lecanoromycetes","Pertusariales","Megasporaceae","uncl_Megasporaceae","uncl_Megasporaceae"
"Fungi","Ascomycota","Dothideomycetes","Capnodiales","uncl_Capnodiales","uncl_Capnodiales","uncl_Capnodiales"
"Fungi","Ascomycota","uncl_Ascomycota","uncl_Ascomycota","uncl_Ascomycota","uncl_Ascomycota","uncl_Ascomycota"
"Fungi","Ascomycota","Sordariomycetes","Magnaporthales","Magnaporthaceae","Magnaporthiopsis","uncl_Magnaporthiopsis"
"Fungi","Ascomycota","Dothideomycetes","Dothideales","Dothideales_fam_Incertae_sedis","Endococcus","uncl_Endococcus"
"Fungi","Ascomycota","Dothideomycetes","uncl_Dothideomycetes","uncl_Dothideomycetes","uncl_Dothideomycetes","uncl_Dothideomycetes"
"Fungi","Basidiomycota","uncl_Basidiomycota","uncl_Basidiomycota","uncl_Basidiomycota","uncl_Basidiomycota","uncl_Basidiomycota"
"Fungi","Ascomycota","Sordariomycetes","Xylariales","uncl_Xylariales","uncl_Xylariales","uncl_Xylariales"
"Fungi","Ascomycota","Sordariomycetes","Xylariales","uncl_Xylariales","uncl_Xylariales","uncl_Xylariales"
"Fungi","Ascomycota","Dothideomycetes","Pleosporales","uncl_Pleosporales","uncl_Pleosporales","uncl_Pleosporales"
"Fungi","Mucoromycota","Mortierellomycetes","Mortierellales","Mortierellaceae","uncl_Mortierellaceae","uncl_Mortierellaceae"
"Fungi","Basidiomycota","Agaricomycetes","Thelephorales","Thelephoraceae","uncl_Thelephoraceae","uncl_Thelephoraceae"
"Fungi","Ascomycota","Sordariomycetes","uncl_Sordariomycetes","uncl_Sordariomycetes","uncl_Sordariomycetes","uncl_Sordariomycetes"
"Fungi","Ascomycota","Dothideomycetes","uncl_Dothideomycetes","uncl_Dothideomycetes","uncl_Dothideomycetes","uncl_Dothideomycetes"
"Fungi","Ascomycota","Sordariomycetes","Xylariales","uncl_Xylariales","uncl_Xylariales","uncl_Xylariales"
"Fungi","Ascomycota","Dothideomycetes","uncl_Dothideomycetes","uncl_Dothideomycetes","uncl_Dothideomycetes","uncl_Dothideomycetes"
"Fungi","Ascomycota","Eurotiomycetes","Chaetothyriales","Herpotrichiellaceae","uncl_Herpotrichiellaceae","uncl_Herpotrichiellaceae"
"Fungi","Ascomycota","Sordariomycetes","Sordariales","Chaetomiaceae","uncl_Chaetomiaceae","uncl_Chaetomiaceae"
"Fungi","Ascomycota","Sordariomycetes","uncl_Sordariomycetes","uncl_Sordariomycetes","uncl_Sordariomycetes","uncl_Sordariomycetes"
"Fungi","Mucoromycota","Glomeromycetes","uncl_Glomeromycetes","uncl_Glomeromycetes","uncl_Glomeromycetes","uncl_Glomeromycetes"
"Fungi","Ascomycota","uncl_Ascomycota","uncl_Ascomycota","uncl_Ascomycota","uncl_Ascomycota","uncl_Ascomycota"
"Fungi","Ascomycota","uncl_Ascomycota","uncl_Ascomycota","uncl_Ascomycota","uncl_Ascomycota","uncl_Ascomycota"
"Fungi","Ascomycota","Sordariomycetes","Xylariales","uncl_Xylariales","uncl_Xylariales","uncl_Xylariales"
"Fungi","Ascomycota","Eurotiomycetes","Eurotiales","Aspergillaceae","Penicillium","uncl_Penicillium"
"Fungi","Ascomycota","Dothideomycetes","Pleosporales","uncl_Pleosporales","uncl_Pleosporales","uncl_Pleosporales"
"Fungi","Ascomycota","Dothideomycetes","Pleosporales","uncl_Pleosporales","uncl_Pleosporales","uncl_Pleosporales"
"Fungi","Ascomycota","uncl_Ascomycota","uncl_Ascomycota","uncl_Ascomycota","uncl_Ascomycota","uncl_Ascomycota"
"Fungi","Ascomycota","Dothideomycetes","Capnodiales","Dissoconiaceae","Dissoconium","uncl_Dissoconium"
"Fungi","Ascomycota","Sordariomycetes","Hypocreales","uncl_Hypocreales","uncl_Hypocreales","uncl_Hypocreales"
"Fungi","Mucoromycota","Glomeromycetes","Glomerales","Glomeraceae","uncl_Glomeraceae","uncl_Glomeraceae"
"Fungi","Mucoromycota","Glomeromycetes","Glomerales","Glomeraceae","uncl_Glomeraceae","uncl_Glomeraceae"
"Fungi","Mucoromycota","Glomeromycetes","Glomerales","Glomeraceae","uncl_Glomeraceae","uncl_Glomeraceae"
"Fungi","Ascomycota","Leotiomycetes","uncl_Leotiomycetes","uncl_Leotiomycetes","uncl_Leotiomycetes","uncl_Leotiomycetes"
"Fungi","Chytridiomycota","Spizellomycetes","Spizellomycetales","uncl_Spizellomycetales","uncl_Spizellomycetales","uncl_Spizellomycetales"
"Fungi","Ascomycota","Saccharomycetes","Saccharomycetales","Debaryomycetaceae","Debaryomyces","Debaryomyces_prosopidis"
"Fungi","Ascomycota","Sordariomycetes","Hypocreales","uncl_Hypocreales","uncl_Hypocreales","uncl_Hypocreales"
"Fungi","Ascomycota","uncl_Ascomycota","uncl_Ascomycota","uncl_Ascomycota","uncl_Ascomycota","uncl_Ascomycota"
"Fungi","Ascomycota","Sordariomycetes","uncl_Sordariomycetes","uncl_Sordariomycetes","uncl_Sordariomycetes","uncl_Sordariomycetes"
"Fungi","Ascomycota","Dothideomycetes","Pleosporales","uncl_Pleosporales","uncl_Pleosporales","uncl_Pleosporales"
"Fungi","Ascomycota","uncl_Ascomycota","uncl_Ascomycota","uncl_Ascomycota","uncl_Ascomycota","uncl_Ascomycota"
"Fungi","Ascomycota","Dothideomycetes","Pleosporales","Phaeosphaeriaceae","uncl_Phaeosphaeriaceae","uncl_Phaeosphaeriaceae"
"Fungi","Ascomycota","Dothideomycetes","uncl_Dothideomycetes","uncl_Dothideomycetes","uncl_Dothideomycetes","uncl_Dothideomycetes"
"Fungi","Basidiomycota","Agaricomycetes","Corticiales","uncl_Corticiales","uncl_Corticiales","uncl_Corticiales"
"Fungi","Ascomycota","Dothideomycetes","uncl_Dothideomycetes","uncl_Dothideomycetes","uncl_Dothideomycetes","uncl_Dothideomycetes"
"Fungi","Basidiomycota","Agaricomycetes","Corticiales","uncl_Corticiales","uncl_Corticiales","uncl_Corticiales"
"Fungi","Chytridiomycota","Rhizophlyctidomycetes","Rhizophlyctidales","Rhizophlyctidaceae","uncl_Rhizophlyctidaceae","uncl_Rhizophlyctidaceae"
"Fungi","Basidiomycota","Agaricomycetes","Cantharellales","Hydnaceae","Minimedusa","Minimedusa_polyspora"
"Fungi","Ascomycota","Dothideomycetes","Pleosporales","Phaeosphaeriaceae","uncl_Phaeosphaeriaceae","uncl_Phaeosphaeriaceae"
"Fungi","Ascomycota","uncl_Ascomycota","uncl_Ascomycota","uncl_Ascomycota","uncl_Ascomycota","uncl_Ascomycota"
"Fungi","Mucoromycota","Glomeromycetes","Glomerales","Glomeraceae","uncl_Glomeraceae","uncl_Glomeraceae"
"Fungi","Ascomycota","Sordariomycetes","Xylariales","uncl_Xylariales","uncl_Xylariales","uncl_Xylariales"
"Fungi","Ascomycota","Dothideomycetes","Pleosporales","uncl_Pleosporales","uncl_Pleosporales","uncl_Pleosporales"
"Fungi","Ascomycota","uncl_Ascomycota","uncl_Ascomycota","uncl_Ascomycota","uncl_Ascomycota","uncl_Ascomycota"
"Fungi","Mucoromycota","Glomeromycetes","Glomerales","Glomeraceae","uncl_Glomeraceae","uncl_Glomeraceae"
"Fungi","Ascomycota","Dothideomycetes","Pleosporales","Coniothyriaceae","Coniothyrium","uncl_Coniothyrium"
"Fungi","Ascomycota","Eurotiomycetes","uncl_Eurotiomycetes","uncl_Eurotiomycetes","uncl_Eurotiomycetes","uncl_Eurotiomycetes"
"Fungi","Ascomycota","Dothideomycetes","Pleosporales","uncl_Pleosporales","uncl_Pleosporales","uncl_Pleosporales"
"Fungi","Ascomycota","uncl_Ascomycota","uncl_Ascomycota","uncl_Ascomycota","uncl_Ascomycota","uncl_Ascomycota"
"Fungi","Ascomycota","Dothideomycetes","uncl_Dothideomycetes","uncl_Dothideomycetes","uncl_Dothideomycetes","uncl_Dothideomycetes"
"Fungi","Ascomycota","uncl_Ascomycota","uncl_Ascomycota","uncl_Ascomycota","uncl_Ascomycota","uncl_Ascomycota"
"Fungi","Ascomycota","Sordariomycetes","Magnaporthales","Magnaporthaceae","Magnaporthiopsis","uncl_Magnaporthiopsis"
"Fungi","Mucoromycota","Glomeromycetes","Glomerales","Glomeraceae","uncl_Glomeraceae","uncl_Glomeraceae"
"Fungi","Ascomycota","uncl_Ascomycota","uncl_Ascomycota","uncl_Ascomycota","uncl_Ascomycota","uncl_Ascomycota"
"Fungi","Mucoromycota","Glomeromycetes","Glomerales","Glomeraceae","uncl_Glomeraceae","uncl_Glomeraceae"
"Fungi","Ascomycota","Sordariomycetes","Xylariales","Xylariaceae","uncl_Xylariaceae","uncl_Xylariaceae"
"Fungi","Ascomycota","Eurotiomycetes","Eurotiales","Elaphomycetaceae","Elaphomyces","uncl_Elaphomyces"
"Fungi","Ascomycota","uncl_Ascomycota","uncl_Ascomycota","uncl_Ascomycota","uncl_Ascomycota","uncl_Ascomycota"
"Fungi","Basidiomycota","Agaricomycetes","Agaricales","Agaricaceae","Lepiota","uncl_Lepiota"
"Fungi","Ascomycota","Dothideomycetes","Capnodiales","uncl_Capnodiales","uncl_Capnodiales","uncl_Capnodiales"
"Fungi","Chytridiomycota","Rhizophlyctidomycetes","Rhizophlyctidales","Rhizophlyctidaceae","Rhizophlyctis","Rhizophlyctis_rosea"
"Fungi","Ascomycota","Dothideomycetes","Pleosporales","uncl_Pleosporales","uncl_Pleosporales","uncl_Pleosporales"
"Fungi","Chytridiomycota","uncl_Chytridiomycota","uncl_Chytridiomycota","uncl_Chytridiomycota","uncl_Chytridiomycota","uncl_Chytridiomycota"
"Fungi","Ascomycota","Lecanoromycetes","Lecanorales","Parmeliaceae","Xanthoparmelia","Xanthoparmelia_dierythra"
"Fungi","Ascomycota","Dothideomycetes","Pleosporales","Phaeosphaeriaceae","Ophiosphaerella","uncl_Ophiosphaerella"
"Fungi","Ascomycota","Dothideomycetes","uncl_Dothideomycetes","uncl_Dothideomycetes","uncl_Dothideomycetes","uncl_Dothideomycetes"
"Fungi","Ascomycota","Dothideomycetes","Capnodiales","uncl_Capnodiales","uncl_Capnodiales","uncl_Capnodiales"
"Fungi","Ascomycota","Pezizomycetes","Pezizales","uncl_Pezizales","uncl_Pezizales","uncl_Pezizales"
"Fungi","Ascomycota","Dothideomycetes","Pleosporales","uncl_Pleosporales","uncl_Pleosporales","uncl_Pleosporales"
"Fungi","Basidiomycota","Agaricomycetes","Polyporales","uncl_Polyporales","uncl_Polyporales","uncl_Polyporales"
"Fungi","Ascomycota","uncl_Ascomycota","uncl_Ascomycota","uncl_Ascomycota","uncl_Ascomycota","uncl_Ascomycota"
"Fungi","Basidiomycota","Agaricomycetes","Geastrales","Geastraceae","Geastrum","Geastrum_hungaricum"
"Fungi","Ascomycota","Sordariomycetes","uncl_Sordariomycetes","uncl_Sordariomycetes","uncl_Sordariomycetes","uncl_Sordariomycetes"
"Fungi","Ascomycota","Lecanoromycetes","Ostropales","uncl_Ostropales","uncl_Ostropales","uncl_Ostropales"
"Fungi","Ascomycota","Dothideomycetes","Pleosporales","uncl_Pleosporales","uncl_Pleosporales","uncl_Pleosporales"
"Fungi","Basidiomycota","Agaricomycetes","Sebacinales","Serendipitaceae","uncl_Serendipitaceae","uncl_Serendipitaceae"
"Fungi","Ascomycota","Sordariomycetes","uncl_Sordariomycetes","uncl_Sordariomycetes","uncl_Sordariomycetes","uncl_Sordariomycetes"
"Fungi","Ascomycota","Dothideomycetes","Pleosporales","uncl_Pleosporales","uncl_Pleosporales","uncl_Pleosporales"
"Fungi","Ascomycota","Sordariomycetes","uncl_Sordariomycetes","uncl_Sordariomycetes","uncl_Sordariomycetes","uncl_Sordariomycetes"
"Fungi","Ascomycota","Dothideomycetes","Pleosporales","uncl_Pleosporales","uncl_Pleosporales","uncl_Pleosporales"
"Fungi","Ascomycota","uncl_Ascomycota","uncl_Ascomycota","uncl_Ascomycota","uncl_Ascomycota","uncl_Ascomycota"
"Fungi","Ascomycota","Dothideomycetes","Pleosporales","uncl_Pleosporales","uncl_Pleosporales","uncl_Pleosporales"
"Fungi","Basidiomycota","Agaricomycetes","Agaricales","uncl_Agaricales","uncl_Agaricales","uncl_Agaricales"
"Fungi","Basidiomycota","Agaricomycetes","Polyporales","uncl_Polyporales","uncl_Polyporales","uncl_Polyporales"
"Fungi","Ascomycota","Dothideomycetes","Pleosporales","Pleosporaceae","Alternaria","uncl_Alternaria"
"Fungi","Ascomycota","uncl_Ascomycota","uncl_Ascomycota","uncl_Ascomycota","uncl_Ascomycota","uncl_Ascomycota"
"Fungi","Ascomycota","Dothideomycetes","Pleosporales","uncl_Pleosporales","uncl_Pleosporales","uncl_Pleosporales"
"Fungi","Ascomycota","Sordariomycetes","Sordariales","uncl_Sordariales","uncl_Sordariales","uncl_Sordariales"
"Fungi","Ascomycota","Dothideomycetes","Botryosphaeriales","Botryosphaeriaceae","Thyrostroma","uncl_Thyrostroma"
"Fungi","Basidiomycota","Tremellomycetes","Filobasidiales","Filobasidiaceae","Filobasidium","uncl_Filobasidium"
"Fungi","Ascomycota","Dothideomycetes","Pleosporales","uncl_Pleosporales","uncl_Pleosporales","uncl_Pleosporales"
"Fungi","Ascomycota","uncl_Ascomycota","uncl_Ascomycota","uncl_Ascomycota","uncl_Ascomycota","uncl_Ascomycota"
"Fungi","Ascomycota","Dothideomycetes","Pleosporales","uncl_Pleosporales","uncl_Pleosporales","uncl_Pleosporales"
"Fungi","Mucoromycota","Glomeromycetes","Glomerales","Glomeraceae","uncl_Glomeraceae","uncl_Glomeraceae"
"Fungi","Ascomycota","Dothideomycetes","Botryosphaeriales","Botryosphaeriaceae","Thyrostroma","Thyrostroma_lycii"
"Fungi","Ascomycota","Eurotiomycetes","uncl_Eurotiomycetes","uncl_Eurotiomycetes","uncl_Eurotiomycetes","uncl_Eurotiomycetes"
"Fungi","Basidiomycota","Agaricomycetes","Geastrales","Geastraceae","Geastrum","uncl_Geastrum"
"Fungi","Basidiomycota","Agaricomycetes","Agaricales","Agaricaceae","Tulostoma","uncl_Tulostoma"
"Fungi","Ascomycota","Sordariomycetes","Togniniales","Togniniaceae","uncl_Togniniaceae","uncl_Togniniaceae"
"Fungi","Ascomycota","Sordariomycetes","uncl_Sordariomycetes","uncl_Sordariomycetes","uncl_Sordariomycetes","uncl_Sordariomycetes"
"Fungi","Ascomycota","Dothideomycetes","Patellariales","Patellariaceae","uncl_Patellariaceae","uncl_Patellariaceae"
"Fungi","Ascomycota","Sordariomycetes","Hypocreales","Stachybotryaceae","uncl_Stachybotryaceae","uncl_Stachybotryaceae"
"Fungi","Basidiomycota","Agaricomycetes","Agaricales","Agaricaceae","Tulostoma","uncl_Tulostoma"
"Fungi","Ascomycota","Dothideomycetes","Pleosporales","Lentitheciaceae","Keissleriella","uncl_Keissleriella"
"Fungi","Ascomycota","Dothideomycetes","Pleosporales","uncl_Pleosporales","uncl_Pleosporales","uncl_Pleosporales"
"Fungi","Ascomycota","Orbiliomycetes","uncl_Orbiliomycetes","uncl_Orbiliomycetes","uncl_Orbiliomycetes","uncl_Orbiliomycetes"
"Fungi","Ascomycota","Dothideomycetes","Pleosporales","uncl_Pleosporales","uncl_Pleosporales","uncl_Pleosporales"
"Fungi","Ascomycota","uncl_Ascomycota","uncl_Ascomycota","uncl_Ascomycota","uncl_Ascomycota","uncl_Ascomycota"
"Fungi","Ascomycota","uncl_Ascomycota","uncl_Ascomycota","uncl_Ascomycota","uncl_Ascomycota","uncl_Ascomycota"
"Fungi","Ascomycota","uncl_Ascomycota","uncl_Ascomycota","uncl_Ascomycota","uncl_Ascomycota","uncl_Ascomycota"
"Fungi","Ascomycota","Pezizomycetes","Pezizales","Ascobolaceae","Ascobolus","uncl_Ascobolus"
"Fungi","Ascomycota","Sordariomycetes","Hypocreales","Hypocreales_fam_Incertae_sedis","Acremonium","uncl_Acremonium"
"Fungi","Basidiomycota","Tremellomycetes","Tremellales","Bulleraceae","Bullera","Bullera_alba"
"Fungi","Ascomycota","Dothideomycetes","Pleosporales","uncl_Pleosporales","uncl_Pleosporales","uncl_Pleosporales"
"Fungi","Ascomycota","uncl_Ascomycota","uncl_Ascomycota","uncl_Ascomycota","uncl_Ascomycota","uncl_Ascomycota"
"Fungi","Ascomycota","Sordariomycetes","uncl_Sordariomycetes","uncl_Sordariomycetes","uncl_Sordariomycetes","uncl_Sordariomycetes"
"Fungi","Ascomycota","uncl_Ascomycota","uncl_Ascomycota","uncl_Ascomycota","uncl_Ascomycota","uncl_Ascomycota"
"Fungi","Ascomycota","uncl_Ascomycota","uncl_Ascomycota","uncl_Ascomycota","uncl_Ascomycota","uncl_Ascomycota"
"Fungi","Ascomycota","Sordariomycetes","Hypocreales","uncl_Hypocreales","uncl_Hypocreales","uncl_Hypocreales"
"Fungi","Ascomycota","Sordariomycetes","Sordariales","uncl_Sordariales","uncl_Sordariales","uncl_Sordariales"
"Fungi","Ascomycota","Dothideomycetes","Dothideales","Dothioraceae","Hormonema","uncl_Hormonema"
"Fungi","Mucoromycota","Glomeromycetes","Glomerales","Glomeraceae","uncl_Glomeraceae","uncl_Glomeraceae"
"Fungi","Ascomycota","uncl_Ascomycota","uncl_Ascomycota","uncl_Ascomycota","uncl_Ascomycota","uncl_Ascomycota"
"Fungi","Ascomycota","Sordariomycetes","Sordariales","uncl_Sordariales","uncl_Sordariales","uncl_Sordariales"
"Fungi","Ascomycota","Dothideomycetes","uncl_Dothideomycetes","uncl_Dothideomycetes","uncl_Dothideomycetes","uncl_Dothideomycetes"
"Fungi","Mucoromycota","Glomeromycetes","uncl_Glomeromycetes","uncl_Glomeromycetes","uncl_Glomeromycetes","uncl_Glomeromycetes"
"Fungi","Basidiomycota","Agaricomycetes","Agaricales","Entolomataceae","Clitopilus","uncl_Clitopilus"
"Fungi","Mucoromycota","Glomeromycetes","Glomerales","Glomeraceae","uncl_Glomeraceae","uncl_Glomeraceae"
"Fungi","Mucoromycota","Glomeromycetes","Glomerales","uncl_Glomerales","uncl_Glomerales","uncl_Glomerales"
"Fungi","Ascomycota","Sordariomycetes","uncl_Sordariomycetes","uncl_Sordariomycetes","uncl_Sordariomycetes","uncl_Sordariomycetes"
"Fungi","Ascomycota","Sordariomycetes","Hypocreales","uncl_Hypocreales","uncl_Hypocreales","uncl_Hypocreales"
"Fungi","Mucoromycota","uncl_Mucoromycota","uncl_Mucoromycota","uncl_Mucoromycota","uncl_Mucoromycota","uncl_Mucoromycota"
"Fungi","Mucoromycota","Glomeromycetes","Glomerales","Glomeraceae","uncl_Glomeraceae","uncl_Glomeraceae"
"Fungi","Ascomycota","Sordariomycetes","Sordariales","Chaetomiaceae","uncl_Chaetomiaceae","uncl_Chaetomiaceae"
"Fungi","Mucoromycota","Glomeromycetes","Glomerales","Glomeraceae","Kamienskia","Kamienskia_divaricata"
"Fungi","Mucoromycota","Glomeromycetes","Glomerales","Glomeraceae","uncl_Glomeraceae","uncl_Glomeraceae"
"Fungi","Mucoromycota","Glomeromycetes","Glomerales","Glomeraceae","uncl_Glomeraceae","uncl_Glomeraceae"
"Fungi","Mucoromycota","Glomeromycetes","Glomerales","Glomeraceae","uncl_Glomeraceae","uncl_Glomeraceae"
"Fungi","Mucoromycota","Glomeromycetes","Glomerales","Glomeraceae","Kamienskia","Kamienskia_divaricata"
"Fungi","Ascomycota","Dothideomycetes","Capnodiales","uncl_Capnodiales","uncl_Capnodiales","uncl_Capnodiales"
"Fungi","Ascomycota","Pezizomycetes","Pezizales","uncl_Pezizales","uncl_Pezizales","uncl_Pezizales"
"Fungi","Mucoromycota","uncl_Mucoromycota","uncl_Mucoromycota","uncl_Mucoromycota","uncl_Mucoromycota","uncl_Mucoromycota"
"Fungi","Ascomycota","Sordariomycetes","Sordariales","uncl_Sordariales","uncl_Sordariales","uncl_Sordariales"
"Fungi","Chytridiomycota","Spizellomycetes","Spizellomycetales","Spizellomycetaceae","Spizellomyces","Spizellomyces_acuminatus"
"Fungi","Mucoromycota","uncl_Mucoromycota","uncl_Mucoromycota","uncl_Mucoromycota","uncl_Mucoromycota","uncl_Mucoromycota"
"Fungi","Ascomycota","Dothideomycetes","Pleosporales","Sporormiaceae","uncl_Sporormiaceae","uncl_Sporormiaceae"
"Fungi","Ascomycota","Dothideomycetes","uncl_Dothideomycetes","uncl_Dothideomycetes","uncl_Dothideomycetes","uncl_Dothideomycetes"
"Fungi","Mucoromycota","uncl_Mucoromycota","uncl_Mucoromycota","uncl_Mucoromycota","uncl_Mucoromycota","uncl_Mucoromycota"
"Fungi","Mucoromycota","Glomeromycetes","Glomerales","Glomeraceae","uncl_Glomeraceae","uncl_Glomeraceae"
"Fungi","Mucoromycota","Glomeromycetes","Glomerales","Glomeraceae","uncl_Glomeraceae","uncl_Glomeraceae"
"Fungi","Mucoromycota","Glomeromycetes","Glomerales","Glomeraceae","uncl_Glomeraceae","uncl_Glomeraceae"
"Fungi","Ascomycota","Dothideomycetes","uncl_Dothideomycetes","uncl_Dothideomycetes","uncl_Dothideomycetes","uncl_Dothideomycetes"
"Fungi","Ascomycota","Dothideomycetes","Botryosphaeriales","uncl_Botryosphaeriales","uncl_Botryosphaeriales","uncl_Botryosphaeriales"
"Fungi","Mucoromycota","Glomeromycetes","uncl_Glomeromycetes","uncl_Glomeromycetes","uncl_Glomeromycetes","uncl_Glomeromycetes"
"Fungi","Ascomycota","Sordariomycetes","Xylariales","Xylariaceae","uncl_Xylariaceae","uncl_Xylariaceae"
"Fungi","Ascomycota","Dothideomycetes","Capnodiales","uncl_Capnodiales","uncl_Capnodiales","uncl_Capnodiales"
"Fungi","Basidiomycota","Agaricomycetes","Agaricales","Stephanosporaceae","Cristinia","uncl_Cristinia"
"Fungi","Mucoromycota","uncl_Mucoromycota","uncl_Mucoromycota","uncl_Mucoromycota","uncl_Mucoromycota","uncl_Mucoromycota"
"Fungi","Mucoromycota","Glomeromycetes","Glomerales","Glomeraceae","uncl_Glomeraceae","uncl_Glomeraceae"
"Fungi","Basidiomycota","Agaricomycetes","Agaricales","uncl_Agaricales","uncl_Agaricales","uncl_Agaricales"
"Fungi","Ascomycota","Dothideomycetes","Pleosporales","uncl_Pleosporales","uncl_Pleosporales","uncl_Pleosporales"
"Fungi","Ascomycota","Saccharomycetes","uncl_Saccharomycetes","uncl_Saccharomycetes","uncl_Saccharomycetes","uncl_Saccharomycetes"
"Fungi","Ascomycota","Sordariomycetes","Diaporthales","Diaporthaceae","uncl_Diaporthaceae","uncl_Diaporthaceae"
"Fungi","Ascomycota","Sordariomycetes","uncl_Sordariomycetes","uncl_Sordariomycetes","uncl_Sordariomycetes","uncl_Sordariomycetes"
"Fungi","Mucoromycota","Glomeromycetes","Glomerales","Glomeraceae","Kamienskia","Kamienskia_divaricata"
"Fungi","Ascomycota","Dothideomycetes","Capnodiales","uncl_Capnodiales","uncl_Capnodiales","uncl_Capnodiales"
"Fungi","Basidiomycota","Agaricomycetes","uncl_Agaricomycetes","uncl_Agaricomycetes","uncl_Agaricomycetes","uncl_Agaricomycetes"
"Fungi","Basidiomycota","Agaricomycetes","Agaricales","uncl_Agaricales","uncl_Agaricales","uncl_Agaricales"
"Fungi","Ascomycota","Dothideomycetes","uncl_Dothideomycetes","uncl_Dothideomycetes","uncl_Dothideomycetes","uncl_Dothideomycetes"
"Fungi","Ascomycota","uncl_Ascomycota","uncl_Ascomycota","uncl_Ascomycota","uncl_Ascomycota","uncl_Ascomycota"
"Fungi","Ascomycota","Dothideomycetes","Pleosporales","Sporormiaceae","Westerdykella","Westerdykella_centenaria"
"Fungi","Ascomycota","Sordariomycetes","Sordariales","uncl_Sordariales","uncl_Sordariales","uncl_Sordariales"
"Fungi","Mucoromycota","Glomeromycetes","Glomerales","Glomeraceae","uncl_Glomeraceae","uncl_Glomeraceae"
"Fungi","Ascomycota","Sordariomycetes","uncl_Sordariomycetes","uncl_Sordariomycetes","uncl_Sordariomycetes","uncl_Sordariomycetes"
"Fungi","Mucoromycota","Glomeromycetes","Glomerales","Glomeraceae","Dominikia","uncl_Dominikia"
"Fungi","Mucoromycota","Glomeromycetes","uncl_Glomeromycetes","uncl_Glomeromycetes","uncl_Glomeromycetes","uncl_Glomeromycetes"
"Fungi","Ascomycota","uncl_Ascomycota","uncl_Ascomycota","uncl_Ascomycota","uncl_Ascomycota","uncl_Ascomycota"
"Fungi","Mucoromycota","Glomeromycetes","uncl_Glomeromycetes","uncl_Glomeromycetes","uncl_Glomeromycetes","uncl_Glomeromycetes"
"Fungi","Ascomycota","Eurotiomycetes","Chaetothyriales","uncl_Chaetothyriales","uncl_Chaetothyriales","uncl_Chaetothyriales"
"Fungi","Ascomycota","Dothideomycetes","Pleosporales","uncl_Pleosporales","uncl_Pleosporales","uncl_Pleosporales"
"Fungi","Mucoromycota","uncl_Mucoromycota","uncl_Mucoromycota","uncl_Mucoromycota","uncl_Mucoromycota","uncl_Mucoromycota"
"Fungi","Ascomycota","Dothideomycetes","Mycosphaerellales","Teratosphaeriaceae","Lapidomyces","uncl_Lapidomyces"
"Fungi","Mucoromycota","Glomeromycetes","Glomerales","Glomeraceae","uncl_Glomeraceae","uncl_Glomeraceae"
"Fungi","Basidiomycota","Agaricomycetes","Agaricales","Tricholomataceae","uncl_Tricholomataceae","uncl_Tricholomataceae"
"Fungi","Mucoromycota","Glomeromycetes","Glomerales","Glomeraceae","uncl_Glomeraceae","uncl_Glomeraceae"
"Fungi","Ascomycota","Sordariomycetes","Xylariales","uncl_Xylariales","uncl_Xylariales","uncl_Xylariales"
"Fungi","Chytridiomycota","Spizellomycetes","Spizellomycetales","Powellomycetaceae","uncl_Powellomycetaceae","uncl_Powellomycetaceae"
"Fungi","Basidiomycota","Agaricomycetes","Geastrales","Geastraceae","Geastrum","uncl_Geastrum"
"Fungi","Ascomycota","uncl_Ascomycota","uncl_Ascomycota","uncl_Ascomycota","uncl_Ascomycota","uncl_Ascomycota"
"Fungi","Ascomycota","Dothideomycetes","Pleosporales","uncl_Pleosporales","uncl_Pleosporales","uncl_Pleosporales"
"Fungi","Basidiomycota","Agaricomycetes","uncl_Agaricomycetes","uncl_Agaricomycetes","uncl_Agaricomycetes","uncl_Agaricomycetes"
"Fungi","Ascomycota","Dothideomycetes","Pleosporales","uncl_Pleosporales","uncl_Pleosporales","uncl_Pleosporales"
"Fungi","Mucoromycota","Glomeromycetes","uncl_Glomeromycetes","uncl_Glomeromycetes","uncl_Glomeromycetes","uncl_Glomeromycetes"
"Fungi","Ascomycota","Eurotiomycetes","Eurotiales","uncl_Eurotiales","uncl_Eurotiales","uncl_Eurotiales"
"Fungi","Ascomycota","uncl_Ascomycota","uncl_Ascomycota","uncl_Ascomycota","uncl_Ascomycota","uncl_Ascomycota"
"Fungi","Ascomycota","Eurotiomycetes","Eurotiales","uncl_Eurotiales","uncl_Eurotiales","uncl_Eurotiales"
"Fungi","Ascomycota","Dothideomycetes","uncl_Dothideomycetes","uncl_Dothideomycetes","uncl_Dothideomycetes","uncl_Dothideomycetes"
"Fungi","Mucoromycota","Glomeromycetes","Glomerales","Glomeraceae","uncl_Glomeraceae","uncl_Glomeraceae"
"Fungi","Ascomycota","Arthoniomycetes","Lichenostigmatales","Phaeococcomycetaceae","Phaeococcomyces","uncl_Phaeococcomyces"
"Fungi","Ascomycota","Sordariomycetes","uncl_Sordariomycetes","uncl_Sordariomycetes","uncl_Sordariomycetes","uncl_Sordariomycetes"
"Fungi","Ascomycota","uncl_Ascomycota","uncl_Ascomycota","uncl_Ascomycota","uncl_Ascomycota","uncl_Ascomycota"
"Fungi","Ascomycota","Dothideomycetes","Pleosporales","Phaeosphaeriaceae","Sclerostagonospora","uncl_Sclerostagonospora"
"Fungi","Mucoromycota","Glomeromycetes","Glomerales","Glomeraceae","uncl_Glomeraceae","uncl_Glomeraceae"
"Fungi","Ascomycota","Sordariomycetes","Sordariales","uncl_Sordariales","uncl_Sordariales","uncl_Sordariales"
"Fungi","Ascomycota","Dothideomycetes","Pleosporales","Cucurbitariaceae","uncl_Cucurbitariaceae","uncl_Cucurbitariaceae"
"Fungi","Ascomycota","Sordariomycetes","Sordariales","Chaetomiaceae","Allocanariomyces","Allocanariomyces_tritici"
"Fungi","Mucoromycota","Glomeromycetes","Glomerales","uncl_Glomerales","uncl_Glomerales","uncl_Glomerales"
"Fungi","Ascomycota","Dothideomycetes","uncl_Dothideomycetes","uncl_Dothideomycetes","uncl_Dothideomycetes","uncl_Dothideomycetes"
"Fungi","Ascomycota","Dothideomycetes","Pleosporales","Periconiaceae","Periconia","Periconia_epilithographicola"
"Fungi","Mucoromycota","uncl_Mucoromycota","uncl_Mucoromycota","uncl_Mucoromycota","uncl_Mucoromycota","uncl_Mucoromycota"
"Fungi","Ascomycota","uncl_Ascomycota","uncl_Ascomycota","uncl_Ascomycota","uncl_Ascomycota","uncl_Ascomycota"
"Fungi","Ascomycota","Dothideomycetes","Pleosporales","Phaeosphaeriaceae","uncl_Phaeosphaeriaceae","uncl_Phaeosphaeriaceae"
"Fungi","Ascomycota","uncl_Ascomycota","uncl_Ascomycota","uncl_Ascomycota","uncl_Ascomycota","uncl_Ascomycota"
"Fungi","Ascomycota","Sordariomycetes","Hypocreales","Bionectriaceae","uncl_Bionectriaceae","uncl_Bionectriaceae"
"Fungi","Mucoromycota","Glomeromycetes","Glomerales","Glomeraceae","Orientoglomus","uncl_Orientoglomus"
"Fungi","Basidiomycota","uncl_Basidiomycota","uncl_Basidiomycota","uncl_Basidiomycota","uncl_Basidiomycota","uncl_Basidiomycota"
"Fungi","Ascomycota","Dothideomycetes","Pleosporales","uncl_Pleosporales","uncl_Pleosporales","uncl_Pleosporales"
"Fungi","Ascomycota","Dothideomycetes","Tubeufiales","Tubeufiaceae","Tubeufia","Tubeufia_helicomyces"
"Fungi","Mucoromycota","Glomeromycetes","Glomerales","Glomeraceae","uncl_Glomeraceae","uncl_Glomeraceae"
"Fungi","Mucoromycota","Glomeromycetes","Glomerales","Glomeraceae","uncl_Glomeraceae","uncl_Glomeraceae"
"Fungi","Ascomycota","Sordariomycetes","Sordariales","Chaetomiaceae","uncl_Chaetomiaceae","uncl_Chaetomiaceae"
"Fungi","Ascomycota","uncl_Ascomycota","uncl_Ascomycota","uncl_Ascomycota","uncl_Ascomycota","uncl_Ascomycota"
"Fungi","Ascomycota","uncl_Ascomycota","uncl_Ascomycota","uncl_Ascomycota","uncl_Ascomycota","uncl_Ascomycota"
"Fungi","Mucoromycota","Glomeromycetes","Glomerales","Glomeraceae","uncl_Glomeraceae","uncl_Glomeraceae"
"Fungi","Mucoromycota","Glomeromycetes","Glomerales","uncl_Glomerales","uncl_Glomerales","uncl_Glomerales"
"Fungi","Mucoromycota","Glomeromycetes","uncl_Glomeromycetes","uncl_Glomeromycetes","uncl_Glomeromycetes","uncl_Glomeromycetes"
"Fungi","Ascomycota","Eurotiomycetes","Eurotiales","uncl_Eurotiales","uncl_Eurotiales","uncl_Eurotiales"
"Fungi","Basidiomycota","Agaricomycetes","Cantharellales","Tulasnellaceae","uncl_Tulasnellaceae","uncl_Tulasnellaceae"
"Fungi","Mucoromycota","Glomeromycetes","Glomerales","Glomeraceae","Rhizophagus","uncl_Rhizophagus"
"Fungi","Mucoromycota","Glomeromycetes","Glomerales","Glomeraceae","Dominikia","uncl_Dominikia"
"Fungi","Ascomycota","Eurotiomycetes","Chaetothyriales","uncl_Chaetothyriales","uncl_Chaetothyriales","uncl_Chaetothyriales"
"Fungi","Ascomycota","Eurotiomycetes","uncl_Eurotiomycetes","uncl_Eurotiomycetes","uncl_Eurotiomycetes","uncl_Eurotiomycetes"
"Fungi","Basidiomycota","Agaricomycetes","Agaricales","Entolomataceae","Clitopilus","uncl_Clitopilus"
"Fungi","Ascomycota","Sordariomycetes","uncl_Sordariomycetes","uncl_Sordariomycetes","uncl_Sordariomycetes","uncl_Sordariomycetes"
"Fungi","Mucoromycota","uncl_Mucoromycota","uncl_Mucoromycota","uncl_Mucoromycota","uncl_Mucoromycota","uncl_Mucoromycota"
"Fungi","Ascomycota","uncl_Ascomycota","uncl_Ascomycota","uncl_Ascomycota","uncl_Ascomycota","uncl_Ascomycota"
"Fungi","Ascomycota","uncl_Ascomycota","uncl_Ascomycota","uncl_Ascomycota","uncl_Ascomycota","uncl_Ascomycota"
"Fungi","Basidiomycota","Agaricomycetes","Agaricales","uncl_Agaricales","uncl_Agaricales","uncl_Agaricales"
"Fungi","Ascomycota","Dothideomycetes","Pleosporales","Teichosporaceae","Teichospora","Teichospora_kingiae"
"Fungi","Ascomycota","Dothideomycetes","Pleosporales","uncl_Pleosporales","uncl_Pleosporales","uncl_Pleosporales"
"Fungi","Ascomycota","Sordariomycetes","Xylariales","Hypoxylaceae","Daldinia","uncl_Daldinia"
"Fungi","Ascomycota","Dothideomycetes","Pleosporales","uncl_Pleosporales","uncl_Pleosporales","uncl_Pleosporales"
"Fungi","Ascomycota","uncl_Ascomycota","uncl_Ascomycota","uncl_Ascomycota","uncl_Ascomycota","uncl_Ascomycota"
"Fungi","Basidiomycota","Agaricomycetes","Cantharellales","Ceratobasidiaceae","uncl_Ceratobasidiaceae","uncl_Ceratobasidiaceae"
"Fungi","Basidiomycota","Agaricomycetes","Sebacinales","uncl_Sebacinales","uncl_Sebacinales","uncl_Sebacinales"
"Fungi","Mucoromycota","Glomeromycetes","Glomerales","Glomeraceae","uncl_Glomeraceae","uncl_Glomeraceae"
"Fungi","Mucoromycota","Glomeromycetes","uncl_Glomeromycetes","uncl_Glomeromycetes","uncl_Glomeromycetes","uncl_Glomeromycetes"
"Fungi","Mucoromycota","Glomeromycetes","uncl_Glomeromycetes","uncl_Glomeromycetes","uncl_Glomeromycetes","uncl_Glomeromycetes"
"Fungi","Mucoromycota","Glomeromycetes","Glomerales","Glomeraceae","uncl_Glomeraceae","uncl_Glomeraceae"
"Fungi","Ascomycota","Sordariomycetes","Hypocreales","uncl_Hypocreales","uncl_Hypocreales","uncl_Hypocreales"
"Fungi","Mucoromycota","Glomeromycetes","Glomerales","uncl_Glomerales","uncl_Glomerales","uncl_Glomerales"
"Fungi","Ascomycota","Eurotiomycetes","Chaetothyriales","uncl_Chaetothyriales","uncl_Chaetothyriales","uncl_Chaetothyriales"
"Fungi","Ascomycota","uncl_Ascomycota","uncl_Ascomycota","uncl_Ascomycota","uncl_Ascomycota","uncl_Ascomycota"
"Fungi","Ascomycota","uncl_Ascomycota","uncl_Ascomycota","uncl_Ascomycota","uncl_Ascomycota","uncl_Ascomycota"
"Fungi","Mucoromycota","Glomeromycetes","uncl_Glomeromycetes","uncl_Glomeromycetes","uncl_Glomeromycetes","uncl_Glomeromycetes"
"Fungi","Mucoromycota","Glomeromycetes","Glomerales","Glomeraceae","uncl_Glomeraceae","uncl_Glomeraceae"
"Fungi","Basidiomycota","Agaricomycetes","Agaricales","Agaricaceae","Leucoagaricus","uncl_Leucoagaricus"
"Fungi","Ascomycota","uncl_Ascomycota","uncl_Ascomycota","uncl_Ascomycota","uncl_Ascomycota","uncl_Ascomycota"
"Fungi","Ascomycota","uncl_Ascomycota","uncl_Ascomycota","uncl_Ascomycota","uncl_Ascomycota","uncl_Ascomycota"
"Fungi","Basidiomycota","Agaricomycetes","Agaricales","uncl_Agaricales","uncl_Agaricales","uncl_Agaricales"
"Fungi","Basidiomycota","Agaricomycetes","Agaricales","Agaricaceae","Leucoagaricus","uncl_Leucoagaricus"
"Fungi","Mucoromycota","Glomeromycetes","Glomerales","uncl_Glomerales","uncl_Glomerales","uncl_Glomerales"
"Fungi","Ascomycota","Sordariomycetes","Xylariales","Hypoxylaceae","Daldinia","uncl_Daldinia"
"Fungi","Mucoromycota","Glomeromycetes","Glomerales","Glomeraceae","Rhizophagus","uncl_Rhizophagus"
"Fungi","Mucoromycota","Glomeromycetes","Glomerales","Glomeraceae","uncl_Glomeraceae","uncl_Glomeraceae"
"Fungi","Basidiomycota","Agaricomycetes","Cantharellales","Tulasnellaceae","Tulasnella","uncl_Tulasnella"
"Fungi","Basidiomycota","Agaricomycetes","Cantharellales","Ceratobasidiaceae","uncl_Ceratobasidiaceae","uncl_Ceratobasidiaceae"
"Fungi","Mucoromycota","Glomeromycetes","uncl_Glomeromycetes","uncl_Glomeromycetes","uncl_Glomeromycetes","uncl_Glomeromycetes"
"Fungi","Mucoromycota","Glomeromycetes","Glomerales","uncl_Glomerales","uncl_Glomerales","uncl_Glomerales"
"Fungi","Ascomycota","Dothideomycetes","Mycosphaerellales","Teratosphaeriaceae","uncl_Teratosphaeriaceae","uncl_Teratosphaeriaceae"
"Fungi","Mucoromycota","uncl_Mucoromycota","uncl_Mucoromycota","uncl_Mucoromycota","uncl_Mucoromycota","uncl_Mucoromycota"
"Fungi","Ascomycota","Dothideomycetes","uncl_Dothideomycetes","uncl_Dothideomycetes","uncl_Dothideomycetes","uncl_Dothideomycetes"
"Fungi","Ascomycota","Pezizomycetes","uncl_Pezizomycetes","uncl_Pezizomycetes","uncl_Pezizomycetes","uncl_Pezizomycetes"
"Fungi","Mucoromycota","Glomeromycetes","Glomerales","Glomeraceae","uncl_Glomeraceae","uncl_Glomeraceae"
"Fungi","Ascomycota","Orbiliomycetes","Orbiliales","uncl_Orbiliales","uncl_Orbiliales","uncl_Orbiliales"
"Fungi","Ascomycota","uncl_Ascomycota","uncl_Ascomycota","uncl_Ascomycota","uncl_Ascomycota","uncl_Ascomycota"
"Fungi","Ascomycota","Leotiomycetes","Helotiales","Hyaloscyphaceae","Lachnum","uncl_Lachnum"
"Fungi","Mucoromycota","Glomeromycetes","Glomerales","Glomeraceae","uncl_Glomeraceae","uncl_Glomeraceae"
"Fungi","Basidiomycota","Agaricomycetes","Agaricales","Agaricaceae","uncl_Agaricaceae","uncl_Agaricaceae"
"Fungi","Ascomycota","uncl_Ascomycota","uncl_Ascomycota","uncl_Ascomycota","uncl_Ascomycota","uncl_Ascomycota"
"Fungi","Ascomycota","Eurotiomycetes","uncl_Eurotiomycetes","uncl_Eurotiomycetes","uncl_Eurotiomycetes","uncl_Eurotiomycetes"
"Fungi","Mucoromycota","uncl_Mucoromycota","uncl_Mucoromycota","uncl_Mucoromycota","uncl_Mucoromycota","uncl_Mucoromycota"
"Fungi","Ascomycota","Dothideomycetes","Pleosporales","Libertasomycetaceae","uncl_Libertasomycetaceae","uncl_Libertasomycetaceae"
"Fungi","Ascomycota","Dothideomycetes","Pleosporales","Phaeosphaeriaceae","Phaeosphaeria","uncl_Phaeosphaeria"
"Fungi","Ascomycota","Eurotiomycetes","uncl_Eurotiomycetes","uncl_Eurotiomycetes","uncl_Eurotiomycetes","uncl_Eurotiomycetes"
"Fungi","Ascomycota","uncl_Ascomycota","uncl_Ascomycota","uncl_Ascomycota","uncl_Ascomycota","uncl_Ascomycota"
"Fungi","Basidiomycota","Agaricomycetes","uncl_Agaricomycetes","uncl_Agaricomycetes","uncl_Agaricomycetes","uncl_Agaricomycetes"
"Fungi","Ascomycota","uncl_Ascomycota","uncl_Ascomycota","uncl_Ascomycota","uncl_Ascomycota","uncl_Ascomycota"
"Fungi","Ascomycota","Arthoniomycetes","Lichenostigmatales","Phaeococcomycetaceae","Phaeococcomyces","uncl_Phaeococcomyces"
"Fungi","Ascomycota","Sordariomycetes","uncl_Sordariomycetes","uncl_Sordariomycetes","uncl_Sordariomycetes","uncl_Sordariomycetes"
"Fungi","Ascomycota","uncl_Ascomycota","uncl_Ascomycota","uncl_Ascomycota","uncl_Ascomycota","uncl_Ascomycota"
"Fungi","Ascomycota","Eurotiomycetes","uncl_Eurotiomycetes","uncl_Eurotiomycetes","uncl_Eurotiomycetes","uncl_Eurotiomycetes"
"Fungi","Basidiomycota","Agaricomycetes","Auriculariales","Auriculariaceae","uncl_Auriculariaceae","uncl_Auriculariaceae"
"Fungi","Ascomycota","uncl_Ascomycota","uncl_Ascomycota","uncl_Ascomycota","uncl_Ascomycota","uncl_Ascomycota"
"Fungi","Ascomycota","Dothideomycetes","Botryosphaeriales","Botryosphaeriaceae","uncl_Botryosphaeriaceae","uncl_Botryosphaeriaceae"
"Fungi","Ascomycota","uncl_Ascomycota","uncl_Ascomycota","uncl_Ascomycota","uncl_Ascomycota","uncl_Ascomycota"
"Fungi","Calcarisporiellomycota","Calcarisporiellomycetes","Calcarisporiellales","Calcarisporiellaceae","Calcarisporiella","uncl_Calcarisporiella"
"Fungi","Mucoromycota","uncl_Mucoromycota","uncl_Mucoromycota","uncl_Mucoromycota","uncl_Mucoromycota","uncl_Mucoromycota"
"Fungi","Basidiomycota","Agaricomycetes","Cantharellales","Ceratobasidiaceae","uncl_Ceratobasidiaceae","uncl_Ceratobasidiaceae"
"Fungi","Ascomycota","uncl_Ascomycota","uncl_Ascomycota","uncl_Ascomycota","uncl_Ascomycota","uncl_Ascomycota"
"Fungi","Ascomycota","Dothideomycetes","Botryosphaeriales","uncl_Botryosphaeriales","uncl_Botryosphaeriales","uncl_Botryosphaeriales"
"Fungi","Basidiomycota","Agaricomycetes","uncl_Agaricomycetes","uncl_Agaricomycetes","uncl_Agaricomycetes","uncl_Agaricomycetes"
"Fungi","Ascomycota","Dothideomycetes","Pleosporales","Phaeosphaeriaceae","Sclerostagonospora","uncl_Sclerostagonospora"
"Fungi","Ascomycota","Dothideomycetes","Pleosporales","Teichosporaceae","Teichospora","Teichospora_kingiae"
"Fungi","Ascomycota","Dothideomycetes","Pleosporales","uncl_Pleosporales","uncl_Pleosporales","uncl_Pleosporales"
"Fungi","Basidiomycota","Agaricomycetes","Agaricales","Strophariaceae","Stropharia","uncl_Stropharia"
"Fungi","Ascomycota","Dothideomycetes","Pleosporales","uncl_Pleosporales","uncl_Pleosporales","uncl_Pleosporales"
"Fungi","Ascomycota","Sordariomycetes","Xylariales","uncl_Xylariales","uncl_Xylariales","uncl_Xylariales"
"Fungi","Ascomycota","Dothideomycetes","uncl_Dothideomycetes","uncl_Dothideomycetes","uncl_Dothideomycetes","uncl_Dothideomycetes"
"Fungi","Basidiomycota","Agaricomycetes","Agaricales","Stephanosporaceae","Cristinia","uncl_Cristinia"
"Fungi","Ascomycota","Dothideomycetes","Pleosporales","uncl_Pleosporales","uncl_Pleosporales","uncl_Pleosporales"
"Fungi","Ascomycota","uncl_Ascomycota","uncl_Ascomycota","uncl_Ascomycota","uncl_Ascomycota","uncl_Ascomycota"
"Fungi","Ascomycota","Sordariomycetes","Magnaporthales","uncl_Magnaporthales","uncl_Magnaporthales","uncl_Magnaporthales"
"Fungi","Ascomycota","uncl_Ascomycota","uncl_Ascomycota","uncl_Ascomycota","uncl_Ascomycota","uncl_Ascomycota"
"Fungi","Mucoromycota","Mucoromycetes","Mucorales","uncl_Mucorales","uncl_Mucorales","uncl_Mucorales"
"Fungi","Ascomycota","Dothideomycetes","Botryosphaeriales","Botryosphaeriaceae","uncl_Botryosphaeriaceae","uncl_Botryosphaeriaceae"
"Fungi","Ascomycota","Lecanoromycetes","uncl_Lecanoromycetes","uncl_Lecanoromycetes","uncl_Lecanoromycetes","uncl_Lecanoromycetes"
"Fungi","Ascomycota","Sordariomycetes","Hypocreales","uncl_Hypocreales","uncl_Hypocreales","uncl_Hypocreales"
"Fungi","Mucoromycota","Glomeromycetes","uncl_Glomeromycetes","uncl_Glomeromycetes","uncl_Glomeromycetes","uncl_Glomeromycetes"
"Fungi","Ascomycota","uncl_Ascomycota","uncl_Ascomycota","uncl_Ascomycota","uncl_Ascomycota","uncl_Ascomycota"
"Fungi","Ascomycota","Sordariomycetes","Sordariales","Chaetomiaceae","uncl_Chaetomiaceae","uncl_Chaetomiaceae"
"Fungi","Ascomycota","Sordariomycetes","Sordariales","uncl_Sordariales","uncl_Sordariales","uncl_Sordariales"
"Fungi","Ascomycota","Pezizomycotina_cls_Incertae_sedis","uncl_Pezizomycotina_cls_Incertae_sedis","uncl_Pezizomycotina_cls_Incertae_sedis","uncl_Pezizomycotina_cls_Incertae_sedis","uncl_Pezizomycotina_cls_Incertae_sedis"
"Fungi","Mucoromycota","uncl_Mucoromycota","uncl_Mucoromycota","uncl_Mucoromycota","uncl_Mucoromycota","uncl_Mucoromycota"
"Fungi","Ascomycota","Dothideomycetes","Dothideales","Saccotheciaceae","uncl_Saccotheciaceae","uncl_Saccotheciaceae"
"Fungi","Mucoromycota","Glomeromycetes","Glomerales","Glomeraceae","uncl_Glomeraceae","uncl_Glomeraceae"
"Fungi","Mucoromycota","uncl_Mucoromycota","uncl_Mucoromycota","uncl_Mucoromycota","uncl_Mucoromycota","uncl_Mucoromycota"
"Fungi","Mucoromycota","Glomeromycetes","Glomerales","Glomeraceae","uncl_Glomeraceae","uncl_Glomeraceae"
"Fungi","Mucoromycota","Glomeromycetes","Glomerales","Glomeraceae","uncl_Glomeraceae","uncl_Glomeraceae"
"Fungi","Ascomycota","Dothideomycetes","Botryosphaeriales","Botryosphaeriaceae","uncl_Botryosphaeriaceae","uncl_Botryosphaeriaceae"
"Fungi","Mucoromycota","uncl_Mucoromycota","uncl_Mucoromycota","uncl_Mucoromycota","uncl_Mucoromycota","uncl_Mucoromycota"
"Fungi","Ascomycota","Dothideomycetes","uncl_Dothideomycetes","uncl_Dothideomycetes","uncl_Dothideomycetes","uncl_Dothideomycetes"
"Fungi","Ascomycota","Dothideomycetes","uncl_Dothideomycetes","uncl_Dothideomycetes","uncl_Dothideomycetes","uncl_Dothideomycetes"
"Fungi","Basidiomycota","Agaricomycetes","Agaricales","Bolbitiaceae","uncl_Bolbitiaceae","uncl_Bolbitiaceae"
"Fungi","Mucoromycota","Glomeromycetes","Glomerales","uncl_Glomerales","uncl_Glomerales","uncl_Glomerales"
"Fungi","Basidiomycota","Agaricomycetes","Cantharellales","Ceratobasidiaceae","uncl_Ceratobasidiaceae","uncl_Ceratobasidiaceae"
"Fungi","Ascomycota","uncl_Ascomycota","uncl_Ascomycota","uncl_Ascomycota","uncl_Ascomycota","uncl_Ascomycota"
"Fungi","Ascomycota","Dothideomycetes","Tubeufiales","Tubeufiaceae","uncl_Tubeufiaceae","uncl_Tubeufiaceae"
"Fungi","Mucoromycota","uncl_Mucoromycota","uncl_Mucoromycota","uncl_Mucoromycota","uncl_Mucoromycota","uncl_Mucoromycota"
"Fungi","Ascomycota","uncl_Ascomycota","uncl_Ascomycota","uncl_Ascomycota","uncl_Ascomycota","uncl_Ascomycota"
"Fungi","Basidiomycota","Agaricomycetes","Sebacinales","Serendipitaceae","uncl_Serendipitaceae","uncl_Serendipitaceae"
"Fungi","Basidiomycota","Agaricomycetes","Agaricales","Bolbitiaceae","uncl_Bolbitiaceae","uncl_Bolbitiaceae"
"Fungi","Mucoromycota","uncl_Mucoromycota","uncl_Mucoromycota","uncl_Mucoromycota","uncl_Mucoromycota","uncl_Mucoromycota"
"Fungi","Ascomycota","Dothideomycetes","Botryosphaeriales","Botryosphaeriaceae","Eutiarosporella","Eutiarosporella_tritici"
"Fungi","Mucoromycota","uncl_Mucoromycota","uncl_Mucoromycota","uncl_Mucoromycota","uncl_Mucoromycota","uncl_Mucoromycota"
"Fungi","Basidiomycota","Agaricomycetes","Hymenochaetales","uncl_Hymenochaetales","uncl_Hymenochaetales","uncl_Hymenochaetales"
"Fungi","Basidiomycota","Agaricomycetes","Geastrales","Sphaerobolaceae","uncl_Sphaerobolaceae","uncl_Sphaerobolaceae"
"Fungi","Ascomycota","Dothideomycetes","uncl_Dothideomycetes","uncl_Dothideomycetes","uncl_Dothideomycetes","uncl_Dothideomycetes"
"Fungi","Basidiomycota","Agaricomycetes","Agaricales","uncl_Agaricales","uncl_Agaricales","uncl_Agaricales"
"Fungi","Ascomycota","Sordariomycetes","Xylariales","uncl_Xylariales","uncl_Xylariales","uncl_Xylariales"
"Fungi","Ascomycota","uncl_Ascomycota","uncl_Ascomycota","uncl_Ascomycota","uncl_Ascomycota","uncl_Ascomycota"
"Fungi","Basidiomycota","Agaricomycetes","Russulales","Stereaceae","uncl_Stereaceae","uncl_Stereaceae"
"Fungi","Ascomycota","Dothideomycetes","Pleosporales","Pleosporaceae","Curvularia","uncl_Curvularia"
"Fungi","Ascomycota","Eurotiomycetes","Onygenales","uncl_Onygenales","uncl_Onygenales","uncl_Onygenales"
"Fungi","Ascomycota","uncl_Ascomycota","uncl_Ascomycota","uncl_Ascomycota","uncl_Ascomycota","uncl_Ascomycota"
"Fungi","Basidiomycota","Agaricomycetes","Agaricales","uncl_Agaricales","uncl_Agaricales","uncl_Agaricales"
"Fungi","Basidiomycota","Agaricomycetes","Agaricales","uncl_Agaricales","uncl_Agaricales","uncl_Agaricales"
"Fungi","Mucoromycota","Glomeromycetes","Glomerales","Glomeraceae","uncl_Glomeraceae","uncl_Glomeraceae"
"Fungi","Ascomycota","Dothideomycetes","Pleosporales","Pleosporaceae","Exserohilum","uncl_Exserohilum"
"Fungi","Basidiomycota","Agaricomycetes","Agaricales","uncl_Agaricales","uncl_Agaricales","uncl_Agaricales"
"Fungi","Basidiomycota","Agaricomycetes","Agaricales","Psathyrellaceae","Coprinopsis","uncl_Coprinopsis"
"Fungi","Basidiomycota","Agaricomycetes","Agaricales","uncl_Agaricales","uncl_Agaricales","uncl_Agaricales"
"Fungi","Ascomycota","Dothideomycetes","Pleosporales","Periconiaceae","Periconia","Periconia_neobrittanica"
"Fungi","Ascomycota","uncl_Ascomycota","uncl_Ascomycota","uncl_Ascomycota","uncl_Ascomycota","uncl_Ascomycota"
"Fungi","Ascomycota","uncl_Ascomycota","uncl_Ascomycota","uncl_Ascomycota","uncl_Ascomycota","uncl_Ascomycota"
"Fungi","Ascomycota","Sordariomycetes","Sordariales","uncl_Sordariales","uncl_Sordariales","uncl_Sordariales"
"Fungi","Ascomycota","Sordariomycetes","uncl_Sordariomycetes","uncl_Sordariomycetes","uncl_Sordariomycetes","uncl_Sordariomycetes"
"Fungi","Basidiomycota","Agaricomycetes","Agaricales","Bolbitiaceae","uncl_Bolbitiaceae","uncl_Bolbitiaceae"
"Fungi","Mucoromycota","Glomeromycetes","uncl_Glomeromycetes","uncl_Glomeromycetes","uncl_Glomeromycetes","uncl_Glomeromycetes"
"Fungi","Mucoromycota","Glomeromycetes","Glomerales","Glomeraceae","uncl_Glomeraceae","uncl_Glomeraceae"
"Fungi","Ascomycota","uncl_Ascomycota","uncl_Ascomycota","uncl_Ascomycota","uncl_Ascomycota","uncl_Ascomycota"
"Fungi","Mucoromycota","Glomeromycetes","Glomerales","Glomeraceae","uncl_Glomeraceae","uncl_Glomeraceae"
"Fungi","Mucoromycota","Glomeromycetes","Glomerales","Glomeraceae","uncl_Glomeraceae","uncl_Glomeraceae"
"Fungi","Ascomycota","Dothideomycetes","uncl_Dothideomycetes","uncl_Dothideomycetes","uncl_Dothideomycetes","uncl_Dothideomycetes"
"Fungi","Mucoromycota","Glomeromycetes","uncl_Glomeromycetes","uncl_Glomeromycetes","uncl_Glomeromycetes","uncl_Glomeromycetes"
"Fungi","Mucoromycota","Glomeromycetes","Glomerales","uncl_Glomerales","uncl_Glomerales","uncl_Glomerales"
"Fungi","Mucoromycota","Glomeromycetes","uncl_Glomeromycetes","uncl_Glomeromycetes","uncl_Glomeromycetes","uncl_Glomeromycetes"
"Fungi","Ascomycota","Sordariomycetes","Xylariales","Xylariaceae","uncl_Xylariaceae","uncl_Xylariaceae"
"Fungi","Basidiomycota","Tremellomycetes","Tremellales","Bulleribasidiaceae","Vishniacozyma","uncl_Vishniacozyma"
"Fungi","Mucoromycota","Glomeromycetes","Glomerales","Glomeraceae","Kamienskia","Kamienskia_divaricata"
"Fungi","Mucoromycota","Glomeromycetes","Glomerales","Glomeraceae","uncl_Glomeraceae","uncl_Glomeraceae"
"Fungi","Ascomycota","Sordariomycetes","Branch06","uncl_Branch06","uncl_Branch06","uncl_Branch06"
"Fungi","Mucoromycota","Glomeromycetes","Glomerales","Glomeraceae","uncl_Glomeraceae","uncl_Glomeraceae"
"Fungi","Mucoromycota","Glomeromycetes","Glomerales","uncl_Glomerales","uncl_Glomerales","uncl_Glomerales"
"Fungi","Ascomycota","uncl_Ascomycota","uncl_Ascomycota","uncl_Ascomycota","uncl_Ascomycota","uncl_Ascomycota"
"Fungi","Mucoromycota","uncl_Mucoromycota","uncl_Mucoromycota","uncl_Mucoromycota","uncl_Mucoromycota","uncl_Mucoromycota"
"Fungi","Cryptomycota","uncl_Cryptomycota","uncl_Cryptomycota","uncl_Cryptomycota","uncl_Cryptomycota","uncl_Cryptomycota"
"Fungi","Mucoromycota","Glomeromycetes","Glomerales","Glomeraceae","uncl_Glomeraceae","uncl_Glomeraceae"
"Fungi","Basidiomycota","Agaricomycetes","Corticiales","Corticiaceae","uncl_Corticiaceae","uncl_Corticiaceae"
"Fungi","Ascomycota","Pezizomycetes","Pezizales","uncl_Pezizales","uncl_Pezizales","uncl_Pezizales"
"Fungi","Mucoromycota","Glomeromycetes","Glomerales","Glomeraceae","Kamienskia","Kamienskia_divaricata"
"Fungi","Ascomycota","Sordariomycetes","uncl_Sordariomycetes","uncl_Sordariomycetes","uncl_Sordariomycetes","uncl_Sordariomycetes"
"Fungi","Ascomycota","Sordariomycetes","uncl_Sordariomycetes","uncl_Sordariomycetes","uncl_Sordariomycetes","uncl_Sordariomycetes"
"Fungi","Basidiomycota","Agaricomycetes","Agaricales","uncl_Agaricales","uncl_Agaricales","uncl_Agaricales"
"Fungi","Basidiomycota","Agaricomycetes","Agaricales","uncl_Agaricales","uncl_Agaricales","uncl_Agaricales"
"Fungi","Basidiomycota","Pucciniomycetes","Platygloeales","Eocronartiaceae","Eocronartium","uncl_Eocronartium"
"Fungi","Ascomycota","Sordariomycetes","uncl_Sordariomycetes","uncl_Sordariomycetes","uncl_Sordariomycetes","uncl_Sordariomycetes"
"Fungi","Ascomycota","Dothideomycetes","Pleosporales","uncl_Pleosporales","uncl_Pleosporales","uncl_Pleosporales"
"Fungi","Ascomycota","Sordariomycetes","Xylariales","uncl_Xylariales","uncl_Xylariales","uncl_Xylariales"
"Fungi","Ascomycota","Sordariomycetes","uncl_Sordariomycetes","uncl_Sordariomycetes","uncl_Sordariomycetes","uncl_Sordariomycetes"
"Fungi","Ascomycota","Sordariomycetes","Sordariales","Chaetomiaceae","uncl_Chaetomiaceae","uncl_Chaetomiaceae"
"Fungi","Mucoromycota","Mucoromycotina_cls_Incertae_sedis","Mucoromycotina_ord_Incertae_sedis","Mucoromycotina_fam_Incertae_sedis","Bifiguratus","Bifiguratus_adelaidae"
"Fungi","Ascomycota","Sordariomycetes","Sordariales","Chaetomiaceae","uncl_Chaetomiaceae","uncl_Chaetomiaceae"
"Fungi","Basidiomycota","Agaricomycetes","Agaricales","uncl_Agaricales","uncl_Agaricales","uncl_Agaricales"
"Fungi","Basidiomycota","Pucciniomycetes","Pucciniales","Melampsoraceae","Melampsora","uncl_Melampsora"
"Fungi","Ascomycota","Sordariomycetes","Hypocreales","uncl_Hypocreales","uncl_Hypocreales","uncl_Hypocreales"
"Fungi","Mucoromycota","Glomeromycetes","Glomerales","Glomeraceae","Kamienskia","Kamienskia_divaricata"
"Fungi","Ascomycota","Sordariomycetes","Hypocreales","Cordycipitaceae","Lecanicillium","uncl_Lecanicillium"
"Fungi","Ascomycota","Dothideomycetes","Pleosporales","uncl_Pleosporales","uncl_Pleosporales","uncl_Pleosporales"
"Fungi","Ascomycota","uncl_Ascomycota","uncl_Ascomycota","uncl_Ascomycota","uncl_Ascomycota","uncl_Ascomycota"
"Fungi","Basidiomycota","Agaricomycetes","Cantharellales","Tulasnellaceae","Tulasnella","uncl_Tulasnella"
"Fungi","Ascomycota","Dothideomycetes","Pleosporales","uncl_Pleosporales","uncl_Pleosporales","uncl_Pleosporales"
"Fungi","Ascomycota","Sordariomycetes","Sordariales","Chaetomiaceae","uncl_Chaetomiaceae","uncl_Chaetomiaceae"
"Fungi","Ascomycota","uncl_Ascomycota","uncl_Ascomycota","uncl_Ascomycota","uncl_Ascomycota","uncl_Ascomycota"
"Fungi","Mucoromycota","Glomeromycetes","Glomerales","Glomeraceae","uncl_Glomeraceae","uncl_Glomeraceae"
"Fungi","Basidiomycota","Agaricomycetes","Geastrales","uncl_Geastrales","uncl_Geastrales","uncl_Geastrales"
"Fungi","Basidiomycota","Tremellomycetes","Trichosporonales","Trichosporonaceae","Apiotrichum","uncl_Apiotrichum"
"Fungi","Basidiomycota","Agaricomycetes","Agaricales","uncl_Agaricales","uncl_Agaricales","uncl_Agaricales"
"Fungi","Basidiomycota","Agaricomycetes","Agaricales","uncl_Agaricales","uncl_Agaricales","uncl_Agaricales"
"Fungi","Ascomycota","uncl_Ascomycota","uncl_Ascomycota","uncl_Ascomycota","uncl_Ascomycota","uncl_Ascomycota"
"Fungi","Ascomycota","Pezizomycetes","Pezizales","uncl_Pezizales","uncl_Pezizales","uncl_Pezizales"
"Fungi","Ascomycota","Pezizomycetes","Pezizales","Pezizaceae","uncl_Pezizaceae","uncl_Pezizaceae"
"Fungi","Ascomycota","Sordariomycetes","Hypocreales","Nectriaceae","Bisifusarium","uncl_Bisifusarium"
"Fungi","Basidiomycota","Agaricomycetes","Agaricales","uncl_Agaricales","uncl_Agaricales","uncl_Agaricales"
"Fungi","Ascomycota","Sordariomycetes","Sordariales","Chaetomiaceae","uncl_Chaetomiaceae","uncl_Chaetomiaceae"
"Fungi","Ascomycota","uncl_Ascomycota","uncl_Ascomycota","uncl_Ascomycota","uncl_Ascomycota","uncl_Ascomycota"
"Fungi","Ascomycota","Sordariomycetes","Chaetosphaeriales","uncl_Chaetosphaeriales","uncl_Chaetosphaeriales","uncl_Chaetosphaeriales"
"Fungi","Basidiomycota","Tremellomycetes","Tremellales","uncl_Tremellales","uncl_Tremellales","uncl_Tremellales"
"Fungi","Mucoromycota","Glomeromycetes","Glomerales","Glomeraceae","Kamienskia","Kamienskia_divaricata"
"Fungi","Basidiomycota","uncl_Basidiomycota","uncl_Basidiomycota","uncl_Basidiomycota","uncl_Basidiomycota","uncl_Basidiomycota"
"Fungi","Ascomycota","Dothideomycetes","Pleosporales","Didymellaceae","Phoma","uncl_Phoma"
"Fungi","Ascomycota","Sordariomycetes","uncl_Sordariomycetes","uncl_Sordariomycetes","uncl_Sordariomycetes","uncl_Sordariomycetes"
"Fungi","Ascomycota","uncl_Ascomycota","uncl_Ascomycota","uncl_Ascomycota","uncl_Ascomycota","uncl_Ascomycota"
"Fungi","Ascomycota","Dothideomycetes","uncl_Dothideomycetes","uncl_Dothideomycetes","uncl_Dothideomycetes","uncl_Dothideomycetes"
"Fungi","Basidiomycota","Agaricomycetes","Agaricales","Agaricaceae","uncl_Agaricaceae","uncl_Agaricaceae"
"Fungi","Ascomycota","Dothideomycetes","Pleosporales","uncl_Pleosporales","uncl_Pleosporales","uncl_Pleosporales"
"Fungi","Ascomycota","uncl_Ascomycota","uncl_Ascomycota","uncl_Ascomycota","uncl_Ascomycota","uncl_Ascomycota"
"Fungi","Ascomycota","Dothideomycetes","Botryosphaeriales","Botryosphaeriaceae","Dothiorella","Dothiorella_viticola"
"Fungi","Ascomycota","uncl_Ascomycota","uncl_Ascomycota","uncl_Ascomycota","uncl_Ascomycota","uncl_Ascomycota"
"Fungi","Ascomycota","Sordariomycetes","Hypocreales","uncl_Hypocreales","uncl_Hypocreales","uncl_Hypocreales"
"Fungi","Ascomycota","Dothideomycetes","Pleosporales","Didymellaceae","uncl_Didymellaceae","uncl_Didymellaceae"
"Fungi","Ascomycota","Dothideomycetes","Dothideales","uncl_Dothideales","uncl_Dothideales","uncl_Dothideales"
"Fungi","Ascomycota","Sordariomycetes","uncl_Sordariomycetes","uncl_Sordariomycetes","uncl_Sordariomycetes","uncl_Sordariomycetes"
"Fungi","Ascomycota","uncl_Ascomycota","uncl_Ascomycota","uncl_Ascomycota","uncl_Ascomycota","uncl_Ascomycota"
"Fungi","Ascomycota","Sordariomycetes","Sordariales","uncl_Sordariales","uncl_Sordariales","uncl_Sordariales"
"Fungi","Basidiomycota","Agaricomycetes","Agaricales","Psathyrellaceae","uncl_Psathyrellaceae","uncl_Psathyrellaceae"
"Fungi","Ascomycota","Eurotiomycetes","Chaetothyriales","uncl_Chaetothyriales","uncl_Chaetothyriales","uncl_Chaetothyriales"
"Fungi","Ascomycota","Sordariomycetes","Hypocreales","uncl_Hypocreales","uncl_Hypocreales","uncl_Hypocreales"
"Fungi","Ascomycota","Dothideomycetes","uncl_Dothideomycetes","uncl_Dothideomycetes","uncl_Dothideomycetes","uncl_Dothideomycetes"
"Fungi","Ascomycota","Sordariomycetes","Sordariales","uncl_Sordariales","uncl_Sordariales","uncl_Sordariales"
"Fungi","Ascomycota","uncl_Ascomycota","uncl_Ascomycota","uncl_Ascomycota","uncl_Ascomycota","uncl_Ascomycota"
"Fungi","Ascomycota","Sordariomycetes","Sordariales","uncl_Sordariales","uncl_Sordariales","uncl_Sordariales"
"Fungi","Mucoromycota","Glomeromycetes","Glomerales","Glomeraceae","uncl_Glomeraceae","uncl_Glomeraceae"
"Fungi","Ascomycota","Sordariomycetes","uncl_Sordariomycetes","uncl_Sordariomycetes","uncl_Sordariomycetes","uncl_Sordariomycetes"
"Fungi","Ascomycota","Sordariomycetes","Microascales","Halosphaeriaceae","uncl_Halosphaeriaceae","uncl_Halosphaeriaceae"
"Fungi","Ascomycota","Orbiliomycetes","Orbiliales","uncl_Orbiliales","uncl_Orbiliales","uncl_Orbiliales"
"Fungi","Basidiomycota","Agaricomycetes","Sebacinales","Serendipitaceae","uncl_Serendipitaceae","uncl_Serendipitaceae"
"Fungi","Mucoromycota","Glomeromycetes","Glomerales","Glomeraceae","uncl_Glomeraceae","uncl_Glomeraceae"
"Fungi","Ascomycota","Dothideomycetes","Pleosporales","uncl_Pleosporales","uncl_Pleosporales","uncl_Pleosporales"
"Fungi","Basidiomycota","Agaricomycetes","Agaricales","Entolomataceae","Clitopilus","uncl_Clitopilus"
"Fungi","Mucoromycota","Glomeromycetes","uncl_Glomeromycetes","uncl_Glomeromycetes","uncl_Glomeromycetes","uncl_Glomeromycetes"
"Fungi","Mucoromycota","Glomeromycetes","Glomerales","Glomeraceae","uncl_Glomeraceae","uncl_Glomeraceae"
"Fungi","Ascomycota","Dothideomycetes","uncl_Dothideomycetes","uncl_Dothideomycetes","uncl_Dothideomycetes","uncl_Dothideomycetes"
"Fungi","Basidiomycota","Agaricomycetes","Auriculariales","uncl_Auriculariales","uncl_Auriculariales","uncl_Auriculariales"
"Fungi","Mucoromycota","Glomeromycetes","Glomerales","Glomeraceae","Rhizophagus","Rhizophagus_prolifer"
"Fungi","Mucoromycota","Glomeromycetes","Glomerales","Glomeraceae","Rhizophagus","Rhizophagus_prolifer"
"Fungi","Ascomycota","Sordariomycetes","Hypocreales","Clavicipitaceae","Metacordyceps","uncl_Metacordyceps"
"Fungi","Mucoromycota","Glomeromycetes","Glomerales","Glomeraceae","uncl_Glomeraceae","uncl_Glomeraceae"
"Fungi","Mucoromycota","Glomeromycetes","Glomerales","Glomeraceae","Kamienskia","uncl_Kamienskia"
"Fungi","Ascomycota","Sordariomycetes","Coniochaetales","uncl_Coniochaetales","uncl_Coniochaetales","uncl_Coniochaetales"
"Fungi","Mucoromycota","Glomeromycetes","Glomerales","uncl_Glomerales","uncl_Glomerales","uncl_Glomerales"
"Fungi","Mucoromycota","uncl_Mucoromycota","uncl_Mucoromycota","uncl_Mucoromycota","uncl_Mucoromycota","uncl_Mucoromycota"
"Fungi","Mucoromycota","Glomeromycetes","Glomerales","Glomeraceae","uncl_Glomeraceae","uncl_Glomeraceae"
"Fungi","Mucoromycota","Glomeromycetes","Glomerales","Glomeraceae","uncl_Glomeraceae","uncl_Glomeraceae"
"Fungi","Ascomycota","Sordariomycetes","Sordariales","uncl_Sordariales","uncl_Sordariales","uncl_Sordariales"
"Fungi","Mucoromycota","Glomeromycetes","Glomerales","Glomeraceae","uncl_Glomeraceae","uncl_Glomeraceae"
"Fungi","Ascomycota","uncl_Ascomycota","uncl_Ascomycota","uncl_Ascomycota","uncl_Ascomycota","uncl_Ascomycota"
"Fungi","Mucoromycota","Glomeromycetes","uncl_Glomeromycetes","uncl_Glomeromycetes","uncl_Glomeromycetes","uncl_Glomeromycetes"
"Fungi","Basidiomycota","Agaricomycetes","Thelephorales","Thelephoraceae","Tomentella","uncl_Tomentella"
"Fungi","Ascomycota","Sordariomycetes","Sordariales","uncl_Sordariales","uncl_Sordariales","uncl_Sordariales"
"Fungi","Basidiomycota","Agaricomycetes","Geastrales","uncl_Geastrales","uncl_Geastrales","uncl_Geastrales"
"Fungi","Mucoromycota","Glomeromycetes","Glomerales","uncl_Glomerales","uncl_Glomerales","uncl_Glomerales"
"Fungi","Ascomycota","Sordariomycetes","Sordariales","uncl_Sordariales","uncl_Sordariales","uncl_Sordariales"
"Fungi","Mucoromycota","Glomeromycetes","Glomerales","Glomeraceae","Kamienskia","uncl_Kamienskia"
"Fungi","Ascomycota","uncl_Ascomycota","uncl_Ascomycota","uncl_Ascomycota","uncl_Ascomycota","uncl_Ascomycota"
"Fungi","Ascomycota","Sordariomycetes","Hypocreales","Nectriaceae","Fusarium","uncl_Fusarium"
"Fungi","Basidiomycota","Agaricomycetes","Cantharellales","Ceratobasidiaceae","uncl_Ceratobasidiaceae","uncl_Ceratobasidiaceae"
"Fungi","Ascomycota","uncl_Ascomycota","uncl_Ascomycota","uncl_Ascomycota","uncl_Ascomycota","uncl_Ascomycota"
"Fungi","Mucoromycota","Glomeromycetes","uncl_Glomeromycetes","uncl_Glomeromycetes","uncl_Glomeromycetes","uncl_Glomeromycetes"
"Fungi","Mucoromycota","Glomeromycetes","Glomerales","Glomeraceae","uncl_Glomeraceae","uncl_Glomeraceae"
"Fungi","Mucoromycota","uncl_Mucoromycota","uncl_Mucoromycota","uncl_Mucoromycota","uncl_Mucoromycota","uncl_Mucoromycota"
"Fungi","Mucoromycota","Glomeromycetes","uncl_Glomeromycetes","uncl_Glomeromycetes","uncl_Glomeromycetes","uncl_Glomeromycetes"
"Fungi","Mucoromycota","Mortierellomycetes","Mortierellales","uncl_Mortierellales","uncl_Mortierellales","uncl_Mortierellales"
"Fungi","Mucoromycota","uncl_Mucoromycota","uncl_Mucoromycota","uncl_Mucoromycota","uncl_Mucoromycota","uncl_Mucoromycota"
"Fungi","Ascomycota","Sordariomycetes","uncl_Sordariomycetes","uncl_Sordariomycetes","uncl_Sordariomycetes","uncl_Sordariomycetes"
"Fungi","Basidiomycota","Agaricomycetes","Thelephorales","Thelephoraceae","uncl_Thelephoraceae","uncl_Thelephoraceae"
"Fungi","Ascomycota","Sordariomycetes","Sordariales","uncl_Sordariales","uncl_Sordariales","uncl_Sordariales"
"Fungi","Ascomycota","Sordariomycetes","Sordariales","uncl_Sordariales","uncl_Sordariales","uncl_Sordariales"
"Fungi","Ascomycota","Sordariomycetes","Magnaporthales","uncl_Magnaporthales","uncl_Magnaporthales","uncl_Magnaporthales"
"Fungi","Ascomycota","Sordariomycetes","uncl_Sordariomycetes","uncl_Sordariomycetes","uncl_Sordariomycetes","uncl_Sordariomycetes"
"Fungi","Ascomycota","Orbiliomycetes","Orbiliales","Orbiliaceae","Orbilia","uncl_Orbilia"
"Fungi","Ascomycota","Sordariomycetes","uncl_Sordariomycetes","uncl_Sordariomycetes","uncl_Sordariomycetes","uncl_Sordariomycetes"
"Fungi","Ascomycota","Sordariomycetes","uncl_Sordariomycetes","uncl_Sordariomycetes","uncl_Sordariomycetes","uncl_Sordariomycetes"
"Fungi","Ascomycota","Sordariomycetes","Magnaporthales","Magnaporthaceae","Magnaporthiopsis","uncl_Magnaporthiopsis"
"Fungi","Basidiomycota","Agaricomycetes","Agaricales","Entolomataceae","Clitopilus","Clitopilus_scyphoides"
"Fungi","Basidiomycota","Agaricomycetes","Agaricales","uncl_Agaricales","uncl_Agaricales","uncl_Agaricales"
"Fungi","Ascomycota","Sordariomycetes","Sordariales","uncl_Sordariales","uncl_Sordariales","uncl_Sordariales"
"Fungi","Basidiomycota","Agaricomycetes","Sebacinales","Serendipitaceae","Serendipita","uncl_Serendipita"
"Fungi","Ascomycota","uncl_Ascomycota","uncl_Ascomycota","uncl_Ascomycota","uncl_Ascomycota","uncl_Ascomycota"
"Fungi","Mucoromycota","Glomeromycetes","Glomerales","Glomeraceae","Rhizophagus","Rhizophagus_prolifer"
"Fungi","Ascomycota","Sordariomycetes","Magnaporthales","uncl_Magnaporthales","uncl_Magnaporthales","uncl_Magnaporthales"
"Fungi","Basidiomycota","Agaricomycetes","Sebacinales","uncl_Sebacinales","uncl_Sebacinales","uncl_Sebacinales"
"Fungi","Ascomycota","Dothideomycetes","Pleosporales","uncl_Pleosporales","uncl_Pleosporales","uncl_Pleosporales"
"Fungi","Ascomycota","Dothideomycetes","Capnodiales","uncl_Capnodiales","uncl_Capnodiales","uncl_Capnodiales"
"Fungi","Ascomycota","uncl_Ascomycota","uncl_Ascomycota","uncl_Ascomycota","uncl_Ascomycota","uncl_Ascomycota"
"Fungi","Ascomycota","Dothideomycetes","Pleosporales","Pleosporaceae","Curvularia","uncl_Curvularia"
"Fungi","Ascomycota","Eurotiomycetes","Chaetothyriales","uncl_Chaetothyriales","uncl_Chaetothyriales","uncl_Chaetothyriales"
"Fungi","Mucoromycota","Glomeromycetes","Glomerales","Glomeraceae","uncl_Glomeraceae","uncl_Glomeraceae"
"Fungi","Mucoromycota","Glomeromycetes","Glomerales","Glomeraceae","uncl_Glomeraceae","uncl_Glomeraceae"
"Fungi","Ascomycota","Dothideomycetes","Capnodiales","uncl_Capnodiales","uncl_Capnodiales","uncl_Capnodiales"
"Fungi","Mucoromycota","Glomeromycetes","Glomerales","Glomeraceae","Rhizophagus","uncl_Rhizophagus"
"Fungi","Mucoromycota","Glomeromycetes","Glomerales","Glomeraceae","uncl_Glomeraceae","uncl_Glomeraceae"
"Fungi","Mucoromycota","uncl_Mucoromycota","uncl_Mucoromycota","uncl_Mucoromycota","uncl_Mucoromycota","uncl_Mucoromycota"
"Fungi","Ascomycota","Pezizomycetes","Pezizales","Pyronemataceae","Geopora","uncl_Geopora"
"Fungi","Ascomycota","Sordariomycetes","Hypocreales","uncl_Hypocreales","uncl_Hypocreales","uncl_Hypocreales"
"Fungi","Mucoromycota","uncl_Mucoromycota","uncl_Mucoromycota","uncl_Mucoromycota","uncl_Mucoromycota","uncl_Mucoromycota"
"Fungi","Ascomycota","Sordariomycetes","uncl_Sordariomycetes","uncl_Sordariomycetes","uncl_Sordariomycetes","uncl_Sordariomycetes"
"Fungi","Basidiomycota","Agaricomycetes","Geastrales","Geastraceae","Nidulariopsis","Nidulariopsis_iowensis"
"Fungi","Ascomycota","Dothideomycetes","Pleosporales","uncl_Pleosporales","uncl_Pleosporales","uncl_Pleosporales"
"Fungi","Mucoromycota","uncl_Mucoromycota","uncl_Mucoromycota","uncl_Mucoromycota","uncl_Mucoromycota","uncl_Mucoromycota"
"Fungi","Basidiomycota","Agaricomycetes","Sebacinales","uncl_Sebacinales","uncl_Sebacinales","uncl_Sebacinales"
"Fungi","Mucoromycota","uncl_Mucoromycota","uncl_Mucoromycota","uncl_Mucoromycota","uncl_Mucoromycota","uncl_Mucoromycota"
"Fungi","Ascomycota","uncl_Ascomycota","uncl_Ascomycota","uncl_Ascomycota","uncl_Ascomycota","uncl_Ascomycota"
"Fungi","Mucoromycota","uncl_Mucoromycota","uncl_Mucoromycota","uncl_Mucoromycota","uncl_Mucoromycota","uncl_Mucoromycota"
"Fungi","Ascomycota","Dothideomycetes","Pleosporales","uncl_Pleosporales","uncl_Pleosporales","uncl_Pleosporales"
"Fungi","Mucoromycota","Glomeromycetes","Glomerales","Glomeraceae","Kamienskia","uncl_Kamienskia"
"Fungi","Chytridiomycota","Spizellomycetes","Spizellomycetales","uncl_Spizellomycetales","uncl_Spizellomycetales","uncl_Spizellomycetales"
"Fungi","Ascomycota","Dothideomycetes","Pleosporales","Cucurbitariaceae","uncl_Cucurbitariaceae","uncl_Cucurbitariaceae"
"Fungi","Ascomycota","Dothideomycetes","Pleosporales","Cucurbitariaceae","Pyrenochaeta","uncl_Pyrenochaeta"
"Fungi","Ascomycota","Dothideomycetes","Pleosporales","Phaeosphaeriaceae","uncl_Phaeosphaeriaceae","uncl_Phaeosphaeriaceae"
"Fungi","Mucoromycota","Glomeromycetes","Glomerales","uncl_Glomerales","uncl_Glomerales","uncl_Glomerales"
"Fungi","Ascomycota","Sordariomycetes","Atractosporales","Conlariaceae","Conlarium","Conlarium_nanningense"
"Fungi","Mucoromycota","Glomeromycetes","Glomerales","Glomeraceae","Dominikia","uncl_Dominikia"
"Fungi","Ascomycota","Pezizomycetes","Pezizales","Tuberaceae","Tuber","uncl_Tuber"
"Fungi","Mucoromycota","Glomeromycetes","Glomerales","Glomeraceae","uncl_Glomeraceae","uncl_Glomeraceae"
"Fungi","Mucoromycota","Glomeromycetes","Glomerales","Glomeraceae","uncl_Glomeraceae","uncl_Glomeraceae"
"Fungi","Ascomycota","Sordariomycetes","uncl_Sordariomycetes","uncl_Sordariomycetes","uncl_Sordariomycetes","uncl_Sordariomycetes"
"Fungi","Mucoromycota","uncl_Mucoromycota","uncl_Mucoromycota","uncl_Mucoromycota","uncl_Mucoromycota","uncl_Mucoromycota"
"Fungi","Mucoromycota","Glomeromycetes","Glomerales","Glomeraceae","uncl_Glomeraceae","uncl_Glomeraceae"
"Fungi","Mucoromycota","Glomeromycetes","Glomerales","Glomeraceae","Funneliformis","uncl_Funneliformis"
"Fungi","Basidiomycota","Agaricomycetes","Agaricales","Entolomataceae","uncl_Entolomataceae","uncl_Entolomataceae"
"Fungi","Mucoromycota","Glomeromycetes","Glomerales","Glomeraceae","uncl_Glomeraceae","uncl_Glomeraceae"
"Fungi","Mucoromycota","Glomeromycetes","Glomerales","Glomeraceae","Dominikia","uncl_Dominikia"
"Fungi","Ascomycota","Sordariomycetes","Sordariales","uncl_Sordariales","uncl_Sordariales","uncl_Sordariales"
"Fungi","Ascomycota","Eurotiomycetes","Chaetothyriales","Herpotrichiellaceae","Cladophialophora","uncl_Cladophialophora"
"Fungi","Ascomycota","Sordariomycetes","Sordariales","uncl_Sordariales","uncl_Sordariales","uncl_Sordariales"
"Fungi","Ascomycota","Sordariomycetes","Sordariales","uncl_Sordariales","uncl_Sordariales","uncl_Sordariales"
"Fungi","Basidiomycota","Agaricomycetes","Agaricales","Tricholomataceae","uncl_Tricholomataceae","uncl_Tricholomataceae"
"Fungi","Ascomycota","Sordariomycetes","Sordariales","uncl_Sordariales","uncl_Sordariales","uncl_Sordariales"
"Fungi","Basidiomycota","Agaricomycetes","Cantharellales","Tulasnellaceae","uncl_Tulasnellaceae","uncl_Tulasnellaceae"
"Fungi","Mucoromycota","Glomeromycetes","Glomerales","uncl_Glomerales","uncl_Glomerales","uncl_Glomerales"
"Fungi","Ascomycota","uncl_Ascomycota","uncl_Ascomycota","uncl_Ascomycota","uncl_Ascomycota","uncl_Ascomycota"
"Fungi","Ascomycota","Dothideomycetes","uncl_Dothideomycetes","uncl_Dothideomycetes","uncl_Dothideomycetes","uncl_Dothideomycetes"
"Fungi","Ascomycota","Dothideomycetes","Pleosporales","uncl_Pleosporales","uncl_Pleosporales","uncl_Pleosporales"
"Fungi","Ascomycota","Dothideomycetes","uncl_Dothideomycetes","uncl_Dothideomycetes","uncl_Dothideomycetes","uncl_Dothideomycetes"
"Fungi","Mucoromycota","uncl_Mucoromycota","uncl_Mucoromycota","uncl_Mucoromycota","uncl_Mucoromycota","uncl_Mucoromycota"
"Fungi","Ascomycota","Dothideomycetes","Pleosporales","uncl_Pleosporales","uncl_Pleosporales","uncl_Pleosporales"
"Fungi","Ascomycota","Sordariomycetes","uncl_Sordariomycetes","uncl_Sordariomycetes","uncl_Sordariomycetes","uncl_Sordariomycetes"
"Fungi","Basidiomycota","Agaricomycetes","Agaricales","Bolbitiaceae","Conocybe","uncl_Conocybe"
"Fungi","Basidiomycota","Agaricomycetes","Boletales","Rhizopogonaceae","uncl_Rhizopogonaceae","uncl_Rhizopogonaceae"
"Fungi","Chytridiomycota","uncl_Chytridiomycota","uncl_Chytridiomycota","uncl_Chytridiomycota","uncl_Chytridiomycota","uncl_Chytridiomycota"
"Fungi","Basidiomycota","Agaricomycetes","Sebacinales","Serendipitaceae","uncl_Serendipitaceae","uncl_Serendipitaceae"
"Fungi","Ascomycota","Sordariomycetes","Sordariales","uncl_Sordariales","uncl_Sordariales","uncl_Sordariales"
"Fungi","Basidiomycota","GS27","GS27_ord_Incertae_sedis","uncl_GS27_ord_Incertae_sedis","uncl_GS27_ord_Incertae_sedis","uncl_GS27_ord_Incertae_sedis"
"Fungi","Ascomycota","Eurotiomycetes","Chaetothyriales","Herpotrichiellaceae","uncl_Herpotrichiellaceae","uncl_Herpotrichiellaceae"
"Fungi","Ascomycota","Eurotiomycetes","Chaetothyriales","Herpotrichiellaceae","uncl_Herpotrichiellaceae","uncl_Herpotrichiellaceae"
"Fungi","Ascomycota","uncl_Ascomycota","uncl_Ascomycota","uncl_Ascomycota","uncl_Ascomycota","uncl_Ascomycota"
"Fungi","Basidiomycota","Agaricomycetes","Boletales","Rhizopogonaceae","uncl_Rhizopogonaceae","uncl_Rhizopogonaceae"
"Fungi","Basidiomycota","Agaricomycetes","Agaricales","uncl_Agaricales","uncl_Agaricales","uncl_Agaricales"
"Fungi","Basidiomycota","Agaricomycetes","Sebacinales","Sebacinaceae","Sebacina","uncl_Sebacina"
"Fungi","Ascomycota","Leotiomycetes","uncl_Leotiomycetes","uncl_Leotiomycetes","uncl_Leotiomycetes","uncl_Leotiomycetes"
"Fungi","Basidiomycota","Tremellomycetes","Tremellales","Rhynchogastremataceae","Papiliotrema","uncl_Papiliotrema"
"Fungi","Ascomycota","Eurotiomycetes","Chaetothyriales","Herpotrichiellaceae","Cladophialophora","uncl_Cladophialophora"
"Fungi","Ascomycota","Sordariomycetes","uncl_Sordariomycetes","uncl_Sordariomycetes","uncl_Sordariomycetes","uncl_Sordariomycetes"
"Fungi","Ascomycota","Leotiomycetes","Helotiales","uncl_Helotiales","uncl_Helotiales","uncl_Helotiales"
"Fungi","Ascomycota","uncl_Ascomycota","uncl_Ascomycota","uncl_Ascomycota","uncl_Ascomycota","uncl_Ascomycota"
"Fungi","Ascomycota","Sordariomycetes","Hypocreales","uncl_Hypocreales","uncl_Hypocreales","uncl_Hypocreales"
"Fungi","Basidiomycota","GS27","uncl_GS27","uncl_GS27","uncl_GS27","uncl_GS27"
"Fungi","Basidiomycota","Agaricomycetes","uncl_Agaricomycetes","uncl_Agaricomycetes","uncl_Agaricomycetes","uncl_Agaricomycetes"
"Fungi","Ascomycota","Sordariomycetes","Hypocreales","Bionectriaceae","uncl_Bionectriaceae","uncl_Bionectriaceae"
"Fungi","Basidiomycota","Agaricomycetes","uncl_Agaricomycetes","uncl_Agaricomycetes","uncl_Agaricomycetes","uncl_Agaricomycetes"
"Fungi","Ascomycota","Eurotiomycetes","Chaetothyriales","uncl_Chaetothyriales","uncl_Chaetothyriales","uncl_Chaetothyriales"
"Fungi","Basidiomycota","Agaricomycetes","Agaricales","Entolomataceae","Clitopilus","uncl_Clitopilus"
"Fungi","Basidiomycota","Agaricomycetes","Geastrales","uncl_Geastrales","uncl_Geastrales","uncl_Geastrales"
"Fungi","Ascomycota","uncl_Ascomycota","uncl_Ascomycota","uncl_Ascomycota","uncl_Ascomycota","uncl_Ascomycota"
"Fungi","Ascomycota","uncl_Ascomycota","uncl_Ascomycota","uncl_Ascomycota","uncl_Ascomycota","uncl_Ascomycota"
"Fungi","Ascomycota","Eurotiomycetes","uncl_Eurotiomycetes","uncl_Eurotiomycetes","uncl_Eurotiomycetes","uncl_Eurotiomycetes"
"Fungi","Basidiomycota","Agaricomycetes","uncl_Agaricomycetes","uncl_Agaricomycetes","uncl_Agaricomycetes","uncl_Agaricomycetes"
"Fungi","Ascomycota","uncl_Ascomycota","uncl_Ascomycota","uncl_Ascomycota","uncl_Ascomycota","uncl_Ascomycota"
"Fungi","Ascomycota","Sordariomycetes","uncl_Sordariomycetes","uncl_Sordariomycetes","uncl_Sordariomycetes","uncl_Sordariomycetes"
"Fungi","Ascomycota","Dothideomycetes","Pleosporales","uncl_Pleosporales","uncl_Pleosporales","uncl_Pleosporales"
"Fungi","Basidiomycota","Agaricomycetes","uncl_Agaricomycetes","uncl_Agaricomycetes","uncl_Agaricomycetes","uncl_Agaricomycetes"
"Fungi","Ascomycota","Dothideomycetes","Pleosporales","Periconiaceae","Periconia","Periconia_macrospinosa"
"Fungi","Ascomycota","Sordariomycetes","Sordariales","uncl_Sordariales","uncl_Sordariales","uncl_Sordariales"
"Fungi","Ascomycota","Sordariomycetes","Hypocreales","uncl_Hypocreales","uncl_Hypocreales","uncl_Hypocreales"
"Fungi","Ascomycota","Sordariomycetes","Xylariales","uncl_Xylariales","uncl_Xylariales","uncl_Xylariales"
"Fungi","Basidiomycota","Agaricomycetes","Auriculariales","uncl_Auriculariales","uncl_Auriculariales","uncl_Auriculariales"
"Fungi","Basidiomycota","Agaricomycetes","uncl_Agaricomycetes","uncl_Agaricomycetes","uncl_Agaricomycetes","uncl_Agaricomycetes"
"Fungi","Ascomycota","Sordariomycetes","Hypocreales","uncl_Hypocreales","uncl_Hypocreales","uncl_Hypocreales"
"Fungi","Basidiomycota","Agaricomycetes","uncl_Agaricomycetes","uncl_Agaricomycetes","uncl_Agaricomycetes","uncl_Agaricomycetes"
"Fungi","Basidiomycota","Agaricomycetes","Agaricales","Entolomataceae","uncl_Entolomataceae","uncl_Entolomataceae"
"Fungi","Basidiomycota","Agaricomycetes","Agaricales","Cyphellaceae","uncl_Cyphellaceae","uncl_Cyphellaceae"
"Fungi","Mucoromycota","uncl_Mucoromycota","uncl_Mucoromycota","uncl_Mucoromycota","uncl_Mucoromycota","uncl_Mucoromycota"
"Fungi","Ascomycota","uncl_Ascomycota","uncl_Ascomycota","uncl_Ascomycota","uncl_Ascomycota","uncl_Ascomycota"
"Fungi","Mucoromycota","uncl_Mucoromycota","uncl_Mucoromycota","uncl_Mucoromycota","uncl_Mucoromycota","uncl_Mucoromycota"
"Fungi","Mucoromycota","uncl_Mucoromycota","uncl_Mucoromycota","uncl_Mucoromycota","uncl_Mucoromycota","uncl_Mucoromycota"
"Fungi","Basidiomycota","Agaricomycetes","Thelephorales","Thelephoraceae","Tomentella","uncl_Tomentella"
"Fungi","Mucoromycota","Glomeromycetes","Glomerales","Glomeraceae","Rhizoglomus","uncl_Rhizoglomus"
"Fungi","Ascomycota","Pezizomycotina_cls_Incertae_sedis","uncl_Pezizomycotina_cls_Incertae_sedis","uncl_Pezizomycotina_cls_Incertae_sedis","uncl_Pezizomycotina_cls_Incertae_sedis","uncl_Pezizomycotina_cls_Incertae_sedis"
"Fungi","Mucoromycota","Glomeromycetes","Glomerales","uncl_Glomerales","uncl_Glomerales","uncl_Glomerales"
"Fungi","Mucoromycota","Glomeromycetes","Glomerales","Glomeraceae","uncl_Glomeraceae","uncl_Glomeraceae"
"Fungi","Ascomycota","Eurotiomycetes","Chaetothyriales","Herpotrichiellaceae","uncl_Herpotrichiellaceae","uncl_Herpotrichiellaceae"
"Fungi","Ascomycota","Eurotiomycetes","Chaetothyriales","uncl_Chaetothyriales","uncl_Chaetothyriales","uncl_Chaetothyriales"
"Fungi","Ascomycota","Pezizomycetes","uncl_Pezizomycetes","uncl_Pezizomycetes","uncl_Pezizomycetes","uncl_Pezizomycetes"
"Fungi","Ascomycota","uncl_Ascomycota","uncl_Ascomycota","uncl_Ascomycota","uncl_Ascomycota","uncl_Ascomycota"
"Fungi","Basidiomycota","Agaricomycetes","uncl_Agaricomycetes","uncl_Agaricomycetes","uncl_Agaricomycetes","uncl_Agaricomycetes"
"Fungi","Ascomycota","Dothideomycetes","Pleosporales","uncl_Pleosporales","uncl_Pleosporales","uncl_Pleosporales"
"Fungi","Ascomycota","Sordariomycetes","uncl_Sordariomycetes","uncl_Sordariomycetes","uncl_Sordariomycetes","uncl_Sordariomycetes"
"Fungi","Ascomycota","Sordariomycetes","Sordariales","uncl_Sordariales","uncl_Sordariales","uncl_Sordariales"
"Fungi","Ascomycota","Eurotiomycetes","Chaetothyriales","Herpotrichiellaceae","uncl_Herpotrichiellaceae","uncl_Herpotrichiellaceae"
"Fungi","Mucoromycota","uncl_Mucoromycota","uncl_Mucoromycota","uncl_Mucoromycota","uncl_Mucoromycota","uncl_Mucoromycota"
"Fungi","Mucoromycota","Glomeromycetes","uncl_Glomeromycetes","uncl_Glomeromycetes","uncl_Glomeromycetes","uncl_Glomeromycetes"
"Fungi","Ascomycota","Sordariomycetes","Xylariales","uncl_Xylariales","uncl_Xylariales","uncl_Xylariales"
"Fungi","Mucoromycota","Glomeromycetes","uncl_Glomeromycetes","uncl_Glomeromycetes","uncl_Glomeromycetes","uncl_Glomeromycetes"
"Fungi","Mucoromycota","uncl_Mucoromycota","uncl_Mucoromycota","uncl_Mucoromycota","uncl_Mucoromycota","uncl_Mucoromycota"
"Fungi","Ascomycota","Sordariomycetes","uncl_Sordariomycetes","uncl_Sordariomycetes","uncl_Sordariomycetes","uncl_Sordariomycetes"
"Fungi","Ascomycota","Sordariomycetes","Hypocreales","Cordycipitaceae","Beauveria","Beauveria_bassiana"
"Fungi","Mucoromycota","Glomeromycetes","Glomerales","Glomeraceae","uncl_Glomeraceae","uncl_Glomeraceae"
"Fungi","Ascomycota","Eurotiomycetes","Chaetothyriales","uncl_Chaetothyriales","uncl_Chaetothyriales","uncl_Chaetothyriales"
"Fungi","Basidiomycota","Agaricomycetes","uncl_Agaricomycetes","uncl_Agaricomycetes","uncl_Agaricomycetes","uncl_Agaricomycetes"
"Fungi","Basidiomycota","Agaricomycetes","uncl_Agaricomycetes","uncl_Agaricomycetes","uncl_Agaricomycetes","uncl_Agaricomycetes"
"Fungi","Ascomycota","Sordariomycetes","Trichosphaeriales","Trichosphaeriaceae","Nigrospora","Nigrospora_macarangae"
"Fungi","Mucoromycota","Glomeromycetes","uncl_Glomeromycetes","uncl_Glomeromycetes","uncl_Glomeromycetes","uncl_Glomeromycetes"
"Fungi","Ascomycota","Sordariomycetes","uncl_Sordariomycetes","uncl_Sordariomycetes","uncl_Sordariomycetes","uncl_Sordariomycetes"
"Fungi","Ascomycota","uncl_Ascomycota","uncl_Ascomycota","uncl_Ascomycota","uncl_Ascomycota","uncl_Ascomycota"
"Fungi","Mucoromycota","Glomeromycetes","Glomerales","uncl_Glomerales","uncl_Glomerales","uncl_Glomerales"
"Fungi","Ascomycota","Dothideomycetes","Pleosporales","uncl_Pleosporales","uncl_Pleosporales","uncl_Pleosporales"
"Fungi","Mucoromycota","Glomeromycetes","Glomerales","Glomeraceae","uncl_Glomeraceae","uncl_Glomeraceae"
"Fungi","Mucoromycota","Glomeromycetes","Glomerales","Glomeraceae","Rhizoglomus","uncl_Rhizoglomus"
"Fungi","Basidiomycota","Agaricomycetes","Agaricales","Agaricaceae","uncl_Agaricaceae","uncl_Agaricaceae"
"Fungi","Mucoromycota","Glomeromycetes","Glomerales","Glomeraceae","uncl_Glomeraceae","uncl_Glomeraceae"
"Fungi","Ascomycota","Dothideomycetes","Pleosporales","Pleosporaceae","Curvularia","uncl_Curvularia"
"Fungi","Ascomycota","Leotiomycetes","Helotiales","uncl_Helotiales","uncl_Helotiales","uncl_Helotiales"
"Fungi","Basidiomycota","Agaricomycetes","uncl_Agaricomycetes","uncl_Agaricomycetes","uncl_Agaricomycetes","uncl_Agaricomycetes"
"Fungi","Ascomycota","Eurotiomycetes","Chaetothyriales","Herpotrichiellaceae","uncl_Herpotrichiellaceae","uncl_Herpotrichiellaceae"
"Fungi","Mucoromycota","Mortierellomycetes","Mortierellales","Mortierellaceae","uncl_Mortierellaceae","uncl_Mortierellaceae"
"Fungi","Mucoromycota","Glomeromycetes","Glomerales","Glomeraceae","Rhizoglomus","uncl_Rhizoglomus"
"Fungi","Ascomycota","Sordariomycetes","Sordariales","uncl_Sordariales","uncl_Sordariales","uncl_Sordariales"
"Fungi","Ascomycota","Arthoniomycetes","Lichenostigmatales","Phaeococcomycetaceae","uncl_Phaeococcomycetaceae","uncl_Phaeococcomycetaceae"
"Fungi","Ascomycota","Sordariomycetes","Xylariales","uncl_Xylariales","uncl_Xylariales","uncl_Xylariales"
"Fungi","Ascomycota","Leotiomycetes","Helotiales","uncl_Helotiales","uncl_Helotiales","uncl_Helotiales"
"Fungi","Ascomycota","Sordariomycetes","Sordariales","uncl_Sordariales","uncl_Sordariales","uncl_Sordariales"
"Fungi","Basidiomycota","uncl_Basidiomycota","uncl_Basidiomycota","uncl_Basidiomycota","uncl_Basidiomycota","uncl_Basidiomycota"
"Fungi","Ascomycota","Sordariomycetes","Hypocreales","Stachybotryaceae","Alfaria","uncl_Alfaria"
"Fungi","Ascomycota","Pezizomycotina_cls_Incertae_sedis","uncl_Pezizomycotina_cls_Incertae_sedis","uncl_Pezizomycotina_cls_Incertae_sedis","uncl_Pezizomycotina_cls_Incertae_sedis","uncl_Pezizomycotina_cls_Incertae_sedis"
"Fungi","Ascomycota","Dothideomycetes","Pleosporales","Phaeosphaeriaceae","uncl_Phaeosphaeriaceae","uncl_Phaeosphaeriaceae"
"Fungi","Ascomycota","Sordariomycetes","Xylariales","uncl_Xylariales","uncl_Xylariales","uncl_Xylariales"
"Fungi","Ascomycota","Sordariomycetes","Magnaporthales","uncl_Magnaporthales","uncl_Magnaporthales","uncl_Magnaporthales"
"Fungi","Basidiomycota","Agaricomycetes","Agaricales","Psathyrellaceae","uncl_Psathyrellaceae","uncl_Psathyrellaceae"
"Fungi","Ascomycota","uncl_Ascomycota","uncl_Ascomycota","uncl_Ascomycota","uncl_Ascomycota","uncl_Ascomycota"
"Fungi","Ascomycota","Sordariomycetes","Hypocreales","uncl_Hypocreales","uncl_Hypocreales","uncl_Hypocreales"
"Fungi","Ascomycota","Sordariomycetes","Sordariales","Podosporaceae","Podospora","uncl_Podospora"
"Fungi","Basidiomycota","Agaricomycetes","Sebacinales","uncl_Sebacinales","uncl_Sebacinales","uncl_Sebacinales"
"Fungi","Basidiomycota","Agaricomycetes","Sebacinales","Serendipitaceae","Serendipita","uncl_Serendipita"
"Fungi","Ascomycota","Dothideomycetes","Pleosporales","uncl_Pleosporales","uncl_Pleosporales","uncl_Pleosporales"
"Fungi","Ascomycota","Sordariomycetes","uncl_Sordariomycetes","uncl_Sordariomycetes","uncl_Sordariomycetes","uncl_Sordariomycetes"
"Fungi","Ascomycota","Sordariomycetes","uncl_Sordariomycetes","uncl_Sordariomycetes","uncl_Sordariomycetes","uncl_Sordariomycetes"
"Fungi","Basidiomycota","Agaricomycetes","Agaricomycetes_ord_Incertae_sedis","Xenasmataceae","Xenasmatella","uncl_Xenasmatella"
"Fungi","Ascomycota","Eurotiomycetes","uncl_Eurotiomycetes","uncl_Eurotiomycetes","uncl_Eurotiomycetes","uncl_Eurotiomycetes"
"Fungi","Ascomycota","Sordariomycetes","Magnaporthales","uncl_Magnaporthales","uncl_Magnaporthales","uncl_Magnaporthales"
"Fungi","Ascomycota","Eurotiomycetes","Chaetothyriales","uncl_Chaetothyriales","uncl_Chaetothyriales","uncl_Chaetothyriales"
"Fungi","Mucoromycota","Glomeromycetes","Glomerales","Glomeraceae","uncl_Glomeraceae","uncl_Glomeraceae"
"Fungi","Ascomycota","Dothideomycetes","uncl_Dothideomycetes","uncl_Dothideomycetes","uncl_Dothideomycetes","uncl_Dothideomycetes"
"Fungi","Ascomycota","Eurotiomycetes","Chaetothyriales","Herpotrichiellaceae","uncl_Herpotrichiellaceae","uncl_Herpotrichiellaceae"
"Fungi","Ascomycota","Sordariomycetes","Xylariales","uncl_Xylariales","uncl_Xylariales","uncl_Xylariales"
"Fungi","Mucoromycota","Glomeromycetes","Glomerales","Glomeraceae","uncl_Glomeraceae","uncl_Glomeraceae"
"Fungi","Basidiomycota","Tremellomycetes","Tremellales","Tremellaceae","Tremella","uncl_Tremella"
"Fungi","Basidiomycota","uncl_Basidiomycota","uncl_Basidiomycota","uncl_Basidiomycota","uncl_Basidiomycota","uncl_Basidiomycota"
"Fungi","Ascomycota","Orbiliomycetes","Orbiliales","Orbiliaceae","Orbilia","uncl_Orbilia"
"Fungi","Basidiomycota","Agaricomycetes","Agaricales","Marasmiaceae","uncl_Marasmiaceae","uncl_Marasmiaceae"
"Fungi","Ascomycota","Sordariomycetes","Branch06","uncl_Branch06","uncl_Branch06","uncl_Branch06"
"Fungi","Ascomycota","Dothideomycetes","uncl_Dothideomycetes","uncl_Dothideomycetes","uncl_Dothideomycetes","uncl_Dothideomycetes"
"Fungi","Ascomycota","Dothideomycetes","uncl_Dothideomycetes","uncl_Dothideomycetes","uncl_Dothideomycetes","uncl_Dothideomycetes"
"Fungi","Basidiomycota","Agaricomycetes","Trechisporales","Hydnodontaceae","Trechispora","uncl_Trechispora"
"Fungi","Ascomycota","Sordariomycetes","Magnaporthales","uncl_Magnaporthales","uncl_Magnaporthales","uncl_Magnaporthales"
"Fungi","Ascomycota","Dothideomycetes","Pleosporales","Lophiostomataceae","Lophiostoma","uncl_Lophiostoma"
"Fungi","Ascomycota","Sordariomycetes","uncl_Sordariomycetes","uncl_Sordariomycetes","uncl_Sordariomycetes","uncl_Sordariomycetes"
"Fungi","Basidiomycota","Agaricomycetes","Agaricales","Agaricaceae","uncl_Agaricaceae","uncl_Agaricaceae"
"Fungi","Ascomycota","Sordariomycetes","Sordariales","uncl_Sordariales","uncl_Sordariales","uncl_Sordariales"
"Fungi","Basidiomycota","Agaricomycetes","Agaricales","Entolomataceae","Clitopilus","uncl_Clitopilus"
"Fungi","Ascomycota","Dothideomycetes","uncl_Dothideomycetes","uncl_Dothideomycetes","uncl_Dothideomycetes","uncl_Dothideomycetes"
"Fungi","Ascomycota","Sordariomycetes","Hypocreales","uncl_Hypocreales","uncl_Hypocreales","uncl_Hypocreales"
"Fungi","Basidiomycota","Agaricomycetes","uncl_Agaricomycetes","uncl_Agaricomycetes","uncl_Agaricomycetes","uncl_Agaricomycetes"
"Fungi","Mucoromycota","Glomeromycetes","Glomerales","Glomeraceae","Dominikia","uncl_Dominikia"
"Fungi","Ascomycota","Dothideomycetes","uncl_Dothideomycetes","uncl_Dothideomycetes","uncl_Dothideomycetes","uncl_Dothideomycetes"
"Fungi","Ascomycota","Dothideomycetes","Pleosporales","uncl_Pleosporales","uncl_Pleosporales","uncl_Pleosporales"
"Fungi","Ascomycota","Dothideomycetes","Pleosporales","Cucurbitariaceae","uncl_Cucurbitariaceae","uncl_Cucurbitariaceae"
"Fungi","Basidiomycota","Agaricomycetes","Agaricales","Psathyrellaceae","uncl_Psathyrellaceae","uncl_Psathyrellaceae"
"Fungi","Ascomycota","Sordariomycetes","Xylariales","uncl_Xylariales","uncl_Xylariales","uncl_Xylariales"
"Fungi","Ascomycota","Sordariomycetes","Sordariales","uncl_Sordariales","uncl_Sordariales","uncl_Sordariales"
"Fungi","Ascomycota","Dothideomycetes","uncl_Dothideomycetes","uncl_Dothideomycetes","uncl_Dothideomycetes","uncl_Dothideomycetes"
"Fungi","Ascomycota","Sordariomycetes","Sordariales","Podosporaceae","Podospora","uncl_Podospora"
"Fungi","Ascomycota","Sordariomycetes","Sordariomycetes_ord_Incertae_sedis","uncl_Sordariomycetes_ord_Incertae_sedis","uncl_Sordariomycetes_ord_Incertae_sedis","uncl_Sordariomycetes_ord_Incertae_sedis"
"Fungi","Ascomycota","uncl_Ascomycota","uncl_Ascomycota","uncl_Ascomycota","uncl_Ascomycota","uncl_Ascomycota"
"Fungi","Ascomycota","Sordariomycetes","Sordariales","uncl_Sordariales","uncl_Sordariales","uncl_Sordariales"
"Fungi","Ascomycota","uncl_Ascomycota","uncl_Ascomycota","uncl_Ascomycota","uncl_Ascomycota","uncl_Ascomycota"
"Fungi","Cryptomycota","Rozellomycotina_cls_Incertae_sedis","uncl_Rozellomycotina_cls_Incertae_sedis","uncl_Rozellomycotina_cls_Incertae_sedis","uncl_Rozellomycotina_cls_Incertae_sedis","uncl_Rozellomycotina_cls_Incertae_sedis"
"Fungi","Mucoromycota","Glomeromycetes","Glomerales","Glomeraceae","Kamienskia","uncl_Kamienskia"
"Fungi","Ascomycota","Sordariomycetes","Hypocreales","Nectriaceae","Fusarium","uncl_Fusarium"
"Fungi","Ascomycota","uncl_Ascomycota","uncl_Ascomycota","uncl_Ascomycota","uncl_Ascomycota","uncl_Ascomycota"
"Fungi","Basidiomycota","Agaricomycetes","Agaricales","Omphalotaceae","uncl_Omphalotaceae","uncl_Omphalotaceae"
"Fungi","Ascomycota","Dothideomycetes","Capnodiales","Cladosporiaceae","Toxicocladosporium","uncl_Toxicocladosporium"
"Fungi","Ascomycota","Sordariomycetes","Hypocreales","Stachybotryaceae","Alfaria","uncl_Alfaria"
"Fungi","Ascomycota","Pezizomycetes","Pezizales","Pyronemataceae","Scutellinia","uncl_Scutellinia"
"Fungi","Basidiomycota","Agaricomycetes","Auriculariales","Auriculariales_fam_Incertae_sedis","Oliveonia","uncl_Oliveonia"
"Fungi","Ascomycota","Dothideomycetes","Pleosporales","Dictyosporiaceae","Dictyosporium","uncl_Dictyosporium"
"Fungi","Ascomycota","Pezizomycetes","Pezizales","Pezizaceae","uncl_Pezizaceae","uncl_Pezizaceae"
"Fungi","Ascomycota","Eurotiomycetes","Chaetothyriales","Herpotrichiellaceae","uncl_Herpotrichiellaceae","uncl_Herpotrichiellaceae"
"Fungi","Ascomycota","Sordariomycetes","Branch06","uncl_Branch06","uncl_Branch06","uncl_Branch06"
"Fungi","Ascomycota","uncl_Ascomycota","uncl_Ascomycota","uncl_Ascomycota","uncl_Ascomycota","uncl_Ascomycota"
"Fungi","Ascomycota","Dothideomycetes","Pleosporales","uncl_Pleosporales","uncl_Pleosporales","uncl_Pleosporales"
"Fungi","Ascomycota","Eurotiomycetes","Chaetothyriales","Herpotrichiellaceae","uncl_Herpotrichiellaceae","uncl_Herpotrichiellaceae"
"Fungi","Ascomycota","Sordariomycetes","uncl_Sordariomycetes","uncl_Sordariomycetes","uncl_Sordariomycetes","uncl_Sordariomycetes"
"Fungi","Ascomycota","uncl_Ascomycota","uncl_Ascomycota","uncl_Ascomycota","uncl_Ascomycota","uncl_Ascomycota"
"Fungi","Ascomycota","Eurotiomycetes","Chaetothyriales","Herpotrichiellaceae","uncl_Herpotrichiellaceae","uncl_Herpotrichiellaceae"
"Fungi","Ascomycota","uncl_Ascomycota","uncl_Ascomycota","uncl_Ascomycota","uncl_Ascomycota","uncl_Ascomycota"
"Fungi","Ascomycota","Dothideomycetes","Venturiales","uncl_Venturiales","uncl_Venturiales","uncl_Venturiales"
"Fungi","Ascomycota","Sordariomycetes","uncl_Sordariomycetes","uncl_Sordariomycetes","uncl_Sordariomycetes","uncl_Sordariomycetes"
"Fungi","Ascomycota","Dothideomycetes","Botryosphaeriales","Botryosphaeriaceae","Macrophomina","uncl_Macrophomina"
"Fungi","Ascomycota","Sordariomycetes","Trichosphaeriales","Trichosphaeriaceae","Nigrospora","uncl_Nigrospora"
"Fungi","Ascomycota","Dothideomycetes","Pleosporales","uncl_Pleosporales","uncl_Pleosporales","uncl_Pleosporales"
"Fungi","Basidiomycota","Agaricomycetes","Agaricales","Psathyrellaceae","Psathyrella","uncl_Psathyrella"
"Fungi","Basidiomycota","Agaricomycetes","Agaricales","Psathyrellaceae","uncl_Psathyrellaceae","uncl_Psathyrellaceae"
"Fungi","Basidiomycota","Agaricomycetes","Auriculariales","Auriculariales_fam_Incertae_sedis","Oliveonia","uncl_Oliveonia"
"Fungi","Ascomycota","Sordariomycetes","Branch06","uncl_Branch06","uncl_Branch06","uncl_Branch06"
"Fungi","Basidiomycota","Agaricomycetes","Auriculariales","Oliveoniaceae","uncl_Oliveoniaceae","uncl_Oliveoniaceae"
"Fungi","Ascomycota","Dothideomycetes","Pleosporales","uncl_Pleosporales","uncl_Pleosporales","uncl_Pleosporales"
"Fungi","Ascomycota","Sordariomycetes","Glomerellales","Glomerellaceae","Colletotrichum","uncl_Colletotrichum"
"Fungi","Mucoromycota","Paraglomeromycetes","Paraglomerales","Paraglomeraceae","uncl_Paraglomeraceae","uncl_Paraglomeraceae"
"Fungi","Basidiomycota","Agaricomycetes","Agaricales","Strophariaceae","uncl_Strophariaceae","uncl_Strophariaceae"
"Fungi","Ascomycota","Sordariomycetes","uncl_Sordariomycetes","uncl_Sordariomycetes","uncl_Sordariomycetes","uncl_Sordariomycetes"
"Fungi","Ascomycota","Dothideomycetes","Pleosporales","uncl_Pleosporales","uncl_Pleosporales","uncl_Pleosporales"
"Fungi","Basidiomycota","Agaricomycetes","Sebacinales","uncl_Sebacinales","uncl_Sebacinales","uncl_Sebacinales"
"Fungi","Ascomycota","Dothideomycetes","Pleosporales","uncl_Pleosporales","uncl_Pleosporales","uncl_Pleosporales"
"Fungi","Ascomycota","Sordariomycetes","uncl_Sordariomycetes","uncl_Sordariomycetes","uncl_Sordariomycetes","uncl_Sordariomycetes"
"Fungi","Ascomycota","Sordariomycetes","uncl_Sordariomycetes","uncl_Sordariomycetes","uncl_Sordariomycetes","uncl_Sordariomycetes"
"Fungi","Ascomycota","Pezizomycetes","uncl_Pezizomycetes","uncl_Pezizomycetes","uncl_Pezizomycetes","uncl_Pezizomycetes"
"Fungi","Ascomycota","Dothideomycetes","Pleosporales","uncl_Pleosporales","uncl_Pleosporales","uncl_Pleosporales"
"Fungi","Ascomycota","uncl_Ascomycota","uncl_Ascomycota","uncl_Ascomycota","uncl_Ascomycota","uncl_Ascomycota"
"Fungi","Ascomycota","uncl_Ascomycota","uncl_Ascomycota","uncl_Ascomycota","uncl_Ascomycota","uncl_Ascomycota"
"Fungi","Ascomycota","Eurotiomycetes","Chaetothyriales","uncl_Chaetothyriales","uncl_Chaetothyriales","uncl_Chaetothyriales"
"Fungi","Ascomycota","Dothideomycetes","Venturiales","Sympoventuriaceae","Scolecobasidium","Scolecobasidium_constrictum"
"Fungi","Ascomycota","Sordariomycetes","Hypocreales","Stachybotryaceae","Alfaria","uncl_Alfaria"
"Fungi","Ascomycota","Orbiliomycetes","Orbiliales","Orbiliaceae","Arthrobotrys","uncl_Arthrobotrys"
"Fungi","Ascomycota","Eurotiomycetes","Chaetothyriales","Herpotrichiellaceae","uncl_Herpotrichiellaceae","uncl_Herpotrichiellaceae"
"Fungi","Ascomycota","Sordariomycetes","Sordariales","uncl_Sordariales","uncl_Sordariales","uncl_Sordariales"
"Fungi","Ascomycota","uncl_Ascomycota","uncl_Ascomycota","uncl_Ascomycota","uncl_Ascomycota","uncl_Ascomycota"
"Fungi","Ascomycota","Sordariomycetes","Hypocreales","Hypocreaceae","uncl_Hypocreaceae","uncl_Hypocreaceae"
"Fungi","Ascomycota","uncl_Ascomycota","uncl_Ascomycota","uncl_Ascomycota","uncl_Ascomycota","uncl_Ascomycota"
"Fungi","Ascomycota","Sordariomycetes","uncl_Sordariomycetes","uncl_Sordariomycetes","uncl_Sordariomycetes","uncl_Sordariomycetes"
"Fungi","Ascomycota","Sordariomycetes","uncl_Sordariomycetes","uncl_Sordariomycetes","uncl_Sordariomycetes","uncl_Sordariomycetes"
"Fungi","Ascomycota","Dothideomycetes","Pleosporales","Cucurbitariaceae","uncl_Cucurbitariaceae","uncl_Cucurbitariaceae"
"Fungi","Ascomycota","uncl_Ascomycota","uncl_Ascomycota","uncl_Ascomycota","uncl_Ascomycota","uncl_Ascomycota"
"Fungi","Ascomycota","Leotiomycetes","Helotiales","uncl_Helotiales","uncl_Helotiales","uncl_Helotiales"
"Fungi","Ascomycota","Eurotiomycetes","Chaetothyriales","Herpotrichiellaceae","uncl_Herpotrichiellaceae","uncl_Herpotrichiellaceae"
"Fungi","Ascomycota","uncl_Ascomycota","uncl_Ascomycota","uncl_Ascomycota","uncl_Ascomycota","uncl_Ascomycota"
"Fungi","Ascomycota","Dothideomycetes","Pleosporales","uncl_Pleosporales","uncl_Pleosporales","uncl_Pleosporales"
"Fungi","Ascomycota","Sordariomycetes","Sordariales","uncl_Sordariales","uncl_Sordariales","uncl_Sordariales"
"Fungi","Basidiomycota","Agaricomycetes","Sebacinales","Sebacinaceae","Efibulobasidium","uncl_Efibulobasidium"
"Fungi","Mucoromycota","Glomeromycetes","Glomerales","Glomeraceae","uncl_Glomeraceae","uncl_Glomeraceae"
"Fungi","Ascomycota","Sordariomycetes","Hypocreales","Niessliaceae","uncl_Niessliaceae","uncl_Niessliaceae"
"Fungi","Ascomycota","Dothideomycetes","Pleosporales","uncl_Pleosporales","uncl_Pleosporales","uncl_Pleosporales"
"Fungi","Ascomycota","Sordariomycetes","Sordariomycetes_ord_Incertae_sedis","Junewangiaceae","uncl_Junewangiaceae","uncl_Junewangiaceae"
"Fungi","Ascomycota","uncl_Ascomycota","uncl_Ascomycota","uncl_Ascomycota","uncl_Ascomycota","uncl_Ascomycota"
"Fungi","Ascomycota","Dothideomycetes","uncl_Dothideomycetes","uncl_Dothideomycetes","uncl_Dothideomycetes","uncl_Dothideomycetes"
"Fungi","Ascomycota","Sordariomycetes","uncl_Sordariomycetes","uncl_Sordariomycetes","uncl_Sordariomycetes","uncl_Sordariomycetes"
"Fungi","Ascomycota","Sordariomycetes","Xylariales","Xylariales_fam_Incertae_sedis","Xenoanthostomella","uncl_Xenoanthostomella"
"Fungi","Ascomycota","Sordariomycetes","uncl_Sordariomycetes","uncl_Sordariomycetes","uncl_Sordariomycetes","uncl_Sordariomycetes"
"Fungi","Ascomycota","Sordariomycetes","Hypocreales","Nectriaceae","uncl_Nectriaceae","uncl_Nectriaceae"
"Fungi","Ascomycota","Sordariomycetes","uncl_Sordariomycetes","uncl_Sordariomycetes","uncl_Sordariomycetes","uncl_Sordariomycetes"
"Fungi","Ascomycota","Dothideomycetes","uncl_Dothideomycetes","uncl_Dothideomycetes","uncl_Dothideomycetes","uncl_Dothideomycetes"
"Fungi","Basidiomycota","Agaricomycetes","Cantharellales","Ceratobasidiaceae","uncl_Ceratobasidiaceae","uncl_Ceratobasidiaceae"
"Fungi","Ascomycota","Dothideomycetes","uncl_Dothideomycetes","uncl_Dothideomycetes","uncl_Dothideomycetes","uncl_Dothideomycetes"
"Fungi","Ascomycota","Dothideomycetes","Pleosporales","uncl_Pleosporales","uncl_Pleosporales","uncl_Pleosporales"
"Fungi","Ascomycota","Eurotiomycetes","Chaetothyriales","uncl_Chaetothyriales","uncl_Chaetothyriales","uncl_Chaetothyriales"
"Fungi","Ascomycota","Dothideomycetes","Pleosporales","Cucurbitariaceae","uncl_Cucurbitariaceae","uncl_Cucurbitariaceae"
"Fungi","Ascomycota","Sordariomycetes","Hypocreales","Hypocreaceae","uncl_Hypocreaceae","uncl_Hypocreaceae"
"Fungi","Ascomycota","Sordariomycetes","Sordariales","uncl_Sordariales","uncl_Sordariales","uncl_Sordariales"
"Fungi","Ascomycota","Dothideomycetes","Pleosporales","Phaeosphaeriaceae","Neosetophoma","uncl_Neosetophoma"
"Fungi","Basidiomycota","Agaricomycetes","Sebacinales","uncl_Sebacinales","uncl_Sebacinales","uncl_Sebacinales"
"Fungi","Ascomycota","Dothideomycetes","Botryosphaeriales","uncl_Botryosphaeriales","uncl_Botryosphaeriales","uncl_Botryosphaeriales"
"Fungi","Ascomycota","Sordariomycetes","uncl_Sordariomycetes","uncl_Sordariomycetes","uncl_Sordariomycetes","uncl_Sordariomycetes"
"Fungi","Ascomycota","uncl_Ascomycota","uncl_Ascomycota","uncl_Ascomycota","uncl_Ascomycota","uncl_Ascomycota"
"Fungi","Ascomycota","Dothideomycetes","Pleosporales","Pleosporales_fam_Incertae_sedis","Astrosphaeriella","uncl_Astrosphaeriella"
"Fungi","Ascomycota","Sordariomycetes","Hypocreales","Hypocreales_fam_Incertae_sedis","uncl_Hypocreales_fam_Incertae_sedis","uncl_Hypocreales_fam_Incertae_sedis"
"Fungi","Ascomycota","Dothideomycetes","Botryosphaeriales","uncl_Botryosphaeriales","uncl_Botryosphaeriales","uncl_Botryosphaeriales"
"Fungi","Ascomycota","uncl_Ascomycota","uncl_Ascomycota","uncl_Ascomycota","uncl_Ascomycota","uncl_Ascomycota"
"Fungi","Ascomycota","uncl_Ascomycota","uncl_Ascomycota","uncl_Ascomycota","uncl_Ascomycota","uncl_Ascomycota"
"Fungi","Mucoromycota","Glomeromycetes","Glomerales","Glomeraceae","uncl_Glomeraceae","uncl_Glomeraceae"
"Fungi","Ascomycota","Eurotiomycetes","Chaetothyriales","Herpotrichiellaceae","uncl_Herpotrichiellaceae","uncl_Herpotrichiellaceae"
"Fungi","Ascomycota","Sordariomycetes","uncl_Sordariomycetes","uncl_Sordariomycetes","uncl_Sordariomycetes","uncl_Sordariomycetes"
"Fungi","Ascomycota","Sordariomycetes","Hypocreales","uncl_Hypocreales","uncl_Hypocreales","uncl_Hypocreales"
"Fungi","Ascomycota","Dothideomycetes","Pleosporales","Periconiaceae","Periconia","uncl_Periconia"
"Fungi","Mucoromycota","Glomeromycetes","uncl_Glomeromycetes","uncl_Glomeromycetes","uncl_Glomeromycetes","uncl_Glomeromycetes"
"Fungi","Ascomycota","Dothideomycetes","Pleosporales","uncl_Pleosporales","uncl_Pleosporales","uncl_Pleosporales"
"Fungi","Ascomycota","uncl_Ascomycota","uncl_Ascomycota","uncl_Ascomycota","uncl_Ascomycota","uncl_Ascomycota"
"Fungi","Mucoromycota","Glomeromycetes","Glomerales","Glomeraceae","uncl_Glomeraceae","uncl_Glomeraceae"
"Fungi","Basidiomycota","Agaricomycetes","Trechisporales","Hydnodontaceae","uncl_Hydnodontaceae","uncl_Hydnodontaceae"
"Fungi","Ascomycota","Eurotiomycetes","Chaetothyriales","Herpotrichiellaceae","uncl_Herpotrichiellaceae","uncl_Herpotrichiellaceae"
"Fungi","Basidiomycota","Agaricomycetes","Agaricales","Psathyrellaceae","Parasola","uncl_Parasola"
"Fungi","Ascomycota","uncl_Ascomycota","uncl_Ascomycota","uncl_Ascomycota","uncl_Ascomycota","uncl_Ascomycota"
"Fungi","Mucoromycota","Glomeromycetes","Glomerales","uncl_Glomerales","uncl_Glomerales","uncl_Glomerales"
"Fungi","Ascomycota","Sordariomycetes","Sordariales","uncl_Sordariales","uncl_Sordariales","uncl_Sordariales"
"Fungi","Ascomycota","Eurotiomycetes","uncl_Eurotiomycetes","uncl_Eurotiomycetes","uncl_Eurotiomycetes","uncl_Eurotiomycetes"
"Fungi","Basidiomycota","Agaricomycetes","Phallales","uncl_Phallales","uncl_Phallales","uncl_Phallales"
"Fungi","Basidiomycota","Agaricomycetes","Cantharellales","Tulasnellaceae","Tulasnella","uncl_Tulasnella"
"Fungi","Ascomycota","Dothideomycetes","uncl_Dothideomycetes","uncl_Dothideomycetes","uncl_Dothideomycetes","uncl_Dothideomycetes"
"Fungi","Basidiomycota","Agaricomycetes","Cantharellales","Ceratobasidiaceae","uncl_Ceratobasidiaceae","uncl_Ceratobasidiaceae"
"Fungi","Ascomycota","Sordariomycetes","Branch06","uncl_Branch06","uncl_Branch06","uncl_Branch06"
"Fungi","Mucoromycota","Glomeromycetes","Glomerales","Glomeraceae","uncl_Glomeraceae","uncl_Glomeraceae"
"Fungi","Basidiomycota","Agaricomycetes","Sebacinales","uncl_Sebacinales","uncl_Sebacinales","uncl_Sebacinales"
"Fungi","Mucoromycota","Glomeromycetes","uncl_Glomeromycetes","uncl_Glomeromycetes","uncl_Glomeromycetes","uncl_Glomeromycetes"
"Fungi","Ascomycota","Sordariomycetes","uncl_Sordariomycetes","uncl_Sordariomycetes","uncl_Sordariomycetes","uncl_Sordariomycetes"
"Fungi","Basidiomycota","Agaricomycetes","Boletales","Coniophoraceae","Coniophora","uncl_Coniophora"
"Fungi","Ascomycota","uncl_Ascomycota","uncl_Ascomycota","uncl_Ascomycota","uncl_Ascomycota","uncl_Ascomycota"
"Fungi","Ascomycota","Sordariomycetes","Hypocreales","Nectriaceae","Fusarium","uncl_Fusarium"
"Fungi","Ascomycota","Dothideomycetes","uncl_Dothideomycetes","uncl_Dothideomycetes","uncl_Dothideomycetes","uncl_Dothideomycetes"
"Fungi","Basidiomycota","Agaricomycetes","Agaricales","Pluteaceae","Pluteus","uncl_Pluteus"
"Fungi","Mucoromycota","Glomeromycetes","Glomerales","Glomeraceae","uncl_Glomeraceae","uncl_Glomeraceae"
"Fungi","Ascomycota","Dothideomycetes","uncl_Dothideomycetes","uncl_Dothideomycetes","uncl_Dothideomycetes","uncl_Dothideomycetes"
"Fungi","Ascomycota","uncl_Ascomycota","uncl_Ascomycota","uncl_Ascomycota","uncl_Ascomycota","uncl_Ascomycota"
"Fungi","Basidiomycota","Agaricomycetes","Agaricales","uncl_Agaricales","uncl_Agaricales","uncl_Agaricales"
"Fungi","Ascomycota","Orbiliomycetes","Orbiliales","uncl_Orbiliales","uncl_Orbiliales","uncl_Orbiliales"
"Fungi","Ascomycota","Sordariomycetes","Hypocreales","Sarocladiaceae","Parasarocladium","uncl_Parasarocladium"
"Fungi","Ascomycota","Eurotiomycetes","Chaetothyriales","uncl_Chaetothyriales","uncl_Chaetothyriales","uncl_Chaetothyriales"
"Fungi","Ascomycota","Sordariomycetes","uncl_Sordariomycetes","uncl_Sordariomycetes","uncl_Sordariomycetes","uncl_Sordariomycetes"
"Fungi","Basidiomycota","Agaricomycetes","Sebacinales","Sebacinaceae","uncl_Sebacinaceae","uncl_Sebacinaceae"
"Fungi","Ascomycota","uncl_Ascomycota","uncl_Ascomycota","uncl_Ascomycota","uncl_Ascomycota","uncl_Ascomycota"
"Fungi","Ascomycota","Dothideomycetes","uncl_Dothideomycetes","uncl_Dothideomycetes","uncl_Dothideomycetes","uncl_Dothideomycetes"
"Fungi","Ascomycota","Eurotiomycetes","Chaetothyriales","uncl_Chaetothyriales","uncl_Chaetothyriales","uncl_Chaetothyriales"
"Fungi","Basidiomycota","Agaricomycetes","Agaricales","Bolbitiaceae","uncl_Bolbitiaceae","uncl_Bolbitiaceae"
"Fungi","Basidiomycota","Agaricomycetes","Sebacinales","uncl_Sebacinales","uncl_Sebacinales","uncl_Sebacinales"
"Fungi","Ascomycota","Orbiliomycetes","Orbiliales","Orbiliaceae","uncl_Orbiliaceae","uncl_Orbiliaceae"
"Fungi","Ascomycota","Leotiomycetes","Helotiales","uncl_Helotiales","uncl_Helotiales","uncl_Helotiales"
"Fungi","Basidiomycota","Agaricomycetes","Agaricales","Psathyrellaceae","Parasola","Parasola_setulosa"
"Fungi","Ascomycota","Sordariomycetes","Sordariales","uncl_Sordariales","uncl_Sordariales","uncl_Sordariales"
"Fungi","Ascomycota","uncl_Ascomycota","uncl_Ascomycota","uncl_Ascomycota","uncl_Ascomycota","uncl_Ascomycota"
"Fungi","Mucoromycota","Glomeromycetes","Glomerales","Glomeraceae","uncl_Glomeraceae","uncl_Glomeraceae"
"Fungi","Ascomycota","Dothideomycetes","Pleosporales","uncl_Pleosporales","uncl_Pleosporales","uncl_Pleosporales"
"Fungi","Ascomycota","uncl_Ascomycota","uncl_Ascomycota","uncl_Ascomycota","uncl_Ascomycota","uncl_Ascomycota"
"Fungi","Ascomycota","Dothideomycetes","uncl_Dothideomycetes","uncl_Dothideomycetes","uncl_Dothideomycetes","uncl_Dothideomycetes"
"Fungi","Ascomycota","Leotiomycetes","Helotiales","uncl_Helotiales","uncl_Helotiales","uncl_Helotiales"
"Fungi","Basidiomycota","Agaricomycetes","Russulales","Lachnocladiaceae","uncl_Lachnocladiaceae","uncl_Lachnocladiaceae"
"Fungi","Mucoromycota","Glomeromycetes","Glomerales","Glomeraceae","uncl_Glomeraceae","uncl_Glomeraceae"
"Fungi","Basidiomycota","Agaricomycetes","Geastrales","uncl_Geastrales","uncl_Geastrales","uncl_Geastrales"
"Fungi","Ascomycota","Dothideomycetes","Pleosporales","Thyridariaceae","Massariosphaeria","uncl_Massariosphaeria"
"Fungi","Ascomycota","Dothideomycetes","Pleosporales","uncl_Pleosporales","uncl_Pleosporales","uncl_Pleosporales"
"Fungi","Basidiomycota","Agaricomycetes","Agaricales","Psathyrellaceae","uncl_Psathyrellaceae","uncl_Psathyrellaceae"
"Fungi","Basidiomycota","Agaricomycetes","Agaricales","uncl_Agaricales","uncl_Agaricales","uncl_Agaricales"
"Fungi","Basidiomycota","Agaricomycetes","Sebacinales","Serendipitaceae","Serendipita","uncl_Serendipita"
"Fungi","Basidiomycota","Agaricomycetes","uncl_Agaricomycetes","uncl_Agaricomycetes","uncl_Agaricomycetes","uncl_Agaricomycetes"
"Fungi","Ascomycota","Eurotiomycetes","Chaetothyriales","Herpotrichiellaceae","uncl_Herpotrichiellaceae","uncl_Herpotrichiellaceae"
"Fungi","Basidiomycota","Agaricomycetes","Sebacinales","uncl_Sebacinales","uncl_Sebacinales","uncl_Sebacinales"
"Fungi","Ascomycota","uncl_Ascomycota","uncl_Ascomycota","uncl_Ascomycota","uncl_Ascomycota","uncl_Ascomycota"
"Fungi","Ascomycota","Pezizomycetes","Pezizales","uncl_Pezizales","uncl_Pezizales","uncl_Pezizales"
"Fungi","Mucoromycota","Glomeromycetes","Glomerales","Glomeraceae","uncl_Glomeraceae","uncl_Glomeraceae"
"Fungi","Mucoromycota","Glomeromycetes","Glomerales","Glomeraceae","uncl_Glomeraceae","uncl_Glomeraceae"
"Fungi","Basidiomycota","Agaricomycetes","Sebacinales","Serendipitaceae","uncl_Serendipitaceae","uncl_Serendipitaceae"
"Fungi","Ascomycota","uncl_Ascomycota","uncl_Ascomycota","uncl_Ascomycota","uncl_Ascomycota","uncl_Ascomycota"
"Fungi","Ascomycota","Pezizomycetes","Pezizales","Pezizaceae","uncl_Pezizaceae","uncl_Pezizaceae"
"Fungi","Ascomycota","Dothideomycetes","Pleosporales","uncl_Pleosporales","uncl_Pleosporales","uncl_Pleosporales"
"Fungi","Mucoromycota","Glomeromycetes","Glomerales","Glomeraceae","Dominikia","uncl_Dominikia"
"Fungi","Mucoromycota","uncl_Mucoromycota","uncl_Mucoromycota","uncl_Mucoromycota","uncl_Mucoromycota","uncl_Mucoromycota"
"Fungi","Basidiomycota","Agaricomycetes","Agaricales","Niaceae","uncl_Niaceae","uncl_Niaceae"
"Fungi","Ascomycota","Sordariomycetes","Magnaporthales","Magnaporthaceae","Magnaporthe","uncl_Magnaporthe"
"Fungi","Ascomycota","uncl_Ascomycota","uncl_Ascomycota","uncl_Ascomycota","uncl_Ascomycota","uncl_Ascomycota"
"Fungi","Ascomycota","Sordariomycetes","Xylariales","Diatrypaceae","uncl_Diatrypaceae","uncl_Diatrypaceae"
"Fungi","Ascomycota","Dothideomycetes","Pleosporales","uncl_Pleosporales","uncl_Pleosporales","uncl_Pleosporales"
"Fungi","Ascomycota","Eurotiomycetes","Chaetothyriales","Cyphellophoraceae","Cyphellophora","Cyphellophora_livistonae"
"Fungi","Mucoromycota","uncl_Mucoromycota","uncl_Mucoromycota","uncl_Mucoromycota","uncl_Mucoromycota","uncl_Mucoromycota"
"Fungi","Ascomycota","Sordariomycetes","uncl_Sordariomycetes","uncl_Sordariomycetes","uncl_Sordariomycetes","uncl_Sordariomycetes"
"Fungi","Basidiomycota","Agaricomycetes","uncl_Agaricomycetes","uncl_Agaricomycetes","uncl_Agaricomycetes","uncl_Agaricomycetes"
"Fungi","Ascomycota","Dothideomycetes","Pleosporales","uncl_Pleosporales","uncl_Pleosporales","uncl_Pleosporales"
"Fungi","Ascomycota","Sordariomycetes","uncl_Sordariomycetes","uncl_Sordariomycetes","uncl_Sordariomycetes","uncl_Sordariomycetes"
"Fungi","Ascomycota","Dothideomycetes","Dothideales","Zalariaceae","Zalaria","Zalaria_obscura"
"Fungi","Basidiomycota","Agaricomycetes","Agaricales","uncl_Agaricales","uncl_Agaricales","uncl_Agaricales"
"Fungi","Ascomycota","Dothideomycetes","Pleosporales","Dictyosporiaceae","uncl_Dictyosporiaceae","uncl_Dictyosporiaceae"
"Fungi","Basidiomycota","Agaricomycetes","Agaricales","uncl_Agaricales","uncl_Agaricales","uncl_Agaricales"
"Fungi","Ascomycota","Dothideomycetes","Mycosphaerellales","Mycosphaerellaceae","Scleroramularia","uncl_Scleroramularia"
"Fungi","Ascomycota","Sordariomycetes","uncl_Sordariomycetes","uncl_Sordariomycetes","uncl_Sordariomycetes","uncl_Sordariomycetes"
"Fungi","Basidiomycota","Agaricomycetes","Agaricales","Tricholomataceae","Baeospora","Baeospora_myosura"
"Fungi","Basidiomycota","Agaricomycetes","Agaricales","uncl_Agaricales","uncl_Agaricales","uncl_Agaricales"
"Fungi","Basidiomycota","Tremellomycetes","Tremellales","Bulleribasidiaceae","Vishniacozyma","uncl_Vishniacozyma"
"Fungi","Mucoromycota","Glomeromycetes","Glomerales","Glomeraceae","Dominikia","uncl_Dominikia"
"Fungi","Ascomycota","Sordariomycetes","uncl_Sordariomycetes","uncl_Sordariomycetes","uncl_Sordariomycetes","uncl_Sordariomycetes"
"Fungi","Mucoromycota","Glomeromycetes","Glomerales","Glomeraceae","uncl_Glomeraceae","uncl_Glomeraceae"
"Fungi","Ascomycota","Sordariomycetes","uncl_Sordariomycetes","uncl_Sordariomycetes","uncl_Sordariomycetes","uncl_Sordariomycetes"
"Fungi","Ascomycota","Sordariomycetes","uncl_Sordariomycetes","uncl_Sordariomycetes","uncl_Sordariomycetes","uncl_Sordariomycetes"
"Fungi","Basidiomycota","uncl_Basidiomycota","uncl_Basidiomycota","uncl_Basidiomycota","uncl_Basidiomycota","uncl_Basidiomycota"
"Fungi","Basidiomycota","Agaricomycetes","Auriculariales","uncl_Auriculariales","uncl_Auriculariales","uncl_Auriculariales"
"Fungi","Mucoromycota","Glomeromycetes","Glomerales","Glomeraceae","Funneliformis","uncl_Funneliformis"
"Fungi","Ascomycota","Sordariomycetes","Hypocreales","uncl_Hypocreales","uncl_Hypocreales","uncl_Hypocreales"
"Fungi","Ascomycota","uncl_Ascomycota","uncl_Ascomycota","uncl_Ascomycota","uncl_Ascomycota","uncl_Ascomycota"
"Fungi","Mucoromycota","Glomeromycetes","Glomerales","Glomeraceae","Funneliformis","uncl_Funneliformis"
"Fungi","Ascomycota","Dothideomycetes","uncl_Dothideomycetes","uncl_Dothideomycetes","uncl_Dothideomycetes","uncl_Dothideomycetes"
"Fungi","Mucoromycota","Glomeromycetes","Glomerales","Glomeraceae","uncl_Glomeraceae","uncl_Glomeraceae"
"Fungi","Ascomycota","Sordariomycetes","Branch06","uncl_Branch06","uncl_Branch06","uncl_Branch06"
"Fungi","Ascomycota","Eurotiomycetes","Chaetothyriales","Herpotrichiellaceae","uncl_Herpotrichiellaceae","uncl_Herpotrichiellaceae"
"Fungi","Cryptomycota","Rozellomycotina_cls_Incertae_sedis","GS11","uncl_GS11","uncl_GS11","uncl_GS11"
"Fungi","Chytridiomycota","uncl_Chytridiomycota","uncl_Chytridiomycota","uncl_Chytridiomycota","uncl_Chytridiomycota","uncl_Chytridiomycota"
"Fungi","Mucoromycota","Glomeromycetes","Glomerales","Glomeraceae","Septoglomus","uncl_Septoglomus"
"Fungi","Basidiomycota","Agaricomycetes","Agaricales","Psathyrellaceae","Coprinopsis","uncl_Coprinopsis"
"Fungi","Ascomycota","Dothideomycetes","uncl_Dothideomycetes","uncl_Dothideomycetes","uncl_Dothideomycetes","uncl_Dothideomycetes"
"Fungi","Mucoromycota","Glomeromycetes","Glomerales","Glomeraceae","uncl_Glomeraceae","uncl_Glomeraceae"
"Fungi","Ascomycota","Sordariomycetes","Branch06","uncl_Branch06","uncl_Branch06","uncl_Branch06"
"Fungi","Ascomycota","uncl_Ascomycota","uncl_Ascomycota","uncl_Ascomycota","uncl_Ascomycota","uncl_Ascomycota"
"Fungi","Ascomycota","uncl_Ascomycota","uncl_Ascomycota","uncl_Ascomycota","uncl_Ascomycota","uncl_Ascomycota"
"Fungi","Ascomycota","Sordariomycetes","Hypocreales","Stachybotryaceae","uncl_Stachybotryaceae","uncl_Stachybotryaceae"
"Fungi","Ascomycota","Eurotiomycetes","Onygenales","uncl_Onygenales","uncl_Onygenales","uncl_Onygenales"
"Fungi","Mucoromycota","Glomeromycetes","Glomerales","Glomeraceae","Septoglomus","uncl_Septoglomus"
"Fungi","Ascomycota","Eurotiomycetes","Chaetothyriales","uncl_Chaetothyriales","uncl_Chaetothyriales","uncl_Chaetothyriales"
"Fungi","Ascomycota","uncl_Ascomycota","uncl_Ascomycota","uncl_Ascomycota","uncl_Ascomycota","uncl_Ascomycota"
"Fungi","Basidiomycota","Agaricomycetes","Cantharellales","Tulasnellaceae","Tulasnella","uncl_Tulasnella"
"Fungi","Zoopagomycota","Ramicandelaberomycetes","uncl_Ramicandelaberomycetes","uncl_Ramicandelaberomycetes","uncl_Ramicandelaberomycetes","uncl_Ramicandelaberomycetes"
"Fungi","Mucoromycota","Glomeromycetes","Glomerales","Glomeraceae","uncl_Glomeraceae","uncl_Glomeraceae"
"Fungi","Ascomycota","uncl_Ascomycota","uncl_Ascomycota","uncl_Ascomycota","uncl_Ascomycota","uncl_Ascomycota"
"Fungi","Ascomycota","Sordariomycetes","uncl_Sordariomycetes","uncl_Sordariomycetes","uncl_Sordariomycetes","uncl_Sordariomycetes"
"Fungi","Basidiomycota","Agaricomycetes","Trechisporales","uncl_Trechisporales","uncl_Trechisporales","uncl_Trechisporales"
"Fungi","Ascomycota","Dothideomycetes","Mycosphaerellales","uncl_Mycosphaerellales","uncl_Mycosphaerellales","uncl_Mycosphaerellales"
"Fungi","Ascomycota","Leotiomycetes","Helotiales","uncl_Helotiales","uncl_Helotiales","uncl_Helotiales"
"Fungi","Ascomycota","Sordariomycetes","Branch06","uncl_Branch06","uncl_Branch06","uncl_Branch06"
"Fungi","Ascomycota","Dothideomycetes","Tubeufiales","Tubeufiaceae","uncl_Tubeufiaceae","uncl_Tubeufiaceae"
"Fungi","Ascomycota","Dothideomycetes","uncl_Dothideomycetes","uncl_Dothideomycetes","uncl_Dothideomycetes","uncl_Dothideomycetes"
"Fungi","Zoopagomycota","Ramicandelaberomycetes","Ramicandelaberales","Ramicandelaberaceae","Ramicandelaber","uncl_Ramicandelaber"
"Fungi","Ascomycota","Eurotiomycetes","Chaetothyriales","Herpotrichiellaceae","Minimelanolocus","uncl_Minimelanolocus"
"Fungi","Ascomycota","uncl_Ascomycota","uncl_Ascomycota","uncl_Ascomycota","uncl_Ascomycota","uncl_Ascomycota"
"Fungi","Ascomycota","Dothideomycetes","Pleosporales","Didymosphaeriaceae","uncl_Didymosphaeriaceae","uncl_Didymosphaeriaceae"
"Fungi","Ascomycota","uncl_Ascomycota","uncl_Ascomycota","uncl_Ascomycota","uncl_Ascomycota","uncl_Ascomycota"
"Fungi","Ascomycota","Eurotiomycetes","uncl_Eurotiomycetes","uncl_Eurotiomycetes","uncl_Eurotiomycetes","uncl_Eurotiomycetes"
"Fungi","Ascomycota","Pezizomycetes","uncl_Pezizomycetes","uncl_Pezizomycetes","uncl_Pezizomycetes","uncl_Pezizomycetes"
"Fungi","Basidiomycota","Agaricomycetes","Cantharellales","Tulasnellaceae","Tulasnella","uncl_Tulasnella"
"Fungi","Mucoromycota","Glomeromycetes","Glomerales","Glomeraceae","Dominikia","uncl_Dominikia"
"Fungi","Ascomycota","Sordariomycetes","Xylariales","Xylariaceae","uncl_Xylariaceae","uncl_Xylariaceae"
"Fungi","Basidiomycota","Agaricomycetes","Sebacinales","Serendipitaceae","uncl_Serendipitaceae","uncl_Serendipitaceae"
"Fungi","Ascomycota","Dothideomycetes","Pleosporales","Phaeosphaeriaceae","Setophaeosphaeria","uncl_Setophaeosphaeria"
"Fungi","Basidiomycota","Ustilaginomycetes","Ustilaginales","Ustilaginaceae","uncl_Ustilaginaceae","uncl_Ustilaginaceae"
"Fungi","Ascomycota","Dothideomycetes","uncl_Dothideomycetes","uncl_Dothideomycetes","uncl_Dothideomycetes","uncl_Dothideomycetes"
"Fungi","Ascomycota","Sordariomycetes","Magnaporthales","Magnaporthaceae","Gaeumannomyces","uncl_Gaeumannomyces"
"Fungi","Ascomycota","Sordariomycetes","Sordariales","Lasiosphaeriaceae","uncl_Lasiosphaeriaceae","uncl_Lasiosphaeriaceae"
"Fungi","Mucoromycota","Glomeromycetes","Glomerales","Glomeraceae","Dominikia","uncl_Dominikia"
"Fungi","Ascomycota","Sordariomycetes","uncl_Sordariomycetes","uncl_Sordariomycetes","uncl_Sordariomycetes","uncl_Sordariomycetes"
"Fungi","Ascomycota","Dothideomycetes","Tubeufiales","Tubeufiaceae","uncl_Tubeufiaceae","uncl_Tubeufiaceae"
"Fungi","Ascomycota","Dothideomycetes","Tubeufiales","Tubeufiaceae","uncl_Tubeufiaceae","uncl_Tubeufiaceae"
"Fungi","Ascomycota","uncl_Ascomycota","uncl_Ascomycota","uncl_Ascomycota","uncl_Ascomycota","uncl_Ascomycota"
"Fungi","Ascomycota","uncl_Ascomycota","uncl_Ascomycota","uncl_Ascomycota","uncl_Ascomycota","uncl_Ascomycota"
"Fungi","Ascomycota","Sordariomycetes","uncl_Sordariomycetes","uncl_Sordariomycetes","uncl_Sordariomycetes","uncl_Sordariomycetes"
"Fungi","Ascomycota","Saccharomycetes","Saccharomycetales","Saccharomycetales_fam_Incertae_sedis","Candida","Candida_tropicalis"
"Fungi","Basidiomycota","Agaricomycetes","Russulales","uncl_Russulales","uncl_Russulales","uncl_Russulales"
"Fungi","Ascomycota","Sordariomycetes","Chaetosphaeriales","uncl_Chaetosphaeriales","uncl_Chaetosphaeriales","uncl_Chaetosphaeriales"
"Fungi","Mucoromycota","Mortierellomycetes","Mortierellales","uncl_Mortierellales","uncl_Mortierellales","uncl_Mortierellales"
"Fungi","Ascomycota","uncl_Ascomycota","uncl_Ascomycota","uncl_Ascomycota","uncl_Ascomycota","uncl_Ascomycota"
"Fungi","Ascomycota","uncl_Ascomycota","uncl_Ascomycota","uncl_Ascomycota","uncl_Ascomycota","uncl_Ascomycota"
"Fungi","Ascomycota","Dothideomycetes","Pleosporales","uncl_Pleosporales","uncl_Pleosporales","uncl_Pleosporales"
"Fungi","Mucoromycota","Endogonomycetes","uncl_Endogonomycetes","uncl_Endogonomycetes","uncl_Endogonomycetes","uncl_Endogonomycetes"
"Fungi","Ascomycota","Dothideomycetes","Pleosporales","Phaeosphaeriaceae","Ophiosphaerella","uncl_Ophiosphaerella"
"Fungi","Basidiomycota","Pucciniomycetes","Helicobasidiales","Helicobasidiaceae","uncl_Helicobasidiaceae","uncl_Helicobasidiaceae"
"Fungi","Ascomycota","Dothideomycetes","Minutisphaerales","Minutisphaeraceae","Minutisphaera","uncl_Minutisphaera"
"Fungi","Ascomycota","Eurotiomycetes","Chaetothyriales","Herpotrichiellaceae","uncl_Herpotrichiellaceae","uncl_Herpotrichiellaceae"
"Fungi","Basidiomycota","uncl_Basidiomycota","uncl_Basidiomycota","uncl_Basidiomycota","uncl_Basidiomycota","uncl_Basidiomycota"
"Fungi","Basidiomycota","Agaricomycetes","Sebacinales","uncl_Sebacinales","uncl_Sebacinales","uncl_Sebacinales"
"Fungi","Ascomycota","uncl_Ascomycota","uncl_Ascomycota","uncl_Ascomycota","uncl_Ascomycota","uncl_Ascomycota"
"Fungi","Ascomycota","uncl_Ascomycota","uncl_Ascomycota","uncl_Ascomycota","uncl_Ascomycota","uncl_Ascomycota"
"Fungi","Ascomycota","Sordariomycetes","Magnaporthales","Ophioceraceae","Ophioceras","uncl_Ophioceras"
"Fungi","Ascomycota","uncl_Ascomycota","uncl_Ascomycota","uncl_Ascomycota","uncl_Ascomycota","uncl_Ascomycota"
"Fungi","Ascomycota","uncl_Ascomycota","uncl_Ascomycota","uncl_Ascomycota","uncl_Ascomycota","uncl_Ascomycota"
"Fungi","Ascomycota","Sordariomycetes","Magnaporthales","Ophioceraceae","Ophioceras","uncl_Ophioceras"
"Fungi","Ascomycota","uncl_Ascomycota","uncl_Ascomycota","uncl_Ascomycota","uncl_Ascomycota","uncl_Ascomycota"
"Fungi","Ascomycota","Sordariomycetes","uncl_Sordariomycetes","uncl_Sordariomycetes","uncl_Sordariomycetes","uncl_Sordariomycetes"
"Fungi","Ascomycota","Eurotiomycetes","Chaetothyriales","Herpotrichiellaceae","uncl_Herpotrichiellaceae","uncl_Herpotrichiellaceae"
"Fungi","Mucoromycota","Glomeromycetes","Glomerales","Glomeraceae","uncl_Glomeraceae","uncl_Glomeraceae"
"Fungi","Ascomycota","Sordariomycetes","Branch06","uncl_Branch06","uncl_Branch06","uncl_Branch06"
"Fungi","Ascomycota","uncl_Ascomycota","uncl_Ascomycota","uncl_Ascomycota","uncl_Ascomycota","uncl_Ascomycota"
"Fungi","Basidiomycota","Agaricomycetes","Sebacinales","uncl_Sebacinales","uncl_Sebacinales","uncl_Sebacinales"
"Fungi","Ascomycota","Dothideomycetes","Pleosporales","uncl_Pleosporales","uncl_Pleosporales","uncl_Pleosporales"
"Fungi","Basidiomycota","Agaricomycetes","Agaricales","Omphalotaceae","uncl_Omphalotaceae","uncl_Omphalotaceae"
"Fungi","Basidiomycota","Agaricomycetes","Auriculariales","Auriculariaceae","uncl_Auriculariaceae","uncl_Auriculariaceae"
"Fungi","Ascomycota","Sordariomycetes","Pisorisporiales","Pisorisporiales_fam._incertae_sedis","Brocchiosphaera","Brocchiosphaera_bulbiformis"
"Fungi","Ascomycota","Dothideomycetes","Pleosporales","Phaeosphaeriaceae","Phaeosphaeria","Phaeosphaeria_breonadiae"
"Fungi","Ascomycota","Dothideomycetes","uncl_Dothideomycetes","uncl_Dothideomycetes","uncl_Dothideomycetes","uncl_Dothideomycetes"
"Fungi","Basidiomycota","Tremellomycetes","Tremellales","Rhynchogastremataceae","Papiliotrema","Papiliotrema_pseudoalba"
"Fungi","Basidiomycota","Tremellomycetes","Filobasidiales","Filobasidiaceae","Filobasidium","uncl_Filobasidium"
"Fungi","Ascomycota","Dothideomycetes","Pleosporales","Phaeosphaeriaceae","uncl_Phaeosphaeriaceae","uncl_Phaeosphaeriaceae"
"Fungi","Ascomycota","Dothideomycetes","Mycosphaerellales","Teratosphaeriaceae","Xenopenidiella","Xenopenidiella_nigrescens"
"Fungi","Ascomycota","Geoglossomycetes","Geoglossales","Geoglossaceae","Trichoglossum","uncl_Trichoglossum"
"Fungi","Mucoromycota","uncl_Mucoromycota","uncl_Mucoromycota","uncl_Mucoromycota","uncl_Mucoromycota","uncl_Mucoromycota"
"Fungi","Mucoromycota","uncl_Mucoromycota","uncl_Mucoromycota","uncl_Mucoromycota","uncl_Mucoromycota","uncl_Mucoromycota"
"Fungi","Basidiomycota","Microbotryomycetes","Sporidiobolales","Sporidiobolaceae","Rhodosporidiobolus","uncl_Rhodosporidiobolus"
"Fungi","Basidiomycota","Agaricomycetes","Sebacinales","Serendipitaceae","uncl_Serendipitaceae","uncl_Serendipitaceae"
"Fungi","Ascomycota","uncl_Ascomycota","uncl_Ascomycota","uncl_Ascomycota","uncl_Ascomycota","uncl_Ascomycota"
"Fungi","Ascomycota","Dothideomycetes","Pleosporales","uncl_Pleosporales","uncl_Pleosporales","uncl_Pleosporales"
"Fungi","Basidiomycota","Tremellomycetes","Tremellales","Rhynchogastremataceae","Papiliotrema","Papiliotrema_fusca"
"Fungi","Ascomycota","uncl_Ascomycota","uncl_Ascomycota","uncl_Ascomycota","uncl_Ascomycota","uncl_Ascomycota"
"Fungi","Ascomycota","Dothideomycetes","Capnodiales","Capnodiaceae","uncl_Capnodiaceae","uncl_Capnodiaceae"
"Fungi","Ascomycota","uncl_Ascomycota","uncl_Ascomycota","uncl_Ascomycota","uncl_Ascomycota","uncl_Ascomycota"
"Fungi","Ascomycota","uncl_Ascomycota","uncl_Ascomycota","uncl_Ascomycota","uncl_Ascomycota","uncl_Ascomycota"
"Fungi","Ascomycota","Eurotiomycetes","Chaetothyriales","uncl_Chaetothyriales","uncl_Chaetothyriales","uncl_Chaetothyriales"
"Fungi","Ascomycota","Pezizomycetes","Pezizales","Pyronemataceae","Pulvinula","uncl_Pulvinula"
"Fungi","Ascomycota","Dothideomycetes","Pleosporales","uncl_Pleosporales","uncl_Pleosporales","uncl_Pleosporales"
"Fungi","Ascomycota","Dothideomycetes","Pleosporales","Phaeosphaeriaceae","uncl_Phaeosphaeriaceae","uncl_Phaeosphaeriaceae"
"Fungi","Basidiomycota","Agaricomycetes","Agaricales","Marasmiaceae","uncl_Marasmiaceae","uncl_Marasmiaceae"
"Fungi","Mucoromycota","uncl_Mucoromycota","uncl_Mucoromycota","uncl_Mucoromycota","uncl_Mucoromycota","uncl_Mucoromycota"
"Fungi","Ascomycota","uncl_Ascomycota","uncl_Ascomycota","uncl_Ascomycota","uncl_Ascomycota","uncl_Ascomycota"
"Fungi","Basidiomycota","Agaricomycetes","Sebacinales","uncl_Sebacinales","uncl_Sebacinales","uncl_Sebacinales"
"Fungi","Ascomycota","Dothideomycetes","Venturiales","Sympoventuriaceae","Scolecobasidium","Scolecobasidium_constrictum"
"Fungi","Basidiomycota","Spiculogloeomycetes","Spiculogloeales","Spiculogloeaceae","Phyllozyma","Phyllozyma_linderae"
"Fungi","Basidiomycota","Agaricomycetes","Agaricales","uncl_Agaricales","uncl_Agaricales","uncl_Agaricales"
"Fungi","Zoopagomycota","Ramicandelaberomycetes","Ramicandelaberales","Ramicandelaberaceae","Ramicandelaber","uncl_Ramicandelaber"
"Fungi","Basidiomycota","Agaricomycetes","Agaricales","Marasmiaceae","Crinipellis","uncl_Crinipellis"
"Fungi","Basidiomycota","Agaricomycetes","Agaricales","uncl_Agaricales","uncl_Agaricales","uncl_Agaricales"
"Fungi","Ascomycota","Eurotiomycetes","uncl_Eurotiomycetes","uncl_Eurotiomycetes","uncl_Eurotiomycetes","uncl_Eurotiomycetes"
"Fungi","Ascomycota","Eurotiomycetes","Chaetothyriales","Herpotrichiellaceae","uncl_Herpotrichiellaceae","uncl_Herpotrichiellaceae"
"Fungi","Chytridiomycota","Spizellomycetes","Spizellomycetales","Spizellomycetaceae","uncl_Spizellomycetaceae","uncl_Spizellomycetaceae"
"Fungi","Ascomycota","Eurotiomycetes","Chaetothyriales","Herpotrichiellaceae","uncl_Herpotrichiellaceae","uncl_Herpotrichiellaceae"
"Fungi","Basidiomycota","uncl_Basidiomycota","uncl_Basidiomycota","uncl_Basidiomycota","uncl_Basidiomycota","uncl_Basidiomycota"
"Fungi","Mucoromycota","Glomeromycetes","uncl_Glomeromycetes","uncl_Glomeromycetes","uncl_Glomeromycetes","uncl_Glomeromycetes"
"Fungi","Ascomycota","Dothideomycetes","Mycosphaerellales","Mycosphaerellaceae","uncl_Mycosphaerellaceae","uncl_Mycosphaerellaceae"
"Fungi","Ascomycota","Sordariomycetes","Sordariales","uncl_Sordariales","uncl_Sordariales","uncl_Sordariales"
"Fungi","Ascomycota","Sordariomycetes","Hypocreales","uncl_Hypocreales","uncl_Hypocreales","uncl_Hypocreales"
"Fungi","Ascomycota","Sordariomycetes","Hypocreales","uncl_Hypocreales","uncl_Hypocreales","uncl_Hypocreales"
"Fungi","Ascomycota","Sordariomycetes","Hypocreales","Stachybotryaceae","uncl_Stachybotryaceae","uncl_Stachybotryaceae"
"Fungi","Ascomycota","uncl_Ascomycota","uncl_Ascomycota","uncl_Ascomycota","uncl_Ascomycota","uncl_Ascomycota"
"Fungi","Mucoromycota","Glomeromycetes","uncl_Glomeromycetes","uncl_Glomeromycetes","uncl_Glomeromycetes","uncl_Glomeromycetes"
"Fungi","Mucoromycota","Glomeromycetes","Glomerales","Glomeraceae","uncl_Glomeraceae","uncl_Glomeraceae"
"Fungi","Basidiomycota","Agaricomycetes","uncl_Agaricomycetes","uncl_Agaricomycetes","uncl_Agaricomycetes","uncl_Agaricomycetes"
"Fungi","Mucoromycota","Glomeromycetes","Glomerales","Glomeraceae","uncl_Glomeraceae","uncl_Glomeraceae"
"Fungi","Ascomycota","Sordariomycetes","Microascales","Halosphaeriaceae","uncl_Halosphaeriaceae","uncl_Halosphaeriaceae"
"Fungi","Basidiomycota","Agaricomycetes","Thelephorales","Thelephoraceae","Tomentella","uncl_Tomentella"
"Fungi","Basidiomycota","Agaricomycetes","Auriculariales","uncl_Auriculariales","uncl_Auriculariales","uncl_Auriculariales"
"Fungi","Mucoromycota","Glomeromycetes","Glomerales","Glomeraceae","Kamienskia","uncl_Kamienskia"
"Fungi","Chytridiomycota","Spizellomycetes","Spizellomycetales","Spizellomycetaceae","Spizellomyces","uncl_Spizellomyces"
"Fungi","Ascomycota","Dothideomycetes","uncl_Dothideomycetes","uncl_Dothideomycetes","uncl_Dothideomycetes","uncl_Dothideomycetes"
"Fungi","Ascomycota","uncl_Ascomycota","uncl_Ascomycota","uncl_Ascomycota","uncl_Ascomycota","uncl_Ascomycota"
"Fungi","Ascomycota","Sordariomycetes","Hypocreales","uncl_Hypocreales","uncl_Hypocreales","uncl_Hypocreales"
"Fungi","Ascomycota","uncl_Ascomycota","uncl_Ascomycota","uncl_Ascomycota","uncl_Ascomycota","uncl_Ascomycota"
"Fungi","Mucoromycota","Glomeromycetes","Glomerales","uncl_Glomerales","uncl_Glomerales","uncl_Glomerales"
"Fungi","Ascomycota","uncl_Ascomycota","uncl_Ascomycota","uncl_Ascomycota","uncl_Ascomycota","uncl_Ascomycota"
"Fungi","Ascomycota","Dothideomycetes","uncl_Dothideomycetes","uncl_Dothideomycetes","uncl_Dothideomycetes","uncl_Dothideomycetes"
"Fungi","Mucoromycota","Glomeromycetes","Glomerales","Glomeraceae","uncl_Glomeraceae","uncl_Glomeraceae"
"Fungi","Ascomycota","Dothideomycetes","Pleosporales","uncl_Pleosporales","uncl_Pleosporales","uncl_Pleosporales"
"Fungi","Ascomycota","Sordariomycetes","Hypocreales","uncl_Hypocreales","uncl_Hypocreales","uncl_Hypocreales"
"Fungi","Ascomycota","Dothideomycetes","uncl_Dothideomycetes","uncl_Dothideomycetes","uncl_Dothideomycetes","uncl_Dothideomycetes"
"Fungi","Ascomycota","Dothideomycetes","Pleosporales","Pleosporaceae","Edenia","uncl_Edenia"
"Fungi","Mucoromycota","Glomeromycetes","Glomerales","Glomeraceae","uncl_Glomeraceae","uncl_Glomeraceae"
"Fungi","Ascomycota","uncl_Ascomycota","uncl_Ascomycota","uncl_Ascomycota","uncl_Ascomycota","uncl_Ascomycota"
"Fungi","Ascomycota","Dothideomycetes","Pleosporales","uncl_Pleosporales","uncl_Pleosporales","uncl_Pleosporales"
"Fungi","Chytridiomycota","Rhizophlyctidomycetes","Rhizophlyctidales","uncl_Rhizophlyctidales","uncl_Rhizophlyctidales","uncl_Rhizophlyctidales"
"Fungi","Ascomycota","uncl_Ascomycota","uncl_Ascomycota","uncl_Ascomycota","uncl_Ascomycota","uncl_Ascomycota"
"Fungi","Mucoromycota","Glomeromycetes","Glomerales","Glomeraceae","uncl_Glomeraceae","uncl_Glomeraceae"
"Fungi","Mucoromycota","Glomeromycetes","Glomerales","Glomeraceae","uncl_Glomeraceae","uncl_Glomeraceae"
"Fungi","Mucoromycota","Glomeromycetes","uncl_Glomeromycetes","uncl_Glomeromycetes","uncl_Glomeromycetes","uncl_Glomeromycetes"
"Fungi","Ascomycota","Dothideomycetes","Pleosporales","Amniculicolaceae","uncl_Amniculicolaceae","uncl_Amniculicolaceae"
"Fungi","Basidiomycota","Agaricomycetes","uncl_Agaricomycetes","uncl_Agaricomycetes","uncl_Agaricomycetes","uncl_Agaricomycetes"
"Fungi","Ascomycota","Pezizomycetes","Pezizales","uncl_Pezizales","uncl_Pezizales","uncl_Pezizales"
"Fungi","Ascomycota","Sordariomycetes","Sordariales","Podosporaceae","Podospora","uncl_Podospora"
"Fungi","Ascomycota","uncl_Ascomycota","uncl_Ascomycota","uncl_Ascomycota","uncl_Ascomycota","uncl_Ascomycota"
"Fungi","Ascomycota","Dothideomycetes","Pleosporales","uncl_Pleosporales","uncl_Pleosporales","uncl_Pleosporales"
"Fungi","Ascomycota","Dothideomycetes","Pleosporales","uncl_Pleosporales","uncl_Pleosporales","uncl_Pleosporales"
"Fungi","Ascomycota","Sordariomycetes","uncl_Sordariomycetes","uncl_Sordariomycetes","uncl_Sordariomycetes","uncl_Sordariomycetes"
"Fungi","Ascomycota","Sordariomycetes","Sordariales","uncl_Sordariales","uncl_Sordariales","uncl_Sordariales"
"Fungi","Ascomycota","Sordariomycetes","Hypocreales","Stachybotryaceae","uncl_Stachybotryaceae","uncl_Stachybotryaceae"
"Fungi","Mucoromycota","Glomeromycetes","Glomerales","Glomeraceae","Kamienskia","Kamienskia_divaricata"
"Fungi","Mucoromycota","Glomeromycetes","Glomerales","Glomeraceae","uncl_Glomeraceae","uncl_Glomeraceae"
"Fungi","Basidiomycota","Agaricomycetes","Agaricales","Crepidotaceae","Crepidotus","uncl_Crepidotus"
"Fungi","Mucoromycota","Glomeromycetes","uncl_Glomeromycetes","uncl_Glomeromycetes","uncl_Glomeromycetes","uncl_Glomeromycetes"
"Fungi","Ascomycota","Dothideomycetes","Pleosporales","uncl_Pleosporales","uncl_Pleosporales","uncl_Pleosporales"
"Fungi","Ascomycota","Eurotiomycetes","uncl_Eurotiomycetes","uncl_Eurotiomycetes","uncl_Eurotiomycetes","uncl_Eurotiomycetes"
"Fungi","Ascomycota","Sordariomycetes","Sordariales","uncl_Sordariales","uncl_Sordariales","uncl_Sordariales"
"Fungi","Mucoromycota","uncl_Mucoromycota","uncl_Mucoromycota","uncl_Mucoromycota","uncl_Mucoromycota","uncl_Mucoromycota"
"Fungi","Mucoromycota","Glomeromycetes","Glomerales","Glomeraceae","uncl_Glomeraceae","uncl_Glomeraceae"
"Fungi","Ascomycota","Dothideomycetes","Pleosporales","Sporormiaceae","Westerdykella","uncl_Westerdykella"
"Fungi","Ascomycota","Sordariomycetes","uncl_Sordariomycetes","uncl_Sordariomycetes","uncl_Sordariomycetes","uncl_Sordariomycetes"
"Fungi","Mucoromycota","Glomeromycetes","uncl_Glomeromycetes","uncl_Glomeromycetes","uncl_Glomeromycetes","uncl_Glomeromycetes"
"Fungi","Ascomycota","Sordariomycetes","Sordariales","Podosporaceae","Cladorrhinum","uncl_Cladorrhinum"
"Fungi","Ascomycota","Pezizomycetes","uncl_Pezizomycetes","uncl_Pezizomycetes","uncl_Pezizomycetes","uncl_Pezizomycetes"
"Fungi","Ascomycota","Dothideomycetes","uncl_Dothideomycetes","uncl_Dothideomycetes","uncl_Dothideomycetes","uncl_Dothideomycetes"
"Fungi","Ascomycota","Dothideomycetes","Pleosporales","Leptosphaeriaceae","Leptosphaeria","Leptosphaeria_avenaria"
"Fungi","Ascomycota","Dothideomycetes","Capnodiales","uncl_Capnodiales","uncl_Capnodiales","uncl_Capnodiales"
"Fungi","Mucoromycota","Glomeromycetes","Glomerales","Glomeraceae","Kamienskia","Kamienskia_divaricata"
"Fungi","Ascomycota","Sordariomycetes","Hypocreales","Stachybotryaceae","uncl_Stachybotryaceae","uncl_Stachybotryaceae"
"Fungi","Ascomycota","uncl_Ascomycota","uncl_Ascomycota","uncl_Ascomycota","uncl_Ascomycota","uncl_Ascomycota"
"Fungi","Ascomycota","Sordariomycetes","Branch06","uncl_Branch06","uncl_Branch06","uncl_Branch06"
"Fungi","Ascomycota","Sordariomycetes","Sordariales","Podosporaceae","uncl_Podosporaceae","uncl_Podosporaceae"
"Fungi","Ascomycota","Dothideomycetes","Pleosporales","Phaeosphaeriaceae","Sclerostagonospora","uncl_Sclerostagonospora"
"Fungi","Ascomycota","Dothideomycetes","Pleosporales","uncl_Pleosporales","uncl_Pleosporales","uncl_Pleosporales"
"Fungi","Chytridiomycota","uncl_Chytridiomycota","uncl_Chytridiomycota","uncl_Chytridiomycota","uncl_Chytridiomycota","uncl_Chytridiomycota"
"Fungi","Ascomycota","Dothideomycetes","Pleosporales","Pleosporales_fam_Incertae_sedis","Pseudorobillarda","uncl_Pseudorobillarda"
"Fungi","Ascomycota","Sordariomycetes","Sordariales","uncl_Sordariales","uncl_Sordariales","uncl_Sordariales"
"Fungi","Mucoromycota","uncl_Mucoromycota","uncl_Mucoromycota","uncl_Mucoromycota","uncl_Mucoromycota","uncl_Mucoromycota"
"Fungi","Basidiomycota","Agaricomycetes","uncl_Agaricomycetes","uncl_Agaricomycetes","uncl_Agaricomycetes","uncl_Agaricomycetes"
"Fungi","Ascomycota","Sordariomycetes","Hypocreales","Nectriaceae","Fusarium","uncl_Fusarium"
"Fungi","Ascomycota","uncl_Ascomycota","uncl_Ascomycota","uncl_Ascomycota","uncl_Ascomycota","uncl_Ascomycota"
"Fungi","Ascomycota","Sordariomycetes","Sordariales","uncl_Sordariales","uncl_Sordariales","uncl_Sordariales"
"Fungi","Ascomycota","Dothideomycetes","Pleosporales","Melanommataceae","uncl_Melanommataceae","uncl_Melanommataceae"
"Fungi","Mucoromycota","Glomeromycetes","Glomerales","Glomeraceae","uncl_Glomeraceae","uncl_Glomeraceae"
"Fungi","Ascomycota","uncl_Ascomycota","uncl_Ascomycota","uncl_Ascomycota","uncl_Ascomycota","uncl_Ascomycota"
"Fungi","Ascomycota","Sordariomycetes","Sordariales","Podosporaceae","Podospora","Podospora_prethopodalis"
"Fungi","Ascomycota","Dothideomycetes","uncl_Dothideomycetes","uncl_Dothideomycetes","uncl_Dothideomycetes","uncl_Dothideomycetes"
"Fungi","Ascomycota","Dothideomycetes","Pleosporales","Amniculicolaceae","Murispora","Murispora_kazachstanica"
"Fungi","Ascomycota","Dothideomycetes","uncl_Dothideomycetes","uncl_Dothideomycetes","uncl_Dothideomycetes","uncl_Dothideomycetes"
"Fungi","Ascomycota","Dothideomycetes","Pleosporales","uncl_Pleosporales","uncl_Pleosporales","uncl_Pleosporales"
"Fungi","Ascomycota","Sordariomycetes","Microascales","Halosphaeriaceae","Natantispora","uncl_Natantispora"
"Fungi","Ascomycota","Dothideomycetes","Pleosporales","uncl_Pleosporales","uncl_Pleosporales","uncl_Pleosporales"
"Fungi","Ascomycota","Sordariomycetes","Hypocreales","uncl_Hypocreales","uncl_Hypocreales","uncl_Hypocreales"
"Fungi","Ascomycota","Sordariomycetes","uncl_Sordariomycetes","uncl_Sordariomycetes","uncl_Sordariomycetes","uncl_Sordariomycetes"
"Fungi","Ascomycota","Sordariomycetes","uncl_Sordariomycetes","uncl_Sordariomycetes","uncl_Sordariomycetes","uncl_Sordariomycetes"
"Fungi","Basidiomycota","GS25","GS25_ord_Incertae_sedis","uncl_GS25_ord_Incertae_sedis","uncl_GS25_ord_Incertae_sedis","uncl_GS25_ord_Incertae_sedis"
"Fungi","Ascomycota","Dothideomycetes","Botryosphaeriales","Botryosphaeriaceae","Macrophomina","uncl_Macrophomina"
"Fungi","Basidiomycota","Agaricomycetes","Agaricales","Crepidotaceae","uncl_Crepidotaceae","uncl_Crepidotaceae"
"Fungi","Ascomycota","Sordariomycetes","Sordariales","uncl_Sordariales","uncl_Sordariales","uncl_Sordariales"
"Fungi","Ascomycota","Sordariomycetes","Sordariales","uncl_Sordariales","uncl_Sordariales","uncl_Sordariales"
"Fungi","Ascomycota","Dothideomycetes","uncl_Dothideomycetes","uncl_Dothideomycetes","uncl_Dothideomycetes","uncl_Dothideomycetes"
"Fungi","Ascomycota","Sordariomycetes","Hypocreales","Hypocreales_fam_Incertae_sedis","Acremonium","Acremonium_nigrosclerotium"
"Fungi","Ascomycota","Dothideomycetes","uncl_Dothideomycetes","uncl_Dothideomycetes","uncl_Dothideomycetes","uncl_Dothideomycetes"
"Fungi","Ascomycota","Sordariomycetes","Sordariales","uncl_Sordariales","uncl_Sordariales","uncl_Sordariales"
"Fungi","Ascomycota","Sordariomycetes","uncl_Sordariomycetes","uncl_Sordariomycetes","uncl_Sordariomycetes","uncl_Sordariomycetes"
"Fungi","Ascomycota","Sordariomycetes","uncl_Sordariomycetes","uncl_Sordariomycetes","uncl_Sordariomycetes","uncl_Sordariomycetes"
"Fungi","Mucoromycota","Glomeromycetes","Glomerales","Glomeraceae","uncl_Glomeraceae","uncl_Glomeraceae"
"Fungi","Mucoromycota","Endogonomycetes","uncl_Endogonomycetes","uncl_Endogonomycetes","uncl_Endogonomycetes","uncl_Endogonomycetes"
"Fungi","Ascomycota","uncl_Ascomycota","uncl_Ascomycota","uncl_Ascomycota","uncl_Ascomycota","uncl_Ascomycota"
"Fungi","Ascomycota","Sordariomycetes","Hypocreales","uncl_Hypocreales","uncl_Hypocreales","uncl_Hypocreales"
"Fungi","Ascomycota","Sordariomycetes","Sordariales","uncl_Sordariales","uncl_Sordariales","uncl_Sordariales"
"Fungi","Ascomycota","uncl_Ascomycota","uncl_Ascomycota","uncl_Ascomycota","uncl_Ascomycota","uncl_Ascomycota"
"Fungi","Basidiomycota","Agaricomycetes","Agaricales","Crepidotaceae","Crepidotus","uncl_Crepidotus"
"Fungi","Chytridiomycota","Rhizophydiomycetes","Rhizophydiales","uncl_Rhizophydiales","uncl_Rhizophydiales","uncl_Rhizophydiales"
"Fungi","Basidiomycota","Agaricomycetes","Russulales","uncl_Russulales","uncl_Russulales","uncl_Russulales"
"Fungi","Mucoromycota","Glomeromycetes","uncl_Glomeromycetes","uncl_Glomeromycetes","uncl_Glomeromycetes","uncl_Glomeromycetes"
"Fungi","Ascomycota","Pezizomycetes","Pezizales","Pezizaceae","uncl_Pezizaceae","uncl_Pezizaceae"
"Fungi","Ascomycota","Sordariomycetes","uncl_Sordariomycetes","uncl_Sordariomycetes","uncl_Sordariomycetes","uncl_Sordariomycetes"
"Fungi","Mucoromycota","Mortierellomycetes","Mortierellales","uncl_Mortierellales","uncl_Mortierellales","uncl_Mortierellales"
"Fungi","Ascomycota","Sordariomycetes","Hypocreales","uncl_Hypocreales","uncl_Hypocreales","uncl_Hypocreales"
"Fungi","Basidiomycota","Agaricomycetes","Agaricales","Clavariaceae","Clavulinopsis","uncl_Clavulinopsis"
"Fungi","Ascomycota","uncl_Ascomycota","uncl_Ascomycota","uncl_Ascomycota","uncl_Ascomycota","uncl_Ascomycota"
"Fungi","Basidiomycota","Agaricomycetes","Agaricales","Psathyrellaceae","Coprinopsis","uncl_Coprinopsis"
"Fungi","Mucoromycota","Glomeromycetes","Glomerales","Glomeraceae","uncl_Glomeraceae","uncl_Glomeraceae"
"Fungi","Basidiomycota","Agaricomycetes","Cantharellales","Ceratobasidiaceae","uncl_Ceratobasidiaceae","uncl_Ceratobasidiaceae"
"Fungi","Ascomycota","Orbiliomycetes","uncl_Orbiliomycetes","uncl_Orbiliomycetes","uncl_Orbiliomycetes","uncl_Orbiliomycetes"
"Fungi","Ascomycota","Sordariomycetes","uncl_Sordariomycetes","uncl_Sordariomycetes","uncl_Sordariomycetes","uncl_Sordariomycetes"
"Fungi","Basidiomycota","Agaricomycetes","Agaricales","Tricholomataceae","Mycenella","Mycenella_lasiosperma"
"Fungi","Ascomycota","Dothideomycetes","uncl_Dothideomycetes","uncl_Dothideomycetes","uncl_Dothideomycetes","uncl_Dothideomycetes"
"Fungi","Basidiomycota","Agaricomycetes","Agaricales","uncl_Agaricales","uncl_Agaricales","uncl_Agaricales"
"Fungi","Ascomycota","uncl_Ascomycota","uncl_Ascomycota","uncl_Ascomycota","uncl_Ascomycota","uncl_Ascomycota"
"Fungi","Ascomycota","uncl_Ascomycota","uncl_Ascomycota","uncl_Ascomycota","uncl_Ascomycota","uncl_Ascomycota"
"Fungi","Basidiomycota","Agaricomycetes","Agaricales","Stephanosporaceae","Cristinia","uncl_Cristinia"
"Fungi","Mucoromycota","uncl_Mucoromycota","uncl_Mucoromycota","uncl_Mucoromycota","uncl_Mucoromycota","uncl_Mucoromycota"
"Fungi","Basidiomycota","Agaricomycetes","Cantharellales","Ceratobasidiaceae","uncl_Ceratobasidiaceae","uncl_Ceratobasidiaceae"
"Fungi","Ascomycota","Dothideomycetes","Pleosporales","Didymosphaeriaceae","uncl_Didymosphaeriaceae","uncl_Didymosphaeriaceae"
"Fungi","Basidiomycota","Agaricomycetes","Agaricales","Stephanosporaceae","Cristinia","uncl_Cristinia"
"Fungi","Mucoromycota","Glomeromycetes","uncl_Glomeromycetes","uncl_Glomeromycetes","uncl_Glomeromycetes","uncl_Glomeromycetes"
"Fungi","Mucoromycota","Glomeromycetes","Diversisporales","Diversisporaceae","Diversispora","uncl_Diversispora"
"Fungi","Mucoromycota","Glomeromycetes","Glomerales","Glomeraceae","Rhizophagus","uncl_Rhizophagus"
"Fungi","Basidiomycota","uncl_Basidiomycota","uncl_Basidiomycota","uncl_Basidiomycota","uncl_Basidiomycota","uncl_Basidiomycota"
"Fungi","Basidiomycota","Agaricomycetes","Agaricales","Psathyrellaceae","Parasola","uncl_Parasola"
"Fungi","Ascomycota","uncl_Ascomycota","uncl_Ascomycota","uncl_Ascomycota","uncl_Ascomycota","uncl_Ascomycota"
"Fungi","Ascomycota","Sordariomycetes","uncl_Sordariomycetes","uncl_Sordariomycetes","uncl_Sordariomycetes","uncl_Sordariomycetes"
"Fungi","Mucoromycota","Glomeromycetes","Glomerales","Glomeraceae","Kamienskia","Kamienskia_divaricata"
"Fungi","Ascomycota","Dothideomycetes","Capnodiales","uncl_Capnodiales","uncl_Capnodiales","uncl_Capnodiales"
"Fungi","Ascomycota","Sordariomycetes","Hypocreales","uncl_Hypocreales","uncl_Hypocreales","uncl_Hypocreales"
"Fungi","Ascomycota","Sordariomycetes","Sordariales","uncl_Sordariales","uncl_Sordariales","uncl_Sordariales"
"Fungi","Ascomycota","Sordariomycetes","uncl_Sordariomycetes","uncl_Sordariomycetes","uncl_Sordariomycetes","uncl_Sordariomycetes"
"Fungi","Basidiomycota","Agaricomycetes","Auriculariales","Auriculariaceae","uncl_Auriculariaceae","uncl_Auriculariaceae"
"Fungi","Ascomycota","uncl_Ascomycota","uncl_Ascomycota","uncl_Ascomycota","uncl_Ascomycota","uncl_Ascomycota"
"Fungi","Ascomycota","uncl_Ascomycota","uncl_Ascomycota","uncl_Ascomycota","uncl_Ascomycota","uncl_Ascomycota"
"Fungi","Basidiomycota","Agaricomycetes","Agaricales","uncl_Agaricales","uncl_Agaricales","uncl_Agaricales"
"Fungi","Mucoromycota","Glomeromycetes","Glomerales","Glomeraceae","uncl_Glomeraceae","uncl_Glomeraceae"
"Fungi","Ascomycota","Sordariomycetes","Sordariomycetes_ord_Incertae_sedis","uncl_Sordariomycetes_ord_Incertae_sedis","uncl_Sordariomycetes_ord_Incertae_sedis","uncl_Sordariomycetes_ord_Incertae_sedis"
"Fungi","Ascomycota","Sordariomycetes","Hypocreales","uncl_Hypocreales","uncl_Hypocreales","uncl_Hypocreales"
"Fungi","Basidiomycota","Agaricomycetes","Hymenochaetales","Schizoporaceae","uncl_Schizoporaceae","uncl_Schizoporaceae"
"Fungi","Basidiomycota","Agaricomycetes","Auriculariales","uncl_Auriculariales","uncl_Auriculariales","uncl_Auriculariales"
"Fungi","Ascomycota","Sordariomycetes","Sordariales","uncl_Sordariales","uncl_Sordariales","uncl_Sordariales"
"Fungi","Basidiomycota","Agaricomycetes","Agaricales","Psathyrellaceae","uncl_Psathyrellaceae","uncl_Psathyrellaceae"
"Fungi","Ascomycota","Sordariomycetes","Xylariales","uncl_Xylariales","uncl_Xylariales","uncl_Xylariales"
"Fungi","Ascomycota","Sordariomycetes","Hypocreales","Stachybotryaceae","Striaticonidium","uncl_Striaticonidium"
"Fungi","Mucoromycota","Glomeromycetes","Glomerales","Glomeraceae","uncl_Glomeraceae","uncl_Glomeraceae"
"Fungi","Ascomycota","Dothideomycetes","Pleosporales","Lentitheciaceae","uncl_Lentitheciaceae","uncl_Lentitheciaceae"
"Fungi","Chytridiomycota","Spizellomycetes","Spizellomycetales","Spizellomycetaceae","uncl_Spizellomycetaceae","uncl_Spizellomycetaceae"
"Fungi","Ascomycota","uncl_Ascomycota","uncl_Ascomycota","uncl_Ascomycota","uncl_Ascomycota","uncl_Ascomycota"
"Fungi","Ascomycota","Sordariomycetes","uncl_Sordariomycetes","uncl_Sordariomycetes","uncl_Sordariomycetes","uncl_Sordariomycetes"
"Fungi","Mucoromycota","Glomeromycetes","Glomerales","Glomeraceae","uncl_Glomeraceae","uncl_Glomeraceae"
"Fungi","Ascomycota","Sordariomycetes","Hypocreales","uncl_Hypocreales","uncl_Hypocreales","uncl_Hypocreales"
"Fungi","Ascomycota","Sordariomycetes","Hypocreales","Nectriaceae","Dactylonectria","uncl_Dactylonectria"
"Fungi","Mucoromycota","Glomeromycetes","Glomerales","uncl_Glomerales","uncl_Glomerales","uncl_Glomerales"
"Fungi","Mucoromycota","Glomeromycetes","Glomerales","Glomeraceae","uncl_Glomeraceae","uncl_Glomeraceae"
"Fungi","Chytridiomycota","uncl_Chytridiomycota","uncl_Chytridiomycota","uncl_Chytridiomycota","uncl_Chytridiomycota","uncl_Chytridiomycota"
"Fungi","Ascomycota","uncl_Ascomycota","uncl_Ascomycota","uncl_Ascomycota","uncl_Ascomycota","uncl_Ascomycota"
"Fungi","Ascomycota","uncl_Ascomycota","uncl_Ascomycota","uncl_Ascomycota","uncl_Ascomycota","uncl_Ascomycota"
"Fungi","Basidiomycota","Agaricomycetes","Auriculariales","uncl_Auriculariales","uncl_Auriculariales","uncl_Auriculariales"
"Fungi","Ascomycota","Dothideomycetes","Pleosporales","Dictyosporiaceae","Dictyosporium","Dictyosporium_strelitziae"
"Fungi","Basidiomycota","Agaricomycetes","Cantharellales","Ceratobasidiaceae","uncl_Ceratobasidiaceae","uncl_Ceratobasidiaceae"
"Fungi","Ascomycota","Sordariomycetes","uncl_Sordariomycetes","uncl_Sordariomycetes","uncl_Sordariomycetes","uncl_Sordariomycetes"
"Fungi","Ascomycota","Pezizomycetes","Pezizales","Pyronemataceae","Pulvinula","uncl_Pulvinula"
"Fungi","Ascomycota","Dothideomycetes","Pleosporales","Periconiaceae","Periconia","uncl_Periconia"
"Fungi","Mucoromycota","Glomeromycetes","uncl_Glomeromycetes","uncl_Glomeromycetes","uncl_Glomeromycetes","uncl_Glomeromycetes"
"Fungi","Ascomycota","Sordariomycetes","Hypocreales","uncl_Hypocreales","uncl_Hypocreales","uncl_Hypocreales"
"Fungi","Ascomycota","Sordariomycetes","Branch06","uncl_Branch06","uncl_Branch06","uncl_Branch06"
"Fungi","Basidiomycota","Geminibasidiomycetes","Geminibasidiales","Geminibasidiaceae","Basidioascus","Basidioascus_persicus"
"Fungi","Ascomycota","uncl_Ascomycota","uncl_Ascomycota","uncl_Ascomycota","uncl_Ascomycota","uncl_Ascomycota"
"Fungi","Mucoromycota","Glomeromycetes","Glomerales","Glomeraceae","Kamienskia","uncl_Kamienskia"
"Fungi","Ascomycota","Dothideomycetes","Botryosphaeriales","Botryosphaeriaceae","Botryosphaeria","uncl_Botryosphaeria"
"Fungi","Mucoromycota","Glomeromycetes","Glomerales","Glomeraceae","Dominikia","uncl_Dominikia"
"Fungi","Mucoromycota","Glomeromycetes","uncl_Glomeromycetes","uncl_Glomeromycetes","uncl_Glomeromycetes","uncl_Glomeromycetes"
"Fungi","Ascomycota","Sordariomycetes","Sordariales","Podosporaceae","uncl_Podosporaceae","uncl_Podosporaceae"
"Fungi","Ascomycota","Eurotiomycetes","Chaetothyriales","Herpotrichiellaceae","uncl_Herpotrichiellaceae","uncl_Herpotrichiellaceae"
"Fungi","Ascomycota","Sordariomycetes","Hypocreales","uncl_Hypocreales","uncl_Hypocreales","uncl_Hypocreales"
"Fungi","Basidiomycota","Agaricomycetes","Russulales","Peniophoraceae","uncl_Peniophoraceae","uncl_Peniophoraceae"
"Fungi","Basidiomycota","Agaricomycetes","Polyporales","Phanerochaetaceae","Hyphodermella","Hyphodermella_rosae"
"Fungi","Basidiomycota","uncl_Basidiomycota","uncl_Basidiomycota","uncl_Basidiomycota","uncl_Basidiomycota","uncl_Basidiomycota"
"Fungi","Ascomycota","Sordariomycetes","Hypocreales","Stachybotryaceae","uncl_Stachybotryaceae","uncl_Stachybotryaceae"
"Fungi","Basidiomycota","Agaricomycetes","Agaricales","Bolbitiaceae","Panaeolus","Panaeolus_papilionaceus"
"Fungi","Mucoromycota","Glomeromycetes","Glomerales","Glomeraceae","uncl_Glomeraceae","uncl_Glomeraceae"
"Fungi","Ascomycota","Sordariomycetes","Sordariales","uncl_Sordariales","uncl_Sordariales","uncl_Sordariales"
"Fungi","Basidiomycota","Agaricomycetes","Agaricales","Agaricaceae","Tulostoma","uncl_Tulostoma"
"Fungi","Ascomycota","Sordariomycetes","Hypocreales","uncl_Hypocreales","uncl_Hypocreales","uncl_Hypocreales"
"Fungi","Ascomycota","Sordariomycetes","Pisorisporiales","Pisorisporiales_fam._incertae_sedis","Brocchiosphaera","Brocchiosphaera_bulbiformis"
"Fungi","Basidiomycota","Agaricomycetes","Geastrales","Geastraceae","Geastrum","uncl_Geastrum"
"Fungi","Ascomycota","uncl_Ascomycota","uncl_Ascomycota","uncl_Ascomycota","uncl_Ascomycota","uncl_Ascomycota"
"Fungi","Ascomycota","Sordariomycetes","uncl_Sordariomycetes","uncl_Sordariomycetes","uncl_Sordariomycetes","uncl_Sordariomycetes"
"Fungi","Basidiomycota","Agaricomycetes","Agaricales","Agaricaceae","uncl_Agaricaceae","uncl_Agaricaceae"
"Fungi","Basidiomycota","Agaricomycetes","Agaricales","Agaricaceae","uncl_Agaricaceae","uncl_Agaricaceae"
"Fungi","Ascomycota","Sordariomycetes","Sordariales","uncl_Sordariales","uncl_Sordariales","uncl_Sordariales"
"Fungi","Ascomycota","Sordariomycetes","uncl_Sordariomycetes","uncl_Sordariomycetes","uncl_Sordariomycetes","uncl_Sordariomycetes"
"Fungi","Basidiomycota","Agaricomycetes","Agaricales","Agaricaceae","uncl_Agaricaceae","uncl_Agaricaceae"
"Fungi","Ascomycota","Dothideomycetes","Pleosporales","uncl_Pleosporales","uncl_Pleosporales","uncl_Pleosporales"
"Fungi","Mucoromycota","Glomeromycetes","Glomerales","Glomeraceae","uncl_Glomeraceae","uncl_Glomeraceae"
"Fungi","Ascomycota","Eurotiomycetes","Chaetothyriales","Herpotrichiellaceae","Cladophialophora","uncl_Cladophialophora"
"Fungi","Ascomycota","uncl_Ascomycota","uncl_Ascomycota","uncl_Ascomycota","uncl_Ascomycota","uncl_Ascomycota"
"Fungi","Basidiomycota","Agaricostilbomycetes","Agaricostilbales","uncl_Agaricostilbales","uncl_Agaricostilbales","uncl_Agaricostilbales"
"Fungi","Mucoromycota","uncl_Mucoromycota","uncl_Mucoromycota","uncl_Mucoromycota","uncl_Mucoromycota","uncl_Mucoromycota"
"Fungi","Mucoromycota","Glomeromycetes","Glomerales","Glomeraceae","uncl_Glomeraceae","uncl_Glomeraceae"
"Fungi","Basidiomycota","Cystobasidiomycetes","Cystobasidiomycetes_ord_Incertae_sedis","Symmetrosporaceae","Symmetrospora","uncl_Symmetrospora"
"Fungi","Ascomycota","Dothideomycetes","Pleosporales","Lophiostomataceae","uncl_Lophiostomataceae","uncl_Lophiostomataceae"
"Fungi","Ascomycota","Dothideomycetes","Pleosporales","Sporormiaceae","Preussia","uncl_Preussia"
"Fungi","Ascomycota","uncl_Ascomycota","uncl_Ascomycota","uncl_Ascomycota","uncl_Ascomycota","uncl_Ascomycota"
"Fungi","Ascomycota","Sordariomycetes","uncl_Sordariomycetes","uncl_Sordariomycetes","uncl_Sordariomycetes","uncl_Sordariomycetes"
"Fungi","Ascomycota","Sordariomycetes","Hypocreales","Nectriaceae","Fusarium","uncl_Fusarium"
"Fungi","Basidiomycota","Agaricomycetes","uncl_Agaricomycetes","uncl_Agaricomycetes","uncl_Agaricomycetes","uncl_Agaricomycetes"
"Fungi","Ascomycota","uncl_Ascomycota","uncl_Ascomycota","uncl_Ascomycota","uncl_Ascomycota","uncl_Ascomycota"
"Fungi","Ascomycota","Dothideomycetes","Pleosporales","uncl_Pleosporales","uncl_Pleosporales","uncl_Pleosporales"
"Fungi","Ascomycota","uncl_Ascomycota","uncl_Ascomycota","uncl_Ascomycota","uncl_Ascomycota","uncl_Ascomycota"
"Fungi","Ascomycota","Sordariomycetes","Trichosphaeriales","Trichosphaeriaceae","Nigrospora","uncl_Nigrospora"
"Fungi","Ascomycota","Sordariomycetes","Hypocreales","Nectriaceae","Fusarium","uncl_Fusarium"
"Fungi","Ascomycota","Dothideomycetes","Pleosporales","uncl_Pleosporales","uncl_Pleosporales","uncl_Pleosporales"
"Fungi","Ascomycota","Dothideomycetes","uncl_Dothideomycetes","uncl_Dothideomycetes","uncl_Dothideomycetes","uncl_Dothideomycetes"
"Fungi","Ascomycota","uncl_Ascomycota","uncl_Ascomycota","uncl_Ascomycota","uncl_Ascomycota","uncl_Ascomycota"
"Fungi","Mucoromycota","uncl_Mucoromycota","uncl_Mucoromycota","uncl_Mucoromycota","uncl_Mucoromycota","uncl_Mucoromycota"
"Fungi","Ascomycota","Sordariomycetes","Glomerellales","Glomerellaceae","Colletotrichum","uncl_Colletotrichum"
"Fungi","Ascomycota","uncl_Ascomycota","uncl_Ascomycota","uncl_Ascomycota","uncl_Ascomycota","uncl_Ascomycota"
"Fungi","Ascomycota","Eurotiomycetes","Chaetothyriales","Herpotrichiellaceae","uncl_Herpotrichiellaceae","uncl_Herpotrichiellaceae"
"Fungi","Basidiomycota","Agaricomycetes","Agaricales","uncl_Agaricales","uncl_Agaricales","uncl_Agaricales"
"Fungi","Ascomycota","Sordariomycetes","uncl_Sordariomycetes","uncl_Sordariomycetes","uncl_Sordariomycetes","uncl_Sordariomycetes"
"Fungi","Mucoromycota","Glomeromycetes","Glomerales","Glomeraceae","uncl_Glomeraceae","uncl_Glomeraceae"
"Fungi","Ascomycota","uncl_Ascomycota","uncl_Ascomycota","uncl_Ascomycota","uncl_Ascomycota","uncl_Ascomycota"
"Fungi","Ascomycota","Eurotiomycetes","Onygenales","uncl_Onygenales","uncl_Onygenales","uncl_Onygenales"
"Fungi","Mucoromycota","Glomeromycetes","uncl_Glomeromycetes","uncl_Glomeromycetes","uncl_Glomeromycetes","uncl_Glomeromycetes"
"Fungi","Ascomycota","uncl_Ascomycota","uncl_Ascomycota","uncl_Ascomycota","uncl_Ascomycota","uncl_Ascomycota"
"Fungi","Ascomycota","Sordariomycetes","Magnaporthales","Magnaporthaceae","uncl_Magnaporthaceae","uncl_Magnaporthaceae"
"Fungi","Ascomycota","Sordariomycetes","Sordariales","Chaetomiaceae","uncl_Chaetomiaceae","uncl_Chaetomiaceae"
"Fungi","Ascomycota","Dothideomycetes","uncl_Dothideomycetes","uncl_Dothideomycetes","uncl_Dothideomycetes","uncl_Dothideomycetes"
"Fungi","Ascomycota","Sordariomycetes","Magnaporthales","Magnaporthaceae","uncl_Magnaporthaceae","uncl_Magnaporthaceae"
"Fungi","Ascomycota","Sordariomycetes","Hypocreales","Bionectriaceae","uncl_Bionectriaceae","uncl_Bionectriaceae"
"Fungi","Ascomycota","Sordariomycetes","Hypocreales","uncl_Hypocreales","uncl_Hypocreales","uncl_Hypocreales"
"Fungi","Mucoromycota","Glomeromycetes","Glomerales","Glomeraceae","Rhizophagus","uncl_Rhizophagus"
"Fungi","Basidiomycota","Agaricomycetes","Cantharellales","Tulasnellaceae","uncl_Tulasnellaceae","uncl_Tulasnellaceae"
"Fungi","Mucoromycota","Glomeromycetes","uncl_Glomeromycetes","uncl_Glomeromycetes","uncl_Glomeromycetes","uncl_Glomeromycetes"
"Fungi","Ascomycota","Dothideomycetes","Pleosporales","Pleosporaceae","uncl_Pleosporaceae","uncl_Pleosporaceae"
"Fungi","Chytridiomycota","Spizellomycetes","Spizellomycetales","uncl_Spizellomycetales","uncl_Spizellomycetales","uncl_Spizellomycetales"
"Fungi","Ascomycota","Dothideomycetes","Pleosporales","Phaeosphaeriaceae","uncl_Phaeosphaeriaceae","uncl_Phaeosphaeriaceae"
"Fungi","Ascomycota","Sordariomycetes","Hypocreales","Hypocreales_fam_Incertae_sedis","uncl_Hypocreales_fam_Incertae_sedis","uncl_Hypocreales_fam_Incertae_sedis"
"Fungi","Mucoromycota","Glomeromycetes","Glomerales","Glomeraceae","uncl_Glomeraceae","uncl_Glomeraceae"
"Fungi","Ascomycota","Dothideomycetes","Tubeufiales","Tubeufiaceae","Tubeufia","Tubeufia_helicomyces"
"Fungi","Ascomycota","uncl_Ascomycota","uncl_Ascomycota","uncl_Ascomycota","uncl_Ascomycota","uncl_Ascomycota"
"Fungi","Ascomycota","Dothideomycetes","Pleosporales","uncl_Pleosporales","uncl_Pleosporales","uncl_Pleosporales"
"Fungi","Ascomycota","Dothideomycetes","Pleosporales","uncl_Pleosporales","uncl_Pleosporales","uncl_Pleosporales"
"Fungi","Ascomycota","Pezizomycetes","Pezizales","uncl_Pezizales","uncl_Pezizales","uncl_Pezizales"
"Fungi","Ascomycota","Dothideomycetes","Pleosporales","Phaeosphaeriaceae","Pseudoophiosphaerella","uncl_Pseudoophiosphaerella"
"Fungi","Ascomycota","Dothideomycetes","Pleosporales","Phaeosphaeriaceae","uncl_Phaeosphaeriaceae","uncl_Phaeosphaeriaceae"
"Fungi","Ascomycota","Sordariomycetes","Sordariales","Chaetomiaceae","uncl_Chaetomiaceae","uncl_Chaetomiaceae"
"Fungi","Ascomycota","Dothideomycetes","Pleosporales","Phaeosphaeriaceae","Pseudoophiosphaerella","uncl_Pseudoophiosphaerella"
"Fungi","Basidiomycota","Agaricomycetes","Agaricales","uncl_Agaricales","uncl_Agaricales","uncl_Agaricales"
"Fungi","Ascomycota","Sordariomycetes","uncl_Sordariomycetes","uncl_Sordariomycetes","uncl_Sordariomycetes","uncl_Sordariomycetes"
"Fungi","Basidiomycota","Exobasidiomycetes","Entylomatales","Entylomataceae","Tilletiopsis","Tilletiopsis_lilacina"
"Fungi","Ascomycota","Dothideomycetes","Pleosporales","Pleosporaceae","uncl_Pleosporaceae","uncl_Pleosporaceae"
"Fungi","Ascomycota","Dothideomycetes","Pleosporales","Phaeosphaeriaceae","uncl_Phaeosphaeriaceae","uncl_Phaeosphaeriaceae"
"Fungi","Mucoromycota","uncl_Mucoromycota","uncl_Mucoromycota","uncl_Mucoromycota","uncl_Mucoromycota","uncl_Mucoromycota"
"Fungi","Ascomycota","Dothideomycetes","Pleosporales","uncl_Pleosporales","uncl_Pleosporales","uncl_Pleosporales"
"Fungi","Mucoromycota","Glomeromycetes","Glomerales","Glomeraceae","Dominikia","uncl_Dominikia"
"Fungi","Ascomycota","Dothideomycetes","uncl_Dothideomycetes","uncl_Dothideomycetes","uncl_Dothideomycetes","uncl_Dothideomycetes"
"Fungi","Ascomycota","Dothideomycetes","Tubeufiales","Tubeufiaceae","uncl_Tubeufiaceae","uncl_Tubeufiaceae"
"Fungi","Ascomycota","Sordariomycetes","Hypocreales","uncl_Hypocreales","uncl_Hypocreales","uncl_Hypocreales"
"Fungi","Ascomycota","uncl_Ascomycota","uncl_Ascomycota","uncl_Ascomycota","uncl_Ascomycota","uncl_Ascomycota"
"Fungi","Ascomycota","Sordariomycetes","Sordariales","uncl_Sordariales","uncl_Sordariales","uncl_Sordariales"
"Fungi","Ascomycota","Dothideomycetes","Pleosporales","Phaeosphaeriaceae","Phaeosphaeria","uncl_Phaeosphaeria"
"Fungi","Ascomycota","Dothideomycetes","Pleosporales","uncl_Pleosporales","uncl_Pleosporales","uncl_Pleosporales"
"Fungi","Ascomycota","uncl_Ascomycota","uncl_Ascomycota","uncl_Ascomycota","uncl_Ascomycota","uncl_Ascomycota"
"Fungi","Mucoromycota","uncl_Mucoromycota","uncl_Mucoromycota","uncl_Mucoromycota","uncl_Mucoromycota","uncl_Mucoromycota"
"Fungi","Mucoromycota","Glomeromycetes","Glomerales","Glomeraceae","uncl_Glomeraceae","uncl_Glomeraceae"
"Fungi","Mucoromycota","Glomeromycetes","Glomerales","Glomeraceae","uncl_Glomeraceae","uncl_Glomeraceae"
"Fungi","Ascomycota","Sordariomycetes","Hypocreales","Stachybotryaceae","uncl_Stachybotryaceae","uncl_Stachybotryaceae"
"Fungi","Ascomycota","Dothideomycetes","Pleosporales","uncl_Pleosporales","uncl_Pleosporales","uncl_Pleosporales"
"Fungi","Basidiomycota","Agaricomycetes","Agaricales","Psathyrellaceae","Psathyrella","uncl_Psathyrella"
"Fungi","Ascomycota","uncl_Ascomycota","uncl_Ascomycota","uncl_Ascomycota","uncl_Ascomycota","uncl_Ascomycota"
"Fungi","Ascomycota","Sordariomycetes","Pisorisporiales","uncl_Pisorisporiales","uncl_Pisorisporiales","uncl_Pisorisporiales"
"Fungi","Basidiomycota","Agaricomycetes","Sebacinales","Serendipitaceae","uncl_Serendipitaceae","uncl_Serendipitaceae"
"Fungi","Basidiomycota","Agaricomycetes","Cantharellales","Tulasnellaceae","Tulasnella","uncl_Tulasnella"
"Fungi","Basidiomycota","Agaricomycetes","Agaricales","uncl_Agaricales","uncl_Agaricales","uncl_Agaricales"
"Fungi","Ascomycota","Orbiliomycetes","Orbiliales","Orbiliaceae","Orbilia","Orbilia_beltraniae"
"Fungi","Basidiomycota","Agaricomycetes","Agaricales","Marasmiaceae","Crinipellis","uncl_Crinipellis"
"Fungi","Basidiomycota","Agaricomycetes","Agaricomycetes_ord_Incertae_sedis","Xenasmataceae","Xenasmatella","uncl_Xenasmatella"
"Fungi","Mucoromycota","Glomeromycetes","Glomerales","Glomeraceae","uncl_Glomeraceae","uncl_Glomeraceae"
"Fungi","Ascomycota","Eurotiomycetes","Chaetothyriales","uncl_Chaetothyriales","uncl_Chaetothyriales","uncl_Chaetothyriales"
"Fungi","Ascomycota","Sordariomycetes","Hypocreales","uncl_Hypocreales","uncl_Hypocreales","uncl_Hypocreales"
"Fungi","Ascomycota","uncl_Ascomycota","uncl_Ascomycota","uncl_Ascomycota","uncl_Ascomycota","uncl_Ascomycota"
"Fungi","Basidiomycota","Agaricomycetes","Agaricales","Psathyrellaceae","Psathyrella","uncl_Psathyrella"
"Fungi","Ascomycota","Orbiliomycetes","Orbiliales","Orbiliaceae","uncl_Orbiliaceae","uncl_Orbiliaceae"
"Fungi","Ascomycota","uncl_Ascomycota","uncl_Ascomycota","uncl_Ascomycota","uncl_Ascomycota","uncl_Ascomycota"
"Fungi","Ascomycota","uncl_Ascomycota","uncl_Ascomycota","uncl_Ascomycota","uncl_Ascomycota","uncl_Ascomycota"
"Fungi","Ascomycota","uncl_Ascomycota","uncl_Ascomycota","uncl_Ascomycota","uncl_Ascomycota","uncl_Ascomycota"
"Fungi","Mucoromycota","Glomeromycetes","Glomerales","Glomeraceae","uncl_Glomeraceae","uncl_Glomeraceae"
"Fungi","Ascomycota","uncl_Ascomycota","uncl_Ascomycota","uncl_Ascomycota","uncl_Ascomycota","uncl_Ascomycota"
"Fungi","Ascomycota","Dothideomycetes","Pleosporales","uncl_Pleosporales","uncl_Pleosporales","uncl_Pleosporales"
"Fungi","Basidiomycota","Agaricomycetes","Agaricales","Pluteaceae","Pluteus","uncl_Pluteus"
"Fungi","Ascomycota","Sordariomycetes","Hypocreales","Stachybotryaceae","uncl_Stachybotryaceae","uncl_Stachybotryaceae"
"Fungi","Ascomycota","uncl_Ascomycota","uncl_Ascomycota","uncl_Ascomycota","uncl_Ascomycota","uncl_Ascomycota"
"Fungi","Basidiomycota","Agaricomycetes","Cantharellales","Tulasnellaceae","Tulasnella","uncl_Tulasnella"
"Fungi","Ascomycota","Dothideomycetes","uncl_Dothideomycetes","uncl_Dothideomycetes","uncl_Dothideomycetes","uncl_Dothideomycetes"
"Fungi","Basidiomycota","Agaricomycetes","uncl_Agaricomycetes","uncl_Agaricomycetes","uncl_Agaricomycetes","uncl_Agaricomycetes"
"Fungi","Ascomycota","uncl_Ascomycota","uncl_Ascomycota","uncl_Ascomycota","uncl_Ascomycota","uncl_Ascomycota"
"Fungi","Mucoromycota","uncl_Mucoromycota","uncl_Mucoromycota","uncl_Mucoromycota","uncl_Mucoromycota","uncl_Mucoromycota"
"Fungi","Mucoromycota","Glomeromycetes","Glomerales","Glomeraceae","uncl_Glomeraceae","uncl_Glomeraceae"
"Fungi","Basidiomycota","Agaricomycetes","Agaricales","uncl_Agaricales","uncl_Agaricales","uncl_Agaricales"
"Fungi","Basidiomycota","Agaricomycetes","Agaricales","uncl_Agaricales","uncl_Agaricales","uncl_Agaricales"
"Fungi","Ascomycota","Dothideomycetes","Venturiales","Venturiaceae","uncl_Venturiaceae","uncl_Venturiaceae"
"Fungi","Ascomycota","Dothideomycetes","Pleosporales","uncl_Pleosporales","uncl_Pleosporales","uncl_Pleosporales"
"Fungi","Ascomycota","Sordariomycetes","Coniochaetales","uncl_Coniochaetales","uncl_Coniochaetales","uncl_Coniochaetales"
"Fungi","Ascomycota","Orbiliomycetes","Orbiliales","uncl_Orbiliales","uncl_Orbiliales","uncl_Orbiliales"
"Fungi","Ascomycota","Sordariomycetes","Sordariales","Lasiosphaeriaceae","uncl_Lasiosphaeriaceae","uncl_Lasiosphaeriaceae"
"Fungi","Basidiomycota","Agaricomycetes","Agaricales","uncl_Agaricales","uncl_Agaricales","uncl_Agaricales"
"Fungi","Basidiomycota","uncl_Basidiomycota","uncl_Basidiomycota","uncl_Basidiomycota","uncl_Basidiomycota","uncl_Basidiomycota"
"Fungi","Ascomycota","Sordariomycetes","uncl_Sordariomycetes","uncl_Sordariomycetes","uncl_Sordariomycetes","uncl_Sordariomycetes"
"Fungi","Basidiomycota","Agaricomycetes","Cantharellales","Tulasnellaceae","Tulasnella","uncl_Tulasnella"
"Fungi","Ascomycota","Sordariomycetes","uncl_Sordariomycetes","uncl_Sordariomycetes","uncl_Sordariomycetes","uncl_Sordariomycetes"
"Fungi","Mucoromycota","Archaeosporomycetes","Archaeosporales","Ambisporaceae","uncl_Ambisporaceae","uncl_Ambisporaceae"
"Fungi","Ascomycota","Sordariomycetes","Sordariales","uncl_Sordariales","uncl_Sordariales","uncl_Sordariales"
"Fungi","Ascomycota","Sordariomycetes","Sordariales","uncl_Sordariales","uncl_Sordariales","uncl_Sordariales"
"Fungi","Mucoromycota","Glomeromycetes","Glomerales","Glomeraceae","uncl_Glomeraceae","uncl_Glomeraceae"
"Fungi","Ascomycota","Sordariomycetes","Sordariales","uncl_Sordariales","uncl_Sordariales","uncl_Sordariales"
"Fungi","Ascomycota","Orbiliomycetes","Orbiliales","Orbiliaceae","uncl_Orbiliaceae","uncl_Orbiliaceae"
"Fungi","Basidiomycota","Agaricomycetes","uncl_Agaricomycetes","uncl_Agaricomycetes","uncl_Agaricomycetes","uncl_Agaricomycetes"
"Fungi","Basidiomycota","Agaricomycetes","Agaricales","Pluteaceae","uncl_Pluteaceae","uncl_Pluteaceae"
"Fungi","Basidiomycota","Agaricomycetes","Sebacinales","Serendipitaceae","Serendipita","uncl_Serendipita"
"Fungi","Ascomycota","Dothideomycetes","uncl_Dothideomycetes","uncl_Dothideomycetes","uncl_Dothideomycetes","uncl_Dothideomycetes"
"Fungi","Cryptomycota","uncl_Cryptomycota","uncl_Cryptomycota","uncl_Cryptomycota","uncl_Cryptomycota","uncl_Cryptomycota"
"Fungi","Basidiomycota","uncl_Basidiomycota","uncl_Basidiomycota","uncl_Basidiomycota","uncl_Basidiomycota","uncl_Basidiomycota"
"Fungi","Ascomycota","uncl_Ascomycota","uncl_Ascomycota","uncl_Ascomycota","uncl_Ascomycota","uncl_Ascomycota"
"Fungi","Basidiomycota","Ustilaginomycetes","Ustilaginales","Ustilaginaceae","uncl_Ustilaginaceae","uncl_Ustilaginaceae"
"Fungi","Ascomycota","uncl_Ascomycota","uncl_Ascomycota","uncl_Ascomycota","uncl_Ascomycota","uncl_Ascomycota"
"Fungi","Ascomycota","Dothideomycetes","Acrospermales","Acrospermaceae","Acrospermum","uncl_Acrospermum"
"Fungi","Basidiomycota","Agaricomycetes","uncl_Agaricomycetes","uncl_Agaricomycetes","uncl_Agaricomycetes","uncl_Agaricomycetes"
"Fungi","Ascomycota","Sordariomycetes","Trichosphaeriales","Trichosphaeriaceae","Nigrospora","uncl_Nigrospora"
"Fungi","Ascomycota","Eurotiomycetes","uncl_Eurotiomycetes","uncl_Eurotiomycetes","uncl_Eurotiomycetes","uncl_Eurotiomycetes"
"Fungi","Basidiomycota","Agaricomycetes","Cantharellales","Tulasnellaceae","Tulasnella","uncl_Tulasnella"
"Fungi","Ascomycota","Dothideomycetes","uncl_Dothideomycetes","uncl_Dothideomycetes","uncl_Dothideomycetes","uncl_Dothideomycetes"
"Fungi","Zoopagomycota","Ramicandelaberomycetes","Ramicandelaberales","Ramicandelaberaceae","Ramicandelaber","uncl_Ramicandelaber"
"Fungi","Ascomycota","Dothideomycetes","Capnodiales","Neodevriesiaceae","Neodevriesia","uncl_Neodevriesia"
"Fungi","Basidiomycota","Agaricomycetes","Agaricales","Psathyrellaceae","Coprinopsis","uncl_Coprinopsis"
"Fungi","Ascomycota","uncl_Ascomycota","uncl_Ascomycota","uncl_Ascomycota","uncl_Ascomycota","uncl_Ascomycota"
"Fungi","Ascomycota","Eurotiomycetes","Chaetothyriales","uncl_Chaetothyriales","uncl_Chaetothyriales","uncl_Chaetothyriales"
"Fungi","Ascomycota","Sordariomycetes","uncl_Sordariomycetes","uncl_Sordariomycetes","uncl_Sordariomycetes","uncl_Sordariomycetes"
"Fungi","Basidiomycota","Agaricomycetes","Agaricales","Bolbitiaceae","uncl_Bolbitiaceae","uncl_Bolbitiaceae"
"Fungi","Ascomycota","uncl_Ascomycota","uncl_Ascomycota","uncl_Ascomycota","uncl_Ascomycota","uncl_Ascomycota"
"Fungi","Ascomycota","uncl_Ascomycota","uncl_Ascomycota","uncl_Ascomycota","uncl_Ascomycota","uncl_Ascomycota"
"Fungi","Mucoromycota","Glomeromycetes","Glomerales","Glomeraceae","Dominikia","uncl_Dominikia"
"Fungi","Ascomycota","Sordariomycetes","Xylariales","Xylariaceae","uncl_Xylariaceae","uncl_Xylariaceae"
"Fungi","Ascomycota","Dothideomycetes","uncl_Dothideomycetes","uncl_Dothideomycetes","uncl_Dothideomycetes","uncl_Dothideomycetes"
"Fungi","Chytridiomycota","Spizellomycetes","Spizellomycetales","uncl_Spizellomycetales","uncl_Spizellomycetales","uncl_Spizellomycetales"
"Fungi","Ascomycota","Sordariomycetes","Xylariales","uncl_Xylariales","uncl_Xylariales","uncl_Xylariales"
"Fungi","Ascomycota","uncl_Ascomycota","uncl_Ascomycota","uncl_Ascomycota","uncl_Ascomycota","uncl_Ascomycota"
"Fungi","Ascomycota","uncl_Ascomycota","uncl_Ascomycota","uncl_Ascomycota","uncl_Ascomycota","uncl_Ascomycota"
"Fungi","Ascomycota","Eurotiomycetes","Chaetothyriales","uncl_Chaetothyriales","uncl_Chaetothyriales","uncl_Chaetothyriales"
"Fungi","Mucoromycota","Mortierellomycetes","Mortierellales","Mortierellaceae","Mortierella","uncl_Mortierella"
"Fungi","Basidiomycota","Agaricomycetes","Trechisporales","uncl_Trechisporales","uncl_Trechisporales","uncl_Trechisporales"
"Fungi","Ascomycota","Eurotiomycetes","Chaetothyriales","Herpotrichiellaceae","uncl_Herpotrichiellaceae","uncl_Herpotrichiellaceae"
"Fungi","Ascomycota","Sordariomycetes","Magnaporthales","Ophioceraceae","Ophioceras","uncl_Ophioceras"
"Fungi","Ascomycota","Dothideomycetes","Capnodiales","Dissoconiaceae","Ramichloridium","Ramichloridium_eucleae"
"Fungi","Ascomycota","Sordariomycetes","Magnaporthales","Magnaporthaceae","Magnaporthiopsis","uncl_Magnaporthiopsis"
"Fungi","Ascomycota","Sordariomycetes","Hypocreales","uncl_Hypocreales","uncl_Hypocreales","uncl_Hypocreales"
"Fungi","Mucoromycota","Glomeromycetes","Glomerales","Glomeraceae","uncl_Glomeraceae","uncl_Glomeraceae"
"Fungi","Ascomycota","Sordariomycetes","uncl_Sordariomycetes","uncl_Sordariomycetes","uncl_Sordariomycetes","uncl_Sordariomycetes"
"Fungi","Mucoromycota","Glomeromycetes","Glomerales","Glomeraceae","Dominikia","uncl_Dominikia"
"Fungi","Basidiomycota","Agaricomycetes","Cantharellales","Ceratobasidiaceae","Rhizoctonia","uncl_Rhizoctonia"
"Fungi","Mucoromycota","uncl_Mucoromycota","uncl_Mucoromycota","uncl_Mucoromycota","uncl_Mucoromycota","uncl_Mucoromycota"
"Fungi","Ascomycota","Sordariomycetes","Hypocreales","uncl_Hypocreales","uncl_Hypocreales","uncl_Hypocreales"
"Fungi","Ascomycota","Sordariomycetes","Xylariales","Xylariales_fam_Incertae_sedis","Fusidium","uncl_Fusidium"
"Fungi","Ascomycota","Eurotiomycetes","Onygenales","uncl_Onygenales","uncl_Onygenales","uncl_Onygenales"
"Fungi","Ascomycota","uncl_Ascomycota","uncl_Ascomycota","uncl_Ascomycota","uncl_Ascomycota","uncl_Ascomycota"
"Fungi","Ascomycota","Dothideomycetes","Capnodiales","Neodevriesiaceae","uncl_Neodevriesiaceae","uncl_Neodevriesiaceae"
"Fungi","Ascomycota","Dothideomycetes","Capnodiales","Capnodiales_fam_Incertae_sedis","Microcyclospora","uncl_Microcyclospora"
"Fungi","Ascomycota","Eurotiomycetes","Chaetothyriales","uncl_Chaetothyriales","uncl_Chaetothyriales","uncl_Chaetothyriales"
"Fungi","Basidiomycota","Agaricomycetes","Auriculariales","uncl_Auriculariales","uncl_Auriculariales","uncl_Auriculariales"
"Fungi","Ascomycota","Dothideomycetes","Capnodiales","Cladosporiaceae","Cladosporium","Cladosporium_alternicoloratum"
"Fungi","Ascomycota","uncl_Ascomycota","uncl_Ascomycota","uncl_Ascomycota","uncl_Ascomycota","uncl_Ascomycota"
"Fungi","Ascomycota","Sordariomycetes","uncl_Sordariomycetes","uncl_Sordariomycetes","uncl_Sordariomycetes","uncl_Sordariomycetes"
"Fungi","Ascomycota","Dothideomycetes","Mycosphaerellales","Teratosphaeriaceae","Xenopenidiella","uncl_Xenopenidiella"
"Fungi","Ascomycota","Dothideomycetes","Mycosphaerellales","Teratosphaeriaceae","Xenopenidiella","uncl_Xenopenidiella"
"Fungi","Basidiomycota","Ustilaginomycetes","Ustilaginales","Ustilaginaceae","Anthracocystis","uncl_Anthracocystis"
"Fungi","Ascomycota","Sordariomycetes","uncl_Sordariomycetes","uncl_Sordariomycetes","uncl_Sordariomycetes","uncl_Sordariomycetes"
"Fungi","Ascomycota","Dothideomycetes","Pleosporales","Pleosporales_fam_Incertae_sedis","uncl_Pleosporales_fam_Incertae_sedis","uncl_Pleosporales_fam_Incertae_sedis"
"Fungi","Ascomycota","Leotiomycetes","Helotiales","uncl_Helotiales","uncl_Helotiales","uncl_Helotiales"
"Fungi","Chytridiomycota","Rhizophydiomycetes","Rhizophydiales","uncl_Rhizophydiales","uncl_Rhizophydiales","uncl_Rhizophydiales"
"Fungi","Ascomycota","uncl_Ascomycota","uncl_Ascomycota","uncl_Ascomycota","uncl_Ascomycota","uncl_Ascomycota"
"Fungi","Ascomycota","Dothideomycetes","uncl_Dothideomycetes","uncl_Dothideomycetes","uncl_Dothideomycetes","uncl_Dothideomycetes"
"Fungi","Ascomycota","Dothideomycetes","Mycosphaerellales","Teratosphaeriaceae","Catenulostroma","uncl_Catenulostroma"
"Fungi","Ascomycota","Dothideomycetes","Capnodiales","uncl_Capnodiales","uncl_Capnodiales","uncl_Capnodiales"
"Fungi","Ascomycota","Sordariomycetes","Hypocreales","Stachybotryaceae","uncl_Stachybotryaceae","uncl_Stachybotryaceae"
"Fungi","Ascomycota","Leotiomycetes","uncl_Leotiomycetes","uncl_Leotiomycetes","uncl_Leotiomycetes","uncl_Leotiomycetes"
"Fungi","Ascomycota","Sordariomycetes","Hypocreales","Clavicipitaceae","uncl_Clavicipitaceae","uncl_Clavicipitaceae"
"Fungi","Chytridiomycota","Rhizophydiomycetes","Rhizophydiales","uncl_Rhizophydiales","uncl_Rhizophydiales","uncl_Rhizophydiales"
"Fungi","Ascomycota","uncl_Ascomycota","uncl_Ascomycota","uncl_Ascomycota","uncl_Ascomycota","uncl_Ascomycota"
"Fungi","Ascomycota","Dothideomycetes","Pleosporales","uncl_Pleosporales","uncl_Pleosporales","uncl_Pleosporales"
"Fungi","Basidiomycota","Agaricomycetes","Thelephorales","Thelephoraceae","uncl_Thelephoraceae","uncl_Thelephoraceae"
"Fungi","Basidiomycota","Agaricomycetes","Cantharellales","uncl_Cantharellales","uncl_Cantharellales","uncl_Cantharellales"
"Fungi","Basidiomycota","Microbotryomycetes","uncl_Microbotryomycetes","uncl_Microbotryomycetes","uncl_Microbotryomycetes","uncl_Microbotryomycetes"
"Fungi","Basidiomycota","Ustilaginomycetes","Ustilaginales","Ustilaginaceae","Langdonia","Langdonia_jejuensis"
"Fungi","Ascomycota","uncl_Ascomycota","uncl_Ascomycota","uncl_Ascomycota","uncl_Ascomycota","uncl_Ascomycota"
"Fungi","Basidiomycota","uncl_Basidiomycota","uncl_Basidiomycota","uncl_Basidiomycota","uncl_Basidiomycota","uncl_Basidiomycota"
"Fungi","Ascomycota","Sordariomycetes","Magnaporthales","uncl_Magnaporthales","uncl_Magnaporthales","uncl_Magnaporthales"
"Fungi","Ascomycota","Sordariomycetes","uncl_Sordariomycetes","uncl_Sordariomycetes","uncl_Sordariomycetes","uncl_Sordariomycetes"
"Fungi","Basidiomycota","Agaricomycetes","Agaricales","Bolbitiaceae","Conocybe","uncl_Conocybe"
"Fungi","Ascomycota","Sordariomycetes","uncl_Sordariomycetes","uncl_Sordariomycetes","uncl_Sordariomycetes","uncl_Sordariomycetes"
"Fungi","Basidiomycota","Agaricomycetes","Geastrales","Geastraceae","Geastrum","uncl_Geastrum"
"Fungi","Ascomycota","Dothideomycetes","Pleosporales","uncl_Pleosporales","uncl_Pleosporales","uncl_Pleosporales"
"Fungi","Ascomycota","Sordariomycetes","Xylariales","Xylariaceae","uncl_Xylariaceae","uncl_Xylariaceae"
"Fungi","Basidiomycota","Agaricomycetes","Geastrales","Geastraceae","Geastrum","uncl_Geastrum"
"Fungi","Basidiomycota","Agaricomycetes","Phallales","Phallaceae","Phallus","Phallus_hadriani"
"Fungi","Basidiomycota","Agaricomycetes","Agaricales","uncl_Agaricales","uncl_Agaricales","uncl_Agaricales"
"Fungi","Mucoromycota","Glomeromycetes","Glomerales","Glomeraceae","uncl_Glomeraceae","uncl_Glomeraceae"
"Fungi","Ascomycota","Sordariomycetes","Sordariales","uncl_Sordariales","uncl_Sordariales","uncl_Sordariales"
"Fungi","Ascomycota","Sordariomycetes","Hypocreales","Nectriaceae","uncl_Nectriaceae","uncl_Nectriaceae"
"Fungi","Basidiomycota","Tremellomycetes","Tremellales","Cuniculitremaceae","Kockovaella","uncl_Kockovaella"
"Fungi","Ascomycota","Sordariomycetes","Sordariales","uncl_Sordariales","uncl_Sordariales","uncl_Sordariales"
"Fungi","Ascomycota","Sordariomycetes","Sordariomycetes_ord_Incertae_sedis","uncl_Sordariomycetes_ord_Incertae_sedis","uncl_Sordariomycetes_ord_Incertae_sedis","uncl_Sordariomycetes_ord_Incertae_sedis"
"Fungi","Basidiomycota","Agaricomycetes","Agaricales","Lycoperdaceae","Bovista","uncl_Bovista"
"Fungi","Basidiomycota","Agaricomycetes","Auriculariales","Auriculariaceae","uncl_Auriculariaceae","uncl_Auriculariaceae"
"Fungi","Ascomycota","Sordariomycetes","Xylariales","Apiosporaceae","uncl_Apiosporaceae","uncl_Apiosporaceae"
"Fungi","Mucoromycota","Glomeromycetes","Glomerales","Glomeraceae","Nanoglomus","uncl_Nanoglomus"
"Fungi","Mucoromycota","Glomeromycetes","Glomerales","uncl_Glomerales","uncl_Glomerales","uncl_Glomerales"
"Fungi","Ascomycota","Eurotiomycetes","Chaetothyriales","Herpotrichiellaceae","uncl_Herpotrichiellaceae","uncl_Herpotrichiellaceae"
"Fungi","Ascomycota","Sordariomycetes","Xylariales","Amphisphaeriaceae","Microdochium","Microdochium_neoqueenslandicum"
"Fungi","Mucoromycota","Glomeromycetes","Glomerales","Glomeraceae","Nanoglomus","uncl_Nanoglomus"
"Fungi","Ascomycota","Sordariomycetes","uncl_Sordariomycetes","uncl_Sordariomycetes","uncl_Sordariomycetes","uncl_Sordariomycetes"
"Fungi","Ascomycota","Sordariomycetes","Sordariales","uncl_Sordariales","uncl_Sordariales","uncl_Sordariales"
"Fungi","Ascomycota","Sordariomycetes","Microascales","Halosphaeriaceae","uncl_Halosphaeriaceae","uncl_Halosphaeriaceae"
"Fungi","Mucoromycota","Glomeromycetes","Glomerales","uncl_Glomerales","uncl_Glomerales","uncl_Glomerales"
"Fungi","Basidiomycota","Agaricomycetes","Cantharellales","Ceratobasidiaceae","uncl_Ceratobasidiaceae","uncl_Ceratobasidiaceae"
"Fungi","Mucoromycota","Glomeromycetes","Glomerales","Glomeraceae","Kamienskia","uncl_Kamienskia"
"Fungi","Basidiomycota","Agaricomycetes","Auriculariales","uncl_Auriculariales","uncl_Auriculariales","uncl_Auriculariales"
"Fungi","Ascomycota","Sordariomycetes","uncl_Sordariomycetes","uncl_Sordariomycetes","uncl_Sordariomycetes","uncl_Sordariomycetes"
"Fungi","Basidiomycota","Agaricomycetes","Auriculariales","Oliveoniaceae","uncl_Oliveoniaceae","uncl_Oliveoniaceae"
"Fungi","Ascomycota","Eurotiomycetes","Chaetothyriales","uncl_Chaetothyriales","uncl_Chaetothyriales","uncl_Chaetothyriales"
"Fungi","Mucoromycota","Glomeromycetes","Glomerales","Glomeraceae","Rhizophagus","uncl_Rhizophagus"
"Fungi","Ascomycota","Pezizomycotina_cls_Incertae_sedis","uncl_Pezizomycotina_cls_Incertae_sedis","uncl_Pezizomycotina_cls_Incertae_sedis","uncl_Pezizomycotina_cls_Incertae_sedis","uncl_Pezizomycotina_cls_Incertae_sedis"
"Fungi","Basidiomycota","Tremellomycetes","Tremellales","Bulleraceae","Fonsecazyma","Fonsecazyma_mujuensis"
"Fungi","Mucoromycota","Mortierellomycetes","Mortierellales","Mortierellaceae","uncl_Mortierellaceae","uncl_Mortierellaceae"
"Fungi","Ascomycota","Sordariomycetes","Sordariales","uncl_Sordariales","uncl_Sordariales","uncl_Sordariales"
"Fungi","Basidiomycota","Agaricomycetes","Agaricales","Tricholomataceae","Cruentomycena","uncl_Cruentomycena"
"Fungi","Ascomycota","Dothideomycetes","Pleosporales","uncl_Pleosporales","uncl_Pleosporales","uncl_Pleosporales"
"Fungi","Basidiomycota","Agaricomycetes","Agaricales","Agaricaceae","Agaricus","uncl_Agaricus"
"Fungi","Mucoromycota","Glomeromycetes","Glomerales","Glomeraceae","uncl_Glomeraceae","uncl_Glomeraceae"
"Fungi","Basidiomycota","Agaricomycetes","Polyporales","Polyporaceae","uncl_Polyporaceae","uncl_Polyporaceae"
"Fungi","Basidiomycota","Agaricomycetes","Russulales","Lachnocladiaceae","Vararia","uncl_Vararia"
"Fungi","Ascomycota","Eurotiomycetes","Chaetothyriales","uncl_Chaetothyriales","uncl_Chaetothyriales","uncl_Chaetothyriales"
"Fungi","Ascomycota","Sordariomycetes","Sordariales","uncl_Sordariales","uncl_Sordariales","uncl_Sordariales"
"Fungi","Ascomycota","Eurotiomycetes","Eurotiales","Aspergillaceae","Aspergillus","uncl_Aspergillus"
"Fungi","Ascomycota","Eurotiomycetes","uncl_Eurotiomycetes","uncl_Eurotiomycetes","uncl_Eurotiomycetes","uncl_Eurotiomycetes"
"Fungi","Basidiomycota","Agaricomycetes","Cantharellales","Ceratobasidiaceae","Ceratobasidium","uncl_Ceratobasidium"
"Fungi","Ascomycota","uncl_Ascomycota","uncl_Ascomycota","uncl_Ascomycota","uncl_Ascomycota","uncl_Ascomycota"
"Fungi","Ascomycota","Dothideomycetes","uncl_Dothideomycetes","uncl_Dothideomycetes","uncl_Dothideomycetes","uncl_Dothideomycetes"
"Fungi","Ascomycota","Dothideomycetes","Pleosporales","Periconiaceae","Periconia","uncl_Periconia"
"Fungi","Ascomycota","uncl_Ascomycota","uncl_Ascomycota","uncl_Ascomycota","uncl_Ascomycota","uncl_Ascomycota"
"Fungi","Ascomycota","Sordariomycetes","uncl_Sordariomycetes","uncl_Sordariomycetes","uncl_Sordariomycetes","uncl_Sordariomycetes"
"Fungi","Basidiomycota","Agaricomycetes","Agaricales","Entolomataceae","Entoloma","uncl_Entoloma"
"Fungi","Mucoromycota","Glomeromycetes","Glomerales","Glomeraceae","uncl_Glomeraceae","uncl_Glomeraceae"
"Fungi","Basidiomycota","Agaricomycetes","Corticiales","uncl_Corticiales","uncl_Corticiales","uncl_Corticiales"
"Fungi","Basidiomycota","Agaricomycetes","Sebacinales","Serendipitaceae","uncl_Serendipitaceae","uncl_Serendipitaceae"
"Fungi","Ascomycota","Sordariomycetes","Distoseptisporales","Distoseptisporaceae","Distoseptispora","uncl_Distoseptispora"
"Fungi","Basidiomycota","Agaricomycetes","Sebacinales","Serendipitaceae","uncl_Serendipitaceae","uncl_Serendipitaceae"
"Fungi","Ascomycota","Eurotiomycetes","Chaetothyriales","uncl_Chaetothyriales","uncl_Chaetothyriales","uncl_Chaetothyriales"
"Fungi","Ascomycota","Sordariomycetes","uncl_Sordariomycetes","uncl_Sordariomycetes","uncl_Sordariomycetes","uncl_Sordariomycetes"
"Fungi","Basidiomycota","Agaricomycetes","Agaricales","Marasmiaceae","uncl_Marasmiaceae","uncl_Marasmiaceae"
"Fungi","Ascomycota","Orbiliomycetes","Orbiliales","Orbiliaceae","uncl_Orbiliaceae","uncl_Orbiliaceae"
"Fungi","Basidiomycota","Agaricomycetes","Sebacinales","Serendipitaceae","uncl_Serendipitaceae","uncl_Serendipitaceae"
"Fungi","Ascomycota","Orbiliomycetes","Orbiliales","Orbiliaceae","uncl_Orbiliaceae","uncl_Orbiliaceae"
"Fungi","Basidiomycota","Agaricomycetes","uncl_Agaricomycetes","uncl_Agaricomycetes","uncl_Agaricomycetes","uncl_Agaricomycetes"
"Fungi","Basidiomycota","Agaricomycetes","Sebacinales","uncl_Sebacinales","uncl_Sebacinales","uncl_Sebacinales"
"Fungi","Ascomycota","uncl_Ascomycota","uncl_Ascomycota","uncl_Ascomycota","uncl_Ascomycota","uncl_Ascomycota"
"Fungi","Ascomycota","uncl_Ascomycota","uncl_Ascomycota","uncl_Ascomycota","uncl_Ascomycota","uncl_Ascomycota"
"Fungi","Ascomycota","Sordariomycetes","Microascales","Halosphaeriaceae","uncl_Halosphaeriaceae","uncl_Halosphaeriaceae"
"Fungi","Ascomycota","Dothideomycetes","uncl_Dothideomycetes","uncl_Dothideomycetes","uncl_Dothideomycetes","uncl_Dothideomycetes"
"Fungi","Ascomycota","Sordariomycetes","Branch06","uncl_Branch06","uncl_Branch06","uncl_Branch06"
"Fungi","Basidiomycota","Agaricomycetes","Agaricales","uncl_Agaricales","uncl_Agaricales","uncl_Agaricales"
"Fungi","Basidiomycota","Agaricomycetes","Geastrales","uncl_Geastrales","uncl_Geastrales","uncl_Geastrales"
"Fungi","Basidiomycota","Agaricomycetes","Sebacinales","Serendipitaceae","uncl_Serendipitaceae","uncl_Serendipitaceae"
"Fungi","Ascomycota","Sordariomycetes","Trichosphaeriales","Trichosphaeriaceae","Nigrospora","uncl_Nigrospora"
"Fungi","Basidiomycota","Agaricomycetes","uncl_Agaricomycetes","uncl_Agaricomycetes","uncl_Agaricomycetes","uncl_Agaricomycetes"
"Fungi","Ascomycota","uncl_Ascomycota","uncl_Ascomycota","uncl_Ascomycota","uncl_Ascomycota","uncl_Ascomycota"
"Fungi","Ascomycota","Sordariomycetes","uncl_Sordariomycetes","uncl_Sordariomycetes","uncl_Sordariomycetes","uncl_Sordariomycetes"
"Fungi","Ascomycota","Dothideomycetes","Botryosphaeriales","uncl_Botryosphaeriales","uncl_Botryosphaeriales","uncl_Botryosphaeriales"
"Fungi","Ascomycota","Sordariomycetes","Hypocreales","uncl_Hypocreales","uncl_Hypocreales","uncl_Hypocreales"
"Fungi","Ascomycota","Dothideomycetes","Pleosporales","uncl_Pleosporales","uncl_Pleosporales","uncl_Pleosporales"
"Fungi","Ascomycota","Sordariomycetes","Hypocreales","Clavicipitaceae","Metacordyceps","uncl_Metacordyceps"
"Fungi","Ascomycota","Dothideomycetes","uncl_Dothideomycetes","uncl_Dothideomycetes","uncl_Dothideomycetes","uncl_Dothideomycetes"
"Fungi","Ascomycota","Sordariomycetes","Pisorisporiales","uncl_Pisorisporiales","uncl_Pisorisporiales","uncl_Pisorisporiales"
"Fungi","Mucoromycota","Glomeromycetes","Glomerales","Glomeraceae","uncl_Glomeraceae","uncl_Glomeraceae"
"Fungi","Basidiomycota","Agaricomycetes","Agaricales","uncl_Agaricales","uncl_Agaricales","uncl_Agaricales"
"Fungi","Zoopagomycota","Ramicandelaberomycetes","Ramicandelaberales","Ramicandelaberaceae","Ramicandelaber","uncl_Ramicandelaber"
"Fungi","Ascomycota","Sordariomycetes","Xylariales","uncl_Xylariales","uncl_Xylariales","uncl_Xylariales"
"Fungi","Ascomycota","Dothideomycetes","Botryosphaeriales","uncl_Botryosphaeriales","uncl_Botryosphaeriales","uncl_Botryosphaeriales"
"Fungi","Ascomycota","uncl_Ascomycota","uncl_Ascomycota","uncl_Ascomycota","uncl_Ascomycota","uncl_Ascomycota"
"Fungi","Mucoromycota","uncl_Mucoromycota","uncl_Mucoromycota","uncl_Mucoromycota","uncl_Mucoromycota","uncl_Mucoromycota"
"Fungi","Chytridiomycota","Spizellomycetes","Spizellomycetales","uncl_Spizellomycetales","uncl_Spizellomycetales","uncl_Spizellomycetales"
"Fungi","Ascomycota","Sordariomycetes","Hypocreales","uncl_Hypocreales","uncl_Hypocreales","uncl_Hypocreales"
"Fungi","Ascomycota","Eurotiomycetes","Chaetothyriales","Herpotrichiellaceae","Cladophialophora","uncl_Cladophialophora"
"Fungi","Ascomycota","uncl_Ascomycota","uncl_Ascomycota","uncl_Ascomycota","uncl_Ascomycota","uncl_Ascomycota"
"Fungi","Ascomycota","Geoglossomycetes","Geoglossales","uncl_Geoglossales","uncl_Geoglossales","uncl_Geoglossales"
"Fungi","Ascomycota","Eurotiomycetes","Chaetothyriales","uncl_Chaetothyriales","uncl_Chaetothyriales","uncl_Chaetothyriales"
"Fungi","Ascomycota","Dothideomycetes","uncl_Dothideomycetes","uncl_Dothideomycetes","uncl_Dothideomycetes","uncl_Dothideomycetes"
"Fungi","Zoopagomycota","Ramicandelaberomycetes","Ramicandelaberales","Ramicandelaberaceae","Ramicandelaber","uncl_Ramicandelaber"
"Fungi","Chytridiomycota","uncl_Chytridiomycota","uncl_Chytridiomycota","uncl_Chytridiomycota","uncl_Chytridiomycota","uncl_Chytridiomycota"
"Fungi","Ascomycota","Lecanoromycetes","uncl_Lecanoromycetes","uncl_Lecanoromycetes","uncl_Lecanoromycetes","uncl_Lecanoromycetes"
"Fungi","Ascomycota","Eurotiomycetes","Onygenales","uncl_Onygenales","uncl_Onygenales","uncl_Onygenales"
"Fungi","Basidiomycota","Agaricomycetes","Agaricales","Entolomataceae","Entoloma","uncl_Entoloma"
"Fungi","Ascomycota","Dothideomycetes","Tubeufiales","Tubeufiaceae","Tubeufia","uncl_Tubeufia"
"Fungi","Ascomycota","uncl_Ascomycota","uncl_Ascomycota","uncl_Ascomycota","uncl_Ascomycota","uncl_Ascomycota"
"Fungi","Ascomycota","uncl_Ascomycota","uncl_Ascomycota","uncl_Ascomycota","uncl_Ascomycota","uncl_Ascomycota"
"Fungi","Zoopagomycota","Ramicandelaberomycetes","Ramicandelaberales","Ramicandelaberaceae","Ramicandelaber","uncl_Ramicandelaber"
"Fungi","Ascomycota","Leotiomycetes","Helotiales","uncl_Helotiales","uncl_Helotiales","uncl_Helotiales"
"Fungi","Ascomycota","Leotiomycetes","Helotiales","Helotiaceae","Scytalidium","uncl_Scytalidium"
"Fungi","Ascomycota","Eurotiomycetes","uncl_Eurotiomycetes","uncl_Eurotiomycetes","uncl_Eurotiomycetes","uncl_Eurotiomycetes"
"Fungi","Ascomycota","Dothideomycetes","Pleosporales","uncl_Pleosporales","uncl_Pleosporales","uncl_Pleosporales"
"Fungi","Ascomycota","Orbiliomycetes","Orbiliales","Orbiliaceae","uncl_Orbiliaceae","uncl_Orbiliaceae"
"Fungi","Ascomycota","Dothideomycetes","uncl_Dothideomycetes","uncl_Dothideomycetes","uncl_Dothideomycetes","uncl_Dothideomycetes"
"Fungi","Basidiomycota","Agaricomycetes","Agaricales","Lycoperdaceae","Lycoperdon","Lycoperdon_pratense"
"Fungi","Basidiomycota","Tremellomycetes","Tremellales","Rhynchogastremataceae","Papiliotrema","uncl_Papiliotrema"
"Fungi","Ascomycota","Eurotiomycetes","Chaetothyriales","Herpotrichiellaceae","uncl_Herpotrichiellaceae","uncl_Herpotrichiellaceae"
"Fungi","Basidiomycota","Agaricomycetes","Agaricales","Agaricaceae","Agaricus","uncl_Agaricus"
"Fungi","Ascomycota","Leotiomycetes","uncl_Leotiomycetes","uncl_Leotiomycetes","uncl_Leotiomycetes","uncl_Leotiomycetes"
"Fungi","Ascomycota","Sordariomycetes","Hypocreales","uncl_Hypocreales","uncl_Hypocreales","uncl_Hypocreales"
"Fungi","Basidiomycota","Agaricomycetes","Russulales","Lachnocladiaceae","Vararia","uncl_Vararia"
"Fungi","Ascomycota","Sordariomycetes","uncl_Sordariomycetes","uncl_Sordariomycetes","uncl_Sordariomycetes","uncl_Sordariomycetes"
"Fungi","Basidiomycota","Agaricomycetes","Agaricales","Psathyrellaceae","Coprinopsis","uncl_Coprinopsis"
"Fungi","Mucoromycota","uncl_Mucoromycota","uncl_Mucoromycota","uncl_Mucoromycota","uncl_Mucoromycota","uncl_Mucoromycota"
"Fungi","Mucoromycota","Mortierellomycetes","Mortierellales","Mortierellaceae","Mortierella","uncl_Mortierella"
"Fungi","Basidiomycota","Agaricomycetes","Agaricales","Tricholomataceae","uncl_Tricholomataceae","uncl_Tricholomataceae"
"Fungi","Ascomycota","uncl_Ascomycota","uncl_Ascomycota","uncl_Ascomycota","uncl_Ascomycota","uncl_Ascomycota"
"Fungi","Basidiomycota","Agaricomycetes","Auriculariales","uncl_Auriculariales","uncl_Auriculariales","uncl_Auriculariales"
"Fungi","Basidiomycota","Agaricomycetes","Auriculariales","Auriculariaceae","uncl_Auriculariaceae","uncl_Auriculariaceae"
"Fungi","Ascomycota","uncl_Ascomycota","uncl_Ascomycota","uncl_Ascomycota","uncl_Ascomycota","uncl_Ascomycota"
"Fungi","Ascomycota","uncl_Ascomycota","uncl_Ascomycota","uncl_Ascomycota","uncl_Ascomycota","uncl_Ascomycota"
"Fungi","Basidiomycota","uncl_Basidiomycota","uncl_Basidiomycota","uncl_Basidiomycota","uncl_Basidiomycota","uncl_Basidiomycota"
"Fungi","Ascomycota","Eurotiomycetes","Eurotiales","Aspergillaceae","Talaromyces","uncl_Talaromyces"
"Fungi","Mucoromycota","Glomeromycetes","Glomerales","Glomeraceae","uncl_Glomeraceae","uncl_Glomeraceae"
"Fungi","Basidiomycota","Agaricomycetes","uncl_Agaricomycetes","uncl_Agaricomycetes","uncl_Agaricomycetes","uncl_Agaricomycetes"
"Fungi","Ascomycota","Sordariomycetes","Hypocreales","Clavicipitaceae","uncl_Clavicipitaceae","uncl_Clavicipitaceae"
"Fungi","Ascomycota","Dothideomycetes","Pleosporales","Phaeosphaeriaceae","Phaeosphaeria","uncl_Phaeosphaeria"
"Fungi","Mucoromycota","Glomeromycetes","Glomerales","Glomeraceae","Dominikia","uncl_Dominikia"
"Fungi","Mucoromycota","Glomeromycetes","Glomerales","Glomeraceae","uncl_Glomeraceae","uncl_Glomeraceae"
"Fungi","Basidiomycota","Agaricomycetes","Agaricales","Entolomataceae","Entoloma","uncl_Entoloma"
"Fungi","Ascomycota","Eurotiomycetes","Chaetothyriales","Herpotrichiellaceae","uncl_Herpotrichiellaceae","uncl_Herpotrichiellaceae"
"Fungi","Ascomycota","uncl_Ascomycota","uncl_Ascomycota","uncl_Ascomycota","uncl_Ascomycota","uncl_Ascomycota"
"Fungi","Basidiomycota","Agaricomycetes","uncl_Agaricomycetes","uncl_Agaricomycetes","uncl_Agaricomycetes","uncl_Agaricomycetes"
"Fungi","Basidiomycota","Agaricomycetes","Sebacinales","Serendipitaceae","uncl_Serendipitaceae","uncl_Serendipitaceae"
"Fungi","Ascomycota","Dothideomycetes","uncl_Dothideomycetes","uncl_Dothideomycetes","uncl_Dothideomycetes","uncl_Dothideomycetes"
"Fungi","Basidiomycota","Agaricomycetes","uncl_Agaricomycetes","uncl_Agaricomycetes","uncl_Agaricomycetes","uncl_Agaricomycetes"
"Fungi","Ascomycota","Sordariomycetes","Xylariales","Hyponectriaceae","uncl_Hyponectriaceae","uncl_Hyponectriaceae"
"Fungi","Ascomycota","Eurotiomycetes","uncl_Eurotiomycetes","uncl_Eurotiomycetes","uncl_Eurotiomycetes","uncl_Eurotiomycetes"
"Fungi","Ascomycota","Dothideomycetes","Tubeufiales","uncl_Tubeufiales","uncl_Tubeufiales","uncl_Tubeufiales"
"Fungi","Basidiomycota","Agaricomycetes","Sebacinales","uncl_Sebacinales","uncl_Sebacinales","uncl_Sebacinales"
"Fungi","Ascomycota","Lecanoromycetes","Ostropales","Gomphillaceae","Corticifraga","Corticifraga_peltigerae"
"Fungi","Ascomycota","Orbiliomycetes","uncl_Orbiliomycetes","uncl_Orbiliomycetes","uncl_Orbiliomycetes","uncl_Orbiliomycetes"
"Fungi","Ascomycota","Sordariomycetes","Sordariales","Podosporaceae","Podospora","Podospora_longicaudata"
"Fungi","Ascomycota","Dothideomycetes","uncl_Dothideomycetes","uncl_Dothideomycetes","uncl_Dothideomycetes","uncl_Dothideomycetes"
"Fungi","Ascomycota","Sordariomycetes","Hypocreales","uncl_Hypocreales","uncl_Hypocreales","uncl_Hypocreales"
"Fungi","Ascomycota","uncl_Ascomycota","uncl_Ascomycota","uncl_Ascomycota","uncl_Ascomycota","uncl_Ascomycota"
"Fungi","Basidiomycota","Agaricomycetes","Sebacinales","Sebacinaceae","Sebacina","uncl_Sebacina"
"Fungi","Basidiomycota","Agaricomycetes","Agaricales","uncl_Agaricales","uncl_Agaricales","uncl_Agaricales"
"Fungi","Ascomycota","Sordariomycetes","Hypocreales","Nectriaceae","Fusarium","uncl_Fusarium"
"Fungi","Ascomycota","Sordariomycetes","Hypocreales","Cordycipitaceae","Beauveria","Beauveria_amorpha"
"Fungi","Basidiomycota","Agaricomycetes","uncl_Agaricomycetes","uncl_Agaricomycetes","uncl_Agaricomycetes","uncl_Agaricomycetes"
"Fungi","Ascomycota","Dothideomycetes","Pleosporales","uncl_Pleosporales","uncl_Pleosporales","uncl_Pleosporales"
"Fungi","Ascomycota","Dothideomycetes","Pleosporales","Periconiaceae","Periconia","Periconia_chimonanthi"
"Fungi","Basidiomycota","Atractiellomycetes","Atractiellales","uncl_Atractiellales","uncl_Atractiellales","uncl_Atractiellales"
"Fungi","Basidiomycota","Agaricomycetes","Polyporales","uncl_Polyporales","uncl_Polyporales","uncl_Polyporales"
"Fungi","Ascomycota","uncl_Ascomycota","uncl_Ascomycota","uncl_Ascomycota","uncl_Ascomycota","uncl_Ascomycota"
"Fungi","Ascomycota","Dothideomycetes","Pleosporales","Pleosporaceae","uncl_Pleosporaceae","uncl_Pleosporaceae"
"Fungi","Ascomycota","Leotiomycetes","Helotiales","Helotiaceae","uncl_Helotiaceae","uncl_Helotiaceae"
"Fungi","Basidiomycota","Agaricomycetes","Sebacinales","Sebacinaceae","uncl_Sebacinaceae","uncl_Sebacinaceae"
"Fungi","Ascomycota","Sordariomycetes","Hypocreales","uncl_Hypocreales","uncl_Hypocreales","uncl_Hypocreales"
"Fungi","Ascomycota","Sordariomycetes","Hypocreales","Stachybotryaceae","Myrothecium","uncl_Myrothecium"
"Fungi","Mucoromycota","Glomeromycetes","Glomerales","Claroideoglomeraceae","Claroideoglomus","uncl_Claroideoglomus"
"Fungi","Basidiomycota","Agaricomycetes","Cantharellales","Ceratobasidiaceae","uncl_Ceratobasidiaceae","uncl_Ceratobasidiaceae"
"Fungi","Ascomycota","Dothideomycetes","uncl_Dothideomycetes","uncl_Dothideomycetes","uncl_Dothideomycetes","uncl_Dothideomycetes"
"Fungi","Ascomycota","uncl_Ascomycota","uncl_Ascomycota","uncl_Ascomycota","uncl_Ascomycota","uncl_Ascomycota"
"Fungi","Mucoromycota","Mortierellomycetes","Mortierellales","uncl_Mortierellales","uncl_Mortierellales","uncl_Mortierellales"
"Fungi","Basidiomycota","Agaricomycetes","uncl_Agaricomycetes","uncl_Agaricomycetes","uncl_Agaricomycetes","uncl_Agaricomycetes"
"Fungi","Basidiomycota","Tremellomycetes","uncl_Tremellomycetes","uncl_Tremellomycetes","uncl_Tremellomycetes","uncl_Tremellomycetes"
"Fungi","Ascomycota","Dothideomycetes","Pleosporales","uncl_Pleosporales","uncl_Pleosporales","uncl_Pleosporales"
"Fungi","Ascomycota","Dothideomycetes","uncl_Dothideomycetes","uncl_Dothideomycetes","uncl_Dothideomycetes","uncl_Dothideomycetes"
"Fungi","Ascomycota","Sordariomycetes","Sordariales","uncl_Sordariales","uncl_Sordariales","uncl_Sordariales"
"Fungi","Ascomycota","Sordariomycetes","Xylariales","uncl_Xylariales","uncl_Xylariales","uncl_Xylariales"
"Fungi","Ascomycota","Dothideomycetes","Pleosporales","Pleosporaceae","uncl_Pleosporaceae","uncl_Pleosporaceae"
"Fungi","Ascomycota","Sordariomycetes","Sordariales","uncl_Sordariales","uncl_Sordariales","uncl_Sordariales"
"Fungi","Ascomycota","Sordariomycetes","Hypocreales","uncl_Hypocreales","uncl_Hypocreales","uncl_Hypocreales"
"Fungi","Basidiomycota","Agaricomycetes","Agaricales","Agaricaceae","Lepiota","uncl_Lepiota"
"Fungi","Mucoromycota","Glomeromycetes","Glomerales","Glomeraceae","uncl_Glomeraceae","uncl_Glomeraceae"
"Fungi","Ascomycota","Dothideomycetes","uncl_Dothideomycetes","uncl_Dothideomycetes","uncl_Dothideomycetes","uncl_Dothideomycetes"
"Fungi","Ascomycota","Sordariomycetes","uncl_Sordariomycetes","uncl_Sordariomycetes","uncl_Sordariomycetes","uncl_Sordariomycetes"
"Fungi","Ascomycota","Sordariomycetes","Coniochaetales","Coniochaetaceae","Coniochaeta","Coniochaeta_boothii"
"Fungi","Mucoromycota","Glomeromycetes","Glomerales","Glomeraceae","uncl_Glomeraceae","uncl_Glomeraceae"
"Fungi","Ascomycota","Sordariomycetes","Xylariales","Hypoxylaceae","Daldinia","Daldinia_eschscholtzii"
"Fungi","Ascomycota","Orbiliomycetes","Orbiliales","Orbiliaceae","uncl_Orbiliaceae","uncl_Orbiliaceae"
"Fungi","Basidiomycota","Exobasidiomycetes","Microstromatales","uncl_Microstromatales","uncl_Microstromatales","uncl_Microstromatales"
"Fungi","Basidiomycota","Agaricomycetes","Agaricales","Psathyrellaceae","Psathyrella","Psathyrella_luteopallida"
"Fungi","Mucoromycota","Glomeromycetes","uncl_Glomeromycetes","uncl_Glomeromycetes","uncl_Glomeromycetes","uncl_Glomeromycetes"
"Fungi","Ascomycota","uncl_Ascomycota","uncl_Ascomycota","uncl_Ascomycota","uncl_Ascomycota","uncl_Ascomycota"
"Fungi","Ascomycota","Eurotiomycetes","uncl_Eurotiomycetes","uncl_Eurotiomycetes","uncl_Eurotiomycetes","uncl_Eurotiomycetes"
"Fungi","Ascomycota","Sordariomycetes","uncl_Sordariomycetes","uncl_Sordariomycetes","uncl_Sordariomycetes","uncl_Sordariomycetes"
"Fungi","Ascomycota","uncl_Ascomycota","uncl_Ascomycota","uncl_Ascomycota","uncl_Ascomycota","uncl_Ascomycota"
"Fungi","Ascomycota","uncl_Ascomycota","uncl_Ascomycota","uncl_Ascomycota","uncl_Ascomycota","uncl_Ascomycota"
"Fungi","Basidiomycota","Agaricomycetes","Sebacinales","Serendipitaceae","uncl_Serendipitaceae","uncl_Serendipitaceae"
"Fungi","Mucoromycota","uncl_Mucoromycota","uncl_Mucoromycota","uncl_Mucoromycota","uncl_Mucoromycota","uncl_Mucoromycota"
"Fungi","Ascomycota","uncl_Ascomycota","uncl_Ascomycota","uncl_Ascomycota","uncl_Ascomycota","uncl_Ascomycota"
"Fungi","Ascomycota","Sordariomycetes","Sordariales","uncl_Sordariales","uncl_Sordariales","uncl_Sordariales"
"Fungi","Basidiomycota","Agaricomycetes","Agaricales","Psathyrellaceae","uncl_Psathyrellaceae","uncl_Psathyrellaceae"
"Fungi","Ascomycota","Dothideomycetes","Botryosphaeriales","Botryosphaeriaceae","uncl_Botryosphaeriaceae","uncl_Botryosphaeriaceae"
"Fungi","Ascomycota","Eurotiomycetes","Eurotiales","Aspergillaceae","Aspergillus","uncl_Aspergillus"
"Fungi","Ascomycota","Sordariomycetes","Xylariales","uncl_Xylariales","uncl_Xylariales","uncl_Xylariales"
"Fungi","Ascomycota","uncl_Ascomycota","uncl_Ascomycota","uncl_Ascomycota","uncl_Ascomycota","uncl_Ascomycota"
"Fungi","Ascomycota","Sordariomycetes","Sordariales","uncl_Sordariales","uncl_Sordariales","uncl_Sordariales"
"Fungi","Basidiomycota","Agaricomycetes","uncl_Agaricomycetes","uncl_Agaricomycetes","uncl_Agaricomycetes","uncl_Agaricomycetes"
"Fungi","Basidiomycota","Agaricomycetes","Agaricales","Agaricaceae","Leucoagaricus","uncl_Leucoagaricus"
"Fungi","Basidiomycota","Agaricomycetes","uncl_Agaricomycetes","uncl_Agaricomycetes","uncl_Agaricomycetes","uncl_Agaricomycetes"
"Fungi","Ascomycota","uncl_Ascomycota","uncl_Ascomycota","uncl_Ascomycota","uncl_Ascomycota","uncl_Ascomycota"
"Fungi","Ascomycota","Dothideomycetes","uncl_Dothideomycetes","uncl_Dothideomycetes","uncl_Dothideomycetes","uncl_Dothideomycetes"
"Fungi","Ascomycota","uncl_Ascomycota","uncl_Ascomycota","uncl_Ascomycota","uncl_Ascomycota","uncl_Ascomycota"
"Fungi","Mucoromycota","Glomeromycetes","Glomerales","Glomeraceae","uncl_Glomeraceae","uncl_Glomeraceae"
"Fungi","Ascomycota","uncl_Ascomycota","uncl_Ascomycota","uncl_Ascomycota","uncl_Ascomycota","uncl_Ascomycota"
"Fungi","Ascomycota","uncl_Ascomycota","uncl_Ascomycota","uncl_Ascomycota","uncl_Ascomycota","uncl_Ascomycota"
"Fungi","Mucoromycota","Mortierellomycetes","Mortierellales","Mortierellaceae","uncl_Mortierellaceae","uncl_Mortierellaceae"
"Fungi","Ascomycota","Eurotiomycetes","uncl_Eurotiomycetes","uncl_Eurotiomycetes","uncl_Eurotiomycetes","uncl_Eurotiomycetes"
"Fungi","Ascomycota","Dothideomycetes","uncl_Dothideomycetes","uncl_Dothideomycetes","uncl_Dothideomycetes","uncl_Dothideomycetes"
"Fungi","Mucoromycota","Glomeromycetes","Glomerales","Glomeraceae","uncl_Glomeraceae","uncl_Glomeraceae"
"Fungi","Basidiomycota","Agaricomycetes","Sebacinales","Sebacinaceae","uncl_Sebacinaceae","uncl_Sebacinaceae"
"Fungi","Mucoromycota","Mortierellomycetes","Mortierellales","uncl_Mortierellales","uncl_Mortierellales","uncl_Mortierellales"
"Fungi","Mucoromycota","Mortierellomycetes","Mortierellales","uncl_Mortierellales","uncl_Mortierellales","uncl_Mortierellales"
"Fungi","Ascomycota","Sordariomycetes","Hypocreales","uncl_Hypocreales","uncl_Hypocreales","uncl_Hypocreales"
"Fungi","Ascomycota","Pezizomycetes","Pezizales","Pyronemataceae","Pulvinula","uncl_Pulvinula"
"Fungi","Mucoromycota","Glomeromycetes","Glomerales","Glomeraceae","uncl_Glomeraceae","uncl_Glomeraceae"
"Fungi","Basidiomycota","Agaricomycetes","Auriculariales","uncl_Auriculariales","uncl_Auriculariales","uncl_Auriculariales"
"Fungi","Mucoromycota","Glomeromycetes","Glomerales","Glomeraceae","uncl_Glomeraceae","uncl_Glomeraceae"
"Fungi","Mucoromycota","Glomeromycetes","Glomerales","Glomeraceae","uncl_Glomeraceae","uncl_Glomeraceae"
"Fungi","Ascomycota","Dothideomycetes","uncl_Dothideomycetes","uncl_Dothideomycetes","uncl_Dothideomycetes","uncl_Dothideomycetes"
"Fungi","Basidiomycota","Agaricomycetes","Agaricales","Bolbitiaceae","Conocybe","uncl_Conocybe"
"Fungi","Ascomycota","uncl_Ascomycota","uncl_Ascomycota","uncl_Ascomycota","uncl_Ascomycota","uncl_Ascomycota"
"Fungi","Ascomycota","Sordariomycetes","Hypocreales","uncl_Hypocreales","uncl_Hypocreales","uncl_Hypocreales"
"Fungi","Ascomycota","Dothideomycetes","Pleosporales","Sporormiaceae","uncl_Sporormiaceae","uncl_Sporormiaceae"
"Fungi","Mucoromycota","Glomeromycetes","uncl_Glomeromycetes","uncl_Glomeromycetes","uncl_Glomeromycetes","uncl_Glomeromycetes"
"Fungi","Mucoromycota","Glomeromycetes","uncl_Glomeromycetes","uncl_Glomeromycetes","uncl_Glomeromycetes","uncl_Glomeromycetes"
"Fungi","Ascomycota","Leotiomycetes","Helotiales","Hyaloscyphaceae","uncl_Hyaloscyphaceae","uncl_Hyaloscyphaceae"
"Fungi","Ascomycota","Sordariomycetes","uncl_Sordariomycetes","uncl_Sordariomycetes","uncl_Sordariomycetes","uncl_Sordariomycetes"
"Fungi","Ascomycota","Eurotiomycetes","Onygenales","Onygenaceae","Auxarthron","Auxarthron_pseudauxarthron"
"Fungi","Mucoromycota","Glomeromycetes","Glomerales","Glomeraceae","uncl_Glomeraceae","uncl_Glomeraceae"
"Fungi","Mucoromycota","uncl_Mucoromycota","uncl_Mucoromycota","uncl_Mucoromycota","uncl_Mucoromycota","uncl_Mucoromycota"
"Fungi","Mucoromycota","Glomeromycetes","Glomerales","Glomeraceae","uncl_Glomeraceae","uncl_Glomeraceae"
"Fungi","Ascomycota","Eurotiomycetes","Onygenales","uncl_Onygenales","uncl_Onygenales","uncl_Onygenales"
"Fungi","Mucoromycota","uncl_Mucoromycota","uncl_Mucoromycota","uncl_Mucoromycota","uncl_Mucoromycota","uncl_Mucoromycota"
"Fungi","Ascomycota","Sordariomycetes","Sordariales","Chaetomiaceae","uncl_Chaetomiaceae","uncl_Chaetomiaceae"
"Fungi","Ascomycota","Dothideomycetes","Pleosporales","Pleosporaceae","Curvularia","uncl_Curvularia"
"Fungi","Ascomycota","Leotiomycetes","Helotiales","uncl_Helotiales","uncl_Helotiales","uncl_Helotiales"
"Fungi","Mucoromycota","Glomeromycetes","Glomerales","Glomeraceae","Rhizophagus","uncl_Rhizophagus"
"Fungi","Ascomycota","Sordariomycetes","uncl_Sordariomycetes","uncl_Sordariomycetes","uncl_Sordariomycetes","uncl_Sordariomycetes"
"Fungi","Ascomycota","Dothideomycetes","Pleosporales","uncl_Pleosporales","uncl_Pleosporales","uncl_Pleosporales"
"Fungi","Ascomycota","Sordariomycetes","uncl_Sordariomycetes","uncl_Sordariomycetes","uncl_Sordariomycetes","uncl_Sordariomycetes"
"Fungi","Ascomycota","uncl_Ascomycota","uncl_Ascomycota","uncl_Ascomycota","uncl_Ascomycota","uncl_Ascomycota"
"Fungi","Basidiomycota","Agaricomycetes","Agaricales","Bolbitiaceae","Conocybe","uncl_Conocybe"
"Fungi","Basidiomycota","Agaricomycetes","Cantharellales","uncl_Cantharellales","uncl_Cantharellales","uncl_Cantharellales"
"Fungi","Ascomycota","Sordariomycetes","uncl_Sordariomycetes","uncl_Sordariomycetes","uncl_Sordariomycetes","uncl_Sordariomycetes"
"Fungi","Basidiomycota","Agaricomycetes","Trechisporales","uncl_Trechisporales","uncl_Trechisporales","uncl_Trechisporales"
"Fungi","Basidiomycota","Agaricomycetes","Cantharellales","Ceratobasidiaceae","uncl_Ceratobasidiaceae","uncl_Ceratobasidiaceae"
"Fungi","Ascomycota","uncl_Ascomycota","uncl_Ascomycota","uncl_Ascomycota","uncl_Ascomycota","uncl_Ascomycota"
"Fungi","Mucoromycota","Glomeromycetes","Glomerales","Glomeraceae","uncl_Glomeraceae","uncl_Glomeraceae"
"Fungi","Ascomycota","Dothideomycetes","uncl_Dothideomycetes","uncl_Dothideomycetes","uncl_Dothideomycetes","uncl_Dothideomycetes"
"Fungi","Ascomycota","Sordariomycetes","Hypocreales","Nectriaceae","Fusarium","uncl_Fusarium"
"Fungi","Ascomycota","uncl_Ascomycota","uncl_Ascomycota","uncl_Ascomycota","uncl_Ascomycota","uncl_Ascomycota"
"Fungi","Basidiomycota","Agaricomycetes","Agaricales","Agaricaceae","Tulostoma","uncl_Tulostoma"
"Fungi","Ascomycota","Leotiomycetes","Helotiales","uncl_Helotiales","uncl_Helotiales","uncl_Helotiales"
"Fungi","Ascomycota","uncl_Ascomycota","uncl_Ascomycota","uncl_Ascomycota","uncl_Ascomycota","uncl_Ascomycota"
"Fungi","Basidiomycota","Agaricomycetes","Agaricales","Agaricaceae","Tulostoma","uncl_Tulostoma"
"Fungi","Ascomycota","Dothideomycetes","Pleosporales","uncl_Pleosporales","uncl_Pleosporales","uncl_Pleosporales"
"Fungi","Ascomycota","Sordariomycetes","Hypocreales","uncl_Hypocreales","uncl_Hypocreales","uncl_Hypocreales"
"Fungi","Ascomycota","uncl_Ascomycota","uncl_Ascomycota","uncl_Ascomycota","uncl_Ascomycota","uncl_Ascomycota"
"Fungi","Ascomycota","uncl_Ascomycota","uncl_Ascomycota","uncl_Ascomycota","uncl_Ascomycota","uncl_Ascomycota"
"Fungi","Ascomycota","Dothideomycetes","Pleosporales","uncl_Pleosporales","uncl_Pleosporales","uncl_Pleosporales"
"Fungi","Basidiomycota","Tremellomycetes","Filobasidiales","Filobasidiaceae","Filobasidium","uncl_Filobasidium"
"Fungi","Mucoromycota","Mortierellomycetes","Mortierellales","uncl_Mortierellales","uncl_Mortierellales","uncl_Mortierellales"
"Fungi","Ascomycota","uncl_Ascomycota","uncl_Ascomycota","uncl_Ascomycota","uncl_Ascomycota","uncl_Ascomycota"
"Fungi","Ascomycota","Sordariomycetes","Hypocreales","uncl_Hypocreales","uncl_Hypocreales","uncl_Hypocreales"
"Fungi","Ascomycota","uncl_Ascomycota","uncl_Ascomycota","uncl_Ascomycota","uncl_Ascomycota","uncl_Ascomycota"
"Fungi","Ascomycota","Dothideomycetes","uncl_Dothideomycetes","uncl_Dothideomycetes","uncl_Dothideomycetes","uncl_Dothideomycetes"
"Fungi","Ascomycota","uncl_Ascomycota","uncl_Ascomycota","uncl_Ascomycota","uncl_Ascomycota","uncl_Ascomycota"
"Fungi","Mucoromycota","Mortierellomycetes","Mortierellales","uncl_Mortierellales","uncl_Mortierellales","uncl_Mortierellales"
"Fungi","Mucoromycota","Glomeromycetes","Glomerales","Glomeraceae","uncl_Glomeraceae","uncl_Glomeraceae"
"Fungi","Chytridiomycota","uncl_Chytridiomycota","uncl_Chytridiomycota","uncl_Chytridiomycota","uncl_Chytridiomycota","uncl_Chytridiomycota"
"Fungi","Basidiomycota","Agaricomycetes","Trechisporales","uncl_Trechisporales","uncl_Trechisporales","uncl_Trechisporales"
"Fungi","Mucoromycota","uncl_Mucoromycota","uncl_Mucoromycota","uncl_Mucoromycota","uncl_Mucoromycota","uncl_Mucoromycota"
"Fungi","Ascomycota","Dothideomycetes","Pleosporales","Phaeosphaeriaceae","Paraphoma","Paraphoma_variabilis"
"Fungi","Ascomycota","Dothideomycetes","Pleosporales","uncl_Pleosporales","uncl_Pleosporales","uncl_Pleosporales"
"Fungi","Basidiomycota","Agaricomycetes","Polyporales","Meruliaceae","uncl_Meruliaceae","uncl_Meruliaceae"
"Fungi","Basidiomycota","Agaricomycetes","Agaricales","Hygrophoraceae","Arrhenia","uncl_Arrhenia"
"Fungi","Ascomycota","uncl_Ascomycota","uncl_Ascomycota","uncl_Ascomycota","uncl_Ascomycota","uncl_Ascomycota"
"Fungi","Ascomycota","Orbiliomycetes","Orbiliales","Orbiliaceae","Hyalorbilia","uncl_Hyalorbilia"
"Fungi","Ascomycota","Sordariomycetes","Magnaporthales","Magnaporthaceae","Magnaporthiopsis","Magnaporthiopsis_cynodontis"
"Fungi","Basidiomycota","Agaricomycetes","Agaricales","Hygrophoraceae","Arrhenia","uncl_Arrhenia"
"Fungi","Basidiomycota","Agaricomycetes","Cantharellales","Ceratobasidiaceae","uncl_Ceratobasidiaceae","uncl_Ceratobasidiaceae"
"Fungi","Ascomycota","Dothideomycetes","Pleosporales","uncl_Pleosporales","uncl_Pleosporales","uncl_Pleosporales"
"Fungi","Ascomycota","Arthoniomycetes","uncl_Arthoniomycetes","uncl_Arthoniomycetes","uncl_Arthoniomycetes","uncl_Arthoniomycetes"
"Fungi","Ascomycota","Dothideomycetes","uncl_Dothideomycetes","uncl_Dothideomycetes","uncl_Dothideomycetes","uncl_Dothideomycetes"
"Fungi","Ascomycota","Dothideomycetes","Pleosporales","uncl_Pleosporales","uncl_Pleosporales","uncl_Pleosporales"
"Fungi","Ascomycota","uncl_Ascomycota","uncl_Ascomycota","uncl_Ascomycota","uncl_Ascomycota","uncl_Ascomycota"
"Fungi","Mucoromycota","Glomeromycetes","Glomerales","Glomeraceae","Funneliformis","uncl_Funneliformis"
"Fungi","Ascomycota","Sordariomycetes","uncl_Sordariomycetes","uncl_Sordariomycetes","uncl_Sordariomycetes","uncl_Sordariomycetes"
"Fungi","Ascomycota","uncl_Ascomycota","uncl_Ascomycota","uncl_Ascomycota","uncl_Ascomycota","uncl_Ascomycota"
"Fungi","Ascomycota","Sordariomycetes","Xylariales","uncl_Xylariales","uncl_Xylariales","uncl_Xylariales"
"Fungi","Ascomycota","uncl_Ascomycota","uncl_Ascomycota","uncl_Ascomycota","uncl_Ascomycota","uncl_Ascomycota"
"Fungi","Mucoromycota","Mortierellomycetes","Mortierellales","Mortierellaceae","uncl_Mortierellaceae","uncl_Mortierellaceae"
"Fungi","Ascomycota","Dothideomycetes","Pleosporales","Phaeosphaeriaceae","uncl_Phaeosphaeriaceae","uncl_Phaeosphaeriaceae"
"Fungi","Ascomycota","Arthoniomycetes","Lichenostigmatales","Phaeococcomycetaceae","Phaeococcomyces","uncl_Phaeococcomyces"
"Fungi","Ascomycota","Dothideomycetes","Pleosporales","Pleosporaceae","Curvularia","uncl_Curvularia"
"Fungi","Basidiomycota","Agaricomycetes","uncl_Agaricomycetes","uncl_Agaricomycetes","uncl_Agaricomycetes","uncl_Agaricomycetes"
"Fungi","Ascomycota","uncl_Ascomycota","uncl_Ascomycota","uncl_Ascomycota","uncl_Ascomycota","uncl_Ascomycota"
"Fungi","Ascomycota","Sordariomycetes","Xylariales","Diatrypaceae","Monosporascus","uncl_Monosporascus"
"Fungi","Ascomycota","uncl_Ascomycota","uncl_Ascomycota","uncl_Ascomycota","uncl_Ascomycota","uncl_Ascomycota"
"Fungi","Basidiomycota","Agaricomycetes","Agaricales","Agaricaceae","Tulostoma","uncl_Tulostoma"
"Fungi","Ascomycota","uncl_Ascomycota","uncl_Ascomycota","uncl_Ascomycota","uncl_Ascomycota","uncl_Ascomycota"
"Fungi","Basidiomycota","uncl_Basidiomycota","uncl_Basidiomycota","uncl_Basidiomycota","uncl_Basidiomycota","uncl_Basidiomycota"
"Fungi","Ascomycota","uncl_Ascomycota","uncl_Ascomycota","uncl_Ascomycota","uncl_Ascomycota","uncl_Ascomycota"
"Fungi","Basidiomycota","Agaricomycetes","Agaricales","uncl_Agaricales","uncl_Agaricales","uncl_Agaricales"
"Fungi","Basidiomycota","Agaricomycetes","Agaricales","Agaricaceae","Tulostoma","uncl_Tulostoma"
"Fungi","Basidiomycota","Agaricomycetes","Agaricales","Agaricaceae","uncl_Agaricaceae","uncl_Agaricaceae"
"Fungi","Basidiomycota","Agaricomycetes","Agaricales","Agaricaceae","uncl_Agaricaceae","uncl_Agaricaceae"
"Fungi","Ascomycota","Sordariomycetes","uncl_Sordariomycetes","uncl_Sordariomycetes","uncl_Sordariomycetes","uncl_Sordariomycetes"
"Fungi","Basidiomycota","Agaricomycetes","uncl_Agaricomycetes","uncl_Agaricomycetes","uncl_Agaricomycetes","uncl_Agaricomycetes"
"Fungi","Ascomycota","Eurotiomycetes","Eurotiales","Aspergillaceae","Penicillium","uncl_Penicillium"
"Fungi","Basidiomycota","uncl_Basidiomycota","uncl_Basidiomycota","uncl_Basidiomycota","uncl_Basidiomycota","uncl_Basidiomycota"
"Fungi","Ascomycota","Sordariomycetes","Xylariales","uncl_Xylariales","uncl_Xylariales","uncl_Xylariales"
"Fungi","Ascomycota","Orbiliomycetes","Orbiliales","Orbiliaceae","uncl_Orbiliaceae","uncl_Orbiliaceae"
"Fungi","Ascomycota","Pezizomycetes","Pezizales","Pezizaceae","uncl_Pezizaceae","uncl_Pezizaceae"
"Fungi","Ascomycota","Dothideomycetes","Pleosporales","uncl_Pleosporales","uncl_Pleosporales","uncl_Pleosporales"
"Fungi","Ascomycota","Sordariomycetes","Xylariales","uncl_Xylariales","uncl_Xylariales","uncl_Xylariales"
"Fungi","Basidiomycota","Agaricomycetes","Agaricales","Psathyrellaceae","Coprinopsis","uncl_Coprinopsis"
"Fungi","Ascomycota","Sordariomycetes","Magnaporthales","uncl_Magnaporthales","uncl_Magnaporthales","uncl_Magnaporthales"
"Fungi","Basidiomycota","Agaricomycetes","Agaricales","Bolbitiaceae","Conocybe","uncl_Conocybe"
"Fungi","Ascomycota","Pezizomycetes","Pezizales","uncl_Pezizales","uncl_Pezizales","uncl_Pezizales"
"Fungi","Basidiomycota","Agaricomycetes","Thelephorales","Thelephoraceae","Tomentella","uncl_Tomentella"
"Fungi","Ascomycota","Leotiomycetes","uncl_Leotiomycetes","uncl_Leotiomycetes","uncl_Leotiomycetes","uncl_Leotiomycetes"
"Fungi","Basidiomycota","Agaricomycetes","Thelephorales","Thelephoraceae","Tomentella","uncl_Tomentella"
"Fungi","Basidiomycota","Agaricomycetes","Sebacinales","Sebacinaceae","Sebacina","uncl_Sebacina"
"Fungi","Ascomycota","Pezizomycetes","Pezizales","Pyronemataceae","Wilcoxina","Wilcoxina_rehmii"
"Fungi","Ascomycota","uncl_Ascomycota","uncl_Ascomycota","uncl_Ascomycota","uncl_Ascomycota","uncl_Ascomycota"
"Fungi","Ascomycota","Sordariomycetes","Hypocreales","uncl_Hypocreales","uncl_Hypocreales","uncl_Hypocreales"
"Fungi","Ascomycota","Leotiomycetes","Helotiales","uncl_Helotiales","uncl_Helotiales","uncl_Helotiales"
"Fungi","Basidiomycota","Agaricomycetes","Thelephorales","Thelephoraceae","uncl_Thelephoraceae","uncl_Thelephoraceae"
"Fungi","Ascomycota","uncl_Ascomycota","uncl_Ascomycota","uncl_Ascomycota","uncl_Ascomycota","uncl_Ascomycota"
"Fungi","Ascomycota","Sordariomycetes","Xylariales","Xylariaceae","uncl_Xylariaceae","uncl_Xylariaceae"
"Fungi","Basidiomycota","Agaricomycetes","Thelephorales","Thelephoraceae","uncl_Thelephoraceae","uncl_Thelephoraceae"
"Fungi","Ascomycota","Eurotiomycetes","Chaetothyriales","Cyphellophoraceae","uncl_Cyphellophoraceae","uncl_Cyphellophoraceae"
"Fungi","Ascomycota","Sordariomycetes","Hypocreales","uncl_Hypocreales","uncl_Hypocreales","uncl_Hypocreales"
"Fungi","Ascomycota","Arthoniomycetes","Lichenostigmatales","Phaeococcomycetaceae","Phaeococcomyces","uncl_Phaeococcomyces"
"Fungi","Ascomycota","Lecanoromycetes","Ostropales","uncl_Ostropales","uncl_Ostropales","uncl_Ostropales"
"Fungi","Basidiomycota","Agaricomycetes","Agaricales","Marasmiaceae","Marasmius","uncl_Marasmius"
"Fungi","Ascomycota","Sordariomycetes","uncl_Sordariomycetes","uncl_Sordariomycetes","uncl_Sordariomycetes","uncl_Sordariomycetes"
"Fungi","Ascomycota","Sordariomycetes","uncl_Sordariomycetes","uncl_Sordariomycetes","uncl_Sordariomycetes","uncl_Sordariomycetes"
"Fungi","Basidiomycota","Agaricomycetes","Thelephorales","Thelephoraceae","Tomentella","uncl_Tomentella"
"Fungi","Basidiomycota","Tremellomycetes","Filobasidiales","Piskurozymaceae","Solicoccozyma","Solicoccozyma_aeria"
"Fungi","Ascomycota","Taphrinomycetes","Taphrinales","Taphrinaceae","Taphrina","Taphrina_tormentillae"
"Fungi","Ascomycota","Pezizomycetes","Pezizales","uncl_Pezizales","uncl_Pezizales","uncl_Pezizales"
"Fungi","Basidiomycota","Tremellomycetes","Tremellales","Bulleribasidiaceae","Vishniacozyma","Vishniacozyma_kurtzmanii"
"Fungi","Ascomycota","uncl_Ascomycota","uncl_Ascomycota","uncl_Ascomycota","uncl_Ascomycota","uncl_Ascomycota"
"Fungi","Ascomycota","Geoglossomycetes","Geoglossales","Geoglossaceae","Trichoglossum","uncl_Trichoglossum"
"Fungi","Ascomycota","Dothideomycetes","Pleosporales","uncl_Pleosporales","uncl_Pleosporales","uncl_Pleosporales"
"Fungi","Basidiomycota","uncl_Basidiomycota","uncl_Basidiomycota","uncl_Basidiomycota","uncl_Basidiomycota","uncl_Basidiomycota"
"Fungi","Ascomycota","Sordariomycetes","Hypocreales","Nectriaceae","Ilyonectria","uncl_Ilyonectria"
"Fungi","Ascomycota","Eurotiomycetes","Chaetothyriales","Herpotrichiellaceae","Thysanorea","Thysanorea_asiatica"
"Fungi","Ascomycota","Eurotiomycetes","Onygenales","uncl_Onygenales","uncl_Onygenales","uncl_Onygenales"
"Fungi","Ascomycota","Sordariomycetes","uncl_Sordariomycetes","uncl_Sordariomycetes","uncl_Sordariomycetes","uncl_Sordariomycetes"
"Fungi","Ascomycota","Sordariomycetes","Hypocreales","Stachybotryaceae","uncl_Stachybotryaceae","uncl_Stachybotryaceae"
"Fungi","Basidiomycota","Agaricomycetes","Auriculariales","uncl_Auriculariales","uncl_Auriculariales","uncl_Auriculariales"
"Fungi","Basidiomycota","Agaricomycetes","uncl_Agaricomycetes","uncl_Agaricomycetes","uncl_Agaricomycetes","uncl_Agaricomycetes"
"Fungi","Basidiomycota","Agaricomycetes","Thelephorales","Thelephoraceae","uncl_Thelephoraceae","uncl_Thelephoraceae"
"Fungi","Ascomycota","Sordariomycetes","uncl_Sordariomycetes","uncl_Sordariomycetes","uncl_Sordariomycetes","uncl_Sordariomycetes"
"Fungi","Basidiomycota","Agaricomycetes","Polyporales","uncl_Polyporales","uncl_Polyporales","uncl_Polyporales"
"Fungi","Basidiomycota","Agaricomycetes","Cantharellales","Ceratobasidiaceae","uncl_Ceratobasidiaceae","uncl_Ceratobasidiaceae"
"Fungi","Ascomycota","Sordariomycetes","Hypocreales","uncl_Hypocreales","uncl_Hypocreales","uncl_Hypocreales"
"Fungi","Ascomycota","Sordariomycetes","Hypocreales","uncl_Hypocreales","uncl_Hypocreales","uncl_Hypocreales"
"Fungi","Ascomycota","Geoglossomycetes","Geoglossales","Geoglossaceae","uncl_Geoglossaceae","uncl_Geoglossaceae"
"Fungi","Ascomycota","Leotiomycetes","Helotiales","uncl_Helotiales","uncl_Helotiales","uncl_Helotiales"
"Fungi","Ascomycota","Leotiomycetes","Helotiales","uncl_Helotiales","uncl_Helotiales","uncl_Helotiales"
"Fungi","Mucoromycota","Glomeromycetes","Glomerales","Glomeraceae","uncl_Glomeraceae","uncl_Glomeraceae"
"Fungi","Basidiomycota","Agaricomycetes","Thelephorales","Thelephoraceae","uncl_Thelephoraceae","uncl_Thelephoraceae"
"Fungi","Basidiomycota","Agaricomycetes","Auriculariales","Auriculariaceae","uncl_Auriculariaceae","uncl_Auriculariaceae"
"Fungi","Basidiomycota","Agaricomycetes","Thelephorales","Thelephoraceae","Tomentella","uncl_Tomentella"
"Fungi","Ascomycota","Sordariomycetes","Hypocreales","uncl_Hypocreales","uncl_Hypocreales","uncl_Hypocreales"
"Fungi","Basidiomycota","Agaricomycetes","Auriculariales","uncl_Auriculariales","uncl_Auriculariales","uncl_Auriculariales"
"Fungi","Ascomycota","Sordariomycetes","uncl_Sordariomycetes","uncl_Sordariomycetes","uncl_Sordariomycetes","uncl_Sordariomycetes"
"Fungi","Ascomycota","Sordariomycetes","Magnaporthales","Magnaporthaceae","Magnaporthiopsis","Magnaporthiopsis_cynodontis"
"Fungi","Basidiomycota","Agaricomycetes","Polyporales","uncl_Polyporales","uncl_Polyporales","uncl_Polyporales"
"Fungi","Basidiomycota","Agaricomycetes","Sebacinales","Sebacinaceae","Sebacina","uncl_Sebacina"
"Fungi","Mucoromycota","Glomeromycetes","Glomerales","Glomeraceae","uncl_Glomeraceae","uncl_Glomeraceae"
"Fungi","Mucoromycota","uncl_Mucoromycota","uncl_Mucoromycota","uncl_Mucoromycota","uncl_Mucoromycota","uncl_Mucoromycota"
"Fungi","Basidiomycota","Agaricomycetes","Agaricales","Bolbitiaceae","uncl_Bolbitiaceae","uncl_Bolbitiaceae"
"Fungi","Mucoromycota","uncl_Mucoromycota","uncl_Mucoromycota","uncl_Mucoromycota","uncl_Mucoromycota","uncl_Mucoromycota"
"Fungi","Ascomycota","Dothideomycetes","Pleosporales","uncl_Pleosporales","uncl_Pleosporales","uncl_Pleosporales"
"Fungi","Ascomycota","Sordariomycetes","Xylariales","Apiosporaceae","uncl_Apiosporaceae","uncl_Apiosporaceae"
"Fungi","Basidiomycota","Agaricomycetes","Auriculariales","Auriculariaceae","uncl_Auriculariaceae","uncl_Auriculariaceae"
"Fungi","Ascomycota","uncl_Ascomycota","uncl_Ascomycota","uncl_Ascomycota","uncl_Ascomycota","uncl_Ascomycota"
"Fungi","Ascomycota","Leotiomycetes","uncl_Leotiomycetes","uncl_Leotiomycetes","uncl_Leotiomycetes","uncl_Leotiomycetes"
"Fungi","Ascomycota","Dothideomycetes","Pleosporales","Massarinaceae","Stagonospora","Stagonospora_heteroderae"
"Fungi","Basidiomycota","Agaricomycetes","Sebacinales","uncl_Sebacinales","uncl_Sebacinales","uncl_Sebacinales"
"Fungi","Basidiomycota","Agaricomycetes","Agaricales","uncl_Agaricales","uncl_Agaricales","uncl_Agaricales"
"Fungi","Ascomycota","Dothideomycetes","Pleosporales","Morosphaeriaceae","Aquilomyces","uncl_Aquilomyces"
"Fungi","Ascomycota","Dothideomycetes","Pleosporales","uncl_Pleosporales","uncl_Pleosporales","uncl_Pleosporales"
"Fungi","Ascomycota","Eurotiomycetes","Chaetothyriales","Herpotrichiellaceae","uncl_Herpotrichiellaceae","uncl_Herpotrichiellaceae"
"Fungi","Ascomycota","uncl_Ascomycota","uncl_Ascomycota","uncl_Ascomycota","uncl_Ascomycota","uncl_Ascomycota"
"Fungi","Basidiomycota","Agaricomycetes","Thelephorales","Thelephoraceae","Tomentella","uncl_Tomentella"
"Fungi","Basidiomycota","Agaricomycetes","Agaricales","uncl_Agaricales","uncl_Agaricales","uncl_Agaricales"
"Fungi","Basidiomycota","Agaricomycetes","Agaricales","Psathyrellaceae","Parasola","Parasola_conopilea"
"Fungi","Ascomycota","Pezizomycetes","Pezizales","Pyronemataceae","Geopora","uncl_Geopora"
"Fungi","Basidiomycota","Agaricomycetes","uncl_Agaricomycetes","uncl_Agaricomycetes","uncl_Agaricomycetes","uncl_Agaricomycetes"
"Fungi","Ascomycota","Dothideomycetes","Pleosporales","uncl_Pleosporales","uncl_Pleosporales","uncl_Pleosporales"
"Fungi","Basidiomycota","Agaricomycetes","Agaricales","Psathyrellaceae","Parasola","Parasola_conopilea"
"Fungi","Ascomycota","Leotiomycetes","uncl_Leotiomycetes","uncl_Leotiomycetes","uncl_Leotiomycetes","uncl_Leotiomycetes"
"Fungi","Ascomycota","Saccharomycetes","Saccharomycetales","Phaffomycetaceae","Cyberlindnera","Cyberlindnera_jadinii"
"Fungi","Basidiomycota","Agaricomycetes","Corticiales","Corticiaceae","uncl_Corticiaceae","uncl_Corticiaceae"
"Fungi","Ascomycota","Lecanoromycetes","uncl_Lecanoromycetes","uncl_Lecanoromycetes","uncl_Lecanoromycetes","uncl_Lecanoromycetes"
"Fungi","Ascomycota","Dothideomycetes","Pleosporales","Phaeosphaeriaceae","Neosetophoma","uncl_Neosetophoma"
"Fungi","Ascomycota","Eurotiomycetes","Chaetothyriales","Herpotrichiellaceae","Exophiala","uncl_Exophiala"
"Fungi","Basidiomycota","Agaricomycetes","Agaricales","Tricholomataceae","Tricholoma","Tricholoma_argyraceum"
"Fungi","Mucoromycota","Glomeromycetes","Glomerales","Glomeraceae","Rhizophagus","uncl_Rhizophagus"
"Fungi","Ascomycota","uncl_Ascomycota","uncl_Ascomycota","uncl_Ascomycota","uncl_Ascomycota","uncl_Ascomycota"
"Fungi","Ascomycota","uncl_Ascomycota","uncl_Ascomycota","uncl_Ascomycota","uncl_Ascomycota","uncl_Ascomycota"
"Fungi","Ascomycota","Leotiomycetes","Helotiales","uncl_Helotiales","uncl_Helotiales","uncl_Helotiales"
"Fungi","Ascomycota","Sordariomycetes","Sordariales","uncl_Sordariales","uncl_Sordariales","uncl_Sordariales"
"Fungi","Ascomycota","Dothideomycetes","Pleosporales","uncl_Pleosporales","uncl_Pleosporales","uncl_Pleosporales"
"Fungi","Ascomycota","Eurotiomycetes","Chaetothyriales","uncl_Chaetothyriales","uncl_Chaetothyriales","uncl_Chaetothyriales"
"Fungi","Ascomycota","Orbiliomycetes","Orbiliales","Orbiliaceae","Orbilia","Orbilia_caulicola"
"Fungi","Ascomycota","Arthoniomycetes","uncl_Arthoniomycetes","uncl_Arthoniomycetes","uncl_Arthoniomycetes","uncl_Arthoniomycetes"
"Fungi","Ascomycota","Dothideomycetes","Pleosporales","Sporormiaceae","uncl_Sporormiaceae","uncl_Sporormiaceae"
"Fungi","Basidiomycota","Agaricomycetes","Sebacinales","Sebacinaceae","Sebacina","uncl_Sebacina"
"Fungi","Basidiomycota","Microbotryomycetes","Microbotryomycetes_ord_Incertae_sedis","Microbotryomycetes_fam_Incertae_sedis","Curvibasidium","Curvibasidium_nothofagi"
"Fungi","Basidiomycota","Microbotryomycetes","uncl_Microbotryomycetes","uncl_Microbotryomycetes","uncl_Microbotryomycetes","uncl_Microbotryomycetes"
"Fungi","Basidiomycota","Agaricomycetes","Russulales","Russulaceae","Lactarius","uncl_Lactarius"
"Fungi","Ascomycota","Eurotiomycetes","Chaetothyriales","Herpotrichiellaceae","Cladophialophora","uncl_Cladophialophora"
"Fungi","Ascomycota","Eurotiomycetes","Chaetothyriales","Herpotrichiellaceae","uncl_Herpotrichiellaceae","uncl_Herpotrichiellaceae"
"Fungi","Basidiomycota","Agaricomycetes","Boletales","Suillaceae","Suillus","uncl_Suillus"
"Fungi","Ascomycota","Dothideomycetes","Pleosporales","uncl_Pleosporales","uncl_Pleosporales","uncl_Pleosporales"
"Fungi","Ascomycota","Dothideomycetes","Capnodiales","Neodevriesiaceae","Neodevriesia","Neodevriesia_sexualis"
"Fungi","Basidiomycota","Agaricomycetes","Russulales","Peniophoraceae","uncl_Peniophoraceae","uncl_Peniophoraceae"
"Fungi","Basidiomycota","Agaricomycetes","Hymenochaetales","uncl_Hymenochaetales","uncl_Hymenochaetales","uncl_Hymenochaetales"
"Fungi","Ascomycota","Sordariomycetes","Hypocreales","Cordycipitaceae","uncl_Cordycipitaceae","uncl_Cordycipitaceae"
"Fungi","Basidiomycota","Microbotryomycetes","Sporidiobolales","Sporidiobolaceae","Rhodotorula","uncl_Rhodotorula"
"Fungi","Ascomycota","Dothideomycetes","Pleosporales","uncl_Pleosporales","uncl_Pleosporales","uncl_Pleosporales"
"Fungi","Ascomycota","Eurotiomycetes","Chaetothyriales","Herpotrichiellaceae","Thysanorea","Thysanorea_asiatica"
"Fungi","Ascomycota","uncl_Ascomycota","uncl_Ascomycota","uncl_Ascomycota","uncl_Ascomycota","uncl_Ascomycota"
"Fungi","Basidiomycota","Agaricomycetes","Boletales","Coniophoraceae","Coniophora","Coniophora_arida"
"Fungi","Basidiomycota","Agaricomycetes","Thelephorales","Thelephoraceae","Tomentella","uncl_Tomentella"
"Fungi","Basidiomycota","Agaricomycetes","Hymenochaetales","Schizoporaceae","uncl_Schizoporaceae","uncl_Schizoporaceae"
"Fungi","Ascomycota","Sordariomycetes","Hypocreales","Hypocreales_fam_Incertae_sedis","uncl_Hypocreales_fam_Incertae_sedis","uncl_Hypocreales_fam_Incertae_sedis"
"Fungi","Ascomycota","Sordariomycetes","uncl_Sordariomycetes","uncl_Sordariomycetes","uncl_Sordariomycetes","uncl_Sordariomycetes"
"Fungi","Ascomycota","Sordariomycetes","uncl_Sordariomycetes","uncl_Sordariomycetes","uncl_Sordariomycetes","uncl_Sordariomycetes"
"Fungi","Ascomycota","Dothideomycetes","Pleosporales","Tetraplosphaeriaceae","Tetraploa","Tetraploa_endophytica"
"Fungi","Ascomycota","Eurotiomycetes","uncl_Eurotiomycetes","uncl_Eurotiomycetes","uncl_Eurotiomycetes","uncl_Eurotiomycetes"
"Fungi","Ascomycota","Sordariomycetes","Microascales","Halosphaeriaceae","uncl_Halosphaeriaceae","uncl_Halosphaeriaceae"
"Fungi","Basidiomycota","Agaricomycetes","Corticiales","Corticiaceae","Marchandiomyces","Marchandiomyces_aurantioroseus"
"Fungi","Ascomycota","Pezizomycetes","Pezizales","Pyronemataceae","Pustularia","uncl_Pustularia"
"Fungi","Ascomycota","Dothideomycetes","Pleosporales","Didymosphaeriaceae","uncl_Didymosphaeriaceae","uncl_Didymosphaeriaceae"
"Fungi","Ascomycota","uncl_Ascomycota","uncl_Ascomycota","uncl_Ascomycota","uncl_Ascomycota","uncl_Ascomycota"
"Fungi","Ascomycota","Dothideomycetes","uncl_Dothideomycetes","uncl_Dothideomycetes","uncl_Dothideomycetes","uncl_Dothideomycetes"
"Fungi","Basidiomycota","Agaricomycetes","Sebacinales","Serendipitaceae","uncl_Serendipitaceae","uncl_Serendipitaceae"
"Fungi","Basidiomycota","Cystobasidiomycetes","Cystobasidiales","Cystobasidiaceae","Cystobasidium","uncl_Cystobasidium"
"Fungi","Ascomycota","Leotiomycetes","uncl_Leotiomycetes","uncl_Leotiomycetes","uncl_Leotiomycetes","uncl_Leotiomycetes"
"Fungi","Ascomycota","Sordariomycetes","Hypocreales","Cordycipitaceae","uncl_Cordycipitaceae","uncl_Cordycipitaceae"
"Fungi","Ascomycota","uncl_Ascomycota","uncl_Ascomycota","uncl_Ascomycota","uncl_Ascomycota","uncl_Ascomycota"
"Fungi","Ascomycota","uncl_Ascomycota","uncl_Ascomycota","uncl_Ascomycota","uncl_Ascomycota","uncl_Ascomycota"
"Fungi","Basidiomycota","Agaricomycetes","Agaricales","uncl_Agaricales","uncl_Agaricales","uncl_Agaricales"
"Fungi","Ascomycota","Dothideomycetes","Pleosporales","Phaeosphaeriaceae","Wojnowiciella","uncl_Wojnowiciella"
"Fungi","Basidiomycota","uncl_Basidiomycota","uncl_Basidiomycota","uncl_Basidiomycota","uncl_Basidiomycota","uncl_Basidiomycota"
"Fungi","Ascomycota","Dothideomycetes","Pleosporales","Lentitheciaceae","uncl_Lentitheciaceae","uncl_Lentitheciaceae"
"Fungi","Mucoromycota","Mortierellomycetes","Mortierellales","Mortierellaceae","uncl_Mortierellaceae","uncl_Mortierellaceae"
"Fungi","Ascomycota","Leotiomycetes","Helotiales","Hyaloscyphaceae","uncl_Hyaloscyphaceae","uncl_Hyaloscyphaceae"
"Fungi","Olpidiomycota","Olpidiomycetes","Olpidiales","Olpidiaceae","Olpidium","uncl_Olpidium"
"Fungi","Ascomycota","Leotiomycetes","Helotiales","uncl_Helotiales","uncl_Helotiales","uncl_Helotiales"
"Fungi","Basidiomycota","Agaricomycetes","Sebacinales","Serendipitaceae","uncl_Serendipitaceae","uncl_Serendipitaceae"
"Fungi","Basidiomycota","Agaricomycetes","Agaricales","Bolbitiaceae","uncl_Bolbitiaceae","uncl_Bolbitiaceae"
"Fungi","Ascomycota","Dothideomycetes","Pleosporales","uncl_Pleosporales","uncl_Pleosporales","uncl_Pleosporales"
"Fungi","Ascomycota","Sordariomycetes","Hypocreales","uncl_Hypocreales","uncl_Hypocreales","uncl_Hypocreales"
"Fungi","Basidiomycota","Agaricomycetes","Agaricales","Clavariaceae","Clavaria","uncl_Clavaria"
"Fungi","Basidiomycota","Agaricomycetes","Agaricales","Bolbitiaceae","Conocybe","Conocybe_deliquescens"
"Fungi","Basidiomycota","Agaricomycetes","Agaricales","Clavariaceae","Clavaria","Clavaria_californica"
"Fungi","Basidiomycota","uncl_Basidiomycota","uncl_Basidiomycota","uncl_Basidiomycota","uncl_Basidiomycota","uncl_Basidiomycota"
"Fungi","Ascomycota","Sordariomycetes","uncl_Sordariomycetes","uncl_Sordariomycetes","uncl_Sordariomycetes","uncl_Sordariomycetes"
"Fungi","Basidiomycota","Agaricomycetes","Agaricales","Marasmiaceae","Crinipellis","Crinipellis_scabella"
"Fungi","Basidiomycota","uncl_Basidiomycota","uncl_Basidiomycota","uncl_Basidiomycota","uncl_Basidiomycota","uncl_Basidiomycota"
"Fungi","Basidiomycota","Agaricomycetes","Sebacinales","Sebacinaceae","Sebacina","uncl_Sebacina"
"Fungi","Ascomycota","Sordariomycetes","uncl_Sordariomycetes","uncl_Sordariomycetes","uncl_Sordariomycetes","uncl_Sordariomycetes"
"Fungi","Basidiomycota","Agaricomycetes","Russulales","Lachnocladiaceae","Vararia","uncl_Vararia"
"Fungi","Ascomycota","uncl_Ascomycota","uncl_Ascomycota","uncl_Ascomycota","uncl_Ascomycota","uncl_Ascomycota"
"Fungi","Ascomycota","Eurotiomycetes","Chaetothyriales","Herpotrichiellaceae","Capronia","uncl_Capronia"
"Fungi","Basidiomycota","Microbotryomycetes","uncl_Microbotryomycetes","uncl_Microbotryomycetes","uncl_Microbotryomycetes","uncl_Microbotryomycetes"
"Fungi","Basidiomycota","uncl_Basidiomycota","uncl_Basidiomycota","uncl_Basidiomycota","uncl_Basidiomycota","uncl_Basidiomycota"
"Fungi","Basidiomycota","Agaricomycetes","Sebacinales","Serendipitaceae","uncl_Serendipitaceae","uncl_Serendipitaceae"
"Fungi","Ascomycota","Eurotiomycetes","Chaetothyriales","Herpotrichiellaceae","uncl_Herpotrichiellaceae","uncl_Herpotrichiellaceae"
"Fungi","Basidiomycota","Agaricomycetes","Agaricales","Mycenaceae","Mycena","uncl_Mycena"
"Fungi","Ascomycota","Leotiomycetes","uncl_Leotiomycetes","uncl_Leotiomycetes","uncl_Leotiomycetes","uncl_Leotiomycetes"
"Fungi","Mucoromycota","Glomeromycetes","Glomerales","Glomeraceae","uncl_Glomeraceae","uncl_Glomeraceae"
"Fungi","Basidiomycota","Agaricomycetes","Agaricales","Psathyrellaceae","uncl_Psathyrellaceae","uncl_Psathyrellaceae"
"Fungi","Basidiomycota","Agaricomycetes","Agaricales","Psathyrellaceae","uncl_Psathyrellaceae","uncl_Psathyrellaceae"
"Fungi","Basidiomycota","Cystobasidiomycetes","uncl_Cystobasidiomycetes","uncl_Cystobasidiomycetes","uncl_Cystobasidiomycetes","uncl_Cystobasidiomycetes"
"Fungi","Ascomycota","uncl_Ascomycota","uncl_Ascomycota","uncl_Ascomycota","uncl_Ascomycota","uncl_Ascomycota"
"Fungi","Basidiomycota","Agaricomycetes","Agaricales","Psathyrellaceae","uncl_Psathyrellaceae","uncl_Psathyrellaceae"
"Fungi","Ascomycota","Eurotiomycetes","Eurotiales","Aspergillaceae","Talaromyces","uncl_Talaromyces"
"Fungi","Basidiomycota","Agaricomycetes","uncl_Agaricomycetes","uncl_Agaricomycetes","uncl_Agaricomycetes","uncl_Agaricomycetes"
"Fungi","Basidiomycota","Agaricomycetes","Thelephorales","Thelephoraceae","Tomentella","uncl_Tomentella"
"Fungi","Ascomycota","Eurotiomycetes","Chaetothyriales","Herpotrichiellaceae","uncl_Herpotrichiellaceae","uncl_Herpotrichiellaceae"
"Fungi","Basidiomycota","Agaricomycetes","Thelephorales","Thelephoraceae","Tomentella","uncl_Tomentella"
"Fungi","Basidiomycota","Ustilaginomycetes","Ustilaginales","Ustilaginaceae","Dirkmeia","uncl_Dirkmeia"
"Fungi","Ascomycota","Sordariomycetes","Diaporthales","uncl_Diaporthales","uncl_Diaporthales","uncl_Diaporthales"
"Fungi","Ascomycota","uncl_Ascomycota","uncl_Ascomycota","uncl_Ascomycota","uncl_Ascomycota","uncl_Ascomycota"
"Fungi","Ascomycota","Eurotiomycetes","uncl_Eurotiomycetes","uncl_Eurotiomycetes","uncl_Eurotiomycetes","uncl_Eurotiomycetes"
"Fungi","Basidiomycota","uncl_Basidiomycota","uncl_Basidiomycota","uncl_Basidiomycota","uncl_Basidiomycota","uncl_Basidiomycota"
"Fungi","Basidiomycota","Tremellomycetes","Tremellales","Bulleribasidiaceae","Vishniacozyma","Vishniacozyma_dimennae"
"Fungi","Ascomycota","Dothideomycetes","Capnodiales","Paradevriesiaceae","Paradevriesia","uncl_Paradevriesia"
"Fungi","Basidiomycota","Agaricomycetes","Agaricales","uncl_Agaricales","uncl_Agaricales","uncl_Agaricales"
"Fungi","Ascomycota","Sordariomycetes","Trichosphaeriales","Trichosphaeriaceae","Nigrospora","uncl_Nigrospora"
"Fungi","Basidiomycota","Agaricomycetes","Sebacinales","uncl_Sebacinales","uncl_Sebacinales","uncl_Sebacinales"
"Fungi","Basidiomycota","Agaricomycetes","Sebacinales","uncl_Sebacinales","uncl_Sebacinales","uncl_Sebacinales"
"Fungi","Ascomycota","Leotiomycetes","Helotiales","uncl_Helotiales","uncl_Helotiales","uncl_Helotiales"
"Fungi","Mucoromycota","uncl_Mucoromycota","uncl_Mucoromycota","uncl_Mucoromycota","uncl_Mucoromycota","uncl_Mucoromycota"
"Fungi","Ascomycota","Lecanoromycetes","Ostropales","uncl_Ostropales","uncl_Ostropales","uncl_Ostropales"
"Fungi","Ascomycota","Sordariomycetes","Sordariales","uncl_Sordariales","uncl_Sordariales","uncl_Sordariales"
"Fungi","Mucoromycota","Glomeromycetes","Glomerales","Glomeraceae","uncl_Glomeraceae","uncl_Glomeraceae"
"Fungi","Ascomycota","Leotiomycetes","Helotiales","uncl_Helotiales","uncl_Helotiales","uncl_Helotiales"
"Fungi","Mucoromycota","uncl_Mucoromycota","uncl_Mucoromycota","uncl_Mucoromycota","uncl_Mucoromycota","uncl_Mucoromycota"
"Fungi","Basidiomycota","Agaricomycetes","Agaricales","Mycenaceae","Mycena","uncl_Mycena"
"Fungi","Ascomycota","Sordariomycetes","uncl_Sordariomycetes","uncl_Sordariomycetes","uncl_Sordariomycetes","uncl_Sordariomycetes"
"Fungi","Basidiomycota","Agaricomycetes","Hymenochaetales","Hymenochaetaceae","Hymenochaete","uncl_Hymenochaete"
"Fungi","Ascomycota","Eurotiomycetes","Chaetothyriales","uncl_Chaetothyriales","uncl_Chaetothyriales","uncl_Chaetothyriales"
"Fungi","Ascomycota","uncl_Ascomycota","uncl_Ascomycota","uncl_Ascomycota","uncl_Ascomycota","uncl_Ascomycota"
"Fungi","Mucoromycota","Glomeromycetes","Glomerales","Glomeraceae","uncl_Glomeraceae","uncl_Glomeraceae"
"Fungi","Mucoromycota","Glomeromycetes","Glomerales","Glomeraceae","uncl_Glomeraceae","uncl_Glomeraceae"
"Fungi","Ascomycota","uncl_Ascomycota","uncl_Ascomycota","uncl_Ascomycota","uncl_Ascomycota","uncl_Ascomycota"
"Fungi","Ascomycota","Eurotiomycetes","Chaetothyriales","uncl_Chaetothyriales","uncl_Chaetothyriales","uncl_Chaetothyriales"
"Fungi","Ascomycota","Dothideomycetes","Tubeufiales","Tubeufiaceae","uncl_Tubeufiaceae","uncl_Tubeufiaceae"
"Fungi","Ascomycota","uncl_Ascomycota","uncl_Ascomycota","uncl_Ascomycota","uncl_Ascomycota","uncl_Ascomycota"
"Fungi","Ascomycota","Sordariomycetes","Atractosporales","Conlariaceae","Conlarium","uncl_Conlarium"
"Fungi","Mucoromycota","Glomeromycetes","Glomerales","uncl_Glomerales","uncl_Glomerales","uncl_Glomerales"
"Fungi","Mucoromycota","Glomeromycetes","Glomerales","Glomeraceae","uncl_Glomeraceae","uncl_Glomeraceae"
"Fungi","Ascomycota","Dothideomycetes","uncl_Dothideomycetes","uncl_Dothideomycetes","uncl_Dothideomycetes","uncl_Dothideomycetes"
"Fungi","Basidiomycota","Microbotryomycetes","uncl_Microbotryomycetes","uncl_Microbotryomycetes","uncl_Microbotryomycetes","uncl_Microbotryomycetes"
"Fungi","Ascomycota","Dothideomycetes","uncl_Dothideomycetes","uncl_Dothideomycetes","uncl_Dothideomycetes","uncl_Dothideomycetes"
"Fungi","Ascomycota","uncl_Ascomycota","uncl_Ascomycota","uncl_Ascomycota","uncl_Ascomycota","uncl_Ascomycota"
"Fungi","Basidiomycota","Agaricomycetes","Cantharellales","Ceratobasidiaceae","uncl_Ceratobasidiaceae","uncl_Ceratobasidiaceae"
"Fungi","Ascomycota","uncl_Ascomycota","uncl_Ascomycota","uncl_Ascomycota","uncl_Ascomycota","uncl_Ascomycota"
"Fungi","Ascomycota","Dothideomycetes","Pleosporales","uncl_Pleosporales","uncl_Pleosporales","uncl_Pleosporales"
"Fungi","Ascomycota","Dothideomycetes","Pleosporales","Pleosporaceae","uncl_Pleosporaceae","uncl_Pleosporaceae"
"Fungi","Ascomycota","Orbiliomycetes","uncl_Orbiliomycetes","uncl_Orbiliomycetes","uncl_Orbiliomycetes","uncl_Orbiliomycetes"
"Fungi","Ascomycota","uncl_Ascomycota","uncl_Ascomycota","uncl_Ascomycota","uncl_Ascomycota","uncl_Ascomycota"
"Fungi","Ascomycota","Sordariomycetes","Xylariales","Xylariaceae","Xylaria","uncl_Xylaria"
"Fungi","Chytridiomycota","Spizellomycetes","Spizellomycetales","uncl_Spizellomycetales","uncl_Spizellomycetales","uncl_Spizellomycetales"
"Fungi","Ascomycota","Dothideomycetes","Pleosporales","uncl_Pleosporales","uncl_Pleosporales","uncl_Pleosporales"
"Fungi","Ascomycota","Sordariomycetes","uncl_Sordariomycetes","uncl_Sordariomycetes","uncl_Sordariomycetes","uncl_Sordariomycetes"
"Fungi","Ascomycota","Pezizomycetes","Pezizales","Pyronemataceae","Pulvinula","uncl_Pulvinula"
"Fungi","Basidiomycota","Cystobasidiomycetes","uncl_Cystobasidiomycetes","uncl_Cystobasidiomycetes","uncl_Cystobasidiomycetes","uncl_Cystobasidiomycetes"
"Fungi","Basidiomycota","Agaricomycetes","Sebacinales","Serendipitaceae","uncl_Serendipitaceae","uncl_Serendipitaceae"
"Fungi","Basidiomycota","Agaricomycetes","Agaricales","uncl_Agaricales","uncl_Agaricales","uncl_Agaricales"
"Fungi","Basidiomycota","Agaricomycetes","Auriculariales","uncl_Auriculariales","uncl_Auriculariales","uncl_Auriculariales"
"Fungi","Basidiomycota","uncl_Basidiomycota","uncl_Basidiomycota","uncl_Basidiomycota","uncl_Basidiomycota","uncl_Basidiomycota"
"Fungi","Ascomycota","Sordariomycetes","Sordariales","uncl_Sordariales","uncl_Sordariales","uncl_Sordariales"
"Fungi","Ascomycota","Sordariomycetes","Sordariales","uncl_Sordariales","uncl_Sordariales","uncl_Sordariales"
"Fungi","Cryptomycota","uncl_Cryptomycota","uncl_Cryptomycota","uncl_Cryptomycota","uncl_Cryptomycota","uncl_Cryptomycota"
"Fungi","Cryptomycota","uncl_Cryptomycota","uncl_Cryptomycota","uncl_Cryptomycota","uncl_Cryptomycota","uncl_Cryptomycota"
"Fungi","Cryptomycota","uncl_Cryptomycota","uncl_Cryptomycota","uncl_Cryptomycota","uncl_Cryptomycota","uncl_Cryptomycota"
"Fungi","Mucoromycota","uncl_Mucoromycota","uncl_Mucoromycota","uncl_Mucoromycota","uncl_Mucoromycota","uncl_Mucoromycota"
"Fungi","Ascomycota","Lecanoromycetes","uncl_Lecanoromycetes","uncl_Lecanoromycetes","uncl_Lecanoromycetes","uncl_Lecanoromycetes"
"Fungi","Basidiomycota","Agaricomycetes","Trechisporales","uncl_Trechisporales","uncl_Trechisporales","uncl_Trechisporales"
"Fungi","Ascomycota","Dothideomycetes","Pleosporales","Pleosporaceae","Curvularia","uncl_Curvularia"
"Fungi","Basidiomycota","uncl_Basidiomycota","uncl_Basidiomycota","uncl_Basidiomycota","uncl_Basidiomycota","uncl_Basidiomycota"
"Fungi","Basidiomycota","Agaricomycetes","Auriculariales","uncl_Auriculariales","uncl_Auriculariales","uncl_Auriculariales"
"Fungi","Ascomycota","uncl_Ascomycota","uncl_Ascomycota","uncl_Ascomycota","uncl_Ascomycota","uncl_Ascomycota"
"Fungi","Mucoromycota","Mortierellomycetes","Mortierellales","uncl_Mortierellales","uncl_Mortierellales","uncl_Mortierellales"
"Fungi","Ascomycota","Sordariomycetes","Xylariales","Xylariaceae","uncl_Xylariaceae","uncl_Xylariaceae"
"Fungi","Chytridiomycota","uncl_Chytridiomycota","uncl_Chytridiomycota","uncl_Chytridiomycota","uncl_Chytridiomycota","uncl_Chytridiomycota"
"Fungi","Basidiomycota","Agaricomycetes","Cantharellales","Ceratobasidiaceae","uncl_Ceratobasidiaceae","uncl_Ceratobasidiaceae"
"Fungi","Ascomycota","uncl_Ascomycota","uncl_Ascomycota","uncl_Ascomycota","uncl_Ascomycota","uncl_Ascomycota"
"Fungi","Mucoromycota","Glomeromycetes","Glomerales","uncl_Glomerales","uncl_Glomerales","uncl_Glomerales"
"Fungi","Ascomycota","Dothideomycetes","Pleosporales","Lentitheciaceae","Keissleriella","uncl_Keissleriella"
"Fungi","Basidiomycota","Agaricomycetes","Auriculariales","uncl_Auriculariales","uncl_Auriculariales","uncl_Auriculariales"
"Fungi","Basidiomycota","Agaricomycetes","Agaricales","uncl_Agaricales","uncl_Agaricales","uncl_Agaricales"
"Fungi","Ascomycota","uncl_Ascomycota","uncl_Ascomycota","uncl_Ascomycota","uncl_Ascomycota","uncl_Ascomycota"
"Fungi","Mucoromycota","Mortierellomycetes","Mortierellales","uncl_Mortierellales","uncl_Mortierellales","uncl_Mortierellales"
"Fungi","Ascomycota","uncl_Ascomycota","uncl_Ascomycota","uncl_Ascomycota","uncl_Ascomycota","uncl_Ascomycota"
"Fungi","Ascomycota","Sordariomycetes","uncl_Sordariomycetes","uncl_Sordariomycetes","uncl_Sordariomycetes","uncl_Sordariomycetes"
"Fungi","Ascomycota","uncl_Ascomycota","uncl_Ascomycota","uncl_Ascomycota","uncl_Ascomycota","uncl_Ascomycota"
"Fungi","Ascomycota","Dothideomycetes","uncl_Dothideomycetes","uncl_Dothideomycetes","uncl_Dothideomycetes","uncl_Dothideomycetes"
"Fungi","Ascomycota","uncl_Ascomycota","uncl_Ascomycota","uncl_Ascomycota","uncl_Ascomycota","uncl_Ascomycota"
"Fungi","Ascomycota","uncl_Ascomycota","uncl_Ascomycota","uncl_Ascomycota","uncl_Ascomycota","uncl_Ascomycota"
"Fungi","Basidiomycota","Agaricomycetes","uncl_Agaricomycetes","uncl_Agaricomycetes","uncl_Agaricomycetes","uncl_Agaricomycetes"
"Fungi","Ascomycota","Dothideomycetes","Pleosporales","uncl_Pleosporales","uncl_Pleosporales","uncl_Pleosporales"
"Fungi","Basidiomycota","Agaricomycetes","Geastrales","Geastraceae","Geastrum","uncl_Geastrum"
"Fungi","Ascomycota","Sordariomycetes","uncl_Sordariomycetes","uncl_Sordariomycetes","uncl_Sordariomycetes","uncl_Sordariomycetes"
"Fungi","Ascomycota","Sordariomycetes","Sordariales","Chaetomiaceae","Arcopilus","uncl_Arcopilus"
"Fungi","Mucoromycota","Glomeromycetes","Glomerales","Glomeraceae","Rhizophagus","uncl_Rhizophagus"
"Fungi","Mucoromycota","Glomeromycetes","Glomerales","Glomeraceae","uncl_Glomeraceae","uncl_Glomeraceae"
"Fungi","Mucoromycota","Glomeromycetes","Glomerales","Glomeraceae","uncl_Glomeraceae","uncl_Glomeraceae"
"Fungi","Ascomycota","Sordariomycetes","uncl_Sordariomycetes","uncl_Sordariomycetes","uncl_Sordariomycetes","uncl_Sordariomycetes"
"Fungi","Mucoromycota","Glomeromycetes","Glomerales","Claroideoglomeraceae","Claroideoglomus","uncl_Claroideoglomus"
"Fungi","Ascomycota","uncl_Ascomycota","uncl_Ascomycota","uncl_Ascomycota","uncl_Ascomycota","uncl_Ascomycota"
"Fungi","Ascomycota","Dothideomycetes","Pleosporales","Sporormiaceae","Preussia","uncl_Preussia"
"Fungi","Ascomycota","uncl_Ascomycota","uncl_Ascomycota","uncl_Ascomycota","uncl_Ascomycota","uncl_Ascomycota"
"Fungi","Mucoromycota","Glomeromycetes","Glomerales","Claroideoglomeraceae","Claroideoglomus","uncl_Claroideoglomus"
"Fungi","Ascomycota","Sordariomycetes","Sordariales","uncl_Sordariales","uncl_Sordariales","uncl_Sordariales"
"Fungi","Basidiomycota","Agaricomycetes","Boletales","Coniophoraceae","Coniophora","Coniophora_marmorata"
"Fungi","Mucoromycota","Glomeromycetes","Glomerales","Glomeraceae","uncl_Glomeraceae","uncl_Glomeraceae"
"Fungi","Mucoromycota","uncl_Mucoromycota","uncl_Mucoromycota","uncl_Mucoromycota","uncl_Mucoromycota","uncl_Mucoromycota"
"Fungi","Basidiomycota","Agaricomycetes","Russulales","Russulaceae","Lactarius","uncl_Lactarius"
"Fungi","Basidiomycota","Agaricomycetes","Agaricales","Agaricaceae","Chlorophyllum","uncl_Chlorophyllum"
"Fungi","Ascomycota","Sordariomycetes","uncl_Sordariomycetes","uncl_Sordariomycetes","uncl_Sordariomycetes","uncl_Sordariomycetes"
"Fungi","Mucoromycota","uncl_Mucoromycota","uncl_Mucoromycota","uncl_Mucoromycota","uncl_Mucoromycota","uncl_Mucoromycota"
"Fungi","Ascomycota","uncl_Ascomycota","uncl_Ascomycota","uncl_Ascomycota","uncl_Ascomycota","uncl_Ascomycota"
"Fungi","Ascomycota","Eurotiomycetes","uncl_Eurotiomycetes","uncl_Eurotiomycetes","uncl_Eurotiomycetes","uncl_Eurotiomycetes"
"Fungi","Mucoromycota","Glomeromycetes","Glomerales","Glomeraceae","uncl_Glomeraceae","uncl_Glomeraceae"
"Fungi","Ascomycota","Sordariomycetes","uncl_Sordariomycetes","uncl_Sordariomycetes","uncl_Sordariomycetes","uncl_Sordariomycetes"
"Fungi","Ascomycota","Sordariomycetes","uncl_Sordariomycetes","uncl_Sordariomycetes","uncl_Sordariomycetes","uncl_Sordariomycetes"
"Fungi","Basidiomycota","Agaricomycetes","Russulales","Stereaceae","uncl_Stereaceae","uncl_Stereaceae"
"Fungi","Ascomycota","uncl_Ascomycota","uncl_Ascomycota","uncl_Ascomycota","uncl_Ascomycota","uncl_Ascomycota"
"Fungi","Ascomycota","Dothideomycetes","Pleosporales","uncl_Pleosporales","uncl_Pleosporales","uncl_Pleosporales"
"Fungi","Chytridiomycota","Spizellomycetes","Spizellomycetales","Spizellomycetaceae","uncl_Spizellomycetaceae","uncl_Spizellomycetaceae"
"Fungi","Ascomycota","uncl_Ascomycota","uncl_Ascomycota","uncl_Ascomycota","uncl_Ascomycota","uncl_Ascomycota"
"Fungi","Mucoromycota","Glomeromycetes","Glomerales","Glomeraceae","uncl_Glomeraceae","uncl_Glomeraceae"
"Fungi","Basidiomycota","Agaricomycetes","Russulales","Stereaceae","uncl_Stereaceae","uncl_Stereaceae"
"Fungi","Ascomycota","Dothideomycetes","Pleosporales","uncl_Pleosporales","uncl_Pleosporales","uncl_Pleosporales"
"Fungi","Ascomycota","Eurotiomycetes","Eurotiales","Aspergillaceae","Aspergillus","uncl_Aspergillus"
"Fungi","Basidiomycota","Agaricomycetes","Hymenochaetales","Hymenochaetaceae","Hymenochaete","uncl_Hymenochaete"
"Fungi","Ascomycota","Dothideomycetes","Pleosporales","uncl_Pleosporales","uncl_Pleosporales","uncl_Pleosporales"
"Fungi","Ascomycota","Lecanoromycetes","Ostropales","uncl_Ostropales","uncl_Ostropales","uncl_Ostropales"
"Fungi","Ascomycota","Eurotiomycetes","Chaetothyriales","uncl_Chaetothyriales","uncl_Chaetothyriales","uncl_Chaetothyriales"
"Fungi","Basidiomycota","Agaricomycetes","Geastrales","Geastraceae","Geastrum","uncl_Geastrum"
"Fungi","Mucoromycota","uncl_Mucoromycota","uncl_Mucoromycota","uncl_Mucoromycota","uncl_Mucoromycota","uncl_Mucoromycota"
"Fungi","Ascomycota","Sordariomycetes","Xylariales","Xylariaceae","Xylaria","uncl_Xylaria"
"Fungi","Basidiomycota","Agaricomycetes","Agaricales","Entolomataceae","Entoloma","uncl_Entoloma"
"Fungi","Basidiomycota","Agaricomycetes","Geastrales","uncl_Geastrales","uncl_Geastrales","uncl_Geastrales"
"Fungi","Basidiomycota","Agaricostilbomycetes","Agaricostilbales","uncl_Agaricostilbales","uncl_Agaricostilbales","uncl_Agaricostilbales"
"Fungi","Basidiomycota","Agaricomycetes","Polyporales","Fomitopsidaceae","Sparassis","uncl_Sparassis"
"Fungi","Ascomycota","Dothideomycetes","Pleosporales","uncl_Pleosporales","uncl_Pleosporales","uncl_Pleosporales"
"Fungi","Basidiomycota","Cystobasidiomycetes","Cystobasidiomycetes_ord_Incertae_sedis","Symmetrosporaceae","Symmetrospora","uncl_Symmetrospora"
"Fungi","Basidiomycota","Agaricomycetes","Agaricales","uncl_Agaricales","uncl_Agaricales","uncl_Agaricales"
"Fungi","Ascomycota","uncl_Ascomycota","uncl_Ascomycota","uncl_Ascomycota","uncl_Ascomycota","uncl_Ascomycota"
"Fungi","Ascomycota","uncl_Ascomycota","uncl_Ascomycota","uncl_Ascomycota","uncl_Ascomycota","uncl_Ascomycota"
"Fungi","Mucoromycota","Glomeromycetes","Glomerales","Glomeraceae","uncl_Glomeraceae","uncl_Glomeraceae"
"Fungi","Mucoromycota","Glomeromycetes","uncl_Glomeromycetes","uncl_Glomeromycetes","uncl_Glomeromycetes","uncl_Glomeromycetes"
"Fungi","Mucoromycota","Glomeromycetes","Glomerales","Glomeraceae","uncl_Glomeraceae","uncl_Glomeraceae"
"Fungi","Ascomycota","uncl_Ascomycota","uncl_Ascomycota","uncl_Ascomycota","uncl_Ascomycota","uncl_Ascomycota"
"Fungi","Ascomycota","Dothideomycetes","uncl_Dothideomycetes","uncl_Dothideomycetes","uncl_Dothideomycetes","uncl_Dothideomycetes"
"Fungi","Ascomycota","uncl_Ascomycota","uncl_Ascomycota","uncl_Ascomycota","uncl_Ascomycota","uncl_Ascomycota"
"Fungi","Ascomycota","Sordariomycetes","Atractosporales","uncl_Atractosporales","uncl_Atractosporales","uncl_Atractosporales"
"Fungi","Ascomycota","uncl_Ascomycota","uncl_Ascomycota","uncl_Ascomycota","uncl_Ascomycota","uncl_Ascomycota"
"Fungi","Ascomycota","uncl_Ascomycota","uncl_Ascomycota","uncl_Ascomycota","uncl_Ascomycota","uncl_Ascomycota"
"Fungi","Ascomycota","Dothideomycetes","Pleosporales","uncl_Pleosporales","uncl_Pleosporales","uncl_Pleosporales"
"Fungi","Ascomycota","Sordariomycetes","Hypocreales","uncl_Hypocreales","uncl_Hypocreales","uncl_Hypocreales"
"Fungi","Mucoromycota","Glomeromycetes","Glomerales","Glomeraceae","Rhizophagus","Rhizophagus_prolifer"
"Fungi","Ascomycota","Sordariomycetes","Sordariales","Podosporaceae","Podospora","Podospora_bullata"
"Fungi","Mucoromycota","Glomeromycetes","Glomerales","Glomeraceae","uncl_Glomeraceae","uncl_Glomeraceae"
"Fungi","Mucoromycota","Glomeromycetes","Glomerales","Glomeraceae","Glomus","uncl_Glomus"
"Fungi","Ascomycota","uncl_Ascomycota","uncl_Ascomycota","uncl_Ascomycota","uncl_Ascomycota","uncl_Ascomycota"
"Fungi","Basidiomycota","Agaricomycetes","Agaricales","Bolbitiaceae","Conocybe","uncl_Conocybe"
"Fungi","Ascomycota","Dothideomycetes","uncl_Dothideomycetes","uncl_Dothideomycetes","uncl_Dothideomycetes","uncl_Dothideomycetes"
"Fungi","Mucoromycota","Glomeromycetes","Glomerales","Glomeraceae","uncl_Glomeraceae","uncl_Glomeraceae"
"Fungi","Mucoromycota","Glomeromycetes","Entrophosporales","uncl_Entrophosporales","uncl_Entrophosporales","uncl_Entrophosporales"
"Fungi","Basidiomycota","Agaricomycetes","Agaricales","Hygrophoraceae","Arrhenia","uncl_Arrhenia"
"Fungi","Basidiomycota","Agaricomycetes","Tremellodendropsidales","uncl_Tremellodendropsidales","uncl_Tremellodendropsidales","uncl_Tremellodendropsidales"
"Fungi","Ascomycota","Pezizomycetes","Pezizales","Ascobolaceae","Ascobolus","uncl_Ascobolus"
"Fungi","Basidiomycota","Microbotryomycetes","Leucosporidiales","Leucosporidiaceae","Leucosporidium","uncl_Leucosporidium"
"Fungi","Ascomycota","Sordariomycetes","Coniochaetales","Coniochaetaceae","uncl_Coniochaetaceae","uncl_Coniochaetaceae"
"Fungi","Mucoromycota","Glomeromycetes","Glomerales","Glomeraceae","Rhizophagus","Rhizophagus_irregularis"
"Fungi","Ascomycota","Dothideomycetes","Pleosporales","uncl_Pleosporales","uncl_Pleosporales","uncl_Pleosporales"
"Fungi","Basidiomycota","Agaricomycetes","Agaricales","uncl_Agaricales","uncl_Agaricales","uncl_Agaricales"
"Fungi","Ascomycota","uncl_Ascomycota","uncl_Ascomycota","uncl_Ascomycota","uncl_Ascomycota","uncl_Ascomycota"
"Fungi","Basidiomycota","Agaricomycetes","Sebacinales","uncl_Sebacinales","uncl_Sebacinales","uncl_Sebacinales"
"Fungi","Ascomycota","Sordariomycetes","Trichosphaeriales","Trichosphaeriaceae","Nigrospora","uncl_Nigrospora"
"Fungi","Ascomycota","Dothideomycetes","Venturiales","Venturiaceae","uncl_Venturiaceae","uncl_Venturiaceae"
"Fungi","Ascomycota","uncl_Ascomycota","uncl_Ascomycota","uncl_Ascomycota","uncl_Ascomycota","uncl_Ascomycota"
"Fungi","Ascomycota","Dothideomycetes","uncl_Dothideomycetes","uncl_Dothideomycetes","uncl_Dothideomycetes","uncl_Dothideomycetes"
"Fungi","Ascomycota","Dothideomycetes","uncl_Dothideomycetes","uncl_Dothideomycetes","uncl_Dothideomycetes","uncl_Dothideomycetes"
"Fungi","Ascomycota","Eurotiomycetes","uncl_Eurotiomycetes","uncl_Eurotiomycetes","uncl_Eurotiomycetes","uncl_Eurotiomycetes"
"Fungi","Basidiomycota","Agaricomycetes","Cantharellales","uncl_Cantharellales","uncl_Cantharellales","uncl_Cantharellales"
"Fungi","Basidiomycota","Geminibasidiomycetes","Geminibasidiales","Geminibasidiaceae","Geminibasidium","uncl_Geminibasidium"
"Fungi","Mucoromycota","Glomeromycetes","Glomerales","Glomeraceae","uncl_Glomeraceae","uncl_Glomeraceae"
"Fungi","Ascomycota","Sordariomycetes","Diaporthales","Schizoparmaceae","uncl_Schizoparmaceae","uncl_Schizoparmaceae"
"Fungi","Basidiomycota","Ustilaginomycetes","Violaceomycetales","uncl_Violaceomycetales","uncl_Violaceomycetales","uncl_Violaceomycetales"
"Fungi","Chytridiomycota","Rhizophlyctidomycetes","Rhizophlyctidales","Rhizophlyctidaceae","Rhizophlyctis","uncl_Rhizophlyctis"
"Fungi","Ascomycota","uncl_Ascomycota","uncl_Ascomycota","uncl_Ascomycota","uncl_Ascomycota","uncl_Ascomycota"
"Fungi","Ascomycota","Sordariomycetes","uncl_Sordariomycetes","uncl_Sordariomycetes","uncl_Sordariomycetes","uncl_Sordariomycetes"
"Fungi","Ascomycota","Dothideomycetes","uncl_Dothideomycetes","uncl_Dothideomycetes","uncl_Dothideomycetes","uncl_Dothideomycetes"
"Fungi","Ascomycota","Dothideomycetes","Pleosporales","Pleosporaceae","Alternaria","uncl_Alternaria"
"Fungi","Basidiomycota","Agaricomycetes","Agaricales","Pluteaceae","uncl_Pluteaceae","uncl_Pluteaceae"
"Fungi","Basidiomycota","uncl_Basidiomycota","uncl_Basidiomycota","uncl_Basidiomycota","uncl_Basidiomycota","uncl_Basidiomycota"
"Fungi","Mucoromycota","uncl_Mucoromycota","uncl_Mucoromycota","uncl_Mucoromycota","uncl_Mucoromycota","uncl_Mucoromycota"
"Fungi","Mucoromycota","Glomeromycetes","Glomerales","Glomeraceae","uncl_Glomeraceae","uncl_Glomeraceae"
"Fungi","Basidiomycota","uncl_Basidiomycota","uncl_Basidiomycota","uncl_Basidiomycota","uncl_Basidiomycota","uncl_Basidiomycota"
"Fungi","Ascomycota","Dothideomycetes","Pleosporales","uncl_Pleosporales","uncl_Pleosporales","uncl_Pleosporales"
"Fungi","Ascomycota","Sordariomycetes","uncl_Sordariomycetes","uncl_Sordariomycetes","uncl_Sordariomycetes","uncl_Sordariomycetes"
"Fungi","Mucoromycota","Glomeromycetes","Glomerales","Glomeraceae","uncl_Glomeraceae","uncl_Glomeraceae"
"Fungi","Ascomycota","uncl_Ascomycota","uncl_Ascomycota","uncl_Ascomycota","uncl_Ascomycota","uncl_Ascomycota"
"Fungi","Chytridiomycota","Spizellomycetes","Spizellomycetales","Powellomycetaceae","Powellomyces","uncl_Powellomyces"
"Fungi","Ascomycota","Sordariomycetes","Sordariales","Podosporaceae","Podospora","uncl_Podospora"
"Fungi","Ascomycota","uncl_Ascomycota","uncl_Ascomycota","uncl_Ascomycota","uncl_Ascomycota","uncl_Ascomycota"
"Fungi","Basidiomycota","Agaricomycetes","Polyporales","uncl_Polyporales","uncl_Polyporales","uncl_Polyporales"
"Fungi","Ascomycota","Dothideomycetes","Pleosporales","uncl_Pleosporales","uncl_Pleosporales","uncl_Pleosporales"
"Fungi","Chytridiomycota","Rhizophlyctidomycetes","Rhizophlyctidales","Rhizophlyctidaceae","Rhizophlyctis","Rhizophlyctis_rosea"
"Fungi","Basidiomycota","Agaricomycetes","Corticiales","uncl_Corticiales","uncl_Corticiales","uncl_Corticiales"
"Fungi","Chytridiomycota","Rhizophlyctidomycetes","Rhizophlyctidales","Rhizophlyctidaceae","Rhizophlyctis","uncl_Rhizophlyctis"
"Fungi","Basidiomycota","Agaricomycetes","Corticiales","uncl_Corticiales","uncl_Corticiales","uncl_Corticiales"
"Fungi","Ascomycota","uncl_Ascomycota","uncl_Ascomycota","uncl_Ascomycota","uncl_Ascomycota","uncl_Ascomycota"
"Fungi","Basidiomycota","GS25","GS25_ord_Incertae_sedis","uncl_GS25_ord_Incertae_sedis","uncl_GS25_ord_Incertae_sedis","uncl_GS25_ord_Incertae_sedis"
"Fungi","Ascomycota","Dothideomycetes","Venturiales","Sympoventuriaceae","uncl_Sympoventuriaceae","uncl_Sympoventuriaceae"
"Fungi","Basidiomycota","Agaricomycetes","Agaricales","Agaricaceae","Tulostoma","uncl_Tulostoma"
"Fungi","Mucoromycota","Glomeromycetes","Glomerales","Glomeraceae","uncl_Glomeraceae","uncl_Glomeraceae"
"Fungi","Chytridiomycota","uncl_Chytridiomycota","uncl_Chytridiomycota","uncl_Chytridiomycota","uncl_Chytridiomycota","uncl_Chytridiomycota"
"Fungi","Ascomycota","Sordariomycetes","uncl_Sordariomycetes","uncl_Sordariomycetes","uncl_Sordariomycetes","uncl_Sordariomycetes"
"Fungi","Basidiomycota","Agaricomycetes","Thelephorales","Thelephoraceae","uncl_Thelephoraceae","uncl_Thelephoraceae"
"Fungi","Basidiomycota","Agaricomycetes","Sebacinales","uncl_Sebacinales","uncl_Sebacinales","uncl_Sebacinales"
"Fungi","Basidiomycota","Agaricomycetes","Agaricales","Agaricaceae","Tulostoma","uncl_Tulostoma"
"Fungi","Mucoromycota","Glomeromycetes","Glomerales","uncl_Glomerales","uncl_Glomerales","uncl_Glomerales"
"Fungi","Mucoromycota","Glomeromycetes","uncl_Glomeromycetes","uncl_Glomeromycetes","uncl_Glomeromycetes","uncl_Glomeromycetes"
"Fungi","Ascomycota","Eurotiomycetes","uncl_Eurotiomycetes","uncl_Eurotiomycetes","uncl_Eurotiomycetes","uncl_Eurotiomycetes"
"Fungi","Basidiomycota","uncl_Basidiomycota","uncl_Basidiomycota","uncl_Basidiomycota","uncl_Basidiomycota","uncl_Basidiomycota"
"Fungi","Ascomycota","Dothideomycetes","uncl_Dothideomycetes","uncl_Dothideomycetes","uncl_Dothideomycetes","uncl_Dothideomycetes"
"Fungi","Ascomycota","Sordariomycetes","uncl_Sordariomycetes","uncl_Sordariomycetes","uncl_Sordariomycetes","uncl_Sordariomycetes"
"Fungi","Mucoromycota","Glomeromycetes","Glomerales","Glomeraceae","uncl_Glomeraceae","uncl_Glomeraceae"
"Fungi","Ascomycota","Sordariomycetes","Hypocreales","uncl_Hypocreales","uncl_Hypocreales","uncl_Hypocreales"
"Fungi","Mucoromycota","Glomeromycetes","Glomerales","Glomeraceae","uncl_Glomeraceae","uncl_Glomeraceae"
"Fungi","Ascomycota","uncl_Ascomycota","uncl_Ascomycota","uncl_Ascomycota","uncl_Ascomycota","uncl_Ascomycota"
"Fungi","Mucoromycota","uncl_Mucoromycota","uncl_Mucoromycota","uncl_Mucoromycota","uncl_Mucoromycota","uncl_Mucoromycota"
"Fungi","Basidiomycota","Agaricomycetes","Corticiales","uncl_Corticiales","uncl_Corticiales","uncl_Corticiales"
"Fungi","Ascomycota","Dothideomycetes","Pleosporales","Sporormiaceae","Preussia","uncl_Preussia"
"Fungi","Mucoromycota","Mortierellomycetes","Mortierellales","Mortierellaceae","uncl_Mortierellaceae","uncl_Mortierellaceae"
"Fungi","Basidiomycota","uncl_Basidiomycota","uncl_Basidiomycota","uncl_Basidiomycota","uncl_Basidiomycota","uncl_Basidiomycota"
"Fungi","Ascomycota","uncl_Ascomycota","uncl_Ascomycota","uncl_Ascomycota","uncl_Ascomycota","uncl_Ascomycota"
"Fungi","Ascomycota","Dothideomycetes","Venturiales","Venturiaceae","uncl_Venturiaceae","uncl_Venturiaceae"
"Fungi","Ascomycota","Dothideomycetes","uncl_Dothideomycetes","uncl_Dothideomycetes","uncl_Dothideomycetes","uncl_Dothideomycetes"
"Fungi","Ascomycota","Sordariomycetes","Sordariales","uncl_Sordariales","uncl_Sordariales","uncl_Sordariales"
"Fungi","Ascomycota","Arthoniomycetes","Lichenostigmatales","Phaeococcomycetaceae","Phaeococcomyces","Phaeococcomyces_mexicanus"
"Fungi","Ascomycota","Dothideomycetes","Pleosporales","Didymellaceae","Phoma","uncl_Phoma"
"Fungi","Basidiomycota","Cystobasidiomycetes","uncl_Cystobasidiomycetes","uncl_Cystobasidiomycetes","uncl_Cystobasidiomycetes","uncl_Cystobasidiomycetes"
"Fungi","Ascomycota","Sordariomycetes","Xylariales","Xylariaceae","uncl_Xylariaceae","uncl_Xylariaceae"
"Fungi","Ascomycota","Sordariomycetes","Xylariales","Xylariaceae","uncl_Xylariaceae","uncl_Xylariaceae"
"Fungi","Basidiomycota","Agaricomycetes","Agaricales","Agaricaceae","Tulostoma","uncl_Tulostoma"
"Fungi","Mucoromycota","Glomeromycetes","Glomerales","Glomeraceae","uncl_Glomeraceae","uncl_Glomeraceae"
"Fungi","Mucoromycota","uncl_Mucoromycota","uncl_Mucoromycota","uncl_Mucoromycota","uncl_Mucoromycota","uncl_Mucoromycota"
"Fungi","Basidiomycota","Agaricomycetes","Sebacinales","uncl_Sebacinales","uncl_Sebacinales","uncl_Sebacinales"
"Fungi","Mucoromycota","Glomeromycetes","Glomerales","Glomeraceae","uncl_Glomeraceae","uncl_Glomeraceae"
"Fungi","Ascomycota","Eurotiomycetes","Onygenales","uncl_Onygenales","uncl_Onygenales","uncl_Onygenales"
"Fungi","Mucoromycota","Glomeromycetes","Glomerales","Glomeraceae","Kamienskia","Kamienskia_divaricata"
"Fungi","Ascomycota","Dothideomycetes","uncl_Dothideomycetes","uncl_Dothideomycetes","uncl_Dothideomycetes","uncl_Dothideomycetes"
"Fungi","Ascomycota","Sordariomycetes","Xylariales","uncl_Xylariales","uncl_Xylariales","uncl_Xylariales"
"Fungi","Mucoromycota","Glomeromycetes","Glomerales","uncl_Glomerales","uncl_Glomerales","uncl_Glomerales"
"Fungi","Basidiomycota","uncl_Basidiomycota","uncl_Basidiomycota","uncl_Basidiomycota","uncl_Basidiomycota","uncl_Basidiomycota"
"Fungi","Basidiomycota","Agaricomycetes","Agaricales","Marasmiaceae","uncl_Marasmiaceae","uncl_Marasmiaceae"
"Fungi","Mucoromycota","Glomeromycetes","Glomerales","Glomeraceae","uncl_Glomeraceae","uncl_Glomeraceae"
"Fungi","Ascomycota","Sordariomycetes","Hypocreales","Nectriaceae","uncl_Nectriaceae","uncl_Nectriaceae"
"Fungi","Basidiomycota","Agaricomycetes","Agaricales","Agaricaceae","Coprinus","Coprinus_trigonosporus"
"Fungi","Ascomycota","Sordariomycetes","uncl_Sordariomycetes","uncl_Sordariomycetes","uncl_Sordariomycetes","uncl_Sordariomycetes"
"Fungi","Ascomycota","Sordariomycetes","uncl_Sordariomycetes","uncl_Sordariomycetes","uncl_Sordariomycetes","uncl_Sordariomycetes"
"Fungi","Mucoromycota","Glomeromycetes","Glomerales","Glomeraceae","uncl_Glomeraceae","uncl_Glomeraceae"
"Fungi","Ascomycota","Dothideomycetes","Pleosporales","Periconiaceae","Periconia","Periconia_epilithographicola"
"Fungi","Mucoromycota","Glomeromycetes","Glomerales","Glomeraceae","uncl_Glomeraceae","uncl_Glomeraceae"
"Fungi","Ascomycota","Eurotiomycetes","uncl_Eurotiomycetes","uncl_Eurotiomycetes","uncl_Eurotiomycetes","uncl_Eurotiomycetes"
"Fungi","Ascomycota","Eurotiomycetes","Onygenales","uncl_Onygenales","uncl_Onygenales","uncl_Onygenales"
"Fungi","Ascomycota","uncl_Ascomycota","uncl_Ascomycota","uncl_Ascomycota","uncl_Ascomycota","uncl_Ascomycota"
"Fungi","Basidiomycota","Agaricomycetes","Agaricales","Psathyrellaceae","Parasola","uncl_Parasola"
"Fungi","Ascomycota","Pezizomycetes","Pezizales","uncl_Pezizales","uncl_Pezizales","uncl_Pezizales"
"Fungi","Mucoromycota","Glomeromycetes","uncl_Glomeromycetes","uncl_Glomeromycetes","uncl_Glomeromycetes","uncl_Glomeromycetes"
"Fungi","Basidiomycota","Agaricomycetes","Agaricales","Psathyrellaceae","Psathyrella","uncl_Psathyrella"
"Fungi","Basidiomycota","Microbotryomycetes","Sporidiobolales","Sporidiobolaceae","Sporobolomyces","uncl_Sporobolomyces"
"Fungi","Basidiomycota","Agaricomycetes","Agaricales","Agaricaceae","uncl_Agaricaceae","uncl_Agaricaceae"
"Fungi","Mucoromycota","Glomeromycetes","Glomerales","Glomeraceae","Dominikia","Dominikia_iranica"
"Fungi","Basidiomycota","Agaricomycetes","Cantharellales","Ceratobasidiaceae","uncl_Ceratobasidiaceae","uncl_Ceratobasidiaceae"
"Fungi","Ascomycota","uncl_Ascomycota","uncl_Ascomycota","uncl_Ascomycota","uncl_Ascomycota","uncl_Ascomycota"
"Fungi","Basidiomycota","Agaricomycetes","Agaricales","Psathyrellaceae","Parasola","uncl_Parasola"
"Fungi","Basidiomycota","Agaricomycetes","Boletales","Coniophoraceae","Coniophora","Coniophora_eremophila"
"Fungi","Ascomycota","Sordariomycetes","uncl_Sordariomycetes","uncl_Sordariomycetes","uncl_Sordariomycetes","uncl_Sordariomycetes"
"Fungi","Basidiomycota","Agaricomycetes","Agaricales","Agaricaceae","Agaricus","uncl_Agaricus"
"Fungi","Basidiomycota","Agaricomycetes","Agaricales","Psathyrellaceae","uncl_Psathyrellaceae","uncl_Psathyrellaceae"
"Fungi","Mucoromycota","Glomeromycetes","Glomerales","Glomeraceae","uncl_Glomeraceae","uncl_Glomeraceae"
"Fungi","Mucoromycota","Glomeromycetes","Glomerales","Glomeraceae","Kamienskia","Kamienskia_bistrata"
"Fungi","Basidiomycota","Agaricomycetes","Agaricales","uncl_Agaricales","uncl_Agaricales","uncl_Agaricales"
"Fungi","Basidiomycota","Agaricomycetes","Agaricales","uncl_Agaricales","uncl_Agaricales","uncl_Agaricales"
"Fungi","Basidiomycota","Agaricomycetes","Agaricales","uncl_Agaricales","uncl_Agaricales","uncl_Agaricales"
"Fungi","Basidiomycota","Agaricomycetes","Agaricales","uncl_Agaricales","uncl_Agaricales","uncl_Agaricales"
"Fungi","Basidiomycota","Agaricomycetes","Agaricales","uncl_Agaricales","uncl_Agaricales","uncl_Agaricales"
"Fungi","Ascomycota","Dothideomycetes","uncl_Dothideomycetes","uncl_Dothideomycetes","uncl_Dothideomycetes","uncl_Dothideomycetes"
"Fungi","Basidiomycota","Agaricomycetes","Agaricales","Bolbitiaceae","Conocybe","uncl_Conocybe"
"Fungi","Basidiomycota","Agaricomycetes","Agaricales","uncl_Agaricales","uncl_Agaricales","uncl_Agaricales"
"Fungi","Basidiomycota","Agaricomycetes","Agaricales","Entolomataceae","Entoloma","uncl_Entoloma"
"Fungi","Basidiomycota","Agaricomycetes","Agaricales","uncl_Agaricales","uncl_Agaricales","uncl_Agaricales"
"Fungi","Ascomycota","uncl_Ascomycota","uncl_Ascomycota","uncl_Ascomycota","uncl_Ascomycota","uncl_Ascomycota"
"Fungi","Ascomycota","Sordariomycetes","Glomerellales","Plectosphaerellaceae","Lectera","Lectera_nordwiniana"
"Fungi","Mucoromycota","Glomeromycetes","Glomerales","uncl_Glomerales","uncl_Glomerales","uncl_Glomerales"
"Fungi","Basidiomycota","Agaricomycetes","Agaricales","uncl_Agaricales","uncl_Agaricales","uncl_Agaricales"
"Fungi","Basidiomycota","Agaricomycetes","Cantharellales","Ceratobasidiaceae","uncl_Ceratobasidiaceae","uncl_Ceratobasidiaceae"
"Fungi","Ascomycota","Dothideomycetes","Pleosporales","Pleosporaceae","uncl_Pleosporaceae","uncl_Pleosporaceae"
"Fungi","Ascomycota","uncl_Ascomycota","uncl_Ascomycota","uncl_Ascomycota","uncl_Ascomycota","uncl_Ascomycota"
"Fungi","Ascomycota","Dothideomycetes","uncl_Dothideomycetes","uncl_Dothideomycetes","uncl_Dothideomycetes","uncl_Dothideomycetes"
"Fungi","Ascomycota","Sordariomycetes","uncl_Sordariomycetes","uncl_Sordariomycetes","uncl_Sordariomycetes","uncl_Sordariomycetes"
"Fungi","Basidiomycota","Agaricomycetes","Agaricales","Psathyrellaceae","Coprinopsis","uncl_Coprinopsis"
"Fungi","Basidiomycota","Agaricomycetes","Agaricales","Agaricaceae","Tulostoma","uncl_Tulostoma"
"Fungi","Ascomycota","Pezizomycetes","Pezizales","Pyronemataceae","uncl_Pyronemataceae","uncl_Pyronemataceae"
"Fungi","Basidiomycota","Agaricomycetes","Agaricales","uncl_Agaricales","uncl_Agaricales","uncl_Agaricales"
"Fungi","Ascomycota","Pezizomycetes","uncl_Pezizomycetes","uncl_Pezizomycetes","uncl_Pezizomycetes","uncl_Pezizomycetes"
"Fungi","Ascomycota","uncl_Ascomycota","uncl_Ascomycota","uncl_Ascomycota","uncl_Ascomycota","uncl_Ascomycota"
"Fungi","Ascomycota","Sordariomycetes","Myrmecridiales","Myrmecridiaceae","Myrmecridium","uncl_Myrmecridium"
"Fungi","Ascomycota","Sordariomycetes","Hypocreales","uncl_Hypocreales","uncl_Hypocreales","uncl_Hypocreales"
"Fungi","Basidiomycota","Agaricomycetes","Tremellodendropsidales","uncl_Tremellodendropsidales","uncl_Tremellodendropsidales","uncl_Tremellodendropsidales"
"Fungi","Ascomycota","Sordariomycetes","uncl_Sordariomycetes","uncl_Sordariomycetes","uncl_Sordariomycetes","uncl_Sordariomycetes"
"Fungi","Ascomycota","Eurotiomycetes","Chaetothyriales","uncl_Chaetothyriales","uncl_Chaetothyriales","uncl_Chaetothyriales"
"Fungi","Ascomycota","Sordariomycetes","uncl_Sordariomycetes","uncl_Sordariomycetes","uncl_Sordariomycetes","uncl_Sordariomycetes"
"Fungi","Ascomycota","uncl_Ascomycota","uncl_Ascomycota","uncl_Ascomycota","uncl_Ascomycota","uncl_Ascomycota"
"Fungi","Basidiomycota","Agaricomycetes","Russulales","Lachnocladiaceae","Vararia","uncl_Vararia"
"Fungi","Basidiomycota","Agaricomycetes","Agaricales","Marasmiaceae","Marasmius","uncl_Marasmius"
"Fungi","Basidiomycota","Agaricomycetes","Agaricales","Marasmiaceae","Marasmius","uncl_Marasmius"
"Fungi","Basidiomycota","Agaricomycetes","Geastrales","Geastraceae","Geastrum","uncl_Geastrum"
"Fungi","Ascomycota","uncl_Ascomycota","uncl_Ascomycota","uncl_Ascomycota","uncl_Ascomycota","uncl_Ascomycota"
"Fungi","Ascomycota","Sordariomycetes","Hypocreales","Hypocreales_fam_Incertae_sedis","Sarocladium","uncl_Sarocladium"
"Fungi","Mucoromycota","Glomeromycetes","uncl_Glomeromycetes","uncl_Glomeromycetes","uncl_Glomeromycetes","uncl_Glomeromycetes"
"Fungi","Ascomycota","Eurotiomycetes","Chaetothyriales","uncl_Chaetothyriales","uncl_Chaetothyriales","uncl_Chaetothyriales"
"Fungi","Ascomycota","Eurotiomycetes","uncl_Eurotiomycetes","uncl_Eurotiomycetes","uncl_Eurotiomycetes","uncl_Eurotiomycetes"
"Fungi","Basidiomycota","Agaricomycetes","Auriculariales","uncl_Auriculariales","uncl_Auriculariales","uncl_Auriculariales"
"Fungi","Ascomycota","Sordariomycetes","Sordariomycetes_ord_Incertae_sedis","Sordariomycetes_fam_Incertae_sedis","Aquapteridospora","uncl_Aquapteridospora"
"Fungi","Ascomycota","uncl_Ascomycota","uncl_Ascomycota","uncl_Ascomycota","uncl_Ascomycota","uncl_Ascomycota"
"Fungi","Ascomycota","uncl_Ascomycota","uncl_Ascomycota","uncl_Ascomycota","uncl_Ascomycota","uncl_Ascomycota"
"Fungi","Ascomycota","Sordariomycetes","uncl_Sordariomycetes","uncl_Sordariomycetes","uncl_Sordariomycetes","uncl_Sordariomycetes"
"Fungi","Ascomycota","Leotiomycetes","Helotiales","Hyaloscyphaceae","Lachnum","uncl_Lachnum"
"Fungi","Basidiomycota","Agaricomycetes","Cantharellales","Botryobasidiaceae","Botryobasidium","Botryobasidium_laeve"
"Fungi","Ascomycota","Orbiliomycetes","Orbiliales","uncl_Orbiliales","uncl_Orbiliales","uncl_Orbiliales"
"Fungi","Ascomycota","Dothideomycetes","Mytilinidiales","Mytilinidiaceae","Mytilinidion","uncl_Mytilinidion"
"Fungi","Ascomycota","Pezizomycetes","Pezizales","uncl_Pezizales","uncl_Pezizales","uncl_Pezizales"
"Fungi","Ascomycota","Sordariomycetes","uncl_Sordariomycetes","uncl_Sordariomycetes","uncl_Sordariomycetes","uncl_Sordariomycetes"
"Fungi","Ascomycota","Dothideomycetes","Venturiales","Venturiaceae","uncl_Venturiaceae","uncl_Venturiaceae"
"Fungi","Ascomycota","Orbiliomycetes","Orbiliales","uncl_Orbiliales","uncl_Orbiliales","uncl_Orbiliales"
"Fungi","Ascomycota","Sordariomycetes","uncl_Sordariomycetes","uncl_Sordariomycetes","uncl_Sordariomycetes","uncl_Sordariomycetes"
"Fungi","Ascomycota","Orbiliomycetes","Orbiliales","Orbiliaceae","uncl_Orbiliaceae","uncl_Orbiliaceae"
"Fungi","Ascomycota","Eurotiomycetes","Chaetothyriales","uncl_Chaetothyriales","uncl_Chaetothyriales","uncl_Chaetothyriales"
"Fungi","Ascomycota","Sordariomycetes","Hypocreales","Hypocreales_fam_Incertae_sedis","Sarocladium","uncl_Sarocladium"
"Fungi","Ascomycota","Eurotiomycetes","uncl_Eurotiomycetes","uncl_Eurotiomycetes","uncl_Eurotiomycetes","uncl_Eurotiomycetes"
"Fungi","Basidiomycota","Agaricomycetes","Thelephorales","Thelephoraceae","uncl_Thelephoraceae","uncl_Thelephoraceae"
"Fungi","Ascomycota","Dothideomycetes","Acrospermales","Acrospermaceae","Acrospermum","uncl_Acrospermum"
"Fungi","Mucoromycota","Glomeromycetes","Glomerales","Glomeraceae","Dominikia","uncl_Dominikia"
"Fungi","Ascomycota","Eurotiomycetes","Chaetothyriales","uncl_Chaetothyriales","uncl_Chaetothyriales","uncl_Chaetothyriales"
"Fungi","Ascomycota","Eurotiomycetes","Chaetothyriales","uncl_Chaetothyriales","uncl_Chaetothyriales","uncl_Chaetothyriales"
"Fungi","Ascomycota","uncl_Ascomycota","uncl_Ascomycota","uncl_Ascomycota","uncl_Ascomycota","uncl_Ascomycota"
"Fungi","Ascomycota","Dothideomycetes","Pleosporales","uncl_Pleosporales","uncl_Pleosporales","uncl_Pleosporales"
"Fungi","Ascomycota","Sordariomycetes","uncl_Sordariomycetes","uncl_Sordariomycetes","uncl_Sordariomycetes","uncl_Sordariomycetes"
"Fungi","Ascomycota","Eurotiomycetes","uncl_Eurotiomycetes","uncl_Eurotiomycetes","uncl_Eurotiomycetes","uncl_Eurotiomycetes"
"Fungi","Ascomycota","Orbiliomycetes","Orbiliales","Orbiliaceae","Hyalorbilia","uncl_Hyalorbilia"
"Fungi","Ascomycota","Eurotiomycetes","Chaetothyriales","Herpotrichiellaceae","Exophiala","uncl_Exophiala"
"Fungi","Ascomycota","Orbiliomycetes","Orbiliales","Orbiliaceae","uncl_Orbiliaceae","uncl_Orbiliaceae"
"Fungi","Ascomycota","uncl_Ascomycota","uncl_Ascomycota","uncl_Ascomycota","uncl_Ascomycota","uncl_Ascomycota"
"Fungi","Ascomycota","Sordariomycetes","Magnaporthales","Ophioceraceae","Ophioceras","uncl_Ophioceras"
"Fungi","Ascomycota","Dothideomycetes","Pleosporales","uncl_Pleosporales","uncl_Pleosporales","uncl_Pleosporales"
"Fungi","Basidiomycota","Agaricomycetes","Auriculariales","uncl_Auriculariales","uncl_Auriculariales","uncl_Auriculariales"
"Fungi","Basidiomycota","Agaricomycetes","Sebacinales","uncl_Sebacinales","uncl_Sebacinales","uncl_Sebacinales"
"Fungi","Ascomycota","Sordariomycetes","Hypocreales","Cordycipitaceae","Simplicillium","uncl_Simplicillium"
"Fungi","Basidiomycota","Agaricomycetes","Cantharellales","Botryobasidiaceae","Botryobasidium","Botryobasidium_laeve"
"Fungi","Basidiomycota","Tremellomycetes","Tremellales","uncl_Tremellales","uncl_Tremellales","uncl_Tremellales"
"Fungi","Ascomycota","uncl_Ascomycota","uncl_Ascomycota","uncl_Ascomycota","uncl_Ascomycota","uncl_Ascomycota"
"Fungi","Ascomycota","Sordariomycetes","Sordariales","Sordariaceae","Diplogelasinospora","Diplogelasinospora_grovesii"
"Fungi","Basidiomycota","uncl_Basidiomycota","uncl_Basidiomycota","uncl_Basidiomycota","uncl_Basidiomycota","uncl_Basidiomycota"
"Fungi","Ascomycota","Leotiomycetes","uncl_Leotiomycetes","uncl_Leotiomycetes","uncl_Leotiomycetes","uncl_Leotiomycetes"
"Fungi","Ascomycota","Sordariomycetes","Myrmecridiales","Myrmecridiaceae","Myrmecridium","uncl_Myrmecridium"
"Fungi","Ascomycota","Dothideomycetes","uncl_Dothideomycetes","uncl_Dothideomycetes","uncl_Dothideomycetes","uncl_Dothideomycetes"
"Fungi","Ascomycota","Eurotiomycetes","Chaetothyriales","Herpotrichiellaceae","Cladophialophora","uncl_Cladophialophora"
"Fungi","Basidiomycota","Cystobasidiomycetes","uncl_Cystobasidiomycetes","uncl_Cystobasidiomycetes","uncl_Cystobasidiomycetes","uncl_Cystobasidiomycetes"
"Fungi","Basidiomycota","Tremellomycetes","Cystofilobasidiales","Mrakiaceae","Tausonia","Tausonia_pullulans"
"Fungi","Ascomycota","Leotiomycetes","uncl_Leotiomycetes","uncl_Leotiomycetes","uncl_Leotiomycetes","uncl_Leotiomycetes"
"Fungi","Ascomycota","Sordariomycetes","Hypocreales","uncl_Hypocreales","uncl_Hypocreales","uncl_Hypocreales"
"Fungi","Ascomycota","Eurotiomycetes","Chaetothyriales","Herpotrichiellaceae","Exophiala","uncl_Exophiala"
"Fungi","Ascomycota","Sordariomycetes","uncl_Sordariomycetes","uncl_Sordariomycetes","uncl_Sordariomycetes","uncl_Sordariomycetes"
"Fungi","Ascomycota","Sordariomycetes","Sordariales","Chaetomiaceae","Dichotomopilus","uncl_Dichotomopilus"
"Fungi","Chytridiomycota","Spizellomycetes","Spizellomycetales","Powellomycetaceae","Geranomyces","Geranomyces_variabilis"
"Fungi","Ascomycota","Leotiomycetes","Helotiales","uncl_Helotiales","uncl_Helotiales","uncl_Helotiales"
"Fungi","Ascomycota","Orbiliomycetes","Orbiliales","Orbiliaceae","uncl_Orbiliaceae","uncl_Orbiliaceae"
"Fungi","Basidiomycota","Agaricomycetes","uncl_Agaricomycetes","uncl_Agaricomycetes","uncl_Agaricomycetes","uncl_Agaricomycetes"
"Fungi","Ascomycota","uncl_Ascomycota","uncl_Ascomycota","uncl_Ascomycota","uncl_Ascomycota","uncl_Ascomycota"
"Fungi","Basidiomycota","Agaricomycetes","Thelephorales","Thelephoraceae","uncl_Thelephoraceae","uncl_Thelephoraceae"
"Fungi","Ascomycota","Leotiomycetes","uncl_Leotiomycetes","uncl_Leotiomycetes","uncl_Leotiomycetes","uncl_Leotiomycetes"
"Fungi","Ascomycota","Orbiliomycetes","Orbiliales","uncl_Orbiliales","uncl_Orbiliales","uncl_Orbiliales"
"Fungi","Ascomycota","Pezizomycetes","Pezizales","uncl_Pezizales","uncl_Pezizales","uncl_Pezizales"
"Fungi","Ascomycota","Sordariomycetes","Hypocreales","uncl_Hypocreales","uncl_Hypocreales","uncl_Hypocreales"
"Fungi","Ascomycota","Orbiliomycetes","Orbiliales","uncl_Orbiliales","uncl_Orbiliales","uncl_Orbiliales"
"Fungi","Basidiomycota","Agaricomycetes","Agaricales","Bolbitiaceae","Conocybe","uncl_Conocybe"
"Fungi","Basidiomycota","Agaricomycetes","Boletales","Astraeaceae","Astraeus","Astraeus_morganii"
"Fungi","Ascomycota","Orbiliomycetes","Orbiliales","uncl_Orbiliales","uncl_Orbiliales","uncl_Orbiliales"
"Fungi","Mucoromycota","Glomeromycetes","Glomerales","Glomeraceae","Dominikia","uncl_Dominikia"
"Fungi","Ascomycota","uncl_Ascomycota","uncl_Ascomycota","uncl_Ascomycota","uncl_Ascomycota","uncl_Ascomycota"
"Fungi","Mucoromycota","uncl_Mucoromycota","uncl_Mucoromycota","uncl_Mucoromycota","uncl_Mucoromycota","uncl_Mucoromycota"
"Fungi","Mucoromycota","uncl_Mucoromycota","uncl_Mucoromycota","uncl_Mucoromycota","uncl_Mucoromycota","uncl_Mucoromycota"
"Fungi","Ascomycota","uncl_Ascomycota","uncl_Ascomycota","uncl_Ascomycota","uncl_Ascomycota","uncl_Ascomycota"
"Fungi","Basidiomycota","Agaricomycetes","Agaricales","Strophariaceae","Deconica","uncl_Deconica"
"Fungi","Mucoromycota","Mucoromycetes","uncl_Mucoromycetes","uncl_Mucoromycetes","uncl_Mucoromycetes","uncl_Mucoromycetes"
"Fungi","Basidiomycota","Tremellomycetes","Tremellales","Tremellaceae","uncl_Tremellaceae","uncl_Tremellaceae"
"Fungi","Mucoromycota","Mucoromycetes","Mucorales","Cunninghamellaceae","Absidia","Absidia_glauca"
"Fungi","Mucoromycota","Umbelopsidomycetes","Umbelopsidales","Umbelopsidaceae","Umbelopsis","uncl_Umbelopsis"
"Fungi","Basidiomycota","Agaricomycetes","Russulales","uncl_Russulales","uncl_Russulales","uncl_Russulales"
"Fungi","Mucoromycota","Mucoromycetes","Mucorales","Mucoraceae","Mucor","Mucor_racemosus"
"Fungi","Basidiomycota","Agaricomycetes","uncl_Agaricomycetes","uncl_Agaricomycetes","uncl_Agaricomycetes","uncl_Agaricomycetes"
"Fungi","Ascomycota","Eurotiomycetes","Chaetothyriales","Herpotrichiellaceae","Cladophialophora","uncl_Cladophialophora"
"Fungi","Ascomycota","uncl_Ascomycota","uncl_Ascomycota","uncl_Ascomycota","uncl_Ascomycota","uncl_Ascomycota"
"Fungi","Ascomycota","Sordariomycetes","uncl_Sordariomycetes","uncl_Sordariomycetes","uncl_Sordariomycetes","uncl_Sordariomycetes"
"Fungi","Ascomycota","uncl_Ascomycota","uncl_Ascomycota","uncl_Ascomycota","uncl_Ascomycota","uncl_Ascomycota"
"Fungi","Mucoromycota","Mucoromycetes","Mucorales","Cunninghamellaceae","Absidia","uncl_Absidia"
"Fungi","Ascomycota","Sordariomycetes","uncl_Sordariomycetes","uncl_Sordariomycetes","uncl_Sordariomycetes","uncl_Sordariomycetes"
"Fungi","Basidiomycota","uncl_Basidiomycota","uncl_Basidiomycota","uncl_Basidiomycota","uncl_Basidiomycota","uncl_Basidiomycota"
"Fungi","Basidiomycota","Agaricomycetes","Agaricales","Strophariaceae","Agrocybe","uncl_Agrocybe"
"Fungi","Ascomycota","uncl_Ascomycota","uncl_Ascomycota","uncl_Ascomycota","uncl_Ascomycota","uncl_Ascomycota"
"Fungi","Ascomycota","Dothideomycetes","Pleosporales","uncl_Pleosporales","uncl_Pleosporales","uncl_Pleosporales"
"Fungi","Ascomycota","Dothideomycetes","Pleosporales","uncl_Pleosporales","uncl_Pleosporales","uncl_Pleosporales"
"Fungi","Ascomycota","Sordariomycetes","uncl_Sordariomycetes","uncl_Sordariomycetes","uncl_Sordariomycetes","uncl_Sordariomycetes"
"Fungi","Ascomycota","uncl_Ascomycota","uncl_Ascomycota","uncl_Ascomycota","uncl_Ascomycota","uncl_Ascomycota"
"Fungi","Ascomycota","Leotiomycetes","Helotiales","uncl_Helotiales","uncl_Helotiales","uncl_Helotiales"
"Fungi","Basidiomycota","Agaricomycetes","Thelephorales","Thelephoraceae","uncl_Thelephoraceae","uncl_Thelephoraceae"
"Fungi","Basidiomycota","uncl_Basidiomycota","uncl_Basidiomycota","uncl_Basidiomycota","uncl_Basidiomycota","uncl_Basidiomycota"
"Fungi","Ascomycota","Pezizomycotina_cls_Incertae_sedis","uncl_Pezizomycotina_cls_Incertae_sedis","uncl_Pezizomycotina_cls_Incertae_sedis","uncl_Pezizomycotina_cls_Incertae_sedis","uncl_Pezizomycotina_cls_Incertae_sedis"
"Fungi","Basidiomycota","Agaricomycetes","Agaricales","Strophariaceae","Agrocybe","uncl_Agrocybe"
"Fungi","Basidiomycota","uncl_Basidiomycota","uncl_Basidiomycota","uncl_Basidiomycota","uncl_Basidiomycota","uncl_Basidiomycota"
"Fungi","Ascomycota","Sordariomycetes","Sordariomycetes_ord_Incertae_sedis","Junewangiaceae","uncl_Junewangiaceae","uncl_Junewangiaceae"
"Fungi","Ascomycota","uncl_Ascomycota","uncl_Ascomycota","uncl_Ascomycota","uncl_Ascomycota","uncl_Ascomycota"
"Fungi","Ascomycota","Eurotiomycetes","Chaetothyriales","uncl_Chaetothyriales","uncl_Chaetothyriales","uncl_Chaetothyriales"
"Fungi","Ascomycota","Eurotiomycetes","Chaetothyriales","uncl_Chaetothyriales","uncl_Chaetothyriales","uncl_Chaetothyriales"
"Fungi","Ascomycota","Lecanoromycetes","Ostropales","Stictidaceae","Karstenia","uncl_Karstenia"
"Fungi","Ascomycota","uncl_Ascomycota","uncl_Ascomycota","uncl_Ascomycota","uncl_Ascomycota","uncl_Ascomycota"
"Fungi","Ascomycota","Dothideomycetes","Pleosporales","uncl_Pleosporales","uncl_Pleosporales","uncl_Pleosporales"
"Fungi","Ascomycota","Lecanoromycetes","Peltigerales","Pannariaceae","Degelia","Degelia_gayana"
"Fungi","Basidiomycota","Agaricomycetes","Polyporales","uncl_Polyporales","uncl_Polyporales","uncl_Polyporales"
"Fungi","Ascomycota","uncl_Ascomycota","uncl_Ascomycota","uncl_Ascomycota","uncl_Ascomycota","uncl_Ascomycota"
"Fungi","Ascomycota","Sordariomycetes","Hypocreales","Clavicipitaceae","Marquandomyces","Marquandomyces_marquandii"
"Fungi","Ascomycota","Dothideomycetes","uncl_Dothideomycetes","uncl_Dothideomycetes","uncl_Dothideomycetes","uncl_Dothideomycetes"
"Fungi","Ascomycota","uncl_Ascomycota","uncl_Ascomycota","uncl_Ascomycota","uncl_Ascomycota","uncl_Ascomycota"
"Fungi","Basidiomycota","Tremellomycetes","Tremellales","Naemateliaceae","Dimennazyma","Dimennazyma_cisti-albidi"
"Fungi","Basidiomycota","Agaricomycetes","Agaricales","Agaricaceae","Agaricus","uncl_Agaricus"
"Fungi","Ascomycota","Sordariomycetes","Hypocreales","uncl_Hypocreales","uncl_Hypocreales","uncl_Hypocreales"
"Fungi","Basidiomycota","Agaricomycetes","Russulales","Russulaceae","Russula","uncl_Russula"
"Fungi","Ascomycota","Dothideomycetes","Dothideales","Dothioraceae","Sydowia","Sydowia_polyspora"
"Fungi","Ascomycota","Lecanoromycetes","Ostropales","Stictidaceae","uncl_Stictidaceae","uncl_Stictidaceae"
"Fungi","Ascomycota","Eurotiomycetes","Eurotiales","Aspergillaceae","uncl_Aspergillaceae","uncl_Aspergillaceae"
"Fungi","Basidiomycota","uncl_Basidiomycota","uncl_Basidiomycota","uncl_Basidiomycota","uncl_Basidiomycota","uncl_Basidiomycota"
"Fungi","Ascomycota","Sordariomycetes","Xylariales","Apiosporaceae","Apiospora","uncl_Apiospora"
"Fungi","Ascomycota","Eurotiomycetes","Chaetothyriales","uncl_Chaetothyriales","uncl_Chaetothyriales","uncl_Chaetothyriales"
"Fungi","Mucoromycota","Mucoromycetes","Mucorales","Cunninghamellaceae","Cunninghamella","Cunninghamella_elegans"
"Fungi","Ascomycota","uncl_Ascomycota","uncl_Ascomycota","uncl_Ascomycota","uncl_Ascomycota","uncl_Ascomycota"
"Fungi","Basidiomycota","uncl_Basidiomycota","uncl_Basidiomycota","uncl_Basidiomycota","uncl_Basidiomycota","uncl_Basidiomycota"
"Fungi","Basidiomycota","Agaricomycetes","Cantharellales","Hydnaceae","Clavulina","uncl_Clavulina"
"Fungi","Basidiomycota","Agaricomycetes","Hymenochaetales","Schizoporaceae","uncl_Schizoporaceae","uncl_Schizoporaceae"
"Fungi","Ascomycota","Leotiomycetes","Helotiales","uncl_Helotiales","uncl_Helotiales","uncl_Helotiales"
"Fungi","Basidiomycota","Agaricomycetes","Thelephorales","Thelephoraceae","Tomentella","uncl_Tomentella"
"Fungi","Basidiomycota","Agaricomycetes","Cantharellales","Hydnaceae","Clavulina","uncl_Clavulina"
"Fungi","Ascomycota","Sordariomycetes","uncl_Sordariomycetes","uncl_Sordariomycetes","uncl_Sordariomycetes","uncl_Sordariomycetes"
"Fungi","Ascomycota","Dothideomycetes","Pleosporales","uncl_Pleosporales","uncl_Pleosporales","uncl_Pleosporales"
"Fungi","Basidiomycota","Agaricomycetes","Auriculariales","uncl_Auriculariales","uncl_Auriculariales","uncl_Auriculariales"
"Fungi","Basidiomycota","Tremellomycetes","Tremellales","uncl_Tremellales","uncl_Tremellales","uncl_Tremellales"
"Fungi","Basidiomycota","Agaricomycetes","Trechisporales","uncl_Trechisporales","uncl_Trechisporales","uncl_Trechisporales"
"Fungi","Ascomycota","Dothideomycetes","Capnodiales","Capnodiaceae","uncl_Capnodiaceae","uncl_Capnodiaceae"
"Fungi","Basidiomycota","Agaricomycetes","Thelephorales","Thelephoraceae","uncl_Thelephoraceae","uncl_Thelephoraceae"
"Fungi","Basidiomycota","Agaricomycetes","Thelephorales","Thelephoraceae","uncl_Thelephoraceae","uncl_Thelephoraceae"
"Fungi","Ascomycota","Sordariomycetes","Myrmecridiales","Myrmecridiales_fam_Incertae_sedis","Atractospora","uncl_Atractospora"
"Fungi","Basidiomycota","Agaricomycetes","Trechisporales","uncl_Trechisporales","uncl_Trechisporales","uncl_Trechisporales"
"Fungi","Basidiomycota","Agaricomycetes","Geastrales","Sphaerobolaceae","Sphaerobolus","Sphaerobolus_ingoldii"
"Fungi","Ascomycota","uncl_Ascomycota","uncl_Ascomycota","uncl_Ascomycota","uncl_Ascomycota","uncl_Ascomycota"
"Fungi","Basidiomycota","Agaricomycetes","Agaricales","Inocybaceae","Inocybe","uncl_Inocybe"
"Fungi","Basidiomycota","Agaricomycetes","Trechisporales","Hydnodontaceae","Trechispora","uncl_Trechispora"
"Fungi","Ascomycota","Leotiomycetes","Helotiales","uncl_Helotiales","uncl_Helotiales","uncl_Helotiales"
"Fungi","Ascomycota","Pezizomycetes","Pezizales","Tuberaceae","Tuber","uncl_Tuber"
"Fungi","Basidiomycota","Agaricomycetes","Cantharellales","Tulasnellaceae","uncl_Tulasnellaceae","uncl_Tulasnellaceae"
"Fungi","Ascomycota","Orbiliomycetes","Orbiliales","Orbiliaceae","uncl_Orbiliaceae","uncl_Orbiliaceae"
"Fungi","Basidiomycota","Agaricomycetes","Agaricales","Inocybaceae","Inocybe","uncl_Inocybe"
"Fungi","Ascomycota","uncl_Ascomycota","uncl_Ascomycota","uncl_Ascomycota","uncl_Ascomycota","uncl_Ascomycota"
"Fungi","Basidiomycota","Agaricomycetes","Hymenochaetales","Schizoporaceae","Hyphodontia","uncl_Hyphodontia"
"Fungi","Basidiomycota","Agaricomycetes","Cantharellales","Tulasnellaceae","uncl_Tulasnellaceae","uncl_Tulasnellaceae"
"Fungi","Ascomycota","Dothideomycetes","Pleosporales","uncl_Pleosporales","uncl_Pleosporales","uncl_Pleosporales"
"Fungi","Ascomycota","Sordariomycetes","Myrmecridiales","Myrmecridiales_fam_Incertae_sedis","Atractospora","uncl_Atractospora"
"Fungi","Basidiomycota","Agaricomycetes","Agaricales","Tricholomataceae","Flagelloscypha","Flagelloscypha_minutissima"
"Fungi","Basidiomycota","Agaricomycetes","Agaricales","Tricholomataceae","Flagelloscypha","Flagelloscypha_minutissima"
"Fungi","Basidiomycota","Agaricomycetes","Thelephorales","Thelephoraceae","Tomentella","uncl_Tomentella"
"Fungi","Basidiomycota","Agaricomycetes","Agaricales","Nidulariaceae","Cyathus","Cyathus_stercoreus"
"Fungi","Ascomycota","Eurotiomycetes","Chaetothyriales","Herpotrichiellaceae","Cladophialophora","uncl_Cladophialophora"
"Fungi","Basidiomycota","Agaricomycetes","Trechisporales","Hydnodontaceae","Trechispora","uncl_Trechispora"
"Fungi","Ascomycota","Pezizomycetes","Pezizales","uncl_Pezizales","uncl_Pezizales","uncl_Pezizales"
"Fungi","Ascomycota","Geoglossomycetes","Geoglossales","uncl_Geoglossales","uncl_Geoglossales","uncl_Geoglossales"
"Fungi","Ascomycota","uncl_Ascomycota","uncl_Ascomycota","uncl_Ascomycota","uncl_Ascomycota","uncl_Ascomycota"
"Fungi","Ascomycota","Eurotiomycetes","uncl_Eurotiomycetes","uncl_Eurotiomycetes","uncl_Eurotiomycetes","uncl_Eurotiomycetes"
"Fungi","Ascomycota","Leotiomycetes","Helotiales","uncl_Helotiales","uncl_Helotiales","uncl_Helotiales"
"Fungi","Basidiomycota","Agaricomycetes","Cantharellales","uncl_Cantharellales","uncl_Cantharellales","uncl_Cantharellales"
"Fungi","Mucoromycota","Glomeromycetes","Glomerales","Glomeraceae","uncl_Glomeraceae","uncl_Glomeraceae"
"Fungi","Ascomycota","Eurotiomycetes","Chaetothyriales","uncl_Chaetothyriales","uncl_Chaetothyriales","uncl_Chaetothyriales"
"Fungi","Basidiomycota","Agaricomycetes","Russulales","Russulaceae","Russula","uncl_Russula"
"Fungi","Basidiomycota","Agaricomycetes","Agaricales","Omphalotaceae","Gymnopus","uncl_Gymnopus"
"Fungi","Ascomycota","Sordariomycetes","uncl_Sordariomycetes","uncl_Sordariomycetes","uncl_Sordariomycetes","uncl_Sordariomycetes"
"Fungi","Ascomycota","Pezizomycetes","Pezizales","Sarcoscyphaceae","Desmazierella","Desmazierella_acicola"
"Fungi","Ascomycota","Eurotiomycetes","Chaetothyriales","uncl_Chaetothyriales","uncl_Chaetothyriales","uncl_Chaetothyriales"
"Fungi","Ascomycota","uncl_Ascomycota","uncl_Ascomycota","uncl_Ascomycota","uncl_Ascomycota","uncl_Ascomycota"
"Fungi","Ascomycota","uncl_Ascomycota","uncl_Ascomycota","uncl_Ascomycota","uncl_Ascomycota","uncl_Ascomycota"
"Fungi","Basidiomycota","Agaricomycetes","Agaricales","Nidulariaceae","Cyathus","Cyathus_stercoreus"
"Fungi","Basidiomycota","Agaricomycetes","Thelephorales","Thelephoraceae","Tomentella","uncl_Tomentella"
"Fungi","Basidiomycota","Agaricomycetes","Trechisporales","Hydnodontaceae","Trechispora","uncl_Trechispora"
"Fungi","Ascomycota","uncl_Ascomycota","uncl_Ascomycota","uncl_Ascomycota","uncl_Ascomycota","uncl_Ascomycota"
"Fungi","Basidiomycota","Agaricomycetes","Agaricales","Inocybaceae","Inocybe","uncl_Inocybe"
"Fungi","Basidiomycota","Agaricomycetes","Agaricales","Agaricaceae","Lepiota","uncl_Lepiota"
"Fungi","Basidiomycota","Agaricomycetes","Agaricales","Omphalotaceae","Collybiopsis","Collybiopsis_filamentipes"
"Fungi","Ascomycota","Eurotiomycetes","uncl_Eurotiomycetes","uncl_Eurotiomycetes","uncl_Eurotiomycetes","uncl_Eurotiomycetes"
"Fungi","Ascomycota","uncl_Ascomycota","uncl_Ascomycota","uncl_Ascomycota","uncl_Ascomycota","uncl_Ascomycota"
"Fungi","Basidiomycota","Agaricomycetes","Thelephorales","Thelephoraceae","Thelephora","uncl_Thelephora"
"Fungi","Basidiomycota","uncl_Basidiomycota","uncl_Basidiomycota","uncl_Basidiomycota","uncl_Basidiomycota","uncl_Basidiomycota"
"Fungi","Basidiomycota","Agaricomycetes","Hymenochaetales","Schizoporaceae","Xylodon","uncl_Xylodon"
"Fungi","Ascomycota","Sordariomycetes","uncl_Sordariomycetes","uncl_Sordariomycetes","uncl_Sordariomycetes","uncl_Sordariomycetes"
"Fungi","Ascomycota","uncl_Ascomycota","uncl_Ascomycota","uncl_Ascomycota","uncl_Ascomycota","uncl_Ascomycota"
"Fungi","Ascomycota","Sordariomycetes","Hypocreales","uncl_Hypocreales","uncl_Hypocreales","uncl_Hypocreales"
"Fungi","Ascomycota","uncl_Ascomycota","uncl_Ascomycota","uncl_Ascomycota","uncl_Ascomycota","uncl_Ascomycota"
"Fungi","Mucoromycota","Glomeromycetes","Glomerales","Glomeraceae","uncl_Glomeraceae","uncl_Glomeraceae"
"Fungi","Basidiomycota","Agaricomycetes","Agaricales","Inocybaceae","Inocybe","uncl_Inocybe"
"Fungi","Ascomycota","Dothideomycetes","uncl_Dothideomycetes","uncl_Dothideomycetes","uncl_Dothideomycetes","uncl_Dothideomycetes"
"Fungi","Basidiomycota","Agaricomycetes","Thelephorales","Thelephoraceae","Thelephora","uncl_Thelephora"
"Fungi","Basidiomycota","Microbotryomycetes","Sporidiobolales","Sporidiobolaceae","Rhodosporidiobolus","Rhodosporidiobolus_ruineniae"
"Fungi","Mucoromycota","Glomeromycetes","Glomerales","Glomeraceae","uncl_Glomeraceae","uncl_Glomeraceae"
"Fungi","Basidiomycota","Microbotryomycetes","Sporidiobolales","Sporidiobolaceae","Rhodosporidiobolus","Rhodosporidiobolus_platycladi"
"Fungi","Basidiomycota","Agaricomycetes","Thelephorales","Thelephoraceae","uncl_Thelephoraceae","uncl_Thelephoraceae"
"Fungi","Basidiomycota","Microbotryomycetes","Sporidiobolales","Sporidiobolaceae","Rhodosporidiobolus","uncl_Rhodosporidiobolus"
"Fungi","Ascomycota","Dothideomycetes","uncl_Dothideomycetes","uncl_Dothideomycetes","uncl_Dothideomycetes","uncl_Dothideomycetes"
"Fungi","Basidiomycota","Agaricomycetes","Trechisporales","Hydnodontaceae","Litschauerella","uncl_Litschauerella"
"Fungi","Ascomycota","Dothideomycetes","Capnodiales","uncl_Capnodiales","uncl_Capnodiales","uncl_Capnodiales"
"Fungi","Basidiomycota","Agaricomycetes","Agaricales","Tricholomataceae","Hemimycena","uncl_Hemimycena"
"Fungi","Ascomycota","Dothideomycetes","Pleosporales","uncl_Pleosporales","uncl_Pleosporales","uncl_Pleosporales"
"Fungi","Ascomycota","Sordariomycetes","Hypocreales","Hypocreaceae","Trichoderma","uncl_Trichoderma"
"Fungi","Basidiomycota","Tremellomycetes","Filobasidiales","Piskurozymaceae","Solicoccozyma","Solicoccozyma_aeria"
"Fungi","Ascomycota","Sordariomycetes","Hypocreales","Clavicipitaceae","uncl_Clavicipitaceae","uncl_Clavicipitaceae"
"Fungi","Ascomycota","Leotiomycetes","Helotiales","uncl_Helotiales","uncl_Helotiales","uncl_Helotiales"
"Fungi","Ascomycota","Eurotiomycetes","Eurotiales","Aspergillaceae","Aspergillus","uncl_Aspergillus"
"Fungi","Ascomycota","Sordariomycetes","Hypocreales","uncl_Hypocreales","uncl_Hypocreales","uncl_Hypocreales"
"Fungi","Ascomycota","Lecanoromycetes","Ostropales","uncl_Ostropales","uncl_Ostropales","uncl_Ostropales"
"Fungi","Ascomycota","Lecanoromycetes","Ostropales","uncl_Ostropales","uncl_Ostropales","uncl_Ostropales"
"Fungi","Basidiomycota","Agaricomycetes","uncl_Agaricomycetes","uncl_Agaricomycetes","uncl_Agaricomycetes","uncl_Agaricomycetes"
"Fungi","Ascomycota","Pezizomycotina_cls_Incertae_sedis","uncl_Pezizomycotina_cls_Incertae_sedis","uncl_Pezizomycotina_cls_Incertae_sedis","uncl_Pezizomycotina_cls_Incertae_sedis","uncl_Pezizomycotina_cls_Incertae_sedis"
"Fungi","Ascomycota","uncl_Ascomycota","uncl_Ascomycota","uncl_Ascomycota","uncl_Ascomycota","uncl_Ascomycota"
"Fungi","Ascomycota","uncl_Ascomycota","uncl_Ascomycota","uncl_Ascomycota","uncl_Ascomycota","uncl_Ascomycota"
"Fungi","Ascomycota","Pezizomycotina_cls_Incertae_sedis","uncl_Pezizomycotina_cls_Incertae_sedis","uncl_Pezizomycotina_cls_Incertae_sedis","uncl_Pezizomycotina_cls_Incertae_sedis","uncl_Pezizomycotina_cls_Incertae_sedis"
"Fungi","Basidiomycota","Agaricomycetes","Russulales","Russulaceae","Russula","uncl_Russula"
"Fungi","Basidiomycota","Agaricomycetes","Cantharellales","Botryobasidiaceae","uncl_Botryobasidiaceae","uncl_Botryobasidiaceae"
"Fungi","Ascomycota","Eurotiomycetes","Chaetothyriales","Herpotrichiellaceae","uncl_Herpotrichiellaceae","uncl_Herpotrichiellaceae"
"Fungi","Basidiomycota","Agaricomycetes","uncl_Agaricomycetes","uncl_Agaricomycetes","uncl_Agaricomycetes","uncl_Agaricomycetes"
"Fungi","Ascomycota","Orbiliomycetes","Orbiliales","uncl_Orbiliales","uncl_Orbiliales","uncl_Orbiliales"
"Fungi","Ascomycota","Dothideomycetes","Mytilinidiales","Mytilinidiaceae","Mytilinidion","uncl_Mytilinidion"
"Fungi","Ascomycota","uncl_Ascomycota","uncl_Ascomycota","uncl_Ascomycota","uncl_Ascomycota","uncl_Ascomycota"
"Fungi","Basidiomycota","Agaricomycetes","Agaricales","uncl_Agaricales","uncl_Agaricales","uncl_Agaricales"
"Fungi","Basidiomycota","Agaricostilbomycetes","Agaricostilbales","Chionosphaeraceae","Kurtzmanomyces","Kurtzmanomyces_nectairei"
"Fungi","Basidiomycota","Agaricomycetes","Agaricales","Tricholomataceae","uncl_Tricholomataceae","uncl_Tricholomataceae"
"Fungi","Ascomycota","Dothideomycetes","Pleosporales","Tetraplosphaeriaceae","Tetraploa","Tetraploa_endophytica"
"Fungi","Mucoromycota","Umbelopsidomycetes","Umbelopsidales","Umbelopsidaceae","Umbelopsis","uncl_Umbelopsis"
"Fungi","Basidiomycota","Agaricomycetes","Polyporales","uncl_Polyporales","uncl_Polyporales","uncl_Polyporales"
"Fungi","Basidiomycota","Agaricomycetes","Russulales","Lachnocladiaceae","Vararia","uncl_Vararia"
"Fungi","Ascomycota","uncl_Ascomycota","uncl_Ascomycota","uncl_Ascomycota","uncl_Ascomycota","uncl_Ascomycota"
"Fungi","Basidiomycota","Cystobasidiomycetes","Cystobasidiomycetes_ord_Incertae_sedis","Microsporomycetaceae","Microsporomyces","Microsporomyces_orientalis"
"Fungi","Ascomycota","Leotiomycetes","Helotiales","uncl_Helotiales","uncl_Helotiales","uncl_Helotiales"
"Fungi","Ascomycota","Pezizomycotina_cls_Incertae_sedis","uncl_Pezizomycotina_cls_Incertae_sedis","uncl_Pezizomycotina_cls_Incertae_sedis","uncl_Pezizomycotina_cls_Incertae_sedis","uncl_Pezizomycotina_cls_Incertae_sedis"
"Fungi","Mucoromycota","Mucoromycetes","Mucorales","Mucoraceae","Mucor","uncl_Mucor"
"Fungi","Ascomycota","Lecanoromycetes","Ostropales","uncl_Ostropales","uncl_Ostropales","uncl_Ostropales"
"Fungi","Mucoromycota","uncl_Mucoromycota","uncl_Mucoromycota","uncl_Mucoromycota","uncl_Mucoromycota","uncl_Mucoromycota"
"Fungi","Ascomycota","Lecanoromycetes","Ostropales","uncl_Ostropales","uncl_Ostropales","uncl_Ostropales"
"Fungi","Basidiomycota","uncl_Basidiomycota","uncl_Basidiomycota","uncl_Basidiomycota","uncl_Basidiomycota","uncl_Basidiomycota"
"Fungi","Ascomycota","Dothideomycetes","Mycosphaerellales","Teratosphaeriaceae","uncl_Teratosphaeriaceae","uncl_Teratosphaeriaceae"
"Fungi","Basidiomycota","uncl_Basidiomycota","uncl_Basidiomycota","uncl_Basidiomycota","uncl_Basidiomycota","uncl_Basidiomycota"
"Fungi","Ascomycota","Lecanoromycetes","uncl_Lecanoromycetes","uncl_Lecanoromycetes","uncl_Lecanoromycetes","uncl_Lecanoromycetes"
"Fungi","Basidiomycota","Agaricomycetes","Russulales","Lachnocladiaceae","Vararia","uncl_Vararia"
"Fungi","Ascomycota","Orbiliomycetes","Orbiliales","uncl_Orbiliales","uncl_Orbiliales","uncl_Orbiliales"
"Fungi","Mucoromycota","Mortierellomycetes","Mortierellales","uncl_Mortierellales","uncl_Mortierellales","uncl_Mortierellales"
"Fungi","Ascomycota","Dothideomycetes","Dothideales","uncl_Dothideales","uncl_Dothideales","uncl_Dothideales"
"Fungi","Mucoromycota","Mucoromycetes","Mucorales","Rhizopodaceae","Rhizopus","Rhizopus_microsporus"
"Fungi","Basidiomycota","Agaricomycetes","Agaricales","uncl_Agaricales","uncl_Agaricales","uncl_Agaricales"
"Fungi","Ascomycota","Sordariomycetes","Myrmecridiales","Myrmecridiaceae","Myrmecridium","Myrmecridium_schulzeri"
"Fungi","Basidiomycota","uncl_Basidiomycota","uncl_Basidiomycota","uncl_Basidiomycota","uncl_Basidiomycota","uncl_Basidiomycota"
"Fungi","Mucoromycota","Glomeromycetes","uncl_Glomeromycetes","uncl_Glomeromycetes","uncl_Glomeromycetes","uncl_Glomeromycetes"
"Fungi","Ascomycota","Sordariomycetes","Myrmecridiales","Myrmecridiaceae","Myrmecridium","Myrmecridium_schulzeri"
"Fungi","Mucoromycota","Glomeromycetes","uncl_Glomeromycetes","uncl_Glomeromycetes","uncl_Glomeromycetes","uncl_Glomeromycetes"
"Fungi","Mucoromycota","Glomeromycetes","uncl_Glomeromycetes","uncl_Glomeromycetes","uncl_Glomeromycetes","uncl_Glomeromycetes"
"Fungi","Basidiomycota","Agaricomycetes","Agaricales","uncl_Agaricales","uncl_Agaricales","uncl_Agaricales"
"Fungi","Ascomycota","Eurotiomycetes","Chaetothyriales","Herpotrichiellaceae","uncl_Herpotrichiellaceae","uncl_Herpotrichiellaceae"
"Fungi","Basidiomycota","Agaricomycetes","Sebacinales","Sebacinaceae","Sebacina","uncl_Sebacina"
"Fungi","Basidiomycota","Agaricomycetes","uncl_Agaricomycetes","uncl_Agaricomycetes","uncl_Agaricomycetes","uncl_Agaricomycetes"
"Fungi","Ascomycota","Dothideomycetes","Pleosporales","uncl_Pleosporales","uncl_Pleosporales","uncl_Pleosporales"
"Fungi","Ascomycota","Eurotiomycetes","Chaetothyriales","uncl_Chaetothyriales","uncl_Chaetothyriales","uncl_Chaetothyriales"
"Fungi","Basidiomycota","Agaricomycetes","uncl_Agaricomycetes","uncl_Agaricomycetes","uncl_Agaricomycetes","uncl_Agaricomycetes"
"Fungi","Ascomycota","Dothideomycetes","Pleosporales","uncl_Pleosporales","uncl_Pleosporales","uncl_Pleosporales"
"Fungi","Ascomycota","uncl_Ascomycota","uncl_Ascomycota","uncl_Ascomycota","uncl_Ascomycota","uncl_Ascomycota"
"Fungi","Basidiomycota","Agaricomycetes","Agaricales","Inocybaceae","Inocybe","uncl_Inocybe"
"Fungi","Basidiomycota","Agaricomycetes","Thelephorales","Thelephoraceae","Tomentella","uncl_Tomentella"
"Fungi","Ascomycota","Leotiomycetes","Helotiales","uncl_Helotiales","uncl_Helotiales","uncl_Helotiales"
"Fungi","Basidiomycota","Agaricomycetes","Thelephorales","Thelephoraceae","uncl_Thelephoraceae","uncl_Thelephoraceae"
"Fungi","Ascomycota","Leotiomycetes","Helotiales","uncl_Helotiales","uncl_Helotiales","uncl_Helotiales"
"Fungi","Basidiomycota","uncl_Basidiomycota","uncl_Basidiomycota","uncl_Basidiomycota","uncl_Basidiomycota","uncl_Basidiomycota"
"Fungi","Basidiomycota","Agaricomycetes","Agaricales","Bolbitiaceae","uncl_Bolbitiaceae","uncl_Bolbitiaceae"
"Fungi","Basidiomycota","Agaricomycetes","Agaricales","Tricholomataceae","uncl_Tricholomataceae","uncl_Tricholomataceae"
"Fungi","Ascomycota","Sordariomycetes","Hypocreales","uncl_Hypocreales","uncl_Hypocreales","uncl_Hypocreales"
"Fungi","Ascomycota","Sordariomycetes","Hypocreales","uncl_Hypocreales","uncl_Hypocreales","uncl_Hypocreales"
"Fungi","Basidiomycota","Agaricostilbomycetes","Agaricostilbales","Chionosphaeraceae","Kurtzmanomyces","uncl_Kurtzmanomyces"
"Fungi","Chytridiomycota","Spizellomycetes","Spizellomycetales","uncl_Spizellomycetales","uncl_Spizellomycetales","uncl_Spizellomycetales"
"Fungi","Ascomycota","Sordariomycetes","Branch06","uncl_Branch06","uncl_Branch06","uncl_Branch06"
"Fungi","Ascomycota","Eurotiomycetes","Chaetothyriales","uncl_Chaetothyriales","uncl_Chaetothyriales","uncl_Chaetothyriales"
"Fungi","Ascomycota","Sordariomycetes","Sordariales","uncl_Sordariales","uncl_Sordariales","uncl_Sordariales"
"Fungi","Ascomycota","Dothideomycetes","Pleosporales","Pleosporaceae","uncl_Pleosporaceae","uncl_Pleosporaceae"
"Fungi","Basidiomycota","uncl_Basidiomycota","uncl_Basidiomycota","uncl_Basidiomycota","uncl_Basidiomycota","uncl_Basidiomycota"
"Fungi","Mucoromycota","Glomeromycetes","Glomerales","uncl_Glomerales","uncl_Glomerales","uncl_Glomerales"
"Fungi","Chytridiomycota","Spizellomycetes","Spizellomycetales","uncl_Spizellomycetales","uncl_Spizellomycetales","uncl_Spizellomycetales"
"Fungi","Basidiomycota","Agaricomycetes","Geastrales","Geastraceae","Geastrum","uncl_Geastrum"
"Fungi","Basidiomycota","Agaricomycetes","Agaricales","Strophariaceae","Stropharia","Stropharia_coronilla"
"Fungi","Ascomycota","Pezizomycetes","Pezizales","uncl_Pezizales","uncl_Pezizales","uncl_Pezizales"
"Fungi","Mucoromycota","Glomeromycetes","Glomerales","Glomeraceae","uncl_Glomeraceae","uncl_Glomeraceae"
"Fungi","Basidiomycota","Agaricomycetes","Agaricales","Strophariaceae","Stropharia","Stropharia_coronilla"
"Fungi","Basidiomycota","uncl_Basidiomycota","uncl_Basidiomycota","uncl_Basidiomycota","uncl_Basidiomycota","uncl_Basidiomycota"
"Fungi","Ascomycota","Sordariomycetes","uncl_Sordariomycetes","uncl_Sordariomycetes","uncl_Sordariomycetes","uncl_Sordariomycetes"
"Fungi","Mucoromycota","Glomeromycetes","Glomerales","Glomeraceae","Kamienskia","uncl_Kamienskia"
"Fungi","Ascomycota","Sordariomycetes","Hypocreales","uncl_Hypocreales","uncl_Hypocreales","uncl_Hypocreales"
"Fungi","Mucoromycota","uncl_Mucoromycota","uncl_Mucoromycota","uncl_Mucoromycota","uncl_Mucoromycota","uncl_Mucoromycota"
"Fungi","Ascomycota","Sordariomycetes","Hypocreales","Nectriaceae","Fusarium","uncl_Fusarium"
"Fungi","Basidiomycota","uncl_Basidiomycota","uncl_Basidiomycota","uncl_Basidiomycota","uncl_Basidiomycota","uncl_Basidiomycota"
"Fungi","Ascomycota","Pezizomycetes","Pezizales","uncl_Pezizales","uncl_Pezizales","uncl_Pezizales"
"Fungi","Ascomycota","Dothideomycetes","Pleosporales","Lophiostomataceae","Lophiostoma","uncl_Lophiostoma"
"Fungi","Mucoromycota","Glomeromycetes","Glomerales","uncl_Glomerales","uncl_Glomerales","uncl_Glomerales"
"Fungi","Basidiomycota","Agaricomycetes","uncl_Agaricomycetes","uncl_Agaricomycetes","uncl_Agaricomycetes","uncl_Agaricomycetes"
"Fungi","Ascomycota","Sordariomycetes","Hypocreales","Nectriaceae","Fusarium","uncl_Fusarium"
"Fungi","Basidiomycota","Agaricomycetes","Auriculariales","uncl_Auriculariales","uncl_Auriculariales","uncl_Auriculariales"
"Fungi","Basidiomycota","Agaricomycetes","uncl_Agaricomycetes","uncl_Agaricomycetes","uncl_Agaricomycetes","uncl_Agaricomycetes"
"Fungi","Chytridiomycota","Cladochytriomycetes","Cladochytriales","uncl_Cladochytriales","uncl_Cladochytriales","uncl_Cladochytriales"
"Fungi","Ascomycota","uncl_Ascomycota","uncl_Ascomycota","uncl_Ascomycota","uncl_Ascomycota","uncl_Ascomycota"
"Fungi","Mucoromycota","uncl_Mucoromycota","uncl_Mucoromycota","uncl_Mucoromycota","uncl_Mucoromycota","uncl_Mucoromycota"
"Fungi","Mucoromycota","Glomeromycetes","Glomerales","Glomeraceae","uncl_Glomeraceae","uncl_Glomeraceae"
"Fungi","Mucoromycota","Glomeromycetes","Glomerales","uncl_Glomerales","uncl_Glomerales","uncl_Glomerales"
"Fungi","Chytridiomycota","Spizellomycetes","Spizellomycetales","uncl_Spizellomycetales","uncl_Spizellomycetales","uncl_Spizellomycetales"
"Fungi","Mucoromycota","Glomeromycetes","uncl_Glomeromycetes","uncl_Glomeromycetes","uncl_Glomeromycetes","uncl_Glomeromycetes"
"Fungi","Mucoromycota","Glomeromycetes","Glomerales","Glomeraceae","Kamienskia","uncl_Kamienskia"
"Fungi","Mucoromycota","Glomeromycetes","Glomerales","Glomeraceae","uncl_Glomeraceae","uncl_Glomeraceae"
"Fungi","Basidiomycota","uncl_Basidiomycota","uncl_Basidiomycota","uncl_Basidiomycota","uncl_Basidiomycota","uncl_Basidiomycota"
"Fungi","Mucoromycota","Glomeromycetes","uncl_Glomeromycetes","uncl_Glomeromycetes","uncl_Glomeromycetes","uncl_Glomeromycetes"
"Fungi","Ascomycota","Eurotiomycetes","uncl_Eurotiomycetes","uncl_Eurotiomycetes","uncl_Eurotiomycetes","uncl_Eurotiomycetes"
"Fungi","Basidiomycota","Agaricomycetes","Agaricales","uncl_Agaricales","uncl_Agaricales","uncl_Agaricales"
"Fungi","Basidiomycota","Agaricomycetes","Sebacinales","uncl_Sebacinales","uncl_Sebacinales","uncl_Sebacinales"
"Fungi","Ascomycota","Dothideomycetes","Pleosporales","uncl_Pleosporales","uncl_Pleosporales","uncl_Pleosporales"
"Fungi","Ascomycota","Dothideomycetes","uncl_Dothideomycetes","uncl_Dothideomycetes","uncl_Dothideomycetes","uncl_Dothideomycetes"
"Fungi","Ascomycota","uncl_Ascomycota","uncl_Ascomycota","uncl_Ascomycota","uncl_Ascomycota","uncl_Ascomycota"
"Fungi","Ascomycota","Dothideomycetes","Pleosporales","uncl_Pleosporales","uncl_Pleosporales","uncl_Pleosporales"
"Fungi","Basidiomycota","Agaricomycetes","uncl_Agaricomycetes","uncl_Agaricomycetes","uncl_Agaricomycetes","uncl_Agaricomycetes"
"Fungi","Ascomycota","Sordariomycetes","Hypocreales","Nectriaceae","Bisifusarium","Bisifusarium_dimerum"
"Fungi","Mucoromycota","uncl_Mucoromycota","uncl_Mucoromycota","uncl_Mucoromycota","uncl_Mucoromycota","uncl_Mucoromycota"
"Fungi","Mucoromycota","uncl_Mucoromycota","uncl_Mucoromycota","uncl_Mucoromycota","uncl_Mucoromycota","uncl_Mucoromycota"
"Fungi","Basidiomycota","Agaricomycetes","Agaricales","Entolomataceae","Clitopilus","uncl_Clitopilus"
"Fungi","Chytridiomycota","Spizellomycetes","Spizellomycetales","Spizellomycetaceae","Spizellomyces","uncl_Spizellomyces"
"Fungi","Ascomycota","Dothideomycetes","uncl_Dothideomycetes","uncl_Dothideomycetes","uncl_Dothideomycetes","uncl_Dothideomycetes"
"Fungi","Mucoromycota","Glomeromycetes","Glomerales","uncl_Glomerales","uncl_Glomerales","uncl_Glomerales"
"Fungi","Mucoromycota","Glomeromycetes","Glomerales","Glomeraceae","Rhizophagus","uncl_Rhizophagus"
"Fungi","Basidiomycota","Agaricomycetes","uncl_Agaricomycetes","uncl_Agaricomycetes","uncl_Agaricomycetes","uncl_Agaricomycetes"
"Fungi","Ascomycota","Dothideomycetes","Botryosphaeriales","uncl_Botryosphaeriales","uncl_Botryosphaeriales","uncl_Botryosphaeriales"
"Fungi","Mucoromycota","Glomeromycetes","uncl_Glomeromycetes","uncl_Glomeromycetes","uncl_Glomeromycetes","uncl_Glomeromycetes"
"Fungi","Basidiomycota","Agaricomycetes","Agaricales","Clavariaceae","uncl_Clavariaceae","uncl_Clavariaceae"
"Fungi","Ascomycota","Sordariomycetes","Magnaporthales","Magnaporthaceae","uncl_Magnaporthaceae","uncl_Magnaporthaceae"
"Fungi","Basidiomycota","Agaricomycetes","uncl_Agaricomycetes","uncl_Agaricomycetes","uncl_Agaricomycetes","uncl_Agaricomycetes"
"Fungi","Ascomycota","Dothideomycetes","Pleosporales","uncl_Pleosporales","uncl_Pleosporales","uncl_Pleosporales"
"Fungi","Basidiomycota","Agaricomycetes","Agaricales","Psathyrellaceae","Coprinopsis","uncl_Coprinopsis"
"Fungi","Ascomycota","Sordariomycetes","Myrmecridiales","Myrmecridiaceae","Myrmecridium","uncl_Myrmecridium"
"Fungi","Ascomycota","Dothideomycetes","uncl_Dothideomycetes","uncl_Dothideomycetes","uncl_Dothideomycetes","uncl_Dothideomycetes"
"Fungi","Basidiomycota","Agaricostilbomycetes","Agaricostilbales","uncl_Agaricostilbales","uncl_Agaricostilbales","uncl_Agaricostilbales"
"Fungi","Basidiomycota","Agaricomycetes","uncl_Agaricomycetes","uncl_Agaricomycetes","uncl_Agaricomycetes","uncl_Agaricomycetes"
"Fungi","Ascomycota","Dothideomycetes","Pleosporales","Pleosporaceae","uncl_Pleosporaceae","uncl_Pleosporaceae"
"Fungi","Ascomycota","uncl_Ascomycota","uncl_Ascomycota","uncl_Ascomycota","uncl_Ascomycota","uncl_Ascomycota"
"Fungi","Ascomycota","Dothideomycetes","Pleosporales","Sporormiaceae","Preussia","uncl_Preussia"
"Fungi","Basidiomycota","Agaricomycetes","Agaricales","Psathyrellaceae","Psathyrella","uncl_Psathyrella"
"Fungi","Ascomycota","Sordariomycetes","Hypocreales","Hypocreales_fam_Incertae_sedis","Sarocladium","uncl_Sarocladium"
"Fungi","Ascomycota","Sordariomycetes","Xylariales","Diatrypaceae","Monosporascus","uncl_Monosporascus"
"Fungi","Ascomycota","Dothideomycetes","Pleosporales","Pleosporaceae","Exserohilum","uncl_Exserohilum"
"Fungi","Basidiomycota","Agaricomycetes","Agaricales","uncl_Agaricales","uncl_Agaricales","uncl_Agaricales"
"Fungi","Basidiomycota","Agaricomycetes","Agaricales","uncl_Agaricales","uncl_Agaricales","uncl_Agaricales"
"Fungi","Ascomycota","Sordariomycetes","Magnaporthales","Ophioceraceae","Ophioceras","uncl_Ophioceras"
"Fungi","Mucoromycota","Mucoromycetes","Mucorales","Cunninghamellaceae","Absidia","uncl_Absidia"
"Fungi","Ascomycota","Orbiliomycetes","Orbiliales","Orbiliaceae","uncl_Orbiliaceae","uncl_Orbiliaceae"
"Fungi","Basidiomycota","Agaricomycetes","Auriculariales","Exidiaceae","Exidia","uncl_Exidia"
"Fungi","Basidiomycota","Agaricomycetes","Agaricales","Psathyrellaceae","uncl_Psathyrellaceae","uncl_Psathyrellaceae"
"Fungi","Ascomycota","Dothideomycetes","Pleosporales","uncl_Pleosporales","uncl_Pleosporales","uncl_Pleosporales"
"Fungi","Mucoromycota","Mucoromycetes","Mucorales","Cunninghamellaceae","Absidia","uncl_Absidia"
"Fungi","Mucoromycota","Mucoromycetes","Mucorales","Cunninghamellaceae","Absidia","uncl_Absidia"
"Fungi","Basidiomycota","Agaricomycetes","Cantharellales","Ceratobasidiaceae","uncl_Ceratobasidiaceae","uncl_Ceratobasidiaceae"
"Fungi","Ascomycota","Lecanoromycetes","Ostropales","Stictidaceae","Cyanodermella","Cyanodermella_viridula"
"Fungi","Ascomycota","uncl_Ascomycota","uncl_Ascomycota","uncl_Ascomycota","uncl_Ascomycota","uncl_Ascomycota"
"Fungi","Ascomycota","Sordariomycetes","uncl_Sordariomycetes","uncl_Sordariomycetes","uncl_Sordariomycetes","uncl_Sordariomycetes"
"Fungi","Ascomycota","Sordariomycetes","Hypocreales","Stachybotryaceae","uncl_Stachybotryaceae","uncl_Stachybotryaceae"
"Fungi","Ascomycota","uncl_Ascomycota","uncl_Ascomycota","uncl_Ascomycota","uncl_Ascomycota","uncl_Ascomycota"
"Fungi","Ascomycota","Eurotiomycetes","uncl_Eurotiomycetes","uncl_Eurotiomycetes","uncl_Eurotiomycetes","uncl_Eurotiomycetes"
"Fungi","Basidiomycota","Agaricomycetes","Agaricales","Bolbitiaceae","Panaeolus","uncl_Panaeolus"
"Fungi","Basidiomycota","Agaricomycetes","Agaricales","uncl_Agaricales","uncl_Agaricales","uncl_Agaricales"
"Fungi","Ascomycota","Eurotiomycetes","Chaetothyriales","uncl_Chaetothyriales","uncl_Chaetothyriales","uncl_Chaetothyriales"
"Fungi","Ascomycota","Sordariomycetes","uncl_Sordariomycetes","uncl_Sordariomycetes","uncl_Sordariomycetes","uncl_Sordariomycetes"
"Fungi","Ascomycota","Sordariomycetes","uncl_Sordariomycetes","uncl_Sordariomycetes","uncl_Sordariomycetes","uncl_Sordariomycetes"
"Fungi","Ascomycota","Sordariomycetes","Hypocreales","uncl_Hypocreales","uncl_Hypocreales","uncl_Hypocreales"
"Fungi","Basidiomycota","Agaricomycetes","Agaricales","Tricholomataceae","Melanoleuca","uncl_Melanoleuca"
"Fungi","Basidiomycota","Agaricomycetes","Cantharellales","Ceratobasidiaceae","uncl_Ceratobasidiaceae","uncl_Ceratobasidiaceae"
"Fungi","Basidiomycota","Agaricomycetes","Agaricales","Bolbitiaceae","uncl_Bolbitiaceae","uncl_Bolbitiaceae"
"Fungi","Cryptomycota","uncl_Cryptomycota","uncl_Cryptomycota","uncl_Cryptomycota","uncl_Cryptomycota","uncl_Cryptomycota"
"Fungi","Ascomycota","uncl_Ascomycota","uncl_Ascomycota","uncl_Ascomycota","uncl_Ascomycota","uncl_Ascomycota"
"Fungi","Mucoromycota","uncl_Mucoromycota","uncl_Mucoromycota","uncl_Mucoromycota","uncl_Mucoromycota","uncl_Mucoromycota"
"Fungi","Ascomycota","uncl_Ascomycota","uncl_Ascomycota","uncl_Ascomycota","uncl_Ascomycota","uncl_Ascomycota"
"Fungi","Ascomycota","Dothideomycetes","uncl_Dothideomycetes","uncl_Dothideomycetes","uncl_Dothideomycetes","uncl_Dothideomycetes"
"Fungi","Basidiomycota","Agaricomycetes","uncl_Agaricomycetes","uncl_Agaricomycetes","uncl_Agaricomycetes","uncl_Agaricomycetes"
"Fungi","Basidiomycota","Agaricomycetes","Agaricales","Entolomataceae","Entoloma","uncl_Entoloma"
"Fungi","Ascomycota","Sordariomycetes","Hypocreales","uncl_Hypocreales","uncl_Hypocreales","uncl_Hypocreales"
"Fungi","Ascomycota","Sordariomycetes","uncl_Sordariomycetes","uncl_Sordariomycetes","uncl_Sordariomycetes","uncl_Sordariomycetes"
"Fungi","Ascomycota","Sordariomycetes","Hypocreales","uncl_Hypocreales","uncl_Hypocreales","uncl_Hypocreales"
"Fungi","Basidiomycota","Agaricomycetes","Agaricales","uncl_Agaricales","uncl_Agaricales","uncl_Agaricales"
"Fungi","Mucoromycota","uncl_Mucoromycota","uncl_Mucoromycota","uncl_Mucoromycota","uncl_Mucoromycota","uncl_Mucoromycota"
"Fungi","Ascomycota","Sordariomycetes","uncl_Sordariomycetes","uncl_Sordariomycetes","uncl_Sordariomycetes","uncl_Sordariomycetes"
"Fungi","Ascomycota","uncl_Ascomycota","uncl_Ascomycota","uncl_Ascomycota","uncl_Ascomycota","uncl_Ascomycota"
"Fungi","Mucoromycota","Glomeromycetes","uncl_Glomeromycetes","uncl_Glomeromycetes","uncl_Glomeromycetes","uncl_Glomeromycetes"
"Fungi","Mucoromycota","uncl_Mucoromycota","uncl_Mucoromycota","uncl_Mucoromycota","uncl_Mucoromycota","uncl_Mucoromycota"
"Fungi","Basidiomycota","Agaricomycetes","Agaricales","Entolomataceae","Entoloma","uncl_Entoloma"
"Fungi","Ascomycota","uncl_Ascomycota","uncl_Ascomycota","uncl_Ascomycota","uncl_Ascomycota","uncl_Ascomycota"
"Fungi","Basidiomycota","Agaricomycetes","Agaricales","Entolomataceae","Clitopilus","uncl_Clitopilus"
"Fungi","Basidiomycota","Agaricomycetes","Agaricales","Lycoperdaceae","uncl_Lycoperdaceae","uncl_Lycoperdaceae"
"Fungi","Mucoromycota","Glomeromycetes","Glomerales","uncl_Glomerales","uncl_Glomerales","uncl_Glomerales"
"Fungi","Mucoromycota","Glomeromycetes","Glomerales","Glomeraceae","uncl_Glomeraceae","uncl_Glomeraceae"
"Fungi","Ascomycota","uncl_Ascomycota","uncl_Ascomycota","uncl_Ascomycota","uncl_Ascomycota","uncl_Ascomycota"
"Fungi","Mucoromycota","uncl_Mucoromycota","uncl_Mucoromycota","uncl_Mucoromycota","uncl_Mucoromycota","uncl_Mucoromycota"
"Fungi","Ascomycota","Dothideomycetes","Venturiales","uncl_Venturiales","uncl_Venturiales","uncl_Venturiales"
"Fungi","Ascomycota","Eurotiomycetes","Chaetothyriales","uncl_Chaetothyriales","uncl_Chaetothyriales","uncl_Chaetothyriales"
"Fungi","Mucoromycota","Glomeromycetes","Glomerales","Glomeraceae","uncl_Glomeraceae","uncl_Glomeraceae"
"Fungi","Mucoromycota","Glomeromycetes","Glomerales","Glomeraceae","uncl_Glomeraceae","uncl_Glomeraceae"
"Fungi","Ascomycota","Dothideomycetes","uncl_Dothideomycetes","uncl_Dothideomycetes","uncl_Dothideomycetes","uncl_Dothideomycetes"
"Fungi","Ascomycota","Sordariomycetes","Xylariales","uncl_Xylariales","uncl_Xylariales","uncl_Xylariales"
"Fungi","Ascomycota","uncl_Ascomycota","uncl_Ascomycota","uncl_Ascomycota","uncl_Ascomycota","uncl_Ascomycota"
"Fungi","Basidiomycota","Agaricomycetes","Agaricales","Psathyrellaceae","Coprinopsis","uncl_Coprinopsis"
"Fungi","Ascomycota","Dothideomycetes","Pleosporales","Didymosphaeriaceae","uncl_Didymosphaeriaceae","uncl_Didymosphaeriaceae"
"Fungi","Ascomycota","Dothideomycetes","uncl_Dothideomycetes","uncl_Dothideomycetes","uncl_Dothideomycetes","uncl_Dothideomycetes"
"Fungi","Mucoromycota","Glomeromycetes","Glomerales","Glomeraceae","Dominikia","uncl_Dominikia"
"Fungi","Mucoromycota","Glomeromycetes","Glomerales","Glomeraceae","uncl_Glomeraceae","uncl_Glomeraceae"
"Fungi","Mucoromycota","Mortierellomycetes","Mortierellales","uncl_Mortierellales","uncl_Mortierellales","uncl_Mortierellales"
"Fungi","Mucoromycota","Glomeromycetes","Glomerales","Glomeraceae","uncl_Glomeraceae","uncl_Glomeraceae"
"Fungi","Mucoromycota","Glomeromycetes","Glomerales","Glomeraceae","uncl_Glomeraceae","uncl_Glomeraceae"
"Fungi","Mucoromycota","Glomeromycetes","Glomerales","Glomeraceae","uncl_Glomeraceae","uncl_Glomeraceae"
"Fungi","Ascomycota","Dothideomycetes","Pleosporales","Didymellaceae","Phoma","uncl_Phoma"
"Fungi","Ascomycota","Sordariomycetes","Branch06","uncl_Branch06","uncl_Branch06","uncl_Branch06"
"Fungi","Ascomycota","Sordariomycetes","uncl_Sordariomycetes","uncl_Sordariomycetes","uncl_Sordariomycetes","uncl_Sordariomycetes"
"Fungi","Ascomycota","Sordariomycetes","Sordariales","uncl_Sordariales","uncl_Sordariales","uncl_Sordariales"
"Fungi","Ascomycota","Sordariomycetes","Branch06","uncl_Branch06","uncl_Branch06","uncl_Branch06"
"Fungi","Ascomycota","uncl_Ascomycota","uncl_Ascomycota","uncl_Ascomycota","uncl_Ascomycota","uncl_Ascomycota"
"Fungi","Ascomycota","uncl_Ascomycota","uncl_Ascomycota","uncl_Ascomycota","uncl_Ascomycota","uncl_Ascomycota"
"Fungi","Ascomycota","Sordariomycetes","uncl_Sordariomycetes","uncl_Sordariomycetes","uncl_Sordariomycetes","uncl_Sordariomycetes"
"Fungi","Mucoromycota","Mucoromycetes","Mucorales","Rhizopodaceae","Rhizopus","Rhizopus_arrhizus"
"Fungi","Ascomycota","Sordariomycetes","Branch06","uncl_Branch06","uncl_Branch06","uncl_Branch06"
"Fungi","Mucoromycota","Glomeromycetes","uncl_Glomeromycetes","uncl_Glomeromycetes","uncl_Glomeromycetes","uncl_Glomeromycetes"
"Fungi","Ascomycota","Dothideomycetes","Pleosporales","Pleosporaceae","Curvularia","Curvularia_patereae"
"Fungi","Mucoromycota","uncl_Mucoromycota","uncl_Mucoromycota","uncl_Mucoromycota","uncl_Mucoromycota","uncl_Mucoromycota"
"Fungi","Ascomycota","Dothideomycetes","Pleosporales","Pleosporaceae","Curvularia","Curvularia_patereae"
"Fungi","Basidiomycota","Agaricomycetes","Agaricales","Psathyrellaceae","Coprinopsis","uncl_Coprinopsis"
"Fungi","Ascomycota","Dothideomycetes","Pleosporales","Pleosporaceae","Bipolaris","uncl_Bipolaris"
"Fungi","Basidiomycota","Agaricomycetes","Agaricales","Lycoperdaceae","uncl_Lycoperdaceae","uncl_Lycoperdaceae"
"Fungi","Basidiomycota","Agaricomycetes","Agaricales","Entolomataceae","Entoloma","uncl_Entoloma"
"Fungi","Ascomycota","Sordariomycetes","uncl_Sordariomycetes","uncl_Sordariomycetes","uncl_Sordariomycetes","uncl_Sordariomycetes"
"Fungi","Ascomycota","Sordariomycetes","Myrmecridiales","Myrmecridiaceae","Myrmecridium","uncl_Myrmecridium"
"Fungi","Basidiomycota","Agaricomycetes","uncl_Agaricomycetes","uncl_Agaricomycetes","uncl_Agaricomycetes","uncl_Agaricomycetes"
"Fungi","Ascomycota","Sordariomycetes","uncl_Sordariomycetes","uncl_Sordariomycetes","uncl_Sordariomycetes","uncl_Sordariomycetes"
"Fungi","Basidiomycota","Agaricomycetes","Tremellodendropsidales","uncl_Tremellodendropsidales","uncl_Tremellodendropsidales","uncl_Tremellodendropsidales"
"Fungi","Basidiomycota","Agaricomycetes","Russulales","uncl_Russulales","uncl_Russulales","uncl_Russulales"
"Fungi","Basidiomycota","Agaricomycetes","Sebacinales","Sebacinaceae","uncl_Sebacinaceae","uncl_Sebacinaceae"
"Fungi","Ascomycota","Dothideomycetes","Pleosporales","uncl_Pleosporales","uncl_Pleosporales","uncl_Pleosporales"
"Fungi","Ascomycota","Dothideomycetes","Pleosporales","Leptosphaeriaceae","Plenodomus","Plenodomus_lindquistii"
"Fungi","Basidiomycota","Agaricomycetes","Agaricales","Pterulaceae","uncl_Pterulaceae","uncl_Pterulaceae"
"Fungi","Ascomycota","Sordariomycetes","Microascales","Halosphaeriaceae","uncl_Halosphaeriaceae","uncl_Halosphaeriaceae"
"Fungi","Basidiomycota","Agaricomycetes","Agaricales","uncl_Agaricales","uncl_Agaricales","uncl_Agaricales"
"Fungi","Ascomycota","Dothideomycetes","Pleosporales","uncl_Pleosporales","uncl_Pleosporales","uncl_Pleosporales"
"Fungi","Chytridiomycota","Chytridiomycetes","Chytridiales","Chytridiales_fam_Incertae_sedis","uncl_Chytridiales_fam_Incertae_sedis","uncl_Chytridiales_fam_Incertae_sedis"
"Fungi","Ascomycota","Orbiliomycetes","Orbiliales","Orbiliaceae","Orbilia","uncl_Orbilia"
"Fungi","Ascomycota","Orbiliomycetes","uncl_Orbiliomycetes","uncl_Orbiliomycetes","uncl_Orbiliomycetes","uncl_Orbiliomycetes"
"Fungi","Ascomycota","Sordariomycetes","Sordariales","uncl_Sordariales","uncl_Sordariales","uncl_Sordariales"
"Fungi","Ascomycota","uncl_Ascomycota","uncl_Ascomycota","uncl_Ascomycota","uncl_Ascomycota","uncl_Ascomycota"
"Fungi","Ascomycota","Sordariomycetes","uncl_Sordariomycetes","uncl_Sordariomycetes","uncl_Sordariomycetes","uncl_Sordariomycetes"
"Fungi","Ascomycota","uncl_Ascomycota","uncl_Ascomycota","uncl_Ascomycota","uncl_Ascomycota","uncl_Ascomycota"
"Fungi","Ascomycota","uncl_Ascomycota","uncl_Ascomycota","uncl_Ascomycota","uncl_Ascomycota","uncl_Ascomycota"
"Fungi","Basidiomycota","Agaricomycetes","Sebacinales","uncl_Sebacinales","uncl_Sebacinales","uncl_Sebacinales"
"Fungi","Basidiomycota","Agaricomycetes","Tremellodendropsidales","uncl_Tremellodendropsidales","uncl_Tremellodendropsidales","uncl_Tremellodendropsidales"
"Fungi","Basidiomycota","Agaricomycetes","Sebacinales","Sebacinaceae","Efibulobasidium","uncl_Efibulobasidium"
"Fungi","Mucoromycota","Glomeromycetes","Glomerales","Glomeraceae","uncl_Glomeraceae","uncl_Glomeraceae"
"Fungi","Basidiomycota","Agaricomycetes","uncl_Agaricomycetes","uncl_Agaricomycetes","uncl_Agaricomycetes","uncl_Agaricomycetes"
"Fungi","Ascomycota","Sordariomycetes","uncl_Sordariomycetes","uncl_Sordariomycetes","uncl_Sordariomycetes","uncl_Sordariomycetes"
"Fungi","Ascomycota","uncl_Ascomycota","uncl_Ascomycota","uncl_Ascomycota","uncl_Ascomycota","uncl_Ascomycota"
"Fungi","Ascomycota","Sordariomycetes","Sordariales","uncl_Sordariales","uncl_Sordariales","uncl_Sordariales"
"Fungi","Ascomycota","uncl_Ascomycota","uncl_Ascomycota","uncl_Ascomycota","uncl_Ascomycota","uncl_Ascomycota"
"Fungi","Basidiomycota","uncl_Basidiomycota","uncl_Basidiomycota","uncl_Basidiomycota","uncl_Basidiomycota","uncl_Basidiomycota"
"Fungi","Ascomycota","Sordariomycetes","uncl_Sordariomycetes","uncl_Sordariomycetes","uncl_Sordariomycetes","uncl_Sordariomycetes"
"Fungi","Ascomycota","uncl_Ascomycota","uncl_Ascomycota","uncl_Ascomycota","uncl_Ascomycota","uncl_Ascomycota"
"Fungi","Mucoromycota","Glomeromycetes","Glomerales","Claroideoglomeraceae","Claroideoglomus","uncl_Claroideoglomus"
"Fungi","Ascomycota","Eurotiomycetes","Chaetothyriales","Herpotrichiellaceae","uncl_Herpotrichiellaceae","uncl_Herpotrichiellaceae"
"Fungi","Ascomycota","Dothideomycetes","Pleosporales","Tetraplosphaeriaceae","Tetraploa","Tetraploa_pseudoaristata"
"Fungi","Ascomycota","Sordariomycetes","Xylariales","uncl_Xylariales","uncl_Xylariales","uncl_Xylariales"
"Fungi","Basidiomycota","Agaricomycetes","Agaricales","Psathyrellaceae","Coprinopsis","uncl_Coprinopsis"
"Fungi","Ascomycota","Sordariomycetes","Magnaporthales","Magnaporthaceae","uncl_Magnaporthaceae","uncl_Magnaporthaceae"
"Fungi","Cryptomycota","uncl_Cryptomycota","uncl_Cryptomycota","uncl_Cryptomycota","uncl_Cryptomycota","uncl_Cryptomycota"
"Fungi","Basidiomycota","Agaricomycetes","Geastrales","Geastraceae","Geastrum","uncl_Geastrum"
"Fungi","Ascomycota","uncl_Ascomycota","uncl_Ascomycota","uncl_Ascomycota","uncl_Ascomycota","uncl_Ascomycota"
"Fungi","Ascomycota","Sordariomycetes","uncl_Sordariomycetes","uncl_Sordariomycetes","uncl_Sordariomycetes","uncl_Sordariomycetes"
"Fungi","Basidiomycota","Agaricomycetes","Agaricales","uncl_Agaricales","uncl_Agaricales","uncl_Agaricales"
"Fungi","Basidiomycota","Agaricomycetes","Agaricales","Strophariaceae","Stropharia","uncl_Stropharia"
"Fungi","Basidiomycota","Agaricomycetes","Agaricales","Strophariaceae","Stropharia","uncl_Stropharia"
"Fungi","Basidiomycota","Agaricomycetes","Cantharellales","Ceratobasidiaceae","uncl_Ceratobasidiaceae","uncl_Ceratobasidiaceae"
"Fungi","Ascomycota","uncl_Ascomycota","uncl_Ascomycota","uncl_Ascomycota","uncl_Ascomycota","uncl_Ascomycota"
"Fungi","Basidiomycota","Agaricomycetes","Agaricales","Strophariaceae","Stropharia","uncl_Stropharia"
"Fungi","Ascomycota","Dothideomycetes","Pleosporales","Pleosporaceae","uncl_Pleosporaceae","uncl_Pleosporaceae"
"Fungi","Basidiomycota","Agaricomycetes","Agaricales","Psathyrellaceae","Coprinellus","uncl_Coprinellus"
"Fungi","Basidiomycota","Agaricomycetes","Agaricales","Marasmiaceae","Marasmius","uncl_Marasmius"
"Fungi","Chytridiomycota","Rhizophydiomycetes","Rhizophydiales","uncl_Rhizophydiales","uncl_Rhizophydiales","uncl_Rhizophydiales"
"Fungi","Mucoromycota","Glomeromycetes","Glomerales","Glomeraceae","uncl_Glomeraceae","uncl_Glomeraceae"
"Fungi","Ascomycota","Dothideomycetes","Pleosporales","Pleosporaceae","Exserohilum","Exserohilum_inaequale"
"Fungi","Basidiomycota","Agaricomycetes","Agaricales","Nidulariaceae","Cyathus","uncl_Cyathus"
"Fungi","Ascomycota","uncl_Ascomycota","uncl_Ascomycota","uncl_Ascomycota","uncl_Ascomycota","uncl_Ascomycota"
"Fungi","Ascomycota","Sordariomycetes","Magnaporthales","Ophioceraceae","Ophioceras","uncl_Ophioceras"
"Fungi","Ascomycota","Eurotiomycetes","uncl_Eurotiomycetes","uncl_Eurotiomycetes","uncl_Eurotiomycetes","uncl_Eurotiomycetes"
"Fungi","Ascomycota","Dothideomycetes","uncl_Dothideomycetes","uncl_Dothideomycetes","uncl_Dothideomycetes","uncl_Dothideomycetes"
"Fungi","Mucoromycota","Glomeromycetes","Glomerales","Glomeraceae","Dominikia","uncl_Dominikia"
"Fungi","Mucoromycota","Glomeromycetes","uncl_Glomeromycetes","uncl_Glomeromycetes","uncl_Glomeromycetes","uncl_Glomeromycetes"
"Fungi","Ascomycota","Dothideomycetes","uncl_Dothideomycetes","uncl_Dothideomycetes","uncl_Dothideomycetes","uncl_Dothideomycetes"
"Fungi","Basidiomycota","Agaricomycetes","Sebacinales","Serendipitaceae","uncl_Serendipitaceae","uncl_Serendipitaceae"
"Fungi","Ascomycota","Dothideomycetes","Capnodiales","uncl_Capnodiales","uncl_Capnodiales","uncl_Capnodiales"
"Fungi","Ascomycota","uncl_Ascomycota","uncl_Ascomycota","uncl_Ascomycota","uncl_Ascomycota","uncl_Ascomycota"
"Fungi","Basidiomycota","Agaricomycetes","Agaricales","Strophariaceae","Stropharia","Stropharia_halophila"
"Fungi","Ascomycota","Sordariomycetes","Xylariales","uncl_Xylariales","uncl_Xylariales","uncl_Xylariales"
"Fungi","Ascomycota","Eurotiomycetes","Chaetothyriales","uncl_Chaetothyriales","uncl_Chaetothyriales","uncl_Chaetothyriales"
"Fungi","Ascomycota","Eurotiomycetes","Eurotiales","Aspergillaceae","Talaromyces","uncl_Talaromyces"
"Fungi","Ascomycota","Dothideomycetes","Pleosporales","uncl_Pleosporales","uncl_Pleosporales","uncl_Pleosporales"
"Fungi","Basidiomycota","Agaricomycetes","Geastrales","Geastraceae","Geastrum","uncl_Geastrum"
"Fungi","Basidiomycota","uncl_Basidiomycota","uncl_Basidiomycota","uncl_Basidiomycota","uncl_Basidiomycota","uncl_Basidiomycota"
"Fungi","Basidiomycota","Agaricomycetes","Sebacinales","Serendipitaceae","uncl_Serendipitaceae","uncl_Serendipitaceae"
"Fungi","Ascomycota","Leotiomycetes","Helotiales","uncl_Helotiales","uncl_Helotiales","uncl_Helotiales"
"Fungi","Ascomycota","Dothideomycetes","Capnodiales","Capnodiaceae","uncl_Capnodiaceae","uncl_Capnodiaceae"
"Fungi","Ascomycota","uncl_Ascomycota","uncl_Ascomycota","uncl_Ascomycota","uncl_Ascomycota","uncl_Ascomycota"
"Fungi","Mucoromycota","Glomeromycetes","Glomerales","uncl_Glomerales","uncl_Glomerales","uncl_Glomerales"
"Fungi","Ascomycota","Dothideomycetes","Pleosporales","Phaeosphaeriaceae","uncl_Phaeosphaeriaceae","uncl_Phaeosphaeriaceae"
"Fungi","Mucoromycota","Mortierellomycetes","Mortierellales","Mortierellaceae","uncl_Mortierellaceae","uncl_Mortierellaceae"
"Fungi","Ascomycota","Leotiomycetes","Helotiales","uncl_Helotiales","uncl_Helotiales","uncl_Helotiales"
"Fungi","Ascomycota","uncl_Ascomycota","uncl_Ascomycota","uncl_Ascomycota","uncl_Ascomycota","uncl_Ascomycota"
"Fungi","Ascomycota","uncl_Ascomycota","uncl_Ascomycota","uncl_Ascomycota","uncl_Ascomycota","uncl_Ascomycota"
"Fungi","Basidiomycota","Agaricomycetes","Agaricales","Entolomataceae","Clitopilus","uncl_Clitopilus"
"Fungi","Basidiomycota","Agaricomycetes","uncl_Agaricomycetes","uncl_Agaricomycetes","uncl_Agaricomycetes","uncl_Agaricomycetes"
"Fungi","Chytridiomycota","Spizellomycetes","Spizellomycetales","Spizellomycetaceae","Spizellomyces","Spizellomyces_lactosolyticus"
"Fungi","Basidiomycota","Tremellomycetes","Tremellales","Cuniculitremaceae","uncl_Cuniculitremaceae","uncl_Cuniculitremaceae"
"Fungi","Ascomycota","Dothideomycetes","uncl_Dothideomycetes","uncl_Dothideomycetes","uncl_Dothideomycetes","uncl_Dothideomycetes"
"Fungi","Basidiomycota","uncl_Basidiomycota","uncl_Basidiomycota","uncl_Basidiomycota","uncl_Basidiomycota","uncl_Basidiomycota"
"Fungi","Basidiomycota","Tremellomycetes","Tremellales","Rhynchogastremataceae","Papiliotrema","Papiliotrema_terrestris"
"Fungi","Basidiomycota","Tremellomycetes","Tremellales","Rhynchogastremataceae","Papiliotrema","Papiliotrema_zeae"
"Fungi","Ascomycota","Sordariomycetes","Amphisphaeriales","Pestalotiopsidaceae","Pestalotiopsis","uncl_Pestalotiopsis"
"Fungi","Ascomycota","uncl_Ascomycota","uncl_Ascomycota","uncl_Ascomycota","uncl_Ascomycota","uncl_Ascomycota"
"Fungi","Ascomycota","Sordariomycetes","Xylariales","Graphostromataceae","Biscogniauxia","Biscogniauxia_mediterranea"
"Fungi","Ascomycota","uncl_Ascomycota","uncl_Ascomycota","uncl_Ascomycota","uncl_Ascomycota","uncl_Ascomycota"
"Fungi","Ascomycota","Saccharomycetes","Saccharomycetales","Debaryomycetaceae","Yamadazyma","Yamadazyma_mexicana"
"Fungi","Basidiomycota","Tremellomycetes","Filobasidiales","Filobasidiaceae","Naganishia","uncl_Naganishia"
"Fungi","Basidiomycota","Ustilaginomycetes","uncl_Ustilaginomycetes","uncl_Ustilaginomycetes","uncl_Ustilaginomycetes","uncl_Ustilaginomycetes"
"Fungi","Mucoromycota","Glomeromycetes","Glomerales","Glomeraceae","Dominikia","uncl_Dominikia"
"Fungi","Basidiomycota","Agaricomycetes","Agaricales","Entolomataceae","Clitopilus","uncl_Clitopilus"
"Fungi","Ascomycota","uncl_Ascomycota","uncl_Ascomycota","uncl_Ascomycota","uncl_Ascomycota","uncl_Ascomycota"
"Fungi","Ascomycota","Dothideomycetes","Pleosporales","uncl_Pleosporales","uncl_Pleosporales","uncl_Pleosporales"
"Fungi","Basidiomycota","uncl_Basidiomycota","uncl_Basidiomycota","uncl_Basidiomycota","uncl_Basidiomycota","uncl_Basidiomycota"
"Fungi","Ascomycota","Sordariomycetes","Hypocreales","uncl_Hypocreales","uncl_Hypocreales","uncl_Hypocreales"
"Fungi","Ascomycota","Eurotiomycetes","Eurotiales","Aspergillaceae","Aspergillus","Aspergillus_granulosus"
"Fungi","Ascomycota","Sordariomycetes","Sordariales","uncl_Sordariales","uncl_Sordariales","uncl_Sordariales"
"Fungi","Basidiomycota","Agaricomycetes","Polyporales","uncl_Polyporales","uncl_Polyporales","uncl_Polyporales"
"Fungi","Ascomycota","Dothideomycetes","uncl_Dothideomycetes","uncl_Dothideomycetes","uncl_Dothideomycetes","uncl_Dothideomycetes"
"Fungi","Ascomycota","Dothideomycetes","Pleosporales","uncl_Pleosporales","uncl_Pleosporales","uncl_Pleosporales"
"Fungi","Ascomycota","Eurotiomycetes","Chaetothyriales","uncl_Chaetothyriales","uncl_Chaetothyriales","uncl_Chaetothyriales"
"Fungi","Basidiomycota","Agaricomycetes","Phallales","Phallaceae","Phallus","Phallus_rubicundus"
"Fungi","Ascomycota","Leotiomycetes","uncl_Leotiomycetes","uncl_Leotiomycetes","uncl_Leotiomycetes","uncl_Leotiomycetes"
"Fungi","Basidiomycota","Agaricomycetes","Agaricales","Psathyrellaceae","Parasola","uncl_Parasola"
"Fungi","Ascomycota","Sordariomycetes","uncl_Sordariomycetes","uncl_Sordariomycetes","uncl_Sordariomycetes","uncl_Sordariomycetes"
"Fungi","Mucoromycota","Glomeromycetes","uncl_Glomeromycetes","uncl_Glomeromycetes","uncl_Glomeromycetes","uncl_Glomeromycetes"
"Fungi","Mucoromycota","Mucoromycetes","Mucorales","uncl_Mucorales","uncl_Mucorales","uncl_Mucorales"
"Fungi","Basidiomycota","Agaricomycetes","Boletales","Coniophoraceae","Coniophora","Coniophora_marmorata"
"Fungi","Basidiomycota","Agaricomycetes","Corticiales","uncl_Corticiales","uncl_Corticiales","uncl_Corticiales"
"Fungi","Basidiomycota","uncl_Basidiomycota","uncl_Basidiomycota","uncl_Basidiomycota","uncl_Basidiomycota","uncl_Basidiomycota"
"Fungi","Ascomycota","Dothideomycetes","Pleosporales","uncl_Pleosporales","uncl_Pleosporales","uncl_Pleosporales"
"Fungi","Ascomycota","Arthoniomycetes","uncl_Arthoniomycetes","uncl_Arthoniomycetes","uncl_Arthoniomycetes","uncl_Arthoniomycetes"
"Fungi","Basidiomycota","Tremellomycetes","Filobasidiales","Filobasidiaceae","Filobasidium","uncl_Filobasidium"
"Fungi","Basidiomycota","Agaricomycetes","Agaricales","Agaricaceae","Tulostoma","uncl_Tulostoma"
"Fungi","Ascomycota","uncl_Ascomycota","uncl_Ascomycota","uncl_Ascomycota","uncl_Ascomycota","uncl_Ascomycota"
"Fungi","Ascomycota","Dothideomycetes","uncl_Dothideomycetes","uncl_Dothideomycetes","uncl_Dothideomycetes","uncl_Dothideomycetes"
"Fungi","Ascomycota","uncl_Ascomycota","uncl_Ascomycota","uncl_Ascomycota","uncl_Ascomycota","uncl_Ascomycota"
"Fungi","Basidiomycota","Agaricomycetes","Agaricales","Agaricaceae","uncl_Agaricaceae","uncl_Agaricaceae"
"Fungi","Basidiomycota","Tremellomycetes","uncl_Tremellomycetes","uncl_Tremellomycetes","uncl_Tremellomycetes","uncl_Tremellomycetes"
"Fungi","Ascomycota","Eurotiomycetes","uncl_Eurotiomycetes","uncl_Eurotiomycetes","uncl_Eurotiomycetes","uncl_Eurotiomycetes"
"Fungi","Ascomycota","Sordariomycetes","uncl_Sordariomycetes","uncl_Sordariomycetes","uncl_Sordariomycetes","uncl_Sordariomycetes"
"Fungi","Basidiomycota","Agaricomycetes","Agaricales","Marasmiaceae","uncl_Marasmiaceae","uncl_Marasmiaceae"
"Fungi","Mucoromycota","Glomeromycetes","Glomerales","Glomeraceae","uncl_Glomeraceae","uncl_Glomeraceae"
"Fungi","Mucoromycota","Glomeromycetes","Glomerales","Glomeraceae","uncl_Glomeraceae","uncl_Glomeraceae"
"Fungi","Chytridiomycota","Spizellomycetes","Spizellomycetales","uncl_Spizellomycetales","uncl_Spizellomycetales","uncl_Spizellomycetales"
"Fungi","Basidiomycota","Agaricomycetes","uncl_Agaricomycetes","uncl_Agaricomycetes","uncl_Agaricomycetes","uncl_Agaricomycetes"
"Fungi","Ascomycota","uncl_Ascomycota","uncl_Ascomycota","uncl_Ascomycota","uncl_Ascomycota","uncl_Ascomycota"
"Fungi","Ascomycota","Sordariomycetes","uncl_Sordariomycetes","uncl_Sordariomycetes","uncl_Sordariomycetes","uncl_Sordariomycetes"
"Fungi","Ascomycota","Dothideomycetes","Pleosporales","uncl_Pleosporales","uncl_Pleosporales","uncl_Pleosporales"
"Fungi","Ascomycota","Sordariomycetes","Sordariales","Chaetomiaceae","uncl_Chaetomiaceae","uncl_Chaetomiaceae"
"Fungi","Ascomycota","Sordariomycetes","Sordariales","Chaetomiaceae","Corynascella","Corynascella_humicola"
"Fungi","Basidiomycota","Agaricomycetes","Agaricales","uncl_Agaricales","uncl_Agaricales","uncl_Agaricales"
"Fungi","Mucoromycota","Mortierellomycetes","Mortierellales","Mortierellaceae","uncl_Mortierellaceae","uncl_Mortierellaceae"
"Fungi","Ascomycota","Dothideomycetes","Pleosporales","uncl_Pleosporales","uncl_Pleosporales","uncl_Pleosporales"
"Fungi","Ascomycota","Dothideomycetes","Pleosporales","Lophiostomataceae","uncl_Lophiostomataceae","uncl_Lophiostomataceae"
"Fungi","Ascomycota","uncl_Ascomycota","uncl_Ascomycota","uncl_Ascomycota","uncl_Ascomycota","uncl_Ascomycota"
"Fungi","Basidiomycota","Agaricomycetes","uncl_Agaricomycetes","uncl_Agaricomycetes","uncl_Agaricomycetes","uncl_Agaricomycetes"
"Fungi","Basidiomycota","Agaricomycetes","Polyporales","uncl_Polyporales","uncl_Polyporales","uncl_Polyporales"
"Fungi","Basidiomycota","Tremellomycetes","uncl_Tremellomycetes","uncl_Tremellomycetes","uncl_Tremellomycetes","uncl_Tremellomycetes"
"Fungi","Ascomycota","uncl_Ascomycota","uncl_Ascomycota","uncl_Ascomycota","uncl_Ascomycota","uncl_Ascomycota"
"Fungi","Ascomycota","uncl_Ascomycota","uncl_Ascomycota","uncl_Ascomycota","uncl_Ascomycota","uncl_Ascomycota"
"Fungi","Basidiomycota","Agaricomycetes","Agaricales","Agaricaceae","uncl_Agaricaceae","uncl_Agaricaceae"
"Fungi","Ascomycota","Dothideomycetes","Pleosporales","uncl_Pleosporales","uncl_Pleosporales","uncl_Pleosporales"
"Fungi","Ascomycota","Sordariomycetes","Hypocreales","uncl_Hypocreales","uncl_Hypocreales","uncl_Hypocreales"
"Fungi","Mucoromycota","Glomeromycetes","uncl_Glomeromycetes","uncl_Glomeromycetes","uncl_Glomeromycetes","uncl_Glomeromycetes"
"Fungi","Mucoromycota","Glomeromycetes","uncl_Glomeromycetes","uncl_Glomeromycetes","uncl_Glomeromycetes","uncl_Glomeromycetes"
"Fungi","Mucoromycota","Glomeromycetes","uncl_Glomeromycetes","uncl_Glomeromycetes","uncl_Glomeromycetes","uncl_Glomeromycetes"
"Fungi","Ascomycota","Sordariomycetes","uncl_Sordariomycetes","uncl_Sordariomycetes","uncl_Sordariomycetes","uncl_Sordariomycetes"
"Fungi","Ascomycota","uncl_Ascomycota","uncl_Ascomycota","uncl_Ascomycota","uncl_Ascomycota","uncl_Ascomycota"
"Fungi","Ascomycota","Dothideomycetes","uncl_Dothideomycetes","uncl_Dothideomycetes","uncl_Dothideomycetes","uncl_Dothideomycetes"
"Fungi","Ascomycota","Sordariomycetes","Xylariales","Xylariaceae","uncl_Xylariaceae","uncl_Xylariaceae"
"Fungi","Ascomycota","Sordariomycetes","Sordariales","uncl_Sordariales","uncl_Sordariales","uncl_Sordariales"
"Fungi","Ascomycota","Eurotiomycetes","Chaetothyriales","uncl_Chaetothyriales","uncl_Chaetothyriales","uncl_Chaetothyriales"
"Fungi","Basidiomycota","Agaricomycetes","Agaricales","uncl_Agaricales","uncl_Agaricales","uncl_Agaricales"
"Fungi","Ascomycota","Sordariomycetes","Sordariales","uncl_Sordariales","uncl_Sordariales","uncl_Sordariales"
"Fungi","Ascomycota","Eurotiomycetes","Chaetothyriales","Chaetothyriales_fam_Incertae_sedis","Neophaeococcomyces","uncl_Neophaeococcomyces"
"Fungi","Ascomycota","Sordariomycetes","Sordariales","uncl_Sordariales","uncl_Sordariales","uncl_Sordariales"
"Fungi","Ascomycota","uncl_Ascomycota","uncl_Ascomycota","uncl_Ascomycota","uncl_Ascomycota","uncl_Ascomycota"
"Fungi","Chytridiomycota","Spizellomycetes","Spizellomycetales","uncl_Spizellomycetales","uncl_Spizellomycetales","uncl_Spizellomycetales"
"Fungi","Basidiomycota","Agaricomycetes","uncl_Agaricomycetes","uncl_Agaricomycetes","uncl_Agaricomycetes","uncl_Agaricomycetes"
"Fungi","Ascomycota","Eurotiomycetes","Onygenales","uncl_Onygenales","uncl_Onygenales","uncl_Onygenales"
"Fungi","Mucoromycota","uncl_Mucoromycota","uncl_Mucoromycota","uncl_Mucoromycota","uncl_Mucoromycota","uncl_Mucoromycota"
"Fungi","Mucoromycota","Glomeromycetes","Glomerales","Glomeraceae","Rhizophagus","Rhizophagus_dunensis"
"Fungi","Mucoromycota","uncl_Mucoromycota","uncl_Mucoromycota","uncl_Mucoromycota","uncl_Mucoromycota","uncl_Mucoromycota"
"Fungi","Mucoromycota","uncl_Mucoromycota","uncl_Mucoromycota","uncl_Mucoromycota","uncl_Mucoromycota","uncl_Mucoromycota"
"Fungi","Basidiomycota","Agaricomycetes","Agaricales","Agaricaceae","uncl_Agaricaceae","uncl_Agaricaceae"
"Fungi","Mucoromycota","Glomeromycetes","Glomerales","Glomeraceae","Rhizophagus","Rhizophagus_dunensis"
"Fungi","Mucoromycota","uncl_Mucoromycota","uncl_Mucoromycota","uncl_Mucoromycota","uncl_Mucoromycota","uncl_Mucoromycota"
"Fungi","Ascomycota","Dothideomycetes","Pleosporales","Phaeosphaeriaceae","Sclerostagonospora","uncl_Sclerostagonospora"
"Fungi","Ascomycota","Dothideomycetes","Pleosporales","uncl_Pleosporales","uncl_Pleosporales","uncl_Pleosporales"
"Fungi","Ascomycota","Sordariomycetes","Sordariales","Chaetomiaceae","uncl_Chaetomiaceae","uncl_Chaetomiaceae"
"Fungi","Basidiomycota","Agaricomycetes","Geastrales","Geastraceae","Geastrum","uncl_Geastrum"
"Fungi","Ascomycota","Orbiliomycetes","Orbiliales","uncl_Orbiliales","uncl_Orbiliales","uncl_Orbiliales"
"Fungi","Ascomycota","Sordariomycetes","Sordariales","Podosporaceae","uncl_Podosporaceae","uncl_Podosporaceae"
"Fungi","Ascomycota","Dothideomycetes","uncl_Dothideomycetes","uncl_Dothideomycetes","uncl_Dothideomycetes","uncl_Dothideomycetes"
"Fungi","Basidiomycota","Agaricomycetes","Geastrales","Geastraceae","Geastrum","uncl_Geastrum"
"Fungi","Basidiomycota","Agaricomycetes","Polyporales","uncl_Polyporales","uncl_Polyporales","uncl_Polyporales"
"Fungi","Basidiomycota","Agaricomycetes","Geastrales","Geastraceae","Geastrum","uncl_Geastrum"
"Fungi","Basidiomycota","Agaricomycetes","Agaricales","Agaricaceae","uncl_Agaricaceae","uncl_Agaricaceae"
"Fungi","Basidiomycota","Agaricomycetes","uncl_Agaricomycetes","uncl_Agaricomycetes","uncl_Agaricomycetes","uncl_Agaricomycetes"
"Fungi","Basidiomycota","uncl_Basidiomycota","uncl_Basidiomycota","uncl_Basidiomycota","uncl_Basidiomycota","uncl_Basidiomycota"
"Fungi","Basidiomycota","Agaricomycetes","Agaricales","Tubariaceae","Pachylepyrium","Pachylepyrium_fulvidula"
"Fungi","Chytridiomycota","Spizellomycetes","uncl_Spizellomycetes","uncl_Spizellomycetes","uncl_Spizellomycetes","uncl_Spizellomycetes"
"Fungi","Ascomycota","Dothideomycetes","Pleosporales","uncl_Pleosporales","uncl_Pleosporales","uncl_Pleosporales"
"Fungi","Basidiomycota","Agaricomycetes","Agaricales","uncl_Agaricales","uncl_Agaricales","uncl_Agaricales"
"Fungi","Ascomycota","Dothideomycetes","uncl_Dothideomycetes","uncl_Dothideomycetes","uncl_Dothideomycetes","uncl_Dothideomycetes"
"Fungi","Basidiomycota","Agaricomycetes","Agaricales","Psathyrellaceae","Coprinopsis","uncl_Coprinopsis"
"Fungi","Mucoromycota","Mortierellomycetes","Mortierellales","Mortierellaceae","uncl_Mortierellaceae","uncl_Mortierellaceae"
"Fungi","Ascomycota","Dothideomycetes","Pleosporales","uncl_Pleosporales","uncl_Pleosporales","uncl_Pleosporales"
"Fungi","Ascomycota","Sordariomycetes","Sordariales","uncl_Sordariales","uncl_Sordariales","uncl_Sordariales"
"Fungi","Ascomycota","Dothideomycetes","Pleosporales","Cucurbitariaceae","Pyrenochaeta","uncl_Pyrenochaeta"
"Fungi","Ascomycota","Sordariomycetes","Xylariales","uncl_Xylariales","uncl_Xylariales","uncl_Xylariales"
"Fungi","Ascomycota","uncl_Ascomycota","uncl_Ascomycota","uncl_Ascomycota","uncl_Ascomycota","uncl_Ascomycota"
"Fungi","Ascomycota","Pezizomycetes","uncl_Pezizomycetes","uncl_Pezizomycetes","uncl_Pezizomycetes","uncl_Pezizomycetes"
"Fungi","Basidiomycota","Agaricomycetes","Agaricales","Psathyrellaceae","Coprinopsis","uncl_Coprinopsis"
"Fungi","Basidiomycota","Agaricomycetes","Agaricales","Psathyrellaceae","Coprinopsis","uncl_Coprinopsis"
"Fungi","Ascomycota","Dothideomycetes","Pleosporales","Sporormiaceae","uncl_Sporormiaceae","uncl_Sporormiaceae"
"Fungi","Ascomycota","Dothideomycetes","Pleosporales","uncl_Pleosporales","uncl_Pleosporales","uncl_Pleosporales"
"Fungi","Basidiomycota","Agaricostilbomycetes","Agaricostilbales","Kondoaceae","uncl_Kondoaceae","uncl_Kondoaceae"
"Fungi","Basidiomycota","Cystobasidiomycetes","Cystobasidiales","Cystobasidiaceae","Cystobasidium","uncl_Cystobasidium"
"Fungi","Mucoromycota","Glomeromycetes","Glomerales","Glomeraceae","uncl_Glomeraceae","uncl_Glomeraceae"
"Fungi","Ascomycota","Dothideomycetes","Pleosporales","Melanommataceae","Pseudostrickeria","uncl_Pseudostrickeria"
"Fungi","Basidiomycota","uncl_Basidiomycota","uncl_Basidiomycota","uncl_Basidiomycota","uncl_Basidiomycota","uncl_Basidiomycota"
"Fungi","Ascomycota","Sordariomycetes","Sordariales","Lasiosphaeriaceae","uncl_Lasiosphaeriaceae","uncl_Lasiosphaeriaceae"
"Fungi","Ascomycota","uncl_Ascomycota","uncl_Ascomycota","uncl_Ascomycota","uncl_Ascomycota","uncl_Ascomycota"
"Fungi","Ascomycota","Dothideomycetes","Pleosporales","uncl_Pleosporales","uncl_Pleosporales","uncl_Pleosporales"
"Fungi","Ascomycota","Dothideomycetes","uncl_Dothideomycetes","uncl_Dothideomycetes","uncl_Dothideomycetes","uncl_Dothideomycetes"
"Fungi","Ascomycota","Dothideomycetes","Pleosporales","Pleosporaceae","Curvularia","uncl_Curvularia"
"Fungi","Basidiomycota","Agaricomycetes","Agaricales","Psathyrellaceae","uncl_Psathyrellaceae","uncl_Psathyrellaceae"
"Fungi","Ascomycota","Sordariomycetes","Hypocreales","uncl_Hypocreales","uncl_Hypocreales","uncl_Hypocreales"
"Fungi","Ascomycota","Pezizomycetes","Pezizales","Pyronemataceae","Tricharina","uncl_Tricharina"
"Fungi","Ascomycota","Dothideomycetes","Pleosporales","uncl_Pleosporales","uncl_Pleosporales","uncl_Pleosporales"
"Fungi","Ascomycota","Dothideomycetes","Pleosporales","Sporormiaceae","Preussia","uncl_Preussia"
"Fungi","Mucoromycota","Glomeromycetes","Glomerales","Glomeraceae","uncl_Glomeraceae","uncl_Glomeraceae"
"Fungi","Mucoromycota","Glomeromycetes","Glomerales","Glomeraceae","uncl_Glomeraceae","uncl_Glomeraceae"
"Fungi","Ascomycota","Sordariomycetes","Sordariales","uncl_Sordariales","uncl_Sordariales","uncl_Sordariales"
"Fungi","Basidiomycota","Agaricomycetes","Agaricales","Bolbitiaceae","Conocybe","uncl_Conocybe"
"Fungi","Basidiomycota","Agaricomycetes","Agaricales","Stephanosporaceae","uncl_Stephanosporaceae","uncl_Stephanosporaceae"
"Fungi","Ascomycota","uncl_Ascomycota","uncl_Ascomycota","uncl_Ascomycota","uncl_Ascomycota","uncl_Ascomycota"
"Fungi","Basidiomycota","Agaricomycetes","Sebacinales","Serendipitaceae","uncl_Serendipitaceae","uncl_Serendipitaceae"
"Fungi","Ascomycota","Pezizomycetes","uncl_Pezizomycetes","uncl_Pezizomycetes","uncl_Pezizomycetes","uncl_Pezizomycetes"
"Fungi","Basidiomycota","Agaricomycetes","Polyporales","uncl_Polyporales","uncl_Polyporales","uncl_Polyporales"
"Fungi","Basidiomycota","Agaricomycetes","Agaricales","Agaricaceae","Tulostoma","uncl_Tulostoma"
"Fungi","Basidiomycota","Agaricomycetes","Agaricales","Agaricaceae","Tulostoma","uncl_Tulostoma"
"Fungi","Basidiomycota","Agaricomycetes","Agaricales","Psathyrellaceae","Psathyrella","uncl_Psathyrella"
"Fungi","Ascomycota","Eurotiomycetes","uncl_Eurotiomycetes","uncl_Eurotiomycetes","uncl_Eurotiomycetes","uncl_Eurotiomycetes"
"Fungi","Basidiomycota","Agaricomycetes","uncl_Agaricomycetes","uncl_Agaricomycetes","uncl_Agaricomycetes","uncl_Agaricomycetes"
"Fungi","Basidiomycota","Agaricomycetes","Agaricales","Marasmiaceae","Marasmius","uncl_Marasmius"
"Fungi","Ascomycota","Sordariomycetes","Magnaporthales","Magnaporthaceae","Magnaporthiopsis","uncl_Magnaporthiopsis"
"Fungi","Ascomycota","Sordariomycetes","Hypocreales","Hypocreales_fam_Incertae_sedis","Acremonium","uncl_Acremonium"
"Fungi","Ascomycota","Sordariomycetes","Hypocreales","Clavicipitaceae","Marquandomyces","Marquandomyces_marquandii"
"Fungi","Basidiomycota","Agaricomycetes","Agaricales","Psathyrellaceae","Psathyrella","uncl_Psathyrella"
"Fungi","Ascomycota","uncl_Ascomycota","uncl_Ascomycota","uncl_Ascomycota","uncl_Ascomycota","uncl_Ascomycota"
"Fungi","Ascomycota","Dothideomycetes","Pleosporales","Pleosporales_fam_Incertae_sedis","Polyschema","uncl_Polyschema"
"Fungi","Calcarisporiellomycota","Calcarisporiellomycetes","Calcarisporiellales","Calcarisporiellaceae","Calcarisporiella","uncl_Calcarisporiella"
"Fungi","Basidiomycota","Agaricomycetes","Agaricales","Psathyrellaceae","Coprinopsis","uncl_Coprinopsis"
"Fungi","Ascomycota","Dothideomycetes","Pleosporales","uncl_Pleosporales","uncl_Pleosporales","uncl_Pleosporales"
"Fungi","Basidiomycota","Agaricomycetes","Agaricales","uncl_Agaricales","uncl_Agaricales","uncl_Agaricales"
"Fungi","Ascomycota","Sordariomycetes","Hypocreales","Hypocreales_fam_Incertae_sedis","uncl_Hypocreales_fam_Incertae_sedis","uncl_Hypocreales_fam_Incertae_sedis"
"Fungi","Basidiomycota","Agaricomycetes","Cantharellales","Ceratobasidiaceae","uncl_Ceratobasidiaceae","uncl_Ceratobasidiaceae"
"Fungi","Basidiomycota","Agaricomycetes","Cantharellales","Ceratobasidiaceae","uncl_Ceratobasidiaceae","uncl_Ceratobasidiaceae"
"Fungi","Ascomycota","uncl_Ascomycota","uncl_Ascomycota","uncl_Ascomycota","uncl_Ascomycota","uncl_Ascomycota"
"Fungi","Ascomycota","uncl_Ascomycota","uncl_Ascomycota","uncl_Ascomycota","uncl_Ascomycota","uncl_Ascomycota"
"Fungi","Ascomycota","uncl_Ascomycota","uncl_Ascomycota","uncl_Ascomycota","uncl_Ascomycota","uncl_Ascomycota"
"Fungi","Ascomycota","Sordariomycetes","Hypocreales","Nectriaceae","Acremoniopsis","Acremoniopsis_suttoniae"
"Fungi","Ascomycota","Dothideomycetes","uncl_Dothideomycetes","uncl_Dothideomycetes","uncl_Dothideomycetes","uncl_Dothideomycetes"
"Fungi","Ascomycota","uncl_Ascomycota","uncl_Ascomycota","uncl_Ascomycota","uncl_Ascomycota","uncl_Ascomycota"
"Fungi","Basidiomycota","uncl_Basidiomycota","uncl_Basidiomycota","uncl_Basidiomycota","uncl_Basidiomycota","uncl_Basidiomycota"
"Fungi","Ascomycota","Sordariomycetes","Hypocreales","Bionectriaceae","Ochronectria","uncl_Ochronectria"
"Fungi","Ascomycota","Sordariomycetes","Sordariales","uncl_Sordariales","uncl_Sordariales","uncl_Sordariales"
"Fungi","Mucoromycota","Glomeromycetes","Glomerales","Glomeraceae","uncl_Glomeraceae","uncl_Glomeraceae"
"Fungi","Cryptomycota","uncl_Cryptomycota","uncl_Cryptomycota","uncl_Cryptomycota","uncl_Cryptomycota","uncl_Cryptomycota"
"Fungi","Ascomycota","Sordariomycetes","Hypocreales","Nectriaceae","Fusarium","uncl_Fusarium"
"Fungi","Ascomycota","Sordariomycetes","uncl_Sordariomycetes","uncl_Sordariomycetes","uncl_Sordariomycetes","uncl_Sordariomycetes"
"Fungi","Ascomycota","Sordariomycetes","Sordariales","uncl_Sordariales","uncl_Sordariales","uncl_Sordariales"
"Fungi","Basidiomycota","Agaricomycetes","Agaricales","Lycoperdaceae","Lycoperdon","Lycoperdon_pyriforme"
"Fungi","Ascomycota","Eurotiomycetes","uncl_Eurotiomycetes","uncl_Eurotiomycetes","uncl_Eurotiomycetes","uncl_Eurotiomycetes"
"Fungi","Basidiomycota","Agaricomycetes","Sebacinales","Serendipitaceae","Serendipita","uncl_Serendipita"
"Fungi","Basidiomycota","Agaricomycetes","Boletales","Pisolithaceae","Pisolithus","uncl_Pisolithus"
"Fungi","Ascomycota","uncl_Ascomycota","uncl_Ascomycota","uncl_Ascomycota","uncl_Ascomycota","uncl_Ascomycota"
"Fungi","Ascomycota","Dothideomycetes","Pleosporales","Pleosporaceae","uncl_Pleosporaceae","uncl_Pleosporaceae"
"Fungi","Ascomycota","uncl_Ascomycota","uncl_Ascomycota","uncl_Ascomycota","uncl_Ascomycota","uncl_Ascomycota"
"Fungi","Basidiomycota","uncl_Basidiomycota","uncl_Basidiomycota","uncl_Basidiomycota","uncl_Basidiomycota","uncl_Basidiomycota"
"Fungi","Ascomycota","Dothideomycetes","Pleosporales","Pleosporaceae","Curvularia","Curvularia_pseudorobusta"
"Fungi","Ascomycota","Dothideomycetes","Mycosphaerellales","Teratosphaeriaceae","Penidiellopsis","Penidiellopsis_ramosus"
"Fungi","Ascomycota","Dothideomycetes","Pleosporales","Periconiaceae","Periconia","Periconia_echinochloae"
"Fungi","Basidiomycota","uncl_Basidiomycota","uncl_Basidiomycota","uncl_Basidiomycota","uncl_Basidiomycota","uncl_Basidiomycota"
"Fungi","Ascomycota","Dothideomycetes","Pleosporales","Cucurbitariaceae","Pyrenochaetopsis","uncl_Pyrenochaetopsis"
"Fungi","Chytridiomycota","Cladochytriomycetes","Cladochytriales","uncl_Cladochytriales","uncl_Cladochytriales","uncl_Cladochytriales"
"Fungi","Ascomycota","Dothideomycetes","uncl_Dothideomycetes","uncl_Dothideomycetes","uncl_Dothideomycetes","uncl_Dothideomycetes"
"Fungi","Ascomycota","Sordariomycetes","uncl_Sordariomycetes","uncl_Sordariomycetes","uncl_Sordariomycetes","uncl_Sordariomycetes"
"Fungi","Ascomycota","Eurotiomycetes","uncl_Eurotiomycetes","uncl_Eurotiomycetes","uncl_Eurotiomycetes","uncl_Eurotiomycetes"
"Fungi","Ascomycota","Sordariomycetes","Hypocreales","uncl_Hypocreales","uncl_Hypocreales","uncl_Hypocreales"
"Fungi","Basidiomycota","Agaricomycetes","Trechisporales","Hydnodontaceae","uncl_Hydnodontaceae","uncl_Hydnodontaceae"
"Fungi","Ascomycota","Sordariomycetes","Sordariales","uncl_Sordariales","uncl_Sordariales","uncl_Sordariales"
"Fungi","Ascomycota","Dothideomycetes","Pleosporales","Pleosporaceae","Curvularia","uncl_Curvularia"
"Fungi","Basidiomycota","Agaricomycetes","Sebacinales","Serendipitaceae","Serendipita","uncl_Serendipita"
"Fungi","Ascomycota","Sordariomycetes","uncl_Sordariomycetes","uncl_Sordariomycetes","uncl_Sordariomycetes","uncl_Sordariomycetes"
"Fungi","Ascomycota","Dothideomycetes","Tubeufiales","Tubeufiaceae","uncl_Tubeufiaceae","uncl_Tubeufiaceae"
"Fungi","Mucoromycota","uncl_Mucoromycota","uncl_Mucoromycota","uncl_Mucoromycota","uncl_Mucoromycota","uncl_Mucoromycota"
"Fungi","Ascomycota","uncl_Ascomycota","uncl_Ascomycota","uncl_Ascomycota","uncl_Ascomycota","uncl_Ascomycota"
"Fungi","Ascomycota","Dothideomycetes","Pleosporales","Cucurbitariaceae","Pyrenochaetopsis","uncl_Pyrenochaetopsis"
"Fungi","Basidiomycota","Agaricomycetes","Boletales","Rhizopogonaceae","Rhizopogon","Rhizopogon_pseudoroseolus"
"Fungi","Basidiomycota","Agaricomycetes","Sebacinales","uncl_Sebacinales","uncl_Sebacinales","uncl_Sebacinales"
"Fungi","Ascomycota","Sordariomycetes","uncl_Sordariomycetes","uncl_Sordariomycetes","uncl_Sordariomycetes","uncl_Sordariomycetes"
"Fungi","Basidiomycota","uncl_Basidiomycota","uncl_Basidiomycota","uncl_Basidiomycota","uncl_Basidiomycota","uncl_Basidiomycota"
"Fungi","Ascomycota","Dothideomycetes","Pleosporales","uncl_Pleosporales","uncl_Pleosporales","uncl_Pleosporales"
"Fungi","Ascomycota","Sordariomycetes","Hypocreales","Bionectriaceae","uncl_Bionectriaceae","uncl_Bionectriaceae"
"Fungi","Ascomycota","Dothideomycetes","uncl_Dothideomycetes","uncl_Dothideomycetes","uncl_Dothideomycetes","uncl_Dothideomycetes"
"Fungi","Basidiomycota","Malasseziomycetes","Malasseziales","Malasseziaceae","Malassezia","uncl_Malassezia"
"Fungi","Ascomycota","Dothideomycetes","Mycosphaerellales","Teratosphaeriaceae","Penidiellopsis","Penidiellopsis_ramosus"
"Fungi","Basidiomycota","Agaricomycetes","Cantharellales","Ceratobasidiaceae","uncl_Ceratobasidiaceae","uncl_Ceratobasidiaceae"
"Fungi","Basidiomycota","Agaricomycetes","Agaricales","Marasmiaceae","uncl_Marasmiaceae","uncl_Marasmiaceae"
"Fungi","Basidiomycota","Agaricomycetes","Boletales","Rhizopogonaceae","Rhizopogon","uncl_Rhizopogon"
"Fungi","Basidiomycota","Atractiellomycetes","Atractiellales","Hoehnelomycetaceae","Atractiella","Atractiella_rhizophila"
"Fungi","Ascomycota","Sordariomycetes","uncl_Sordariomycetes","uncl_Sordariomycetes","uncl_Sordariomycetes","uncl_Sordariomycetes"
"Fungi","Ascomycota","Dothideomycetes","uncl_Dothideomycetes","uncl_Dothideomycetes","uncl_Dothideomycetes","uncl_Dothideomycetes"
"Fungi","Ascomycota","Eurotiomycetes","Chaetothyriales","uncl_Chaetothyriales","uncl_Chaetothyriales","uncl_Chaetothyriales"
"Fungi","Ascomycota","Eurotiomycetes","Chaetothyriales","Herpotrichiellaceae","uncl_Herpotrichiellaceae","uncl_Herpotrichiellaceae"
"Fungi","Ascomycota","Sordariomycetes","Sordariales","uncl_Sordariales","uncl_Sordariales","uncl_Sordariales"
"Fungi","Mucoromycota","Glomeromycetes","Glomerales","uncl_Glomerales","uncl_Glomerales","uncl_Glomerales"
"Fungi","Ascomycota","uncl_Ascomycota","uncl_Ascomycota","uncl_Ascomycota","uncl_Ascomycota","uncl_Ascomycota"
"Fungi","Ascomycota","uncl_Ascomycota","uncl_Ascomycota","uncl_Ascomycota","uncl_Ascomycota","uncl_Ascomycota"
"Fungi","Basidiomycota","Agaricomycetes","Agaricales","Tricholomataceae","Flagelloscypha","uncl_Flagelloscypha"
"Fungi","Ascomycota","Eurotiomycetes","Chaetothyriales","uncl_Chaetothyriales","uncl_Chaetothyriales","uncl_Chaetothyriales"
"Fungi","Chytridiomycota","Cladochytriomycetes","Cladochytriales","Catenochytridiaceae","uncl_Catenochytridiaceae","uncl_Catenochytridiaceae"
"Fungi","Ascomycota","Sordariomycetes","uncl_Sordariomycetes","uncl_Sordariomycetes","uncl_Sordariomycetes","uncl_Sordariomycetes"
"Fungi","Ascomycota","uncl_Ascomycota","uncl_Ascomycota","uncl_Ascomycota","uncl_Ascomycota","uncl_Ascomycota"
"Fungi","Ascomycota","Orbiliomycetes","Orbiliales","uncl_Orbiliales","uncl_Orbiliales","uncl_Orbiliales"
"Fungi","Basidiomycota","Atractiellomycetes","Atractiellales","Hoehnelomycetaceae","Atractiella","Atractiella_rhizophila"
"Fungi","Basidiomycota","Atractiellomycetes","Atractiellales","Hoehnelomycetaceae","Atractiella","Atractiella_rhizophila"
"Fungi","Ascomycota","Eurotiomycetes","Chaetothyriales","Herpotrichiellaceae","uncl_Herpotrichiellaceae","uncl_Herpotrichiellaceae"
"Fungi","Ascomycota","Eurotiomycetes","Chaetothyriales","Herpotrichiellaceae","uncl_Herpotrichiellaceae","uncl_Herpotrichiellaceae"
"Fungi","Ascomycota","Eurotiomycetes","Chaetothyriales","Herpotrichiellaceae","Cladophialophora","uncl_Cladophialophora"
"Fungi","Ascomycota","Sordariomycetes","Hypocreales","Stachybotryaceae","uncl_Stachybotryaceae","uncl_Stachybotryaceae"
"Fungi","Basidiomycota","Agaricomycetes","Agaricales","uncl_Agaricales","uncl_Agaricales","uncl_Agaricales"
"Fungi","Cryptomycota","Rozellomycotina_cls_Incertae_sedis","uncl_Rozellomycotina_cls_Incertae_sedis","uncl_Rozellomycotina_cls_Incertae_sedis","uncl_Rozellomycotina_cls_Incertae_sedis","uncl_Rozellomycotina_cls_Incertae_sedis"
"Fungi","Ascomycota","Eurotiomycetes","Chaetothyriales","Herpotrichiellaceae","uncl_Herpotrichiellaceae","uncl_Herpotrichiellaceae"
"Fungi","Ascomycota","Dothideomycetes","Botryosphaeriales","Botryosphaeriaceae","uncl_Botryosphaeriaceae","uncl_Botryosphaeriaceae"
"Fungi","Ascomycota","Eurotiomycetes","Chaetothyriales","uncl_Chaetothyriales","uncl_Chaetothyriales","uncl_Chaetothyriales"
"Fungi","Ascomycota","Sordariomycetes","Sordariales","uncl_Sordariales","uncl_Sordariales","uncl_Sordariales"
"Fungi","Ascomycota","Eurotiomycetes","Eurotiales","Aspergillaceae","uncl_Aspergillaceae","uncl_Aspergillaceae"
"Fungi","Mucoromycota","Glomeromycetes","uncl_Glomeromycetes","uncl_Glomeromycetes","uncl_Glomeromycetes","uncl_Glomeromycetes"
"Fungi","Ascomycota","Dothideomycetes","Mycosphaerellales","Teratosphaeriaceae","Xenopenidiella","uncl_Xenopenidiella"
"Fungi","Ascomycota","Saccharomycetes","Saccharomycetales","uncl_Saccharomycetales","uncl_Saccharomycetales","uncl_Saccharomycetales"
"Fungi","Ascomycota","Sordariomycetes","Sordariales","uncl_Sordariales","uncl_Sordariales","uncl_Sordariales"
"Fungi","Ascomycota","Dothideomycetes","Capnodiales","Dissoconiaceae","Ramichloridium","Ramichloridium_apiculatum"
"Fungi","Mucoromycota","uncl_Mucoromycota","uncl_Mucoromycota","uncl_Mucoromycota","uncl_Mucoromycota","uncl_Mucoromycota"
"Fungi","Mucoromycota","Glomeromycetes","Glomerales","Glomeraceae","uncl_Glomeraceae","uncl_Glomeraceae"
"Fungi","Ascomycota","Sordariomycetes","Xylariales","Xylariaceae","Hypocopra","Hypocopra_zeae"
"Fungi","Mucoromycota","Glomeromycetes","uncl_Glomeromycetes","uncl_Glomeromycetes","uncl_Glomeromycetes","uncl_Glomeromycetes"
"Fungi","Ascomycota","Sordariomycetes","Hypocreales","Nectriaceae","uncl_Nectriaceae","uncl_Nectriaceae"
"Fungi","Basidiomycota","Agaricomycetes","Geastrales","Geastraceae","Geastrum","Geastrum_kotlabae"
"Fungi","Ascomycota","Dothideomycetes","Pleosporales","Pleosporaceae","Curvularia","uncl_Curvularia"
"Fungi","Ascomycota","Dothideomycetes","Pleosporales","uncl_Pleosporales","uncl_Pleosporales","uncl_Pleosporales"
"Fungi","Basidiomycota","Agaricomycetes","Agaricales","Lycoperdaceae","uncl_Lycoperdaceae","uncl_Lycoperdaceae"
"Fungi","Basidiomycota","Agaricomycetes","Agaricales","Clavariaceae","Clavaria","uncl_Clavaria"
"Fungi","Ascomycota","Sordariomycetes","Sordariales","uncl_Sordariales","uncl_Sordariales","uncl_Sordariales"
"Fungi","Ascomycota","Eurotiomycetes","Chaetothyriales","uncl_Chaetothyriales","uncl_Chaetothyriales","uncl_Chaetothyriales"
"Fungi","Mucoromycota","Glomeromycetes","Glomerales","Glomeraceae","uncl_Glomeraceae","uncl_Glomeraceae"
"Fungi","Basidiomycota","uncl_Basidiomycota","uncl_Basidiomycota","uncl_Basidiomycota","uncl_Basidiomycota","uncl_Basidiomycota"
"Fungi","Mucoromycota","Mucoromycetes","Mucorales","Mucoraceae","Mucor","Mucor_moelleri"
"Fungi","Ascomycota","Dothideomycetes","Pleosporales","Pleosporaceae","Curvularia","Curvularia_canadensis"
"Fungi","Ascomycota","Sordariomycetes","Cordanales","uncl_Cordanales","uncl_Cordanales","uncl_Cordanales"
"Fungi","Ascomycota","Pezizomycetes","Pezizales","Sarcosomataceae","Urnula","uncl_Urnula"
"Fungi","Mucoromycota","Glomeromycetes","Glomerales","Glomeraceae","uncl_Glomeraceae","uncl_Glomeraceae"
"Fungi","Ascomycota","Eurotiomycetes","Eurotiales","Aspergillaceae","uncl_Aspergillaceae","uncl_Aspergillaceae"
"Fungi","Ascomycota","uncl_Ascomycota","uncl_Ascomycota","uncl_Ascomycota","uncl_Ascomycota","uncl_Ascomycota"
"Fungi","Ascomycota","Dothideomycetes","Pleosporales","uncl_Pleosporales","uncl_Pleosporales","uncl_Pleosporales"
"Fungi","Mucoromycota","uncl_Mucoromycota","uncl_Mucoromycota","uncl_Mucoromycota","uncl_Mucoromycota","uncl_Mucoromycota"
"Fungi","Ascomycota","Sordariomycetes","Sordariales","uncl_Sordariales","uncl_Sordariales","uncl_Sordariales"
"Fungi","Ascomycota","Sordariomycetes","Sordariales","uncl_Sordariales","uncl_Sordariales","uncl_Sordariales"
"Fungi","Ascomycota","Dothideomycetes","Pleosporales","Pleosporaceae","Curvularia","Curvularia_clavata"
"Fungi","Ascomycota","Sordariomycetes","uncl_Sordariomycetes","uncl_Sordariomycetes","uncl_Sordariomycetes","uncl_Sordariomycetes"
"Fungi","Ascomycota","Leotiomycetes","Helotiales","uncl_Helotiales","uncl_Helotiales","uncl_Helotiales"
"Fungi","Ascomycota","Sordariomycetes","Pisorisporiales","uncl_Pisorisporiales","uncl_Pisorisporiales","uncl_Pisorisporiales"
"Fungi","Ascomycota","Eurotiomycetes","Chaetothyriales","uncl_Chaetothyriales","uncl_Chaetothyriales","uncl_Chaetothyriales"
"Fungi","Ascomycota","Leotiomycetes","Helotiales","uncl_Helotiales","uncl_Helotiales","uncl_Helotiales"
"Fungi","Chytridiomycota","Cladochytriomycetes","Cladochytriales","uncl_Cladochytriales","uncl_Cladochytriales","uncl_Cladochytriales"
"Fungi","Mucoromycota","Glomeromycetes","Glomerales","Glomeraceae","Microkamienskia","Microkamienskia_peruviana"
"Fungi","Basidiomycota","Agaricomycetes","Agaricales","uncl_Agaricales","uncl_Agaricales","uncl_Agaricales"
"Fungi","Ascomycota","uncl_Ascomycota","uncl_Ascomycota","uncl_Ascomycota","uncl_Ascomycota","uncl_Ascomycota"
"Fungi","Basidiomycota","Agaricomycetes","uncl_Agaricomycetes","uncl_Agaricomycetes","uncl_Agaricomycetes","uncl_Agaricomycetes"
"Fungi","Basidiomycota","Agaricomycetes","uncl_Agaricomycetes","uncl_Agaricomycetes","uncl_Agaricomycetes","uncl_Agaricomycetes"
"Fungi","Basidiomycota","Agaricomycetes","Agaricales","Clavariaceae","Ramariopsis","uncl_Ramariopsis"
"Fungi","Ascomycota","Sordariomycetes","Hypocreales","uncl_Hypocreales","uncl_Hypocreales","uncl_Hypocreales"
"Fungi","Basidiomycota","Agaricomycetes","Polyporales","Fomitopsidaceae","Sparassis","uncl_Sparassis"
"Fungi","Ascomycota","Dothideomycetes","Pleosporales","uncl_Pleosporales","uncl_Pleosporales","uncl_Pleosporales"
"Fungi","Ascomycota","Sordariomycetes","Microascales","Halosphaeriaceae","uncl_Halosphaeriaceae","uncl_Halosphaeriaceae"
"Fungi","Ascomycota","Leotiomycetes","uncl_Leotiomycetes","uncl_Leotiomycetes","uncl_Leotiomycetes","uncl_Leotiomycetes"
"Fungi","Basidiomycota","Agaricomycetes","Polyporales","Fomitopsidaceae","uncl_Fomitopsidaceae","uncl_Fomitopsidaceae"
"Fungi","Ascomycota","Dothideomycetes","uncl_Dothideomycetes","uncl_Dothideomycetes","uncl_Dothideomycetes","uncl_Dothideomycetes"
"Fungi","Ascomycota","Sordariomycetes","Hypocreales","uncl_Hypocreales","uncl_Hypocreales","uncl_Hypocreales"
"Fungi","Mucoromycota","Glomeromycetes","Glomerales","Glomeraceae","uncl_Glomeraceae","uncl_Glomeraceae"
"Fungi","Ascomycota","Dothideomycetes","Pleosporales","uncl_Pleosporales","uncl_Pleosporales","uncl_Pleosporales"
"Fungi","Basidiomycota","Agaricomycetes","Agaricales","uncl_Agaricales","uncl_Agaricales","uncl_Agaricales"
"Fungi","Ascomycota","Sordariomycetes","uncl_Sordariomycetes","uncl_Sordariomycetes","uncl_Sordariomycetes","uncl_Sordariomycetes"
"Fungi","Ascomycota","Eurotiomycetes","Chaetothyriales","Herpotrichiellaceae","uncl_Herpotrichiellaceae","uncl_Herpotrichiellaceae"
"Fungi","Ascomycota","Leotiomycetes","uncl_Leotiomycetes","uncl_Leotiomycetes","uncl_Leotiomycetes","uncl_Leotiomycetes"
"Fungi","Basidiomycota","Agaricomycetes","Agaricales","uncl_Agaricales","uncl_Agaricales","uncl_Agaricales"
"Fungi","Ascomycota","Sordariomycetes","Pisorisporiales","Pisorisporiales_fam._incertae_sedis","Brocchiosphaera","uncl_Brocchiosphaera"
"Fungi","Ascomycota","Dothideomycetes","Pleosporales","Tetraplosphaeriaceae","Tetraploa","uncl_Tetraploa"
"Fungi","Basidiomycota","Agaricomycetes","Sebacinales","Serendipitaceae","Serendipita","uncl_Serendipita"
"Fungi","Ascomycota","Sordariomycetes","uncl_Sordariomycetes","uncl_Sordariomycetes","uncl_Sordariomycetes","uncl_Sordariomycetes"
"Fungi","Ascomycota","Dothideomycetes","Pleosporales","uncl_Pleosporales","uncl_Pleosporales","uncl_Pleosporales"
"Fungi","Ascomycota","Sordariomycetes","uncl_Sordariomycetes","uncl_Sordariomycetes","uncl_Sordariomycetes","uncl_Sordariomycetes"
"Fungi","Mucoromycota","Glomeromycetes","Glomerales","Glomeraceae","uncl_Glomeraceae","uncl_Glomeraceae"
"Fungi","Basidiomycota","Agaricomycetes","Polyporales","Fomitopsidaceae","Sparassis","uncl_Sparassis"
"Fungi","Mucoromycota","Glomeromycetes","Glomerales","Glomeraceae","Rhizophagus","Rhizophagus_intraradices"
"Fungi","Ascomycota","Sordariomycetes","uncl_Sordariomycetes","uncl_Sordariomycetes","uncl_Sordariomycetes","uncl_Sordariomycetes"
"Fungi","Ascomycota","Eurotiomycetes","Chaetothyriales","Herpotrichiellaceae","uncl_Herpotrichiellaceae","uncl_Herpotrichiellaceae"
"Fungi","Basidiomycota","Agaricomycetes","Polyporales","Fomitopsidaceae","Sparassis","uncl_Sparassis"
"Fungi","Basidiomycota","Agaricomycetes","Agaricales","uncl_Agaricales","uncl_Agaricales","uncl_Agaricales"
"Fungi","Ascomycota","Eurotiomycetes","uncl_Eurotiomycetes","uncl_Eurotiomycetes","uncl_Eurotiomycetes","uncl_Eurotiomycetes"
"Fungi","Mucoromycota","Glomeromycetes","Glomerales","Glomeraceae","uncl_Glomeraceae","uncl_Glomeraceae"
"Fungi","Ascomycota","Sordariomycetes","uncl_Sordariomycetes","uncl_Sordariomycetes","uncl_Sordariomycetes","uncl_Sordariomycetes"
"Fungi","Ascomycota","Dothideomycetes","Capnodiales","Dissoconiaceae","uncl_Dissoconiaceae","uncl_Dissoconiaceae"
"Fungi","Ascomycota","Eurotiomycetes","Chaetothyriales","uncl_Chaetothyriales","uncl_Chaetothyriales","uncl_Chaetothyriales"
"Fungi","Ascomycota","Dothideomycetes","uncl_Dothideomycetes","uncl_Dothideomycetes","uncl_Dothideomycetes","uncl_Dothideomycetes"
"Fungi","Ascomycota","Eurotiomycetes","Chaetothyriales","Herpotrichiellaceae","uncl_Herpotrichiellaceae","uncl_Herpotrichiellaceae"
"Fungi","Basidiomycota","Agaricomycetes","Sebacinales","uncl_Sebacinales","uncl_Sebacinales","uncl_Sebacinales"
"Fungi","Basidiomycota","Agaricomycetes","Sebacinales","Serendipitaceae","Serendipita","uncl_Serendipita"
"Fungi","Ascomycota","Sordariomycetes","Sordariales","uncl_Sordariales","uncl_Sordariales","uncl_Sordariales"
"Fungi","Ascomycota","Sordariomycetes","Chaetosphaeriales","Chaetosphaeriaceae","Chloridium","uncl_Chloridium"
"Fungi","Ascomycota","Dothideomycetes","Pleosporales","uncl_Pleosporales","uncl_Pleosporales","uncl_Pleosporales"
"Fungi","Ascomycota","uncl_Ascomycota","uncl_Ascomycota","uncl_Ascomycota","uncl_Ascomycota","uncl_Ascomycota"
"Fungi","Basidiomycota","Agaricomycetes","Sebacinales","Serendipitaceae","Serendipita","uncl_Serendipita"
"Fungi","Ascomycota","Sordariomycetes","Hypocreales","Nectriaceae","Fusarium","uncl_Fusarium"
"Fungi","Mucoromycota","Glomeromycetes","Glomerales","Glomeraceae","Dominikia","uncl_Dominikia"
"Fungi","Ascomycota","Sordariomycetes","Hypocreales","Nectriaceae","Ilyonectria","Ilyonectria_vredehoekensis"
"Fungi","Ascomycota","Dothideomycetes","Capnodiales","Dissoconiaceae","Dissoconium","uncl_Dissoconium"
"Fungi","Ascomycota","Eurotiomycetes","Chaetothyriales","Herpotrichiellaceae","uncl_Herpotrichiellaceae","uncl_Herpotrichiellaceae"
"Fungi","Mucoromycota","Glomeromycetes","Glomerales","Glomeraceae","Rhizophagus","Rhizophagus_intraradices"
"Fungi","Mucoromycota","Glomeromycetes","Glomerales","Glomeraceae","Rhizophagus","uncl_Rhizophagus"
"Fungi","Basidiomycota","Cystobasidiomycetes","Cystobasidiales","Cystobasidiaceae","Cystobasidium","uncl_Cystobasidium"
"Fungi","Basidiomycota","Agaricomycetes","Sebacinales","Serendipitaceae","Serendipita","uncl_Serendipita"
"Fungi","Basidiomycota","Agaricomycetes","Auriculariales","uncl_Auriculariales","uncl_Auriculariales","uncl_Auriculariales"
"Fungi","Basidiomycota","Agaricomycetes","Polyporales","Fomitopsidaceae","Sparassis","uncl_Sparassis"
"Fungi","Ascomycota","Dothideomycetes","Pleosporales","Leptosphaeriaceae","Alternariaster","Alternariaster_helianthi"
"Fungi","Ascomycota","uncl_Ascomycota","uncl_Ascomycota","uncl_Ascomycota","uncl_Ascomycota","uncl_Ascomycota"
"Fungi","Ascomycota","Sordariomycetes","uncl_Sordariomycetes","uncl_Sordariomycetes","uncl_Sordariomycetes","uncl_Sordariomycetes"
"Fungi","Ascomycota","Sordariomycetes","Hypocreales","uncl_Hypocreales","uncl_Hypocreales","uncl_Hypocreales"
"Fungi","Ascomycota","Sordariomycetes","Hypocreales","uncl_Hypocreales","uncl_Hypocreales","uncl_Hypocreales"
"Fungi","Basidiomycota","Agaricomycetes","uncl_Agaricomycetes","uncl_Agaricomycetes","uncl_Agaricomycetes","uncl_Agaricomycetes"
"Fungi","Ascomycota","Sordariomycetes","Diaporthales","uncl_Diaporthales","uncl_Diaporthales","uncl_Diaporthales"
"Fungi","Mucoromycota","Glomeromycetes","Glomerales","Glomeraceae","Rhizophagus","Rhizophagus_intraradices"
"Fungi","Ascomycota","Eurotiomycetes","uncl_Eurotiomycetes","uncl_Eurotiomycetes","uncl_Eurotiomycetes","uncl_Eurotiomycetes"
"Fungi","Mucoromycota","Glomeromycetes","Glomerales","Glomeraceae","uncl_Glomeraceae","uncl_Glomeraceae"
"Fungi","Ascomycota","uncl_Ascomycota","uncl_Ascomycota","uncl_Ascomycota","uncl_Ascomycota","uncl_Ascomycota"
"Fungi","Ascomycota","Eurotiomycetes","Chaetothyriales","Herpotrichiellaceae","uncl_Herpotrichiellaceae","uncl_Herpotrichiellaceae"
"Fungi","Ascomycota","Sordariomycetes","uncl_Sordariomycetes","uncl_Sordariomycetes","uncl_Sordariomycetes","uncl_Sordariomycetes"
"Fungi","Mucoromycota","Glomeromycetes","Glomerales","Glomeraceae","Rhizophagus","Rhizophagus_intraradices"
"Fungi","Ascomycota","Dothideomycetes","uncl_Dothideomycetes","uncl_Dothideomycetes","uncl_Dothideomycetes","uncl_Dothideomycetes"
"Fungi","Ascomycota","Sordariomycetes","Hypocreales","Nectriaceae","Acremoniopsis","Acremoniopsis_suttoniae"
"Fungi","Basidiomycota","Agaricomycetes","uncl_Agaricomycetes","uncl_Agaricomycetes","uncl_Agaricomycetes","uncl_Agaricomycetes"
"Fungi","Ascomycota","Geoglossomycetes","Geoglossales","uncl_Geoglossales","uncl_Geoglossales","uncl_Geoglossales"
"Fungi","Ascomycota","Dothideomycetes","uncl_Dothideomycetes","uncl_Dothideomycetes","uncl_Dothideomycetes","uncl_Dothideomycetes"
"Fungi","Ascomycota","Sordariomycetes","uncl_Sordariomycetes","uncl_Sordariomycetes","uncl_Sordariomycetes","uncl_Sordariomycetes"
"Fungi","Basidiomycota","Agaricomycetes","Polyporales","Fomitopsidaceae","Sparassis","uncl_Sparassis"
"Fungi","Basidiomycota","uncl_Basidiomycota","uncl_Basidiomycota","uncl_Basidiomycota","uncl_Basidiomycota","uncl_Basidiomycota"
"Fungi","Ascomycota","Dothideomycetes","Capnodiales","uncl_Capnodiales","uncl_Capnodiales","uncl_Capnodiales"
"Fungi","Ascomycota","Dothideomycetes","Pleosporales","Dictyosporiaceae","uncl_Dictyosporiaceae","uncl_Dictyosporiaceae"
"Fungi","Ascomycota","Dothideomycetes","Pleosporales","Pleosporaceae","Exserohilum","Exserohilum_inaequale"
"Fungi","Ascomycota","Sordariomycetes","Hypocreales","uncl_Hypocreales","uncl_Hypocreales","uncl_Hypocreales"
"Fungi","Basidiomycota","Agaricomycetes","Polyporales","Ganodermataceae","Ganoderma","Ganoderma_resinaceum"
"Fungi","Mucoromycota","Glomeromycetes","Glomerales","Glomeraceae","uncl_Glomeraceae","uncl_Glomeraceae"
"Fungi","Basidiomycota","Agaricomycetes","Boletales","Rhizopogonaceae","Rhizopogon","uncl_Rhizopogon"
"Fungi","Mucoromycota","Glomeromycetes","Diversisporales","Acaulosporaceae","Acaulospora","Acaulospora_laevis"
"Fungi","Basidiomycota","Atractiellomycetes","Atractiellales","Hoehnelomycetaceae","Atractiella","Atractiella_rhizophila"
"Fungi","Ascomycota","Dothideomycetes","uncl_Dothideomycetes","uncl_Dothideomycetes","uncl_Dothideomycetes","uncl_Dothideomycetes"
"Fungi","Ascomycota","Sordariomycetes","Hypocreales","uncl_Hypocreales","uncl_Hypocreales","uncl_Hypocreales"
"Fungi","Basidiomycota","Agaricomycetes","uncl_Agaricomycetes","uncl_Agaricomycetes","uncl_Agaricomycetes","uncl_Agaricomycetes"
"Fungi","Ascomycota","Eurotiomycetes","Chaetothyriales","uncl_Chaetothyriales","uncl_Chaetothyriales","uncl_Chaetothyriales"
"Fungi","Ascomycota","uncl_Ascomycota","uncl_Ascomycota","uncl_Ascomycota","uncl_Ascomycota","uncl_Ascomycota"
"Fungi","Ascomycota","Dothideomycetes","uncl_Dothideomycetes","uncl_Dothideomycetes","uncl_Dothideomycetes","uncl_Dothideomycetes"
"Fungi","Mucoromycota","Umbelopsidomycetes","Umbelopsidales","Umbelopsidaceae","Umbelopsis","uncl_Umbelopsis"
"Fungi","Basidiomycota","Agaricomycetes","Cantharellales","Tulasnellaceae","Tulasnella","uncl_Tulasnella"
"Fungi","Ascomycota","Eurotiomycetes","Chaetothyriales","Herpotrichiellaceae","uncl_Herpotrichiellaceae","uncl_Herpotrichiellaceae"
"Fungi","Ascomycota","uncl_Ascomycota","uncl_Ascomycota","uncl_Ascomycota","uncl_Ascomycota","uncl_Ascomycota"
"Fungi","Basidiomycota","Atractiellomycetes","Atractiellales","Hoehnelomycetaceae","Atractiella","Atractiella_rhizophila"
"Fungi","Ascomycota","Dothideomycetes","Capnodiales","uncl_Capnodiales","uncl_Capnodiales","uncl_Capnodiales"
"Fungi","Ascomycota","Sordariomycetes","Hypocreales","uncl_Hypocreales","uncl_Hypocreales","uncl_Hypocreales"
"Fungi","Ascomycota","Sordariomycetes","Chaetosphaeriales","Chaetosphaeriaceae","uncl_Chaetosphaeriaceae","uncl_Chaetosphaeriaceae"
"Fungi","Ascomycota","Pezizomycetes","Pezizales","Ascodesmidaceae","Pulchromyces","Pulchromyces_fimicola"
"Fungi","Ascomycota","Eurotiomycetes","Chaetothyriales","Herpotrichiellaceae","uncl_Herpotrichiellaceae","uncl_Herpotrichiellaceae"
"Fungi","Ascomycota","Sordariomycetes","Hypocreales","Nectriaceae","uncl_Nectriaceae","uncl_Nectriaceae"
"Fungi","Ascomycota","Sordariomycetes","Hypocreales","Nectriaceae","Fusarium","uncl_Fusarium"
"Fungi","Ascomycota","Sordariomycetes","Hypocreales","uncl_Hypocreales","uncl_Hypocreales","uncl_Hypocreales"
"Fungi","Ascomycota","Sordariomycetes","Hypocreales","Nectriaceae","Fusarium","uncl_Fusarium"
"Fungi","Ascomycota","Dothideomycetes","Pleosporales","uncl_Pleosporales","uncl_Pleosporales","uncl_Pleosporales"
"Fungi","Ascomycota","uncl_Ascomycota","uncl_Ascomycota","uncl_Ascomycota","uncl_Ascomycota","uncl_Ascomycota"
"Fungi","Ascomycota","uncl_Ascomycota","uncl_Ascomycota","uncl_Ascomycota","uncl_Ascomycota","uncl_Ascomycota"
"Fungi","Mucoromycota","Endogonomycetes","uncl_Endogonomycetes","uncl_Endogonomycetes","uncl_Endogonomycetes","uncl_Endogonomycetes"
"Fungi","Ascomycota","Leotiomycetes","Helotiales","Dermateaceae","uncl_Dermateaceae","uncl_Dermateaceae"
"Fungi","Ascomycota","uncl_Ascomycota","uncl_Ascomycota","uncl_Ascomycota","uncl_Ascomycota","uncl_Ascomycota"
"Fungi","Mucoromycota","uncl_Mucoromycota","uncl_Mucoromycota","uncl_Mucoromycota","uncl_Mucoromycota","uncl_Mucoromycota"
"Fungi","Mucoromycota","Glomeromycetes","Glomerales","Glomeraceae","uncl_Glomeraceae","uncl_Glomeraceae"
"Fungi","Basidiomycota","Agaricomycetes","Boletales","Suillaceae","Suillus","Suillus_brevipes"
"Fungi","Ascomycota","uncl_Ascomycota","uncl_Ascomycota","uncl_Ascomycota","uncl_Ascomycota","uncl_Ascomycota"
"Fungi","Ascomycota","Dothideomycetes","uncl_Dothideomycetes","uncl_Dothideomycetes","uncl_Dothideomycetes","uncl_Dothideomycetes"
"Fungi","Ascomycota","Eurotiomycetes","uncl_Eurotiomycetes","uncl_Eurotiomycetes","uncl_Eurotiomycetes","uncl_Eurotiomycetes"
"Fungi","Ascomycota","Sordariomycetes","Microascales","Halosphaeriaceae","uncl_Halosphaeriaceae","uncl_Halosphaeriaceae"
"Fungi","Ascomycota","uncl_Ascomycota","uncl_Ascomycota","uncl_Ascomycota","uncl_Ascomycota","uncl_Ascomycota"
"Fungi","Ascomycota","uncl_Ascomycota","uncl_Ascomycota","uncl_Ascomycota","uncl_Ascomycota","uncl_Ascomycota"
"Fungi","Ascomycota","Sordariomycetes","uncl_Sordariomycetes","uncl_Sordariomycetes","uncl_Sordariomycetes","uncl_Sordariomycetes"
"Fungi","Ascomycota","Sordariomycetes","Microascales","Microascales_fam_Incertae_sedis","Sphaeronaemella","Sphaeronaemella_fragariae"
"Fungi","Ascomycota","Eurotiomycetes","Chaetothyriales","Herpotrichiellaceae","Cladophialophora","uncl_Cladophialophora"
"Fungi","Ascomycota","uncl_Ascomycota","uncl_Ascomycota","uncl_Ascomycota","uncl_Ascomycota","uncl_Ascomycota"
"Fungi","Ascomycota","Sordariomycetes","Hypocreales","uncl_Hypocreales","uncl_Hypocreales","uncl_Hypocreales"
"Fungi","Ascomycota","Eurotiomycetes","Chaetothyriales","uncl_Chaetothyriales","uncl_Chaetothyriales","uncl_Chaetothyriales"
"Fungi","Ascomycota","uncl_Ascomycota","uncl_Ascomycota","uncl_Ascomycota","uncl_Ascomycota","uncl_Ascomycota"
"Fungi","Ascomycota","uncl_Ascomycota","uncl_Ascomycota","uncl_Ascomycota","uncl_Ascomycota","uncl_Ascomycota"
"Fungi","Ascomycota","Sordariomycetes","Hypocreales","uncl_Hypocreales","uncl_Hypocreales","uncl_Hypocreales"
"Fungi","Ascomycota","Sordariomycetes","Hypocreales","uncl_Hypocreales","uncl_Hypocreales","uncl_Hypocreales"
"Fungi","Mucoromycota","Glomeromycetes","Glomerales","Glomeraceae","uncl_Glomeraceae","uncl_Glomeraceae"
"Fungi","Ascomycota","Dothideomycetes","Pleosporales","Pleosporaceae","Curvularia","uncl_Curvularia"
"Fungi","Basidiomycota","Agaricomycetes","Agaricales","uncl_Agaricales","uncl_Agaricales","uncl_Agaricales"
"Fungi","Basidiomycota","uncl_Basidiomycota","uncl_Basidiomycota","uncl_Basidiomycota","uncl_Basidiomycota","uncl_Basidiomycota"
"Fungi","Ascomycota","Sordariomycetes","Sordariomycetes_ord_Incertae_sedis","uncl_Sordariomycetes_ord_Incertae_sedis","uncl_Sordariomycetes_ord_Incertae_sedis","uncl_Sordariomycetes_ord_Incertae_sedis"
"Fungi","Basidiomycota","Exobasidiomycetes","Tilletiales","Tilletiaceae","Tilletia","Tilletia_challinorae"
"Fungi","Cryptomycota","uncl_Cryptomycota","uncl_Cryptomycota","uncl_Cryptomycota","uncl_Cryptomycota","uncl_Cryptomycota"
"Fungi","Basidiomycota","Agaricomycetes","Sebacinales","uncl_Sebacinales","uncl_Sebacinales","uncl_Sebacinales"
"Fungi","Basidiomycota","Agaricomycetes","Agaricales","Tricholomataceae","uncl_Tricholomataceae","uncl_Tricholomataceae"
"Fungi","Basidiomycota","Agaricomycetes","Boletales","Suillaceae","Suillus","uncl_Suillus"
"Fungi","Cryptomycota","Rozellomycotina_cls_Incertae_sedis","GS11","uncl_GS11","uncl_GS11","uncl_GS11"
"Fungi","Basidiomycota","Agaricomycetes","uncl_Agaricomycetes","uncl_Agaricomycetes","uncl_Agaricomycetes","uncl_Agaricomycetes"
"Fungi","Ascomycota","Sordariomycetes","uncl_Sordariomycetes","uncl_Sordariomycetes","uncl_Sordariomycetes","uncl_Sordariomycetes"
"Fungi","Chytridiomycota","Chytridiomycetes","Chytridiales","uncl_Chytridiales","uncl_Chytridiales","uncl_Chytridiales"
"Fungi","Ascomycota","Sordariomycetes","uncl_Sordariomycetes","uncl_Sordariomycetes","uncl_Sordariomycetes","uncl_Sordariomycetes"
"Fungi","Ascomycota","Leotiomycetes","Helotiales","uncl_Helotiales","uncl_Helotiales","uncl_Helotiales"
"Fungi","Basidiomycota","Agaricomycetes","Agaricales","uncl_Agaricales","uncl_Agaricales","uncl_Agaricales"
"Fungi","Basidiomycota","Agaricomycetes","Agaricales","uncl_Agaricales","uncl_Agaricales","uncl_Agaricales"
"Fungi","Basidiomycota","Agaricomycetes","Agaricales","uncl_Agaricales","uncl_Agaricales","uncl_Agaricales"
"Fungi","Ascomycota","Sordariomycetes","Microascales","Microascaceae","Scedosporium","uncl_Scedosporium"
"Fungi","Ascomycota","Eurotiomycetes","Chaetothyriales","Herpotrichiellaceae","uncl_Herpotrichiellaceae","uncl_Herpotrichiellaceae"
"Fungi","Basidiomycota","Agaricomycetes","Sebacinales","uncl_Sebacinales","uncl_Sebacinales","uncl_Sebacinales"
"Fungi","Ascomycota","Dothideomycetes","Pleosporales","uncl_Pleosporales","uncl_Pleosporales","uncl_Pleosporales"
"Fungi","Basidiomycota","Agaricomycetes","Agaricales","Pluteaceae","Pluteus","uncl_Pluteus"
"Fungi","Ascomycota","Sordariomycetes","Sordariales","uncl_Sordariales","uncl_Sordariales","uncl_Sordariales"
"Fungi","Chytridiomycota","uncl_Chytridiomycota","uncl_Chytridiomycota","uncl_Chytridiomycota","uncl_Chytridiomycota","uncl_Chytridiomycota"
"Fungi","Basidiomycota","Agaricomycetes","Thelephorales","Thelephoraceae","uncl_Thelephoraceae","uncl_Thelephoraceae"
"Fungi","Ascomycota","Leotiomycetes","Helotiales","Hyaloscyphaceae","uncl_Hyaloscyphaceae","uncl_Hyaloscyphaceae"
"Fungi","Ascomycota","uncl_Ascomycota","uncl_Ascomycota","uncl_Ascomycota","uncl_Ascomycota","uncl_Ascomycota"
"Fungi","Basidiomycota","Cystobasidiomycetes","uncl_Cystobasidiomycetes","uncl_Cystobasidiomycetes","uncl_Cystobasidiomycetes","uncl_Cystobasidiomycetes"
"Fungi","Mucoromycota","Mucoromycetes","Mucorales","Mucoraceae","Mucor","uncl_Mucor"
"Fungi","Basidiomycota","Agaricomycetes","Thelephorales","Thelephoraceae","uncl_Thelephoraceae","uncl_Thelephoraceae"
"Fungi","Ascomycota","Sordariomycetes","Xylariales","Xylariaceae","uncl_Xylariaceae","uncl_Xylariaceae"
"Fungi","Basidiomycota","Agaricomycetes","Boletales","Suillaceae","Suillus","uncl_Suillus"
"Fungi","Mucoromycota","Umbelopsidomycetes","Umbelopsidales","Umbelopsidaceae","uncl_Umbelopsidaceae","uncl_Umbelopsidaceae"
"Fungi","Ascomycota","Geoglossomycetes","Geoglossales","Geoglossaceae","uncl_Geoglossaceae","uncl_Geoglossaceae"
"Fungi","Basidiomycota","Agaricomycetes","Geastrales","Geastraceae","uncl_Geastraceae","uncl_Geastraceae"
"Fungi","Ascomycota","uncl_Ascomycota","uncl_Ascomycota","uncl_Ascomycota","uncl_Ascomycota","uncl_Ascomycota"
"Fungi","Mucoromycota","Glomeromycetes","Diversisporales","Diversisporaceae","Diversispora","Diversispora_epigaea"
"Fungi","Ascomycota","Sordariomycetes","Hypocreales","Hypocreaceae","Sepedonium","uncl_Sepedonium"
"Fungi","Ascomycota","Sordariomycetes","Chaetosphaeriales","uncl_Chaetosphaeriales","uncl_Chaetosphaeriales","uncl_Chaetosphaeriales"
"Fungi","Basidiomycota","Microbotryomycetes","Sporidiobolales","uncl_Sporidiobolales","uncl_Sporidiobolales","uncl_Sporidiobolales"
"Fungi","Ascomycota","Sordariomycetes","uncl_Sordariomycetes","uncl_Sordariomycetes","uncl_Sordariomycetes","uncl_Sordariomycetes"
"Fungi","Mucoromycota","Glomeromycetes","uncl_Glomeromycetes","uncl_Glomeromycetes","uncl_Glomeromycetes","uncl_Glomeromycetes"
"Fungi","Ascomycota","Sordariomycetes","Hypocreales","Nectriaceae","Mariannaea","uncl_Mariannaea"
"Fungi","Basidiomycota","Agaricomycetes","Sebacinales","Serendipitaceae","Serendipita","uncl_Serendipita"
"Fungi","Ascomycota","Sordariomycetes","Hypocreales","uncl_Hypocreales","uncl_Hypocreales","uncl_Hypocreales"
"Fungi","Basidiomycota","Agaricomycetes","Sebacinales","Serendipitaceae","Serendipita","uncl_Serendipita"
"Fungi","Ascomycota","Sordariomycetes","Magnaporthales","Ophioceraceae","Ophioceras","uncl_Ophioceras"
"Fungi","Ascomycota","Sordariomycetes","Hypocreales","Bionectriaceae","Ochronectria","uncl_Ochronectria"
"Fungi","Ascomycota","uncl_Ascomycota","uncl_Ascomycota","uncl_Ascomycota","uncl_Ascomycota","uncl_Ascomycota"
"Fungi","Ascomycota","Sordariomycetes","uncl_Sordariomycetes","uncl_Sordariomycetes","uncl_Sordariomycetes","uncl_Sordariomycetes"
"Fungi","Mucoromycota","Mortierellomycetes","Mortierellales","Mortierellaceae","uncl_Mortierellaceae","uncl_Mortierellaceae"
"Fungi","Basidiomycota","Agaricomycetes","Agaricales","Bolbitiaceae","uncl_Bolbitiaceae","uncl_Bolbitiaceae"
"Fungi","Ascomycota","Sordariomycetes","uncl_Sordariomycetes","uncl_Sordariomycetes","uncl_Sordariomycetes","uncl_Sordariomycetes"
"Fungi","Ascomycota","Sordariomycetes","uncl_Sordariomycetes","uncl_Sordariomycetes","uncl_Sordariomycetes","uncl_Sordariomycetes"
"Fungi","Chytridiomycota","uncl_Chytridiomycota","uncl_Chytridiomycota","uncl_Chytridiomycota","uncl_Chytridiomycota","uncl_Chytridiomycota"
"Fungi","Ascomycota","Sordariomycetes","Diaporthales","uncl_Diaporthales","uncl_Diaporthales","uncl_Diaporthales"
"Fungi","Ascomycota","Sordariomycetes","Sordariales","Chaetomiaceae","Chaetomium","uncl_Chaetomium"
"Fungi","Zoopagomycota","Ramicandelaberomycetes","Ramicandelaberales","Ramicandelaberaceae","Ramicandelaber","uncl_Ramicandelaber"
"Fungi","Ascomycota","Sordariomycetes","Hypocreales","uncl_Hypocreales","uncl_Hypocreales","uncl_Hypocreales"
"Fungi","Ascomycota","Eurotiomycetes","uncl_Eurotiomycetes","uncl_Eurotiomycetes","uncl_Eurotiomycetes","uncl_Eurotiomycetes"
"Fungi","Basidiomycota","Agaricomycetes","Trechisporales","Hydnodontaceae","Subulicystidium","uncl_Subulicystidium"
"Fungi","Mucoromycota","Mortierellomycetes","Mortierellales","Mortierellaceae","uncl_Mortierellaceae","uncl_Mortierellaceae"
"Fungi","Basidiomycota","Agaricomycetes","Cantharellales","Tulasnellaceae","Tulasnella","uncl_Tulasnella"
"Fungi","Ascomycota","Eurotiomycetes","Eurotiales","Aspergillaceae","Talaromyces","uncl_Talaromyces"
"Fungi","Ascomycota","Dothideomycetes","Tubeufiales","Tubeufiaceae","Helicoma","uncl_Helicoma"
"Fungi","Ascomycota","uncl_Ascomycota","uncl_Ascomycota","uncl_Ascomycota","uncl_Ascomycota","uncl_Ascomycota"
"Fungi","Ascomycota","Dothideomycetes","uncl_Dothideomycetes","uncl_Dothideomycetes","uncl_Dothideomycetes","uncl_Dothideomycetes"
"Fungi","Ascomycota","uncl_Ascomycota","uncl_Ascomycota","uncl_Ascomycota","uncl_Ascomycota","uncl_Ascomycota"
"Fungi","Basidiomycota","Agaricomycetes","Agaricales","uncl_Agaricales","uncl_Agaricales","uncl_Agaricales"
"Fungi","Basidiomycota","uncl_Basidiomycota","uncl_Basidiomycota","uncl_Basidiomycota","uncl_Basidiomycota","uncl_Basidiomycota"
"Fungi","Ascomycota","Dothideomycetes","Pleosporales","Pleosporaceae","uncl_Pleosporaceae","uncl_Pleosporaceae"
"Fungi","Ascomycota","Saccharomycetes","Saccharomycetales","Trichomonascaceae","Diddensiella","uncl_Diddensiella"
"Fungi","Ascomycota","Sordariomycetes","uncl_Sordariomycetes","uncl_Sordariomycetes","uncl_Sordariomycetes","uncl_Sordariomycetes"
"Fungi","Mucoromycota","Mortierellomycetes","Mortierellales","Mortierellaceae","Mortierella","uncl_Mortierella"
"Fungi","Basidiomycota","Agaricomycetes","Phallales","Phallaceae","Phallus","uncl_Phallus"
"Fungi","Ascomycota","Sordariomycetes","Xylariales","uncl_Xylariales","uncl_Xylariales","uncl_Xylariales"
"Fungi","Ascomycota","Sordariomycetes","Hypocreales","Hypocreales_fam_Incertae_sedis","uncl_Hypocreales_fam_Incertae_sedis","uncl_Hypocreales_fam_Incertae_sedis"
"Fungi","Basidiomycota","Agaricomycetes","Cantharellales","Tulasnellaceae","Tulasnella","uncl_Tulasnella"
"Fungi","Ascomycota","Dothideomycetes","Pleosporales","Periconiaceae","Periconia","uncl_Periconia"
"Fungi","Basidiomycota","Agaricomycetes","Hymenochaetales","uncl_Hymenochaetales","uncl_Hymenochaetales","uncl_Hymenochaetales"
"Fungi","Ascomycota","Dothideomycetes","uncl_Dothideomycetes","uncl_Dothideomycetes","uncl_Dothideomycetes","uncl_Dothideomycetes"
"Fungi","Basidiomycota","Agaricomycetes","Auriculariales","uncl_Auriculariales","uncl_Auriculariales","uncl_Auriculariales"
"Fungi","Ascomycota","Eurotiomycetes","uncl_Eurotiomycetes","uncl_Eurotiomycetes","uncl_Eurotiomycetes","uncl_Eurotiomycetes"
"Fungi","Ascomycota","Dothideomycetes","Pleosporales","uncl_Pleosporales","uncl_Pleosporales","uncl_Pleosporales"
"Fungi","Ascomycota","uncl_Ascomycota","uncl_Ascomycota","uncl_Ascomycota","uncl_Ascomycota","uncl_Ascomycota"
"Fungi","Basidiomycota","Agaricomycetes","Thelephorales","Thelephoraceae","uncl_Thelephoraceae","uncl_Thelephoraceae"
"Fungi","Ascomycota","Leotiomycetes","Helotiales","Helotiaceae","Scytalidium","uncl_Scytalidium"
"Fungi","Ascomycota","uncl_Ascomycota","uncl_Ascomycota","uncl_Ascomycota","uncl_Ascomycota","uncl_Ascomycota"
"Fungi","Ascomycota","Eurotiomycetes","Eurotiales","uncl_Eurotiales","uncl_Eurotiales","uncl_Eurotiales"
"Fungi","Ascomycota","Eurotiomycetes","uncl_Eurotiomycetes","uncl_Eurotiomycetes","uncl_Eurotiomycetes","uncl_Eurotiomycetes"
"Fungi","Ascomycota","Sordariomycetes","Hypocreales","uncl_Hypocreales","uncl_Hypocreales","uncl_Hypocreales"
"Fungi","Ascomycota","Pezizomycetes","Pezizales","uncl_Pezizales","uncl_Pezizales","uncl_Pezizales"
"Fungi","Basidiomycota","Agaricomycetes","Sebacinales","uncl_Sebacinales","uncl_Sebacinales","uncl_Sebacinales"
"Fungi","Ascomycota","Dothideomycetes","Pleosporales","uncl_Pleosporales","uncl_Pleosporales","uncl_Pleosporales"
"Fungi","Basidiomycota","Agaricomycetes","Sebacinales","uncl_Sebacinales","uncl_Sebacinales","uncl_Sebacinales"
"Fungi","Ascomycota","Dothideomycetes","uncl_Dothideomycetes","uncl_Dothideomycetes","uncl_Dothideomycetes","uncl_Dothideomycetes"
"Fungi","Basidiomycota","Agaricomycetes","Auriculariales","uncl_Auriculariales","uncl_Auriculariales","uncl_Auriculariales"
"Fungi","Ascomycota","Sordariomycetes","uncl_Sordariomycetes","uncl_Sordariomycetes","uncl_Sordariomycetes","uncl_Sordariomycetes"
"Fungi","Ascomycota","Dothideomycetes","Pleosporales","uncl_Pleosporales","uncl_Pleosporales","uncl_Pleosporales"
"Fungi","Ascomycota","Sordariomycetes","uncl_Sordariomycetes","uncl_Sordariomycetes","uncl_Sordariomycetes","uncl_Sordariomycetes"
"Fungi","Basidiomycota","Agaricomycetes","uncl_Agaricomycetes","uncl_Agaricomycetes","uncl_Agaricomycetes","uncl_Agaricomycetes"
"Fungi","Mucoromycota","uncl_Mucoromycota","uncl_Mucoromycota","uncl_Mucoromycota","uncl_Mucoromycota","uncl_Mucoromycota"
"Fungi","Basidiomycota","Agaricomycetes","Polyporales","Ganodermataceae","Ganoderma","Ganoderma_meredithiae"
"Fungi","Chytridiomycota","Rhizophydiomycetes","uncl_Rhizophydiomycetes","uncl_Rhizophydiomycetes","uncl_Rhizophydiomycetes","uncl_Rhizophydiomycetes"
"Fungi","Ascomycota","Dothideomycetes","Hysteriales","Hysteriaceae","Rhytidhysteron","uncl_Rhytidhysteron"
"Fungi","Basidiomycota","Agaricomycetes","uncl_Agaricomycetes","uncl_Agaricomycetes","uncl_Agaricomycetes","uncl_Agaricomycetes"
"Fungi","Ascomycota","Dothideomycetes","Pleosporales","uncl_Pleosporales","uncl_Pleosporales","uncl_Pleosporales"
"Fungi","Basidiomycota","Agaricomycetes","Polyporales","uncl_Polyporales","uncl_Polyporales","uncl_Polyporales"
"Fungi","Ascomycota","Dothideomycetes","Pleosporales","Phaeosphaeriaceae","uncl_Phaeosphaeriaceae","uncl_Phaeosphaeriaceae"
"Fungi","Basidiomycota","Agaricomycetes","Agaricales","uncl_Agaricales","uncl_Agaricales","uncl_Agaricales"
"Fungi","Ascomycota","Dothideomycetes","Venturiales","Sympoventuriaceae","Scolecobasidium","uncl_Scolecobasidium"
"Fungi","Ascomycota","Eurotiomycetes","uncl_Eurotiomycetes","uncl_Eurotiomycetes","uncl_Eurotiomycetes","uncl_Eurotiomycetes"
"Fungi","Ascomycota","Dothideomycetes","uncl_Dothideomycetes","uncl_Dothideomycetes","uncl_Dothideomycetes","uncl_Dothideomycetes"
"Fungi","Ascomycota","Sordariomycetes","Xylariales","uncl_Xylariales","uncl_Xylariales","uncl_Xylariales"
"Fungi","Basidiomycota","Agaricomycetes","Geastrales","Geastraceae","Geastrum","uncl_Geastrum"
"Fungi","Chytridiomycota","Rhizophydiomycetes","Rhizophydiales","uncl_Rhizophydiales","uncl_Rhizophydiales","uncl_Rhizophydiales"
"Fungi","Ascomycota","uncl_Ascomycota","uncl_Ascomycota","uncl_Ascomycota","uncl_Ascomycota","uncl_Ascomycota"
"Fungi","Ascomycota","uncl_Ascomycota","uncl_Ascomycota","uncl_Ascomycota","uncl_Ascomycota","uncl_Ascomycota"
"Fungi","Ascomycota","Dothideomycetes","Pleosporales","Neopyrenochaetaceae","Neopyrenochaeta","uncl_Neopyrenochaeta"
"Fungi","Basidiomycota","Agaricomycetes","Boletales","Pisolithaceae","Pisolithus","Pisolithus_arhizus"
"Fungi","Ascomycota","Sordariomycetes","Chaetosphaeriales","uncl_Chaetosphaeriales","uncl_Chaetosphaeriales","uncl_Chaetosphaeriales"
"Fungi","Basidiomycota","Agaricomycetes","Boletales","Suillaceae","Suillus","uncl_Suillus"
"Fungi","Ascomycota","Sordariomycetes","Hypocreales","uncl_Hypocreales","uncl_Hypocreales","uncl_Hypocreales"
"Fungi","Chytridiomycota","uncl_Chytridiomycota","uncl_Chytridiomycota","uncl_Chytridiomycota","uncl_Chytridiomycota","uncl_Chytridiomycota"
"Fungi","Ascomycota","Dothideomycetes","Tubeufiales","uncl_Tubeufiales","uncl_Tubeufiales","uncl_Tubeufiales"
"Fungi","Basidiomycota","Agaricomycetes","Agaricales","Psathyrellaceae","Coprinopsis","uncl_Coprinopsis"
"Fungi","Basidiomycota","Agaricomycetes","Atheliales","Tylosporaceae","Amphinema","uncl_Amphinema"
"Fungi","Ascomycota","Sordariomycetes","Hypocreales","Nectriaceae","Penicillifer","Penicillifer_diparietisporus"
"Fungi","Basidiomycota","Ustilaginomycetes","Ustilaginales","Cintractiaceae","Ustanciosporium","uncl_Ustanciosporium"
"Fungi","Basidiomycota","Agaricomycetes","Polyporales","Phanerochaetaceae","Bjerkandera","uncl_Bjerkandera"
"Fungi","Ascomycota","Dothideomycetes","Pleosporales","uncl_Pleosporales","uncl_Pleosporales","uncl_Pleosporales"
"Fungi","Ascomycota","Sordariomycetes","Xylariales","Xylariaceae","uncl_Xylariaceae","uncl_Xylariaceae"
"Fungi","Cryptomycota","uncl_Cryptomycota","uncl_Cryptomycota","uncl_Cryptomycota","uncl_Cryptomycota","uncl_Cryptomycota"
"Fungi","Mucoromycota","Mortierellomycetes","Mortierellales","Mortierellaceae","Mortierella","uncl_Mortierella"
"Fungi","Basidiomycota","Agaricomycetes","Atheliales","Tylosporaceae","Amphinema","uncl_Amphinema"
"Fungi","Ascomycota","Dothideomycetes","Pleosporales","Phaeosphaeriaceae","uncl_Phaeosphaeriaceae","uncl_Phaeosphaeriaceae"
"Fungi","Ascomycota","Dothideomycetes","uncl_Dothideomycetes","uncl_Dothideomycetes","uncl_Dothideomycetes","uncl_Dothideomycetes"
"Fungi","Ascomycota","Dothideomycetes","Pleosporales","Pleosporaceae","Bipolaris","uncl_Bipolaris"
"Fungi","Basidiomycota","uncl_Basidiomycota","uncl_Basidiomycota","uncl_Basidiomycota","uncl_Basidiomycota","uncl_Basidiomycota"
"Fungi","Ascomycota","Pezizomycetes","Pezizales","Pezizaceae","uncl_Pezizaceae","uncl_Pezizaceae"
"Fungi","Ascomycota","Pezizomycetes","uncl_Pezizomycetes","uncl_Pezizomycetes","uncl_Pezizomycetes","uncl_Pezizomycetes"
"Fungi","Basidiomycota","Microbotryomycetes","Sporidiobolales","Sporidiobolaceae","Rhodotorula","Rhodotorula_mucilaginosa"
"Fungi","Ascomycota","uncl_Ascomycota","uncl_Ascomycota","uncl_Ascomycota","uncl_Ascomycota","uncl_Ascomycota"
"Fungi","Ascomycota","Pezizomycetes","uncl_Pezizomycetes","uncl_Pezizomycetes","uncl_Pezizomycetes","uncl_Pezizomycetes"
"Fungi","Basidiomycota","Agaricomycetes","uncl_Agaricomycetes","uncl_Agaricomycetes","uncl_Agaricomycetes","uncl_Agaricomycetes"
"Fungi","Ascomycota","Sordariomycetes","Hypocreales","Ophiocordycipitaceae","uncl_Ophiocordycipitaceae","uncl_Ophiocordycipitaceae"
"Fungi","Basidiomycota","uncl_Basidiomycota","uncl_Basidiomycota","uncl_Basidiomycota","uncl_Basidiomycota","uncl_Basidiomycota"
"Fungi","Ascomycota","Leotiomycetes","Helotiales","Hyaloscyphaceae","uncl_Hyaloscyphaceae","uncl_Hyaloscyphaceae"
"Fungi","Mucoromycota","uncl_Mucoromycota","uncl_Mucoromycota","uncl_Mucoromycota","uncl_Mucoromycota","uncl_Mucoromycota"
"Fungi","Basidiomycota","Agaricomycetes","Agaricales","Bolbitiaceae","Conocybe","uncl_Conocybe"
"Fungi","Basidiomycota","uncl_Basidiomycota","uncl_Basidiomycota","uncl_Basidiomycota","uncl_Basidiomycota","uncl_Basidiomycota"
"Fungi","Ascomycota","Sordariomycetes","Magnaporthales","Magnaporthaceae","uncl_Magnaporthaceae","uncl_Magnaporthaceae"
"Fungi","Basidiomycota","Agaricomycetes","Agaricales","Psathyrellaceae","Coprinopsis","uncl_Coprinopsis"
"Fungi","Ascomycota","Sordariomycetes","Magnaporthales","Magnaporthaceae","uncl_Magnaporthaceae","uncl_Magnaporthaceae"
"Fungi","Ascomycota","Orbiliomycetes","Orbiliales","uncl_Orbiliales","uncl_Orbiliales","uncl_Orbiliales"
"Fungi","Mucoromycota","Glomeromycetes","uncl_Glomeromycetes","uncl_Glomeromycetes","uncl_Glomeromycetes","uncl_Glomeromycetes"
"Fungi","Mucoromycota","uncl_Mucoromycota","uncl_Mucoromycota","uncl_Mucoromycota","uncl_Mucoromycota","uncl_Mucoromycota"
"Fungi","Basidiomycota","Agaricomycetes","Agaricales","uncl_Agaricales","uncl_Agaricales","uncl_Agaricales"
"Fungi","Ascomycota","uncl_Ascomycota","uncl_Ascomycota","uncl_Ascomycota","uncl_Ascomycota","uncl_Ascomycota"
"Fungi","Ascomycota","Pezizomycetes","uncl_Pezizomycetes","uncl_Pezizomycetes","uncl_Pezizomycetes","uncl_Pezizomycetes"
"Fungi","Mucoromycota","Glomeromycetes","Glomerales","Glomeraceae","uncl_Glomeraceae","uncl_Glomeraceae"
"Fungi","Ascomycota","Sordariomycetes","uncl_Sordariomycetes","uncl_Sordariomycetes","uncl_Sordariomycetes","uncl_Sordariomycetes"
"Fungi","Basidiomycota","Agaricomycetes","Agaricales","uncl_Agaricales","uncl_Agaricales","uncl_Agaricales"
"Fungi","Basidiomycota","Agaricomycetes","Agaricales","Psathyrellaceae","Coprinopsis","uncl_Coprinopsis"
"Fungi","Ascomycota","Sordariomycetes","Hypocreales","Stachybotryaceae","uncl_Stachybotryaceae","uncl_Stachybotryaceae"
"Fungi","Basidiomycota","Agaricomycetes","Agaricales","Pluteaceae","uncl_Pluteaceae","uncl_Pluteaceae"
"Fungi","Basidiomycota","Agaricomycetes","uncl_Agaricomycetes","uncl_Agaricomycetes","uncl_Agaricomycetes","uncl_Agaricomycetes"
"Fungi","Mucoromycota","Glomeromycetes","Glomerales","uncl_Glomerales","uncl_Glomerales","uncl_Glomerales"
"Fungi","Ascomycota","uncl_Ascomycota","uncl_Ascomycota","uncl_Ascomycota","uncl_Ascomycota","uncl_Ascomycota"
"Fungi","Mucoromycota","Glomeromycetes","Glomerales","Glomeraceae","uncl_Glomeraceae","uncl_Glomeraceae"
"Fungi","Mucoromycota","Glomeromycetes","Glomerales","Glomeraceae","uncl_Glomeraceae","uncl_Glomeraceae"
"Fungi","Mucoromycota","Glomeromycetes","Glomerales","Glomeraceae","uncl_Glomeraceae","uncl_Glomeraceae"
"Fungi","Mucoromycota","Glomeromycetes","Glomerales","Glomeraceae","uncl_Glomeraceae","uncl_Glomeraceae"
"Fungi","Ascomycota","Eurotiomycetes","Eurotiales","Aspergillaceae","Talaromyces","uncl_Talaromyces"
"Fungi","Ascomycota","uncl_Ascomycota","uncl_Ascomycota","uncl_Ascomycota","uncl_Ascomycota","uncl_Ascomycota"
"Fungi","Ascomycota","uncl_Ascomycota","uncl_Ascomycota","uncl_Ascomycota","uncl_Ascomycota","uncl_Ascomycota"
"Fungi","Zoopagomycota","Basidiobolomycetes","Basidiobolales","Basidiobolaceae","Basidiobolus","uncl_Basidiobolus"
"Fungi","Ascomycota","Pezizomycetes","Pezizales","uncl_Pezizales","uncl_Pezizales","uncl_Pezizales"
"Fungi","Ascomycota","Dothideomycetes","uncl_Dothideomycetes","uncl_Dothideomycetes","uncl_Dothideomycetes","uncl_Dothideomycetes"
"Fungi","Ascomycota","Sordariomycetes","Sordariales","uncl_Sordariales","uncl_Sordariales","uncl_Sordariales"
"Fungi","Basidiomycota","Agaricostilbomycetes","Agaricostilbales","Chionosphaeraceae","Kurtzmanomyces","uncl_Kurtzmanomyces"
"Fungi","Basidiomycota","Agaricomycetes","Agaricales","Entolomataceae","Clitopilus","uncl_Clitopilus"
"Fungi","Ascomycota","uncl_Ascomycota","uncl_Ascomycota","uncl_Ascomycota","uncl_Ascomycota","uncl_Ascomycota"
"Fungi","Mucoromycota","Glomeromycetes","Glomerales","Glomeraceae","uncl_Glomeraceae","uncl_Glomeraceae"
"Fungi","Ascomycota","Pezizomycetes","Pezizales","Pezizaceae","uncl_Pezizaceae","uncl_Pezizaceae"
"Fungi","Basidiomycota","Agaricomycetes","uncl_Agaricomycetes","uncl_Agaricomycetes","uncl_Agaricomycetes","uncl_Agaricomycetes"
"Fungi","Ascomycota","Pezizomycetes","Pezizales","Pyronemataceae","Geopora","uncl_Geopora"
"Fungi","Basidiomycota","Agaricomycetes","Cantharellales","Tulasnellaceae","Tulasnella","uncl_Tulasnella"
"Fungi","Ascomycota","Pezizomycetes","Pezizales","Tuberaceae","Tuber","uncl_Tuber"
"Fungi","Ascomycota","Eurotiomycetes","Chaetothyriales","uncl_Chaetothyriales","uncl_Chaetothyriales","uncl_Chaetothyriales"
"Fungi","Cryptomycota","uncl_Cryptomycota","uncl_Cryptomycota","uncl_Cryptomycota","uncl_Cryptomycota","uncl_Cryptomycota"
"Fungi","Ascomycota","Sordariomycetes","Sordariales","uncl_Sordariales","uncl_Sordariales","uncl_Sordariales"
"Fungi","Basidiomycota","Agaricostilbomycetes","Agaricostilbales","Chionosphaeraceae","Kurtzmanomyces","uncl_Kurtzmanomyces"
"Fungi","Mucoromycota","Glomeromycetes","Glomerales","Glomeraceae","Dominikia","uncl_Dominikia"
"Fungi","Ascomycota","Sordariomycetes","Sordariales","uncl_Sordariales","uncl_Sordariales","uncl_Sordariales"
"Fungi","Basidiomycota","Agaricomycetes","Agaricales","uncl_Agaricales","uncl_Agaricales","uncl_Agaricales"
"Fungi","Ascomycota","Orbiliomycetes","uncl_Orbiliomycetes","uncl_Orbiliomycetes","uncl_Orbiliomycetes","uncl_Orbiliomycetes"
"Fungi","Basidiomycota","Agaricomycetes","uncl_Agaricomycetes","uncl_Agaricomycetes","uncl_Agaricomycetes","uncl_Agaricomycetes"
"Fungi","Basidiomycota","Agaricomycetes","Agaricales","Bolbitiaceae","Conocybe","Conocybe_elegans"
"Fungi","Ascomycota","Dothideomycetes","Pleosporales","Pleosporaceae","uncl_Pleosporaceae","uncl_Pleosporaceae"
"Fungi","Basidiomycota","Agaricomycetes","Boletales","Sclerodermataceae","Scleroderma","Scleroderma_cepa"
"Fungi","Basidiomycota","Agaricomycetes","Agaricales","Psathyrellaceae","Parasola","Parasola_malakandensis"
"Fungi","Basidiomycota","Agaricomycetes","Russulales","Russulaceae","Russula","uncl_Russula"
"Fungi","Mucoromycota","Mortierellomycetes","Mortierellales","uncl_Mortierellales","uncl_Mortierellales","uncl_Mortierellales"
"Fungi","Basidiomycota","Agaricomycetes","Corticiales","Corticiaceae","Waitea","Waitea_circinata"
"Fungi","Ascomycota","Lecanoromycetes","uncl_Lecanoromycetes","uncl_Lecanoromycetes","uncl_Lecanoromycetes","uncl_Lecanoromycetes"
"Fungi","Mucoromycota","uncl_Mucoromycota","uncl_Mucoromycota","uncl_Mucoromycota","uncl_Mucoromycota","uncl_Mucoromycota"
"Fungi","Ascomycota","uncl_Ascomycota","uncl_Ascomycota","uncl_Ascomycota","uncl_Ascomycota","uncl_Ascomycota"
"Fungi","Basidiomycota","Agaricomycetes","Thelephorales","Thelephoraceae","uncl_Thelephoraceae","uncl_Thelephoraceae"
"Fungi","Ascomycota","Eurotiomycetes","Chaetothyriales","Herpotrichiellaceae","uncl_Herpotrichiellaceae","uncl_Herpotrichiellaceae"
"Fungi","Ascomycota","Sordariomycetes","Hypocreales","uncl_Hypocreales","uncl_Hypocreales","uncl_Hypocreales"
"Fungi","Ascomycota","Dothideomycetes","uncl_Dothideomycetes","uncl_Dothideomycetes","uncl_Dothideomycetes","uncl_Dothideomycetes"
"Fungi","Basidiomycota","Agaricomycetes","Agaricales","Inocybaceae","Inocybe","uncl_Inocybe"
"Fungi","Ascomycota","Sordariomycetes","uncl_Sordariomycetes","uncl_Sordariomycetes","uncl_Sordariomycetes","uncl_Sordariomycetes"
"Fungi","Ascomycota","uncl_Ascomycota","uncl_Ascomycota","uncl_Ascomycota","uncl_Ascomycota","uncl_Ascomycota"
"Fungi","Ascomycota","Dothideomycetes","uncl_Dothideomycetes","uncl_Dothideomycetes","uncl_Dothideomycetes","uncl_Dothideomycetes"
"Fungi","Basidiomycota","Agaricomycetes","Sebacinales","uncl_Sebacinales","uncl_Sebacinales","uncl_Sebacinales"
"Fungi","Basidiomycota","Agaricomycetes","Hymenochaetales","uncl_Hymenochaetales","uncl_Hymenochaetales","uncl_Hymenochaetales"
"Fungi","Ascomycota","uncl_Ascomycota","uncl_Ascomycota","uncl_Ascomycota","uncl_Ascomycota","uncl_Ascomycota"
"Fungi","Ascomycota","Sordariomycetes","uncl_Sordariomycetes","uncl_Sordariomycetes","uncl_Sordariomycetes","uncl_Sordariomycetes"
"Fungi","Ascomycota","Eurotiomycetes","Chaetothyriales","uncl_Chaetothyriales","uncl_Chaetothyriales","uncl_Chaetothyriales"
"Fungi","Basidiomycota","Cystobasidiomycetes","Cystobasidiomycetes_ord_Incertae_sedis","Symmetrosporaceae","Symmetrospora","Symmetrospora_suhii"
"Fungi","Ascomycota","Sordariomycetes","Hypocreales","uncl_Hypocreales","uncl_Hypocreales","uncl_Hypocreales"
"Fungi","Basidiomycota","uncl_Basidiomycota","uncl_Basidiomycota","uncl_Basidiomycota","uncl_Basidiomycota","uncl_Basidiomycota"
"Fungi","Ascomycota","Sordariomycetes","uncl_Sordariomycetes","uncl_Sordariomycetes","uncl_Sordariomycetes","uncl_Sordariomycetes"
"Fungi","Ascomycota","Pezizomycetes","Pezizales","Pezizaceae","uncl_Pezizaceae","uncl_Pezizaceae"
"Fungi","Ascomycota","Eurotiomycetes","Chaetothyriales","Herpotrichiellaceae","uncl_Herpotrichiellaceae","uncl_Herpotrichiellaceae"
"Fungi","Basidiomycota","Agaricomycetes","Geastrales","Sphaerobolaceae","Sphaerobolus","Sphaerobolus_stellatus"
"Fungi","Ascomycota","Dothideomycetes","Pleosporales","uncl_Pleosporales","uncl_Pleosporales","uncl_Pleosporales"
"Fungi","Ascomycota","Sordariomycetes","uncl_Sordariomycetes","uncl_Sordariomycetes","uncl_Sordariomycetes","uncl_Sordariomycetes"
"Fungi","Basidiomycota","Agaricomycetes","Corticiales","uncl_Corticiales","uncl_Corticiales","uncl_Corticiales"
"Fungi","Basidiomycota","Tremellomycetes","Filobasidiales","Filobasidiaceae","Filobasidium","Filobasidium_wieringae"
"Fungi","Ascomycota","Pezizomycotina_cls_Incertae_sedis","uncl_Pezizomycotina_cls_Incertae_sedis","uncl_Pezizomycotina_cls_Incertae_sedis","uncl_Pezizomycotina_cls_Incertae_sedis","uncl_Pezizomycotina_cls_Incertae_sedis"
"Fungi","Mucoromycota","Mucoromycetes","Mucorales","Cunninghamellaceae","uncl_Cunninghamellaceae","uncl_Cunninghamellaceae"
"Fungi","Ascomycota","uncl_Ascomycota","uncl_Ascomycota","uncl_Ascomycota","uncl_Ascomycota","uncl_Ascomycota"
"Fungi","Ascomycota","Dothideomycetes","Pleosporales","Pleosporaceae","Curvularia","uncl_Curvularia"
"Fungi","Mucoromycota","uncl_Mucoromycota","uncl_Mucoromycota","uncl_Mucoromycota","uncl_Mucoromycota","uncl_Mucoromycota"
"Fungi","Ascomycota","Dothideomycetes","Pleosporales","uncl_Pleosporales","uncl_Pleosporales","uncl_Pleosporales"
"Fungi","Ascomycota","Sordariomycetes","uncl_Sordariomycetes","uncl_Sordariomycetes","uncl_Sordariomycetes","uncl_Sordariomycetes"
"Fungi","Basidiomycota","Agaricomycetes","Agaricales","uncl_Agaricales","uncl_Agaricales","uncl_Agaricales"
"Fungi","Basidiomycota","Agaricomycetes","Agaricales","Omphalotaceae","Gymnopus","uncl_Gymnopus"
"Fungi","Basidiomycota","Agaricomycetes","Corticiales","Corticiaceae","Erythricium","Erythricium_atropatanum"
"Fungi","Ascomycota","Eurotiomycetes","Chaetothyriales","Herpotrichiellaceae","uncl_Herpotrichiellaceae","uncl_Herpotrichiellaceae"
"Fungi","Ascomycota","Sordariomycetes","Hypocreales","uncl_Hypocreales","uncl_Hypocreales","uncl_Hypocreales"
"Fungi","Ascomycota","Sordariomycetes","uncl_Sordariomycetes","uncl_Sordariomycetes","uncl_Sordariomycetes","uncl_Sordariomycetes"
"Fungi","Basidiomycota","Agaricomycetes","Corticiales","Corticiaceae","Erythricium","Erythricium_atropatanum"
"Fungi","Ascomycota","uncl_Ascomycota","uncl_Ascomycota","uncl_Ascomycota","uncl_Ascomycota","uncl_Ascomycota"
"Fungi","Mucoromycota","Glomeromycetes","Glomerales","Glomeraceae","uncl_Glomeraceae","uncl_Glomeraceae"
"Fungi","Ascomycota","Dothideomycetes","Pleosporales","uncl_Pleosporales","uncl_Pleosporales","uncl_Pleosporales"
"Fungi","Basidiomycota","Ustilaginomycetes","Ustilaginales","Ustilaginaceae","uncl_Ustilaginaceae","uncl_Ustilaginaceae"
"Fungi","Mucoromycota","uncl_Mucoromycota","uncl_Mucoromycota","uncl_Mucoromycota","uncl_Mucoromycota","uncl_Mucoromycota"
"Fungi","Ascomycota","Dothideomycetes","Pleosporales","Phaeosphaeriaceae","uncl_Phaeosphaeriaceae","uncl_Phaeosphaeriaceae"
"Fungi","Mucoromycota","Mucoromycetes","Mucorales","Mucoraceae","Mucor","Mucor_fragilis"
"Fungi","Ascomycota","Eurotiomycetes","Chaetothyriales","uncl_Chaetothyriales","uncl_Chaetothyriales","uncl_Chaetothyriales"
"Fungi","Ascomycota","Eurotiomycetes","Onygenales","uncl_Onygenales","uncl_Onygenales","uncl_Onygenales"
"Fungi","Ascomycota","Dothideomycetes","Pleosporales","Cucurbitariaceae","Pyrenochaeta","uncl_Pyrenochaeta"
"Fungi","Ascomycota","Eurotiomycetes","Eurotiales","Aspergillaceae","uncl_Aspergillaceae","uncl_Aspergillaceae"
"Fungi","Basidiomycota","Agaricomycetes","Sebacinales","uncl_Sebacinales","uncl_Sebacinales","uncl_Sebacinales"
"Fungi","Ascomycota","Orbiliomycetes","uncl_Orbiliomycetes","uncl_Orbiliomycetes","uncl_Orbiliomycetes","uncl_Orbiliomycetes"
"Fungi","Ascomycota","Sordariomycetes","Hypocreales","Stachybotryaceae","Striaticonidium","uncl_Striaticonidium"
"Fungi","Basidiomycota","Agaricomycetes","Agaricales","uncl_Agaricales","uncl_Agaricales","uncl_Agaricales"
"Fungi","Ascomycota","Dothideomycetes","Pleosporales","uncl_Pleosporales","uncl_Pleosporales","uncl_Pleosporales"
"Fungi","Basidiomycota","Agaricomycetes","uncl_Agaricomycetes","uncl_Agaricomycetes","uncl_Agaricomycetes","uncl_Agaricomycetes"
"Fungi","Basidiomycota","Tremellomycetes","Tremellales","uncl_Tremellales","uncl_Tremellales","uncl_Tremellales"
"Fungi","Ascomycota","Dothideomycetes","Pleosporales","Leptosphaeriaceae","Alternariaster","Alternariaster_trigonosporus"
"Fungi","Basidiomycota","Agaricomycetes","Cantharellales","Cantharellales_fam_Incertae_sedis","uncl_Cantharellales_fam_Incertae_sedis","uncl_Cantharellales_fam_Incertae_sedis"
"Fungi","Mucoromycota","Mucoromycetes","Mucorales","Cunninghamellaceae","Absidia","Absidia_glauca"
"Fungi","Ascomycota","Sordariomycetes","Hypocreales","Hypocreaceae","Trichoderma","uncl_Trichoderma"
"Fungi","Mucoromycota","Glomeromycetes","uncl_Glomeromycetes","uncl_Glomeromycetes","uncl_Glomeromycetes","uncl_Glomeromycetes"
"Fungi","Mucoromycota","Glomeromycetes","Glomerales","Glomeraceae","uncl_Glomeraceae","uncl_Glomeraceae"
"Fungi","Zoopagomycota","Ramicandelaberomycetes","Ramicandelaberales","Ramicandelaberaceae","Ramicandelaber","uncl_Ramicandelaber"
"Fungi","Ascomycota","uncl_Ascomycota","uncl_Ascomycota","uncl_Ascomycota","uncl_Ascomycota","uncl_Ascomycota"
"Fungi","Ascomycota","Dothideomycetes","Pleosporales","uncl_Pleosporales","uncl_Pleosporales","uncl_Pleosporales"
"Fungi","Ascomycota","Eurotiomycetes","Chaetothyriales","uncl_Chaetothyriales","uncl_Chaetothyriales","uncl_Chaetothyriales"
"Fungi","Ascomycota","Geoglossomycetes","Geoglossales","Geoglossaceae","Microglossum","uncl_Microglossum"
"Fungi","Ascomycota","uncl_Ascomycota","uncl_Ascomycota","uncl_Ascomycota","uncl_Ascomycota","uncl_Ascomycota"
"Fungi","Basidiomycota","Agaricomycetes","Agaricales","uncl_Agaricales","uncl_Agaricales","uncl_Agaricales"
"Fungi","Basidiomycota","Agaricomycetes","uncl_Agaricomycetes","uncl_Agaricomycetes","uncl_Agaricomycetes","uncl_Agaricomycetes"
"Fungi","Basidiomycota","uncl_Basidiomycota","uncl_Basidiomycota","uncl_Basidiomycota","uncl_Basidiomycota","uncl_Basidiomycota"
"Fungi","Basidiomycota","uncl_Basidiomycota","uncl_Basidiomycota","uncl_Basidiomycota","uncl_Basidiomycota","uncl_Basidiomycota"
"Fungi","Ascomycota","uncl_Ascomycota","uncl_Ascomycota","uncl_Ascomycota","uncl_Ascomycota","uncl_Ascomycota"
"Fungi","Ascomycota","Eurotiomycetes","Chaetothyriales","uncl_Chaetothyriales","uncl_Chaetothyriales","uncl_Chaetothyriales"
"Fungi","Ascomycota","uncl_Ascomycota","uncl_Ascomycota","uncl_Ascomycota","uncl_Ascomycota","uncl_Ascomycota"
"Fungi","Ascomycota","uncl_Ascomycota","uncl_Ascomycota","uncl_Ascomycota","uncl_Ascomycota","uncl_Ascomycota"
"Fungi","Ascomycota","Eurotiomycetes","Chaetothyriales","Herpotrichiellaceae","uncl_Herpotrichiellaceae","uncl_Herpotrichiellaceae"
"Fungi","Ascomycota","Dothideomycetes","Pleosporales","Sporormiaceae","Westerdykella","uncl_Westerdykella"
"Fungi","Ascomycota","Dothideomycetes","Pleosporales","Pleosporaceae","uncl_Pleosporaceae","uncl_Pleosporaceae"
"Fungi","Basidiomycota","Agaricomycetes","Agaricales","uncl_Agaricales","uncl_Agaricales","uncl_Agaricales"
"Fungi","Ascomycota","Dothideomycetes","Pleosporales","uncl_Pleosporales","uncl_Pleosporales","uncl_Pleosporales"
"Fungi","Basidiomycota","Agaricomycetes","Polyporales","uncl_Polyporales","uncl_Polyporales","uncl_Polyporales"
"Fungi","Ascomycota","Eurotiomycetes","uncl_Eurotiomycetes","uncl_Eurotiomycetes","uncl_Eurotiomycetes","uncl_Eurotiomycetes"
"Fungi","Basidiomycota","uncl_Basidiomycota","uncl_Basidiomycota","uncl_Basidiomycota","uncl_Basidiomycota","uncl_Basidiomycota"
"Fungi","Ascomycota","Dothideomycetes","Pleosporales","uncl_Pleosporales","uncl_Pleosporales","uncl_Pleosporales"
"Fungi","Basidiomycota","Tremellomycetes","Trichosporonales","Trichosporonaceae","Cutaneotrichosporon","Cutaneotrichosporon_jirovecii"
"Fungi","Mucoromycota","Glomeromycetes","uncl_Glomeromycetes","uncl_Glomeromycetes","uncl_Glomeromycetes","uncl_Glomeromycetes"
"Fungi","Ascomycota","uncl_Ascomycota","uncl_Ascomycota","uncl_Ascomycota","uncl_Ascomycota","uncl_Ascomycota"
"Fungi","Basidiomycota","Agaricomycetes","uncl_Agaricomycetes","uncl_Agaricomycetes","uncl_Agaricomycetes","uncl_Agaricomycetes"
"Fungi","Ascomycota","uncl_Ascomycota","uncl_Ascomycota","uncl_Ascomycota","uncl_Ascomycota","uncl_Ascomycota"
"Fungi","Ascomycota","Sordariomycetes","Branch06","uncl_Branch06","uncl_Branch06","uncl_Branch06"
"Fungi","Ascomycota","Geoglossomycetes","Geoglossales","uncl_Geoglossales","uncl_Geoglossales","uncl_Geoglossales"
"Fungi","Basidiomycota","Agaricomycetes","Agaricales","Strophariaceae","Deconica","uncl_Deconica"
"Fungi","Basidiomycota","Agaricomycetes","Geastrales","Geastraceae","Geastrum","uncl_Geastrum"
"Fungi","Ascomycota","Eurotiomycetes","Chaetothyriales","uncl_Chaetothyriales","uncl_Chaetothyriales","uncl_Chaetothyriales"
"Fungi","Ascomycota","Leotiomycetes","Helotiales","uncl_Helotiales","uncl_Helotiales","uncl_Helotiales"
"Fungi","Mucoromycota","Mucoromycetes","Mucorales","Saksenaeaceae","Saksenaea","uncl_Saksenaea"
"Fungi","Basidiomycota","Pucciniomycetes","Pucciniales","Pucciniaceae","Puccinia","uncl_Puccinia"
"Fungi","Ascomycota","Dothideomycetes","uncl_Dothideomycetes","uncl_Dothideomycetes","uncl_Dothideomycetes","uncl_Dothideomycetes"
"Fungi","Ascomycota","Eurotiomycetes","Chaetothyriales","Herpotrichiellaceae","uncl_Herpotrichiellaceae","uncl_Herpotrichiellaceae"
"Fungi","Basidiomycota","Agaricomycetes","uncl_Agaricomycetes","uncl_Agaricomycetes","uncl_Agaricomycetes","uncl_Agaricomycetes"
"Fungi","Basidiomycota","Tremellomycetes","Tremellales","Cuniculitremaceae","Kockovaella","uncl_Kockovaella"
"Fungi","Basidiomycota","Agaricomycetes","Agaricales","Psathyrellaceae","Psathyrella","uncl_Psathyrella"
"Fungi","Ascomycota","Dothideomycetes","uncl_Dothideomycetes","uncl_Dothideomycetes","uncl_Dothideomycetes","uncl_Dothideomycetes"
"Fungi","Ascomycota","Dothideomycetes","uncl_Dothideomycetes","uncl_Dothideomycetes","uncl_Dothideomycetes","uncl_Dothideomycetes"
"Fungi","Mucoromycota","uncl_Mucoromycota","uncl_Mucoromycota","uncl_Mucoromycota","uncl_Mucoromycota","uncl_Mucoromycota"
"Fungi","Basidiomycota","Agaricomycetes","Agaricales","Psathyrellaceae","uncl_Psathyrellaceae","uncl_Psathyrellaceae"
"Fungi","Ascomycota","Sordariomycetes","Hypocreales","Stachybotryaceae","uncl_Stachybotryaceae","uncl_Stachybotryaceae"
"Fungi","Ascomycota","Dothideomycetes","uncl_Dothideomycetes","uncl_Dothideomycetes","uncl_Dothideomycetes","uncl_Dothideomycetes"
"Fungi","Ascomycota","Sordariomycetes","Hypocreales","Nectriaceae","Fusarium","uncl_Fusarium"
"Fungi","Ascomycota","Dothideomycetes","uncl_Dothideomycetes","uncl_Dothideomycetes","uncl_Dothideomycetes","uncl_Dothideomycetes"
"Fungi","Ascomycota","Leotiomycetes","Helotiales","uncl_Helotiales","uncl_Helotiales","uncl_Helotiales"
"Fungi","Ascomycota","Sordariomycetes","uncl_Sordariomycetes","uncl_Sordariomycetes","uncl_Sordariomycetes","uncl_Sordariomycetes"
"Fungi","Basidiomycota","Ustilaginomycetes","Ustilaginales","Ustilaginaceae","Ustilago","Ustilago_sporoboli-indici"
"Fungi","Mucoromycota","Glomeromycetes","Glomerales","Glomeraceae","uncl_Glomeraceae","uncl_Glomeraceae"
"Fungi","Mucoromycota","Glomeromycetes","Glomerales","Glomeraceae","uncl_Glomeraceae","uncl_Glomeraceae"
"Fungi","Basidiomycota","Agaricomycetes","Agaricales","Bolbitiaceae","uncl_Bolbitiaceae","uncl_Bolbitiaceae"
"Fungi","Ascomycota","Sordariomycetes","Glomerellales","Plectosphaerellaceae","Lectera","uncl_Lectera"
"Fungi","Basidiomycota","Agaricomycetes","Cantharellales","Ceratobasidiaceae","uncl_Ceratobasidiaceae","uncl_Ceratobasidiaceae"
"Fungi","Ascomycota","uncl_Ascomycota","uncl_Ascomycota","uncl_Ascomycota","uncl_Ascomycota","uncl_Ascomycota"
"Fungi","Ascomycota","uncl_Ascomycota","uncl_Ascomycota","uncl_Ascomycota","uncl_Ascomycota","uncl_Ascomycota"
"Fungi","Basidiomycota","Agaricomycetes","Agaricales","Marasmiaceae","Marasmius","uncl_Marasmius"
"Fungi","Basidiomycota","Tremellomycetes","Tremellales","uncl_Tremellales","uncl_Tremellales","uncl_Tremellales"
"Fungi","Basidiomycota","Agaricomycetes","Sebacinales","Serendipitaceae","uncl_Serendipitaceae","uncl_Serendipitaceae"
"Fungi","Ascomycota","Leotiomycetes","Helotiales","Helotiales_fam_Incertae_sedis","Chalara","uncl_Chalara"
"Fungi","Ascomycota","Sordariomycetes","Sordariales","uncl_Sordariales","uncl_Sordariales","uncl_Sordariales"
"Fungi","Basidiomycota","Agaricomycetes","Agaricales","uncl_Agaricales","uncl_Agaricales","uncl_Agaricales"
"Fungi","Basidiomycota","Agaricomycetes","Auriculariales","uncl_Auriculariales","uncl_Auriculariales","uncl_Auriculariales"
"Fungi","Basidiomycota","Microbotryomycetes","Leucosporidiales","Leucosporidiaceae","Leucosporidium","Leucosporidium_drummii"
"Fungi","Basidiomycota","Tremellomycetes","Cystofilobasidiales","Cystofilobasidiaceae","Cystofilobasidium","Cystofilobasidium_macerans"
"Fungi","Ascomycota","uncl_Ascomycota","uncl_Ascomycota","uncl_Ascomycota","uncl_Ascomycota","uncl_Ascomycota"
"Fungi","Basidiomycota","Agaricomycetes","Boletales","Pisolithaceae","Pisolithus","Pisolithus_arhizus"
"Fungi","Ascomycota","Sordariomycetes","Sordariales","Sordariaceae","Diplogelasinospora","Diplogelasinospora_grovesii"
"Fungi","Ascomycota","Pezizomycetes","uncl_Pezizomycetes","uncl_Pezizomycetes","uncl_Pezizomycetes","uncl_Pezizomycetes"
"Fungi","Basidiomycota","uncl_Basidiomycota","uncl_Basidiomycota","uncl_Basidiomycota","uncl_Basidiomycota","uncl_Basidiomycota"
"Fungi","Ascomycota","Leotiomycetes","uncl_Leotiomycetes","uncl_Leotiomycetes","uncl_Leotiomycetes","uncl_Leotiomycetes"
"Fungi","Ascomycota","Eurotiomycetes","uncl_Eurotiomycetes","uncl_Eurotiomycetes","uncl_Eurotiomycetes","uncl_Eurotiomycetes"
"Fungi","Basidiomycota","Agaricomycetes","Cantharellales","Ceratobasidiaceae","uncl_Ceratobasidiaceae","uncl_Ceratobasidiaceae"
"Fungi","Ascomycota","uncl_Ascomycota","uncl_Ascomycota","uncl_Ascomycota","uncl_Ascomycota","uncl_Ascomycota"
"Fungi","Basidiomycota","Microbotryomycetes","uncl_Microbotryomycetes","uncl_Microbotryomycetes","uncl_Microbotryomycetes","uncl_Microbotryomycetes"
"Fungi","Basidiomycota","Agaricomycetes","Agaricales","Hygrophoraceae","Hygrocybe","uncl_Hygrocybe"
"Fungi","Ascomycota","Eurotiomycetes","uncl_Eurotiomycetes","uncl_Eurotiomycetes","uncl_Eurotiomycetes","uncl_Eurotiomycetes"
"Fungi","Ascomycota","Sordariomycetes","Glomerellales","uncl_Glomerellales","uncl_Glomerellales","uncl_Glomerellales"
"Fungi","Cryptomycota","Rozellomycotina_cls_Incertae_sedis","uncl_Rozellomycotina_cls_Incertae_sedis","uncl_Rozellomycotina_cls_Incertae_sedis","uncl_Rozellomycotina_cls_Incertae_sedis","uncl_Rozellomycotina_cls_Incertae_sedis"
"Fungi","Basidiomycota","Agaricomycetes","Trechisporales","Hydnodontaceae","Trechispora","Trechispora_bispora"
"Fungi","Basidiomycota","Agaricomycetes","Agaricales","Bolbitiaceae","Conocybe","uncl_Conocybe"
"Fungi","Basidiomycota","Agaricomycetes","Auriculariales","Auriculariales_fam_Incertae_sedis","uncl_Auriculariales_fam_Incertae_sedis","uncl_Auriculariales_fam_Incertae_sedis"
"Fungi","Ascomycota","Pezizomycetes","uncl_Pezizomycetes","uncl_Pezizomycetes","uncl_Pezizomycetes","uncl_Pezizomycetes"
"Fungi","Basidiomycota","Agaricomycetes","Agaricales","Pluteaceae","Pluteus","uncl_Pluteus"
"Fungi","Ascomycota","Orbiliomycetes","Orbiliales","Orbiliaceae","uncl_Orbiliaceae","uncl_Orbiliaceae"
"Fungi","Ascomycota","Sordariomycetes","Hypocreales","Nectriaceae","uncl_Nectriaceae","uncl_Nectriaceae"
"Fungi","Ascomycota","uncl_Ascomycota","uncl_Ascomycota","uncl_Ascomycota","uncl_Ascomycota","uncl_Ascomycota"
"Fungi","Ascomycota","Leotiomycetes","Helotiales","uncl_Helotiales","uncl_Helotiales","uncl_Helotiales"
"Fungi","Basidiomycota","Cystobasidiomycetes","uncl_Cystobasidiomycetes","uncl_Cystobasidiomycetes","uncl_Cystobasidiomycetes","uncl_Cystobasidiomycetes"
"Fungi","Ascomycota","Sordariomycetes","Hypocreales","Hypocreaceae","uncl_Hypocreaceae","uncl_Hypocreaceae"
"Fungi","Mucoromycota","Mortierellomycetes","Mortierellales","Mortierellaceae","uncl_Mortierellaceae","uncl_Mortierellaceae"
"Fungi","Ascomycota","Leotiomycetes","Helotiales","uncl_Helotiales","uncl_Helotiales","uncl_Helotiales"
"Fungi","Ascomycota","Eurotiomycetes","Eurotiales","Aspergillaceae","Aspergillus","uncl_Aspergillus"
"Fungi","Ascomycota","Eurotiomycetes","Chaetothyriales","uncl_Chaetothyriales","uncl_Chaetothyriales","uncl_Chaetothyriales"
"Fungi","Basidiomycota","Agaricomycetes","uncl_Agaricomycetes","uncl_Agaricomycetes","uncl_Agaricomycetes","uncl_Agaricomycetes"
"Fungi","Ascomycota","Eurotiomycetes","Chaetothyriales","uncl_Chaetothyriales","uncl_Chaetothyriales","uncl_Chaetothyriales"
"Fungi","Basidiomycota","Agaricomycetes","Agaricales","Bolbitiaceae","Conocybe","Conocybe_apala"
"Fungi","Mucoromycota","Mortierellomycetes","Mortierellales","Mortierellaceae","Mortierella","Mortierella_pulchella"
"Fungi","Ascomycota","Sordariomycetes","Hypocreales","uncl_Hypocreales","uncl_Hypocreales","uncl_Hypocreales"
"Fungi","Ascomycota","uncl_Ascomycota","uncl_Ascomycota","uncl_Ascomycota","uncl_Ascomycota","uncl_Ascomycota"
"Fungi","Basidiomycota","Agaricomycetes","Trechisporales","Hydnodontaceae","Trechispora","Trechispora_bispora"
"Fungi","Basidiomycota","Agaricomycetes","Agaricales","Bolbitiaceae","Conocybe","Conocybe_apala"
"Fungi","Basidiomycota","Agaricomycetes","uncl_Agaricomycetes","uncl_Agaricomycetes","uncl_Agaricomycetes","uncl_Agaricomycetes"
"Fungi","Ascomycota","uncl_Ascomycota","uncl_Ascomycota","uncl_Ascomycota","uncl_Ascomycota","uncl_Ascomycota"
"Fungi","Basidiomycota","uncl_Basidiomycota","uncl_Basidiomycota","uncl_Basidiomycota","uncl_Basidiomycota","uncl_Basidiomycota"
"Fungi","Basidiomycota","Tremellomycetes","uncl_Tremellomycetes","uncl_Tremellomycetes","uncl_Tremellomycetes","uncl_Tremellomycetes"
"Fungi","Ascomycota","Sordariomycetes","uncl_Sordariomycetes","uncl_Sordariomycetes","uncl_Sordariomycetes","uncl_Sordariomycetes"
"Fungi","Basidiomycota","Agaricomycetes","Corticiales","uncl_Corticiales","uncl_Corticiales","uncl_Corticiales"
"Fungi","Ascomycota","Eurotiomycetes","Chaetothyriales","Herpotrichiellaceae","uncl_Herpotrichiellaceae","uncl_Herpotrichiellaceae"
"Fungi","Ascomycota","Eurotiomycetes","uncl_Eurotiomycetes","uncl_Eurotiomycetes","uncl_Eurotiomycetes","uncl_Eurotiomycetes"
"Fungi","Ascomycota","Eurotiomycetes","Chaetothyriales","uncl_Chaetothyriales","uncl_Chaetothyriales","uncl_Chaetothyriales"
"Fungi","Ascomycota","Dothideomycetes","Pleosporales","uncl_Pleosporales","uncl_Pleosporales","uncl_Pleosporales"
"Fungi","Ascomycota","Eurotiomycetes","Chaetothyriales","Herpotrichiellaceae","uncl_Herpotrichiellaceae","uncl_Herpotrichiellaceae"
"Fungi","Ascomycota","Dothideomycetes","Pleosporales","Lentitheciaceae","Keissleriella","Keissleriella_sporoboli"
"Fungi","Ascomycota","Eurotiomycetes","uncl_Eurotiomycetes","uncl_Eurotiomycetes","uncl_Eurotiomycetes","uncl_Eurotiomycetes"
"Fungi","Basidiomycota","Agaricomycetes","Agaricales","uncl_Agaricales","uncl_Agaricales","uncl_Agaricales"
"Fungi","Ascomycota","uncl_Ascomycota","uncl_Ascomycota","uncl_Ascomycota","uncl_Ascomycota","uncl_Ascomycota"
"Fungi","Ascomycota","Dothideomycetes","Pleosporales","uncl_Pleosporales","uncl_Pleosporales","uncl_Pleosporales"
"Fungi","Ascomycota","uncl_Ascomycota","uncl_Ascomycota","uncl_Ascomycota","uncl_Ascomycota","uncl_Ascomycota"
"Fungi","Basidiomycota","uncl_Basidiomycota","uncl_Basidiomycota","uncl_Basidiomycota","uncl_Basidiomycota","uncl_Basidiomycota"
"Fungi","Ascomycota","uncl_Ascomycota","uncl_Ascomycota","uncl_Ascomycota","uncl_Ascomycota","uncl_Ascomycota"
"Fungi","Ascomycota","Sordariomycetes","uncl_Sordariomycetes","uncl_Sordariomycetes","uncl_Sordariomycetes","uncl_Sordariomycetes"
"Fungi","Ascomycota","uncl_Ascomycota","uncl_Ascomycota","uncl_Ascomycota","uncl_Ascomycota","uncl_Ascomycota"
"Fungi","Ascomycota","uncl_Ascomycota","uncl_Ascomycota","uncl_Ascomycota","uncl_Ascomycota","uncl_Ascomycota"
"Fungi","Ascomycota","Leotiomycetes","uncl_Leotiomycetes","uncl_Leotiomycetes","uncl_Leotiomycetes","uncl_Leotiomycetes"
"Fungi","Ascomycota","Eurotiomycetes","Chaetothyriales","Herpotrichiellaceae","uncl_Herpotrichiellaceae","uncl_Herpotrichiellaceae"
"Fungi","Ascomycota","Dothideomycetes","uncl_Dothideomycetes","uncl_Dothideomycetes","uncl_Dothideomycetes","uncl_Dothideomycetes"
"Fungi","Ascomycota","uncl_Ascomycota","uncl_Ascomycota","uncl_Ascomycota","uncl_Ascomycota","uncl_Ascomycota"
"Fungi","Ascomycota","Dothideomycetes","Pleosporales","uncl_Pleosporales","uncl_Pleosporales","uncl_Pleosporales"
"Fungi","Basidiomycota","Agaricomycetes","Agaricales","Psathyrellaceae","Coprinopsis","uncl_Coprinopsis"
"Fungi","Ascomycota","Orbiliomycetes","Orbiliales","Orbiliaceae","Orbilia","uncl_Orbilia"
"Fungi","Ascomycota","Dothideomycetes","Pleosporales","uncl_Pleosporales","uncl_Pleosporales","uncl_Pleosporales"
"Fungi","Ascomycota","Dothideomycetes","Pleosporales","uncl_Pleosporales","uncl_Pleosporales","uncl_Pleosporales"
"Fungi","Ascomycota","Dothideomycetes","uncl_Dothideomycetes","uncl_Dothideomycetes","uncl_Dothideomycetes","uncl_Dothideomycetes"
"Fungi","Ascomycota","Eurotiomycetes","uncl_Eurotiomycetes","uncl_Eurotiomycetes","uncl_Eurotiomycetes","uncl_Eurotiomycetes"
"Fungi","Ascomycota","Sordariomycetes","uncl_Sordariomycetes","uncl_Sordariomycetes","uncl_Sordariomycetes","uncl_Sordariomycetes"
"Fungi","Basidiomycota","Agaricomycetes","Agaricales","Agaricaceae","Cystoagaricus","uncl_Cystoagaricus"
"Fungi","Ascomycota","uncl_Ascomycota","uncl_Ascomycota","uncl_Ascomycota","uncl_Ascomycota","uncl_Ascomycota"
"Fungi","Ascomycota","Dothideomycetes","Pleosporales","uncl_Pleosporales","uncl_Pleosporales","uncl_Pleosporales"
"Fungi","Ascomycota","uncl_Ascomycota","uncl_Ascomycota","uncl_Ascomycota","uncl_Ascomycota","uncl_Ascomycota"
"Fungi","Ascomycota","Dothideomycetes","Pleosporales","uncl_Pleosporales","uncl_Pleosporales","uncl_Pleosporales"
"Fungi","Ascomycota","Dothideomycetes","uncl_Dothideomycetes","uncl_Dothideomycetes","uncl_Dothideomycetes","uncl_Dothideomycetes"
"Fungi","Ascomycota","uncl_Ascomycota","uncl_Ascomycota","uncl_Ascomycota","uncl_Ascomycota","uncl_Ascomycota"
"Fungi","Chytridiomycota","Cladochytriomycetes","Cladochytriales","Cladochytriales_fam_Incertae_sedis","uncl_Cladochytriales_fam_Incertae_sedis","uncl_Cladochytriales_fam_Incertae_sedis"
"Fungi","Ascomycota","Eurotiomycetes","uncl_Eurotiomycetes","uncl_Eurotiomycetes","uncl_Eurotiomycetes","uncl_Eurotiomycetes"
"Fungi","Ascomycota","uncl_Ascomycota","uncl_Ascomycota","uncl_Ascomycota","uncl_Ascomycota","uncl_Ascomycota"
"Fungi","Ascomycota","Eurotiomycetes","uncl_Eurotiomycetes","uncl_Eurotiomycetes","uncl_Eurotiomycetes","uncl_Eurotiomycetes"
"Fungi","Ascomycota","Sordariomycetes","uncl_Sordariomycetes","uncl_Sordariomycetes","uncl_Sordariomycetes","uncl_Sordariomycetes"
"Fungi","Ascomycota","uncl_Ascomycota","uncl_Ascomycota","uncl_Ascomycota","uncl_Ascomycota","uncl_Ascomycota"
"Fungi","Basidiomycota","Agaricomycetes","Agaricales","Bolbitiaceae","uncl_Bolbitiaceae","uncl_Bolbitiaceae"
"Fungi","Mucoromycota","Glomeromycetes","Glomerales","Glomeraceae","uncl_Glomeraceae","uncl_Glomeraceae"
"Fungi","Ascomycota","Dothideomycetes","uncl_Dothideomycetes","uncl_Dothideomycetes","uncl_Dothideomycetes","uncl_Dothideomycetes"
"Fungi","Ascomycota","Sordariomycetes","uncl_Sordariomycetes","uncl_Sordariomycetes","uncl_Sordariomycetes","uncl_Sordariomycetes"
"Fungi","Mucoromycota","Glomeromycetes","Glomerales","Glomeraceae","uncl_Glomeraceae","uncl_Glomeraceae"
"Fungi","Ascomycota","Sordariomycetes","uncl_Sordariomycetes","uncl_Sordariomycetes","uncl_Sordariomycetes","uncl_Sordariomycetes"
"Fungi","Ascomycota","Sordariomycetes","uncl_Sordariomycetes","uncl_Sordariomycetes","uncl_Sordariomycetes","uncl_Sordariomycetes"
"Fungi","Basidiomycota","Agaricomycetes","uncl_Agaricomycetes","uncl_Agaricomycetes","uncl_Agaricomycetes","uncl_Agaricomycetes"
"Fungi","Ascomycota","Dothideomycetes","Pleosporales","uncl_Pleosporales","uncl_Pleosporales","uncl_Pleosporales"
"Fungi","Ascomycota","Eurotiomycetes","Eurotiomycetes_ord_Incertae_sedis","uncl_Eurotiomycetes_ord_Incertae_sedis","uncl_Eurotiomycetes_ord_Incertae_sedis","uncl_Eurotiomycetes_ord_Incertae_sedis"
"Fungi","Ascomycota","uncl_Ascomycota","uncl_Ascomycota","uncl_Ascomycota","uncl_Ascomycota","uncl_Ascomycota"
"Fungi","Ascomycota","uncl_Ascomycota","uncl_Ascomycota","uncl_Ascomycota","uncl_Ascomycota","uncl_Ascomycota"
"Fungi","Ascomycota","Dothideomycetes","Pleosporales","uncl_Pleosporales","uncl_Pleosporales","uncl_Pleosporales"
"Fungi","Ascomycota","Pezizomycetes","uncl_Pezizomycetes","uncl_Pezizomycetes","uncl_Pezizomycetes","uncl_Pezizomycetes"
"Fungi","Ascomycota","Pezizomycetes","uncl_Pezizomycetes","uncl_Pezizomycetes","uncl_Pezizomycetes","uncl_Pezizomycetes"
"Fungi","Basidiomycota","Agaricomycetes","uncl_Agaricomycetes","uncl_Agaricomycetes","uncl_Agaricomycetes","uncl_Agaricomycetes"
"Fungi","Ascomycota","uncl_Ascomycota","uncl_Ascomycota","uncl_Ascomycota","uncl_Ascomycota","uncl_Ascomycota"
"Fungi","Ascomycota","uncl_Ascomycota","uncl_Ascomycota","uncl_Ascomycota","uncl_Ascomycota","uncl_Ascomycota"
"Fungi","Ascomycota","uncl_Ascomycota","uncl_Ascomycota","uncl_Ascomycota","uncl_Ascomycota","uncl_Ascomycota"
"Fungi","Ascomycota","uncl_Ascomycota","uncl_Ascomycota","uncl_Ascomycota","uncl_Ascomycota","uncl_Ascomycota"
"Fungi","Ascomycota","Pezizomycetes","Pezizales","uncl_Pezizales","uncl_Pezizales","uncl_Pezizales"
"Fungi","Ascomycota","Dothideomycetes","Capnodiales","uncl_Capnodiales","uncl_Capnodiales","uncl_Capnodiales"
"Fungi","Basidiomycota","Agaricomycetes","uncl_Agaricomycetes","uncl_Agaricomycetes","uncl_Agaricomycetes","uncl_Agaricomycetes"
"Fungi","Basidiomycota","Ustilaginomycetes","Ustilaginales","Ustilaginaceae","Ustilago","Ustilago_maydis"
"Fungi","Ascomycota","Orbiliomycetes","Orbiliales","uncl_Orbiliales","uncl_Orbiliales","uncl_Orbiliales"
"Fungi","Ascomycota","Eurotiomycetes","Onygenales","uncl_Onygenales","uncl_Onygenales","uncl_Onygenales"
"Fungi","Ascomycota","Dothideomycetes","uncl_Dothideomycetes","uncl_Dothideomycetes","uncl_Dothideomycetes","uncl_Dothideomycetes"
"Fungi","Ascomycota","Eurotiomycetes","uncl_Eurotiomycetes","uncl_Eurotiomycetes","uncl_Eurotiomycetes","uncl_Eurotiomycetes"
"Fungi","Ascomycota","Dothideomycetes","Capnodiales","Cladosporiaceae","Davidiellomyces","uncl_Davidiellomyces"
"Fungi","Ascomycota","Dothideomycetes","Pleosporales","uncl_Pleosporales","uncl_Pleosporales","uncl_Pleosporales"
"Fungi","Basidiomycota","Tremellomycetes","Tremellales","Rhynchogastremataceae","uncl_Rhynchogastremataceae","uncl_Rhynchogastremataceae"
"Fungi","Mucoromycota","Glomeromycetes","Glomerales","Glomeraceae","uncl_Glomeraceae","uncl_Glomeraceae"
"Fungi","Ascomycota","Dothideomycetes","Pleosporales","Didymosphaeriaceae","Paraphaeosphaeria","uncl_Paraphaeosphaeria"
"Fungi","Ascomycota","Eurotiomycetes","Chaetothyriales","uncl_Chaetothyriales","uncl_Chaetothyriales","uncl_Chaetothyriales"
"Fungi","Ascomycota","Dothideomycetes","Botryosphaeriales","Botryosphaeriaceae","uncl_Botryosphaeriaceae","uncl_Botryosphaeriaceae"
"Fungi","Ascomycota","Dothideomycetes","Pleosporales","uncl_Pleosporales","uncl_Pleosporales","uncl_Pleosporales"
"Fungi","Basidiomycota","Agaricomycetes","uncl_Agaricomycetes","uncl_Agaricomycetes","uncl_Agaricomycetes","uncl_Agaricomycetes"
"Fungi","Ascomycota","uncl_Ascomycota","uncl_Ascomycota","uncl_Ascomycota","uncl_Ascomycota","uncl_Ascomycota"
"Fungi","Mucoromycota","uncl_Mucoromycota","uncl_Mucoromycota","uncl_Mucoromycota","uncl_Mucoromycota","uncl_Mucoromycota"
"Fungi","Ascomycota","Sordariomycetes","Hypocreales","Stachybotryaceae","Striaticonidium","uncl_Striaticonidium"
"Fungi","Ascomycota","Dothideomycetes","Pleosporales","Phaeosphaeriaceae","uncl_Phaeosphaeriaceae","uncl_Phaeosphaeriaceae"
"Fungi","Mucoromycota","Glomeromycetes","Glomerales","Glomeraceae","uncl_Glomeraceae","uncl_Glomeraceae"
"Fungi","Ascomycota","Dothideomycetes","Mycosphaerellales","uncl_Mycosphaerellales","uncl_Mycosphaerellales","uncl_Mycosphaerellales"
"Fungi","Mucoromycota","Glomeromycetes","Glomerales","Glomeraceae","uncl_Glomeraceae","uncl_Glomeraceae"
"Fungi","Ascomycota","Pezizomycetes","Pezizales","uncl_Pezizales","uncl_Pezizales","uncl_Pezizales"
"Fungi","Ascomycota","Orbiliomycetes","uncl_Orbiliomycetes","uncl_Orbiliomycetes","uncl_Orbiliomycetes","uncl_Orbiliomycetes"
"Fungi","Ascomycota","uncl_Ascomycota","uncl_Ascomycota","uncl_Ascomycota","uncl_Ascomycota","uncl_Ascomycota"
"Fungi","Basidiomycota","Agaricomycetes","Agaricales","Stephanosporaceae","uncl_Stephanosporaceae","uncl_Stephanosporaceae"
"Fungi","Chytridiomycota","Spizellomycetes","Spizellomycetales","uncl_Spizellomycetales","uncl_Spizellomycetales","uncl_Spizellomycetales"
"Fungi","Ascomycota","Dothideomycetes","Pleosporales","Teichosporaceae","uncl_Teichosporaceae","uncl_Teichosporaceae"
"Fungi","Ascomycota","Sordariomycetes","Hypocreales","Hypocreales_fam_Incertae_sedis","Acremonium","Acremonium_pinkertoniae"
"Fungi","Basidiomycota","Agaricomycetes","uncl_Agaricomycetes","uncl_Agaricomycetes","uncl_Agaricomycetes","uncl_Agaricomycetes"
"Fungi","Basidiomycota","Cystobasidiomycetes","Cystobasidiales","Cystobasidiaceae","uncl_Cystobasidiaceae","uncl_Cystobasidiaceae"
"Fungi","Ascomycota","Sordariomycetes","Hypocreales","Nectriaceae","uncl_Nectriaceae","uncl_Nectriaceae"
"Fungi","Ascomycota","Dothideomycetes","Venturiales","Sympoventuriaceae","Ochroconis","uncl_Ochroconis"
"Fungi","Basidiomycota","Agaricomycetes","Cantharellales","Ceratobasidiaceae","uncl_Ceratobasidiaceae","uncl_Ceratobasidiaceae"
"Fungi","Ascomycota","Dothideomycetes","Capnodiales","Paradevriesiaceae","Paradevriesia","Paradevriesia_americana"
"Fungi","Basidiomycota","Agaricomycetes","Polyporales","Irpicaceae","Irpex","Irpex_lacteus"
"Fungi","Ascomycota","Dothideomycetes","Pleosporales","uncl_Pleosporales","uncl_Pleosporales","uncl_Pleosporales"
"Fungi","Basidiomycota","Agaricomycetes","Sebacinales","Serendipitaceae","Serendipita","uncl_Serendipita"
"Fungi","Basidiomycota","Agaricomycetes","Sebacinales","Serendipitaceae","Serendipita","uncl_Serendipita"
"Fungi","Ascomycota","Sordariomycetes","uncl_Sordariomycetes","uncl_Sordariomycetes","uncl_Sordariomycetes","uncl_Sordariomycetes"
"Fungi","Mucoromycota","Glomeromycetes","Glomerales","uncl_Glomerales","uncl_Glomerales","uncl_Glomerales"
"Fungi","Ascomycota","Leotiomycetes","Helotiales","Hyaloscyphaceae","uncl_Hyaloscyphaceae","uncl_Hyaloscyphaceae"
"Fungi","Ascomycota","Leotiomycetes","Helotiales","Hyaloscyphaceae","uncl_Hyaloscyphaceae","uncl_Hyaloscyphaceae"
"Fungi","Chytridiomycota","Spizellomycetes","Spizellomycetales","Spizellomycetaceae","uncl_Spizellomycetaceae","uncl_Spizellomycetaceae"
"Fungi","Basidiomycota","Agaricomycetes","Auriculariales","Auriculariales_fam_Incertae_sedis","Oliveonia","uncl_Oliveonia"
"Fungi","Ascomycota","Dothideomycetes","Pleosporales","uncl_Pleosporales","uncl_Pleosporales","uncl_Pleosporales"
"Fungi","Ascomycota","Dothideomycetes","Pleosporales","uncl_Pleosporales","uncl_Pleosporales","uncl_Pleosporales"
"Fungi","Ascomycota","uncl_Ascomycota","uncl_Ascomycota","uncl_Ascomycota","uncl_Ascomycota","uncl_Ascomycota"
"Fungi","Basidiomycota","Agaricomycetes","Agaricales","uncl_Agaricales","uncl_Agaricales","uncl_Agaricales"
"Fungi","Ascomycota","Sordariomycetes","uncl_Sordariomycetes","uncl_Sordariomycetes","uncl_Sordariomycetes","uncl_Sordariomycetes"
"Fungi","Mucoromycota","Glomeromycetes","Glomerales","Glomeraceae","Dominikia","uncl_Dominikia"
"Fungi","Basidiomycota","Agaricomycetes","Agaricales","Mycenaceae","Mycena","uncl_Mycena"
"Fungi","Mucoromycota","Glomeromycetes","uncl_Glomeromycetes","uncl_Glomeromycetes","uncl_Glomeromycetes","uncl_Glomeromycetes"
"Fungi","Basidiomycota","Agaricomycetes","Agaricales","Psathyrellaceae","Parasola","uncl_Parasola"
"Fungi","Ascomycota","Pezizomycetes","uncl_Pezizomycetes","uncl_Pezizomycetes","uncl_Pezizomycetes","uncl_Pezizomycetes"
"Fungi","Ascomycota","Sordariomycetes","uncl_Sordariomycetes","uncl_Sordariomycetes","uncl_Sordariomycetes","uncl_Sordariomycetes"
"Fungi","Basidiomycota","Tremellomycetes","Tremellales","Rhynchogastremataceae","Papiliotrema","uncl_Papiliotrema"
"Fungi","Ascomycota","Sordariomycetes","uncl_Sordariomycetes","uncl_Sordariomycetes","uncl_Sordariomycetes","uncl_Sordariomycetes"
"Fungi","Ascomycota","Dothideomycetes","Pleosporales","uncl_Pleosporales","uncl_Pleosporales","uncl_Pleosporales"
"Fungi","Ascomycota","Dothideomycetes","uncl_Dothideomycetes","uncl_Dothideomycetes","uncl_Dothideomycetes","uncl_Dothideomycetes"
"Fungi","Ascomycota","Sordariomycetes","Sordariales","uncl_Sordariales","uncl_Sordariales","uncl_Sordariales"
"Fungi","Ascomycota","Dothideomycetes","Pleosporales","Pseudolophiotremataceae","Pseudolophiotrema","Pseudolophiotrema_elymicola"
"Fungi","Ascomycota","Dothideomycetes","Pleosporales","Phaeosphaeriaceae","uncl_Phaeosphaeriaceae","uncl_Phaeosphaeriaceae"
"Fungi","Ascomycota","Dothideomycetes","Tubeufiales","Tubeufiaceae","Helicoma","uncl_Helicoma"
"Fungi","Ascomycota","Orbiliomycetes","Orbiliales","Orbiliaceae","Orbilia","uncl_Orbilia"
"Fungi","Ascomycota","uncl_Ascomycota","uncl_Ascomycota","uncl_Ascomycota","uncl_Ascomycota","uncl_Ascomycota"
"Fungi","Ascomycota","uncl_Ascomycota","uncl_Ascomycota","uncl_Ascomycota","uncl_Ascomycota","uncl_Ascomycota"
"Fungi","Mucoromycota","Glomeromycetes","Glomerales","uncl_Glomerales","uncl_Glomerales","uncl_Glomerales"
"Fungi","Basidiomycota","uncl_Basidiomycota","uncl_Basidiomycota","uncl_Basidiomycota","uncl_Basidiomycota","uncl_Basidiomycota"
"Fungi","Ascomycota","Sordariomycetes","uncl_Sordariomycetes","uncl_Sordariomycetes","uncl_Sordariomycetes","uncl_Sordariomycetes"
"Fungi","Ascomycota","Dothideomycetes","Pleosporales","uncl_Pleosporales","uncl_Pleosporales","uncl_Pleosporales"
"Fungi","Ascomycota","Dothideomycetes","uncl_Dothideomycetes","uncl_Dothideomycetes","uncl_Dothideomycetes","uncl_Dothideomycetes"
"Fungi","Ascomycota","uncl_Ascomycota","uncl_Ascomycota","uncl_Ascomycota","uncl_Ascomycota","uncl_Ascomycota"
"Fungi","Ascomycota","uncl_Ascomycota","uncl_Ascomycota","uncl_Ascomycota","uncl_Ascomycota","uncl_Ascomycota"
"Fungi","Basidiomycota","Agaricomycetes","Agaricales","Mycenaceae","uncl_Mycenaceae","uncl_Mycenaceae"
"Fungi","Basidiomycota","Agaricomycetes","Thelephorales","Thelephoraceae","uncl_Thelephoraceae","uncl_Thelephoraceae"
"Fungi","Basidiomycota","Agaricomycetes","Agaricales","Omphalotaceae","Mycetinis","uncl_Mycetinis"
"Fungi","Ascomycota","Leotiomycetes","Helotiales","Helotiales_fam_Incertae_sedis","uncl_Helotiales_fam_Incertae_sedis","uncl_Helotiales_fam_Incertae_sedis"
"Fungi","Ascomycota","uncl_Ascomycota","uncl_Ascomycota","uncl_Ascomycota","uncl_Ascomycota","uncl_Ascomycota"
"Fungi","Ascomycota","Sordariomycetes","Sordariales","uncl_Sordariales","uncl_Sordariales","uncl_Sordariales"
"Fungi","Basidiomycota","uncl_Basidiomycota","uncl_Basidiomycota","uncl_Basidiomycota","uncl_Basidiomycota","uncl_Basidiomycota"
"Fungi","Basidiomycota","Agaricomycetes","Agaricales","uncl_Agaricales","uncl_Agaricales","uncl_Agaricales"
"Fungi","Ascomycota","Dothideomycetes","Pleosporales","Pleosporales_fam_Incertae_sedis","Pseudorobillarda","uncl_Pseudorobillarda"
"Fungi","Ascomycota","uncl_Ascomycota","uncl_Ascomycota","uncl_Ascomycota","uncl_Ascomycota","uncl_Ascomycota"
"Fungi","Ascomycota","Leotiomycetes","Helotiales","uncl_Helotiales","uncl_Helotiales","uncl_Helotiales"
"Fungi","Ascomycota","Sordariomycetes","uncl_Sordariomycetes","uncl_Sordariomycetes","uncl_Sordariomycetes","uncl_Sordariomycetes"
"Fungi","Basidiomycota","Agaricomycetes","Agaricales","uncl_Agaricales","uncl_Agaricales","uncl_Agaricales"
"Fungi","Ascomycota","uncl_Ascomycota","uncl_Ascomycota","uncl_Ascomycota","uncl_Ascomycota","uncl_Ascomycota"
"Fungi","Basidiomycota","Agaricomycetes","Agaricales","uncl_Agaricales","uncl_Agaricales","uncl_Agaricales"
"Fungi","Basidiomycota","Agaricomycetes","Thelephorales","Thelephoraceae","Tomentella","uncl_Tomentella"
"Fungi","Ascomycota","Sordariomycetes","Hypocreales","Stachybotryaceae","uncl_Stachybotryaceae","uncl_Stachybotryaceae"
"Fungi","Ascomycota","Leotiomycetes","Helotiales","uncl_Helotiales","uncl_Helotiales","uncl_Helotiales"
"Fungi","Basidiomycota","Agaricomycetes","Agaricales","Tricholomataceae","uncl_Tricholomataceae","uncl_Tricholomataceae"
"Fungi","Basidiomycota","Agaricomycetes","Cantharellales","Hydnaceae","Sistotrema","uncl_Sistotrema"
"Fungi","Ascomycota","Sordariomycetes","Sordariales","uncl_Sordariales","uncl_Sordariales","uncl_Sordariales"
"Fungi","Ascomycota","uncl_Ascomycota","uncl_Ascomycota","uncl_Ascomycota","uncl_Ascomycota","uncl_Ascomycota"
"Fungi","Ascomycota","Sordariomycetes","uncl_Sordariomycetes","uncl_Sordariomycetes","uncl_Sordariomycetes","uncl_Sordariomycetes"
"Fungi","Basidiomycota","Agaricomycetes","Thelephorales","Thelephoraceae","uncl_Thelephoraceae","uncl_Thelephoraceae"
"Fungi","Ascomycota","Sordariomycetes","uncl_Sordariomycetes","uncl_Sordariomycetes","uncl_Sordariomycetes","uncl_Sordariomycetes"
"Fungi","Ascomycota","Dothideomycetes","uncl_Dothideomycetes","uncl_Dothideomycetes","uncl_Dothideomycetes","uncl_Dothideomycetes"
"Fungi","Basidiomycota","Agaricomycetes","Agaricales","Cortinariaceae","Cortinarius","uncl_Cortinarius"
"Fungi","Ascomycota","Sordariomycetes","Hypocreales","uncl_Hypocreales","uncl_Hypocreales","uncl_Hypocreales"
"Fungi","Ascomycota","Pezizomycetes","Pezizales","Sarcosomataceae","uncl_Sarcosomataceae","uncl_Sarcosomataceae"
"Fungi","Mucoromycota","uncl_Mucoromycota","uncl_Mucoromycota","uncl_Mucoromycota","uncl_Mucoromycota","uncl_Mucoromycota"
"Fungi","Ascomycota","Sordariomycetes","Xylariales","Hypoxylaceae","Daldinia","uncl_Daldinia"
"Fungi","Basidiomycota","Agaricomycetes","Agaricales","Marasmiaceae","Chaetocalathus","uncl_Chaetocalathus"
"Fungi","Basidiomycota","Agaricomycetes","Agaricales","Bolbitiaceae","Conocybe","Conocybe_semiglobata"
"Fungi","Ascomycota","Eurotiomycetes","Chaetothyriales","Herpotrichiellaceae","uncl_Herpotrichiellaceae","uncl_Herpotrichiellaceae"
"Fungi","Basidiomycota","Agaricomycetes","Agaricales","Mycenaceae","Mycena","uncl_Mycena"
"Fungi","Basidiomycota","Agaricomycetes","uncl_Agaricomycetes","uncl_Agaricomycetes","uncl_Agaricomycetes","uncl_Agaricomycetes"
"Fungi","Basidiomycota","Agaricomycetes","Geastrales","Geastraceae","Geastrum","Geastrum_piquiriunense"
"Fungi","Basidiomycota","Agaricomycetes","Agaricales","uncl_Agaricales","uncl_Agaricales","uncl_Agaricales"
"Fungi","Ascomycota","Dothideomycetes","Pleosporales","Melanommataceae","Camposporium","Camposporium_appendiculatum"
"Fungi","Basidiomycota","Agaricomycetes","Auriculariales","uncl_Auriculariales","uncl_Auriculariales","uncl_Auriculariales"
"Fungi","Ascomycota","Sordariomycetes","uncl_Sordariomycetes","uncl_Sordariomycetes","uncl_Sordariomycetes","uncl_Sordariomycetes"
"Fungi","Basidiomycota","Agaricomycetes","Agaricales","Niaceae","uncl_Niaceae","uncl_Niaceae"
"Fungi","Ascomycota","uncl_Ascomycota","uncl_Ascomycota","uncl_Ascomycota","uncl_Ascomycota","uncl_Ascomycota"
"Fungi","Basidiomycota","Agaricomycetes","Sebacinales","uncl_Sebacinales","uncl_Sebacinales","uncl_Sebacinales"
"Fungi","Ascomycota","Dothideomycetes","Capnodiales","Capnodiaceae","uncl_Capnodiaceae","uncl_Capnodiaceae"
"Fungi","Basidiomycota","Agaricomycetes","Cantharellales","Ceratobasidiaceae","uncl_Ceratobasidiaceae","uncl_Ceratobasidiaceae"
"Fungi","Ascomycota","uncl_Ascomycota","uncl_Ascomycota","uncl_Ascomycota","uncl_Ascomycota","uncl_Ascomycota"
"Fungi","Ascomycota","uncl_Ascomycota","uncl_Ascomycota","uncl_Ascomycota","uncl_Ascomycota","uncl_Ascomycota"
"Fungi","Basidiomycota","Agaricomycetes","Auriculariales","uncl_Auriculariales","uncl_Auriculariales","uncl_Auriculariales"
"Fungi","Basidiomycota","Agaricomycetes","uncl_Agaricomycetes","uncl_Agaricomycetes","uncl_Agaricomycetes","uncl_Agaricomycetes"
"Fungi","Ascomycota","Eurotiomycetes","Chaetothyriales","uncl_Chaetothyriales","uncl_Chaetothyriales","uncl_Chaetothyriales"
"Fungi","Mucoromycota","Mucoromycetes","Mucorales","Backusellaceae","Backusella","Backusella_recurva"
"Fungi","Ascomycota","uncl_Ascomycota","uncl_Ascomycota","uncl_Ascomycota","uncl_Ascomycota","uncl_Ascomycota"
"Fungi","Ascomycota","Eurotiomycetes","Chaetothyriales","uncl_Chaetothyriales","uncl_Chaetothyriales","uncl_Chaetothyriales"
"Fungi","Basidiomycota","Agaricomycetes","Sebacinales","uncl_Sebacinales","uncl_Sebacinales","uncl_Sebacinales"
"Fungi","Basidiomycota","Agaricomycetes","uncl_Agaricomycetes","uncl_Agaricomycetes","uncl_Agaricomycetes","uncl_Agaricomycetes"
"Fungi","Basidiomycota","Agaricomycetes","Sebacinales","Serendipitaceae","Serendipita","uncl_Serendipita"
"Fungi","Ascomycota","uncl_Ascomycota","uncl_Ascomycota","uncl_Ascomycota","uncl_Ascomycota","uncl_Ascomycota"
"Fungi","Basidiomycota","Agaricomycetes","Atheliales","Pilodermataceae","Piloderma","uncl_Piloderma"
"Fungi","Ascomycota","uncl_Ascomycota","uncl_Ascomycota","uncl_Ascomycota","uncl_Ascomycota","uncl_Ascomycota"
"Fungi","Basidiomycota","Agaricomycetes","Agaricales","Clavariaceae","Clavulinopsis","uncl_Clavulinopsis"
"Fungi","Ascomycota","Dothideomycetes","uncl_Dothideomycetes","uncl_Dothideomycetes","uncl_Dothideomycetes","uncl_Dothideomycetes"
"Fungi","Basidiomycota","Agaricomycetes","Sebacinales","Sebacinaceae","Sebacina","uncl_Sebacina"
"Fungi","Ascomycota","Eurotiomycetes","Chaetothyriales","Herpotrichiellaceae","uncl_Herpotrichiellaceae","uncl_Herpotrichiellaceae"
"Fungi","Ascomycota","Eurotiomycetes","Chaetothyriales","uncl_Chaetothyriales","uncl_Chaetothyriales","uncl_Chaetothyriales"
"Fungi","Ascomycota","Sordariomycetes","Sordariomycetes_ord_Incertae_sedis","uncl_Sordariomycetes_ord_Incertae_sedis","uncl_Sordariomycetes_ord_Incertae_sedis","uncl_Sordariomycetes_ord_Incertae_sedis"
"Fungi","Basidiomycota","Agaricomycetes","Geastrales","Geastraceae","Geastrum","Geastrum_brunneocapillatum"
"Fungi","Basidiomycota","Agaricomycetes","Russulales","Russulaceae","Lactarius","uncl_Lactarius"
"Fungi","Ascomycota","Sordariomycetes","Hypocreales","Nectriaceae","Fusarium","uncl_Fusarium"
"Fungi","Ascomycota","uncl_Ascomycota","uncl_Ascomycota","uncl_Ascomycota","uncl_Ascomycota","uncl_Ascomycota"
"Fungi","Mucoromycota","Glomeromycetes","Glomerales","Claroideoglomeraceae","Claroideoglomus","uncl_Claroideoglomus"
"Fungi","Ascomycota","Eurotiomycetes","Chaetothyriales","Herpotrichiellaceae","uncl_Herpotrichiellaceae","uncl_Herpotrichiellaceae"
"Fungi","Ascomycota","Sordariomycetes","uncl_Sordariomycetes","uncl_Sordariomycetes","uncl_Sordariomycetes","uncl_Sordariomycetes"
"Fungi","Ascomycota","Dothideomycetes","Pleosporales","uncl_Pleosporales","uncl_Pleosporales","uncl_Pleosporales"
"Fungi","Ascomycota","Leotiomycetes","Helotiales","uncl_Helotiales","uncl_Helotiales","uncl_Helotiales"
"Fungi","Basidiomycota","Agaricomycetes","Agaricales","Marasmiaceae","Marasmius","uncl_Marasmius"
"Fungi","Ascomycota","Dothideomycetes","Pleosporales","Periconiaceae","Periconia","uncl_Periconia"
"Fungi","Ascomycota","Sordariomycetes","uncl_Sordariomycetes","uncl_Sordariomycetes","uncl_Sordariomycetes","uncl_Sordariomycetes"
"Fungi","Ascomycota","Sordariomycetes","uncl_Sordariomycetes","uncl_Sordariomycetes","uncl_Sordariomycetes","uncl_Sordariomycetes"
"Fungi","Ascomycota","Sordariomycetes","Hypocreales","Bionectriaceae","Nectriopsis","uncl_Nectriopsis"
"Fungi","Ascomycota","Eurotiomycetes","Chaetothyriales","uncl_Chaetothyriales","uncl_Chaetothyriales","uncl_Chaetothyriales"
"Fungi","Basidiomycota","Agaricomycetes","Auriculariales","uncl_Auriculariales","uncl_Auriculariales","uncl_Auriculariales"
"Fungi","Ascomycota","Dothideomycetes","Pleosporales","Sporormiaceae","Westerdykella","uncl_Westerdykella"
"Fungi","Ascomycota","Eurotiomycetes","Onygenales","uncl_Onygenales","uncl_Onygenales","uncl_Onygenales"
"Fungi","Basidiomycota","Agaricomycetes","uncl_Agaricomycetes","uncl_Agaricomycetes","uncl_Agaricomycetes","uncl_Agaricomycetes"
"Fungi","Ascomycota","Sordariomycetes","Branch06","uncl_Branch06","uncl_Branch06","uncl_Branch06"
"Fungi","Mucoromycota","Glomeromycetes","uncl_Glomeromycetes","uncl_Glomeromycetes","uncl_Glomeromycetes","uncl_Glomeromycetes"
"Fungi","Basidiomycota","uncl_Basidiomycota","uncl_Basidiomycota","uncl_Basidiomycota","uncl_Basidiomycota","uncl_Basidiomycota"
"Fungi","Mucoromycota","Glomeromycetes","uncl_Glomeromycetes","uncl_Glomeromycetes","uncl_Glomeromycetes","uncl_Glomeromycetes"
"Fungi","Basidiomycota","Agaricomycetes","Agaricales","Clavariaceae","Clavaria","uncl_Clavaria"
"Fungi","Ascomycota","uncl_Ascomycota","uncl_Ascomycota","uncl_Ascomycota","uncl_Ascomycota","uncl_Ascomycota"
"Fungi","Ascomycota","Sordariomycetes","uncl_Sordariomycetes","uncl_Sordariomycetes","uncl_Sordariomycetes","uncl_Sordariomycetes"
"Fungi","Ascomycota","uncl_Ascomycota","uncl_Ascomycota","uncl_Ascomycota","uncl_Ascomycota","uncl_Ascomycota"
"Fungi","Ascomycota","Sordariomycetes","Microascales","Halosphaeriaceae","uncl_Halosphaeriaceae","uncl_Halosphaeriaceae"
"Fungi","Basidiomycota","Agaricomycetes","Russulales","Russulaceae","Russula","uncl_Russula"
"Fungi","Ascomycota","Dothideomycetes","uncl_Dothideomycetes","uncl_Dothideomycetes","uncl_Dothideomycetes","uncl_Dothideomycetes"
"Fungi","Ascomycota","Sordariomycetes","Hypocreales","uncl_Hypocreales","uncl_Hypocreales","uncl_Hypocreales"
"Fungi","Ascomycota","Sordariomycetes","Hypocreales","Hypocreaceae","Trichoderma","uncl_Trichoderma"
"Fungi","Ascomycota","Dothideomycetes","Pleosporales","uncl_Pleosporales","uncl_Pleosporales","uncl_Pleosporales"
"Fungi","Basidiomycota","Agaricomycetes","uncl_Agaricomycetes","uncl_Agaricomycetes","uncl_Agaricomycetes","uncl_Agaricomycetes"
"Fungi","Ascomycota","Eurotiomycetes","Chaetothyriales","uncl_Chaetothyriales","uncl_Chaetothyriales","uncl_Chaetothyriales"
"Fungi","Basidiomycota","Agaricomycetes","Agaricales","uncl_Agaricales","uncl_Agaricales","uncl_Agaricales"
"Fungi","Basidiomycota","Agaricomycetes","uncl_Agaricomycetes","uncl_Agaricomycetes","uncl_Agaricomycetes","uncl_Agaricomycetes"
"Fungi","Ascomycota","uncl_Ascomycota","uncl_Ascomycota","uncl_Ascomycota","uncl_Ascomycota","uncl_Ascomycota"
"Fungi","Ascomycota","Leotiomycetes","Helotiales","uncl_Helotiales","uncl_Helotiales","uncl_Helotiales"
"Fungi","Ascomycota","Sordariomycetes","Hypocreales","uncl_Hypocreales","uncl_Hypocreales","uncl_Hypocreales"
"Fungi","Ascomycota","Dothideomycetes","Pleosporales","Tetraplosphaeriaceae","Tetraploa","uncl_Tetraploa"
"Fungi","Ascomycota","Sordariomycetes","uncl_Sordariomycetes","uncl_Sordariomycetes","uncl_Sordariomycetes","uncl_Sordariomycetes"
"Fungi","Ascomycota","Leotiomycetes","Leotiales","uncl_Leotiales","uncl_Leotiales","uncl_Leotiales"
"Fungi","Basidiomycota","Agaricomycetes","Cantharellales","Ceratobasidiaceae","uncl_Ceratobasidiaceae","uncl_Ceratobasidiaceae"
"Fungi","Mucoromycota","uncl_Mucoromycota","uncl_Mucoromycota","uncl_Mucoromycota","uncl_Mucoromycota","uncl_Mucoromycota"
"Fungi","Zoopagomycota","Ramicandelaberomycetes","Ramicandelaberales","Ramicandelaberaceae","Ramicandelaber","uncl_Ramicandelaber"
"Fungi","Ascomycota","uncl_Ascomycota","uncl_Ascomycota","uncl_Ascomycota","uncl_Ascomycota","uncl_Ascomycota"
"Fungi","Ascomycota","Sordariomycetes","uncl_Sordariomycetes","uncl_Sordariomycetes","uncl_Sordariomycetes","uncl_Sordariomycetes"
"Fungi","Ascomycota","Leotiomycetes","Helotiales","Calloriaceae","Populomyces","Populomyces_zwinianus"
"Fungi","Ascomycota","Sordariomycetes","uncl_Sordariomycetes","uncl_Sordariomycetes","uncl_Sordariomycetes","uncl_Sordariomycetes"
"Fungi","Basidiomycota","Agaricomycetes","Russulales","uncl_Russulales","uncl_Russulales","uncl_Russulales"
"Fungi","Ascomycota","Pezizomycetes","Pezizales","Pyronemataceae","uncl_Pyronemataceae","uncl_Pyronemataceae"
"Fungi","Ascomycota","Sordariomycetes","Trichosphaeriales","Trichosphaeriaceae","Nigrospora","uncl_Nigrospora"
"Fungi","Ascomycota","Sordariomycetes","Hypocreales","Nectriaceae","uncl_Nectriaceae","uncl_Nectriaceae"
"Fungi","Ascomycota","Sordariomycetes","uncl_Sordariomycetes","uncl_Sordariomycetes","uncl_Sordariomycetes","uncl_Sordariomycetes"
"Fungi","Ascomycota","Sordariomycetes","Sordariales","uncl_Sordariales","uncl_Sordariales","uncl_Sordariales"
"Fungi","Ascomycota","Sordariomycetes","Hypocreales","Stachybotryaceae","uncl_Stachybotryaceae","uncl_Stachybotryaceae"
"Fungi","Ascomycota","Sordariomycetes","Hypocreales","Hypocreales_fam_Incertae_sedis","Sarocladium","uncl_Sarocladium"
"Fungi","Ascomycota","Dothideomycetes","Pleosporales","Phaeosphaeriaceae","uncl_Phaeosphaeriaceae","uncl_Phaeosphaeriaceae"
"Fungi","Ascomycota","uncl_Ascomycota","uncl_Ascomycota","uncl_Ascomycota","uncl_Ascomycota","uncl_Ascomycota"
"Fungi","Ascomycota","Dothideomycetes","Pleosporales","Lindgomycetaceae","uncl_Lindgomycetaceae","uncl_Lindgomycetaceae"
"Fungi","Ascomycota","Sordariomycetes","Sordariales","Lasiosphaeriaceae","uncl_Lasiosphaeriaceae","uncl_Lasiosphaeriaceae"
"Fungi","Basidiomycota","Exobasidiomycetes","uncl_Exobasidiomycetes","uncl_Exobasidiomycetes","uncl_Exobasidiomycetes","uncl_Exobasidiomycetes"
"Fungi","Ascomycota","uncl_Ascomycota","uncl_Ascomycota","uncl_Ascomycota","uncl_Ascomycota","uncl_Ascomycota"
"Fungi","Ascomycota","Pezizomycetes","Pezizales","uncl_Pezizales","uncl_Pezizales","uncl_Pezizales"
"Fungi","Ascomycota","uncl_Ascomycota","uncl_Ascomycota","uncl_Ascomycota","uncl_Ascomycota","uncl_Ascomycota"
"Fungi","Ascomycota","uncl_Ascomycota","uncl_Ascomycota","uncl_Ascomycota","uncl_Ascomycota","uncl_Ascomycota"
"Fungi","Mucoromycota","Glomeromycetes","Glomerales","Glomeraceae","uncl_Glomeraceae","uncl_Glomeraceae"
"Fungi","Ascomycota","Orbiliomycetes","uncl_Orbiliomycetes","uncl_Orbiliomycetes","uncl_Orbiliomycetes","uncl_Orbiliomycetes"
"Fungi","Ascomycota","Dothideomycetes","Venturiales","uncl_Venturiales","uncl_Venturiales","uncl_Venturiales"
"Fungi","Ascomycota","Dothideomycetes","Pleosporales","Sporormiaceae","Preussia","uncl_Preussia"
"Fungi","Ascomycota","Sordariomycetes","Hypocreales","uncl_Hypocreales","uncl_Hypocreales","uncl_Hypocreales"
"Fungi","Ascomycota","Dothideomycetes","Minutisphaerales","Minutisphaeraceae","Minutisphaera","uncl_Minutisphaera"
"Fungi","Ascomycota","Lecanoromycetes","Ostropales","Gomphillaceae","Corticifraga","Corticifraga_peltigerae"
"Fungi","Ascomycota","Pezizomycotina_cls_Incertae_sedis","uncl_Pezizomycotina_cls_Incertae_sedis","uncl_Pezizomycotina_cls_Incertae_sedis","uncl_Pezizomycotina_cls_Incertae_sedis","uncl_Pezizomycotina_cls_Incertae_sedis"
"Fungi","Ascomycota","Lecanoromycetes","uncl_Lecanoromycetes","uncl_Lecanoromycetes","uncl_Lecanoromycetes","uncl_Lecanoromycetes"
"Fungi","Ascomycota","Orbiliomycetes","uncl_Orbiliomycetes","uncl_Orbiliomycetes","uncl_Orbiliomycetes","uncl_Orbiliomycetes"
"Fungi","Basidiomycota","uncl_Basidiomycota","uncl_Basidiomycota","uncl_Basidiomycota","uncl_Basidiomycota","uncl_Basidiomycota"
"Fungi","Basidiomycota","Agaricomycetes","uncl_Agaricomycetes","uncl_Agaricomycetes","uncl_Agaricomycetes","uncl_Agaricomycetes"
"Fungi","Basidiomycota","GS27","GS27_ord_Incertae_sedis","uncl_GS27_ord_Incertae_sedis","uncl_GS27_ord_Incertae_sedis","uncl_GS27_ord_Incertae_sedis"
"Fungi","Ascomycota","Eurotiomycetes","Chaetothyriales","Herpotrichiellaceae","uncl_Herpotrichiellaceae","uncl_Herpotrichiellaceae"
"Fungi","Ascomycota","Eurotiomycetes","Chaetothyriales","Herpotrichiellaceae","Rhinocladiella","Rhinocladiella_similis"
"Fungi","Ascomycota","Sordariomycetes","Sordariales","uncl_Sordariales","uncl_Sordariales","uncl_Sordariales"
"Fungi","Basidiomycota","Agaricomycetes","Agaricales","Tricholomataceae","uncl_Tricholomataceae","uncl_Tricholomataceae"
"Fungi","Basidiomycota","Agaricomycetes","Sebacinales","Serendipitaceae","uncl_Serendipitaceae","uncl_Serendipitaceae"
"Fungi","Ascomycota","uncl_Ascomycota","uncl_Ascomycota","uncl_Ascomycota","uncl_Ascomycota","uncl_Ascomycota"
"Fungi","Basidiomycota","Agaricomycetes","Agaricales","Bolbitiaceae","Conocybe","Conocybe_enderlei"
"Fungi","Ascomycota","uncl_Ascomycota","uncl_Ascomycota","uncl_Ascomycota","uncl_Ascomycota","uncl_Ascomycota"
"Fungi","Basidiomycota","Agaricomycetes","Phallales","Phallaceae","uncl_Phallaceae","uncl_Phallaceae"
"Fungi","Ascomycota","uncl_Ascomycota","uncl_Ascomycota","uncl_Ascomycota","uncl_Ascomycota","uncl_Ascomycota"
"Fungi","Ascomycota","Pezizomycetes","Pezizales","Pezizaceae","uncl_Pezizaceae","uncl_Pezizaceae"
"Fungi","Basidiomycota","Agaricomycetes","Sebacinales","uncl_Sebacinales","uncl_Sebacinales","uncl_Sebacinales"
"Fungi","Basidiomycota","uncl_Basidiomycota","uncl_Basidiomycota","uncl_Basidiomycota","uncl_Basidiomycota","uncl_Basidiomycota"
"Fungi","Basidiomycota","Agaricomycetes","Cantharellales","Tulasnellaceae","uncl_Tulasnellaceae","uncl_Tulasnellaceae"
"Fungi","Ascomycota","Orbiliomycetes","Orbiliales","Orbiliaceae","Orbilia","uncl_Orbilia"
"Fungi","Olpidiomycota","Olpidiomycetes","uncl_Olpidiomycetes","uncl_Olpidiomycetes","uncl_Olpidiomycetes","uncl_Olpidiomycetes"
"Fungi","Ascomycota","Dothideomycetes","Pleosporales","uncl_Pleosporales","uncl_Pleosporales","uncl_Pleosporales"
"Fungi","Basidiomycota","Agaricomycetes","Agaricales","Psathyrellaceae","uncl_Psathyrellaceae","uncl_Psathyrellaceae"
"Fungi","Ascomycota","Dothideomycetes","uncl_Dothideomycetes","uncl_Dothideomycetes","uncl_Dothideomycetes","uncl_Dothideomycetes"
"Fungi","Ascomycota","uncl_Ascomycota","uncl_Ascomycota","uncl_Ascomycota","uncl_Ascomycota","uncl_Ascomycota"
"Fungi","Ascomycota","uncl_Ascomycota","uncl_Ascomycota","uncl_Ascomycota","uncl_Ascomycota","uncl_Ascomycota"
"Fungi","Ascomycota","uncl_Ascomycota","uncl_Ascomycota","uncl_Ascomycota","uncl_Ascomycota","uncl_Ascomycota"
"Fungi","Ascomycota","Sordariomycetes","Magnaporthales","Magnaporthaceae","uncl_Magnaporthaceae","uncl_Magnaporthaceae"
"Fungi","Ascomycota","Dothideomycetes","Pleosporales","uncl_Pleosporales","uncl_Pleosporales","uncl_Pleosporales"
"Fungi","Ascomycota","uncl_Ascomycota","uncl_Ascomycota","uncl_Ascomycota","uncl_Ascomycota","uncl_Ascomycota"
"Fungi","Ascomycota","Orbiliomycetes","Orbiliales","Orbiliaceae","Orbilia","uncl_Orbilia"
"Fungi","Ascomycota","Sordariomycetes","Sordariales","Bombardiaceae","Ramophialophora","uncl_Ramophialophora"
"Fungi","Basidiomycota","Ustilaginomycetes","Urocystidales","Urocystidaceae","Urocystis","uncl_Urocystis"
"Fungi","Basidiomycota","Agaricomycetes","Auriculariales","uncl_Auriculariales","uncl_Auriculariales","uncl_Auriculariales"
"Fungi","Ascomycota","uncl_Ascomycota","uncl_Ascomycota","uncl_Ascomycota","uncl_Ascomycota","uncl_Ascomycota"
"Fungi","Ascomycota","Sordariomycetes","uncl_Sordariomycetes","uncl_Sordariomycetes","uncl_Sordariomycetes","uncl_Sordariomycetes"
"Fungi","Ascomycota","Dothideomycetes","Pleosporales","Massarinaceae","uncl_Massarinaceae","uncl_Massarinaceae"
"Fungi","Ascomycota","Dothideomycetes","Minutisphaerales","Minutisphaeraceae","Minutisphaera","uncl_Minutisphaera"
"Fungi","Basidiomycota","Agaricomycetes","Agaricales","Psathyrellaceae","Psathyrella","uncl_Psathyrella"
"Fungi","Ascomycota","Dothideomycetes","Pleosporales","uncl_Pleosporales","uncl_Pleosporales","uncl_Pleosporales"
"Fungi","Mucoromycota","Mortierellomycetes","Mortierellales","Mortierellaceae","uncl_Mortierellaceae","uncl_Mortierellaceae"
"Fungi","Ascomycota","uncl_Ascomycota","uncl_Ascomycota","uncl_Ascomycota","uncl_Ascomycota","uncl_Ascomycota"
"Fungi","Ascomycota","uncl_Ascomycota","uncl_Ascomycota","uncl_Ascomycota","uncl_Ascomycota","uncl_Ascomycota"
"Fungi","Ascomycota","uncl_Ascomycota","uncl_Ascomycota","uncl_Ascomycota","uncl_Ascomycota","uncl_Ascomycota"
"Fungi","Ascomycota","Dothideomycetes","Pleosporales","uncl_Pleosporales","uncl_Pleosporales","uncl_Pleosporales"
"Fungi","Basidiomycota","Agaricomycetes","Agaricales","Tricholomataceae","Cruentomycena","uncl_Cruentomycena"
"Fungi","Basidiomycota","uncl_Basidiomycota","uncl_Basidiomycota","uncl_Basidiomycota","uncl_Basidiomycota","uncl_Basidiomycota"
"Fungi","Basidiomycota","Agaricomycetes","Agaricales","uncl_Agaricales","uncl_Agaricales","uncl_Agaricales"
"Fungi","Ascomycota","uncl_Ascomycota","uncl_Ascomycota","uncl_Ascomycota","uncl_Ascomycota","uncl_Ascomycota"
"Fungi","Ascomycota","Dothideomycetes","uncl_Dothideomycetes","uncl_Dothideomycetes","uncl_Dothideomycetes","uncl_Dothideomycetes"
"Fungi","Basidiomycota","Agaricomycetes","Cantharellales","Cantharellales_fam_Incertae_sedis","uncl_Cantharellales_fam_Incertae_sedis","uncl_Cantharellales_fam_Incertae_sedis"
"Fungi","Ascomycota","Dothideomycetes","uncl_Dothideomycetes","uncl_Dothideomycetes","uncl_Dothideomycetes","uncl_Dothideomycetes"
"Fungi","Mucoromycota","Glomeromycetes","uncl_Glomeromycetes","uncl_Glomeromycetes","uncl_Glomeromycetes","uncl_Glomeromycetes"
"Fungi","Basidiomycota","Agaricomycetes","Cantharellales","Ceratobasidiaceae","uncl_Ceratobasidiaceae","uncl_Ceratobasidiaceae"
"Fungi","Ascomycota","Sordariomycetes","Hypocreales","uncl_Hypocreales","uncl_Hypocreales","uncl_Hypocreales"
"Fungi","Mucoromycota","Glomeromycetes","uncl_Glomeromycetes","uncl_Glomeromycetes","uncl_Glomeromycetes","uncl_Glomeromycetes"
"Fungi","Ascomycota","Dothideomycetes","Pleosporales","Lentitheciaceae","Keissleriella","Keissleriella_trichophoricola"
"Fungi","Mucoromycota","Glomeromycetes","Glomerales","Glomeraceae","uncl_Glomeraceae","uncl_Glomeraceae"
"Fungi","Basidiomycota","uncl_Basidiomycota","uncl_Basidiomycota","uncl_Basidiomycota","uncl_Basidiomycota","uncl_Basidiomycota"
"Fungi","Ascomycota","uncl_Ascomycota","uncl_Ascomycota","uncl_Ascomycota","uncl_Ascomycota","uncl_Ascomycota"
"Fungi","Ascomycota","uncl_Ascomycota","uncl_Ascomycota","uncl_Ascomycota","uncl_Ascomycota","uncl_Ascomycota"
"Fungi","Basidiomycota","Agaricomycetes","Corticiales","uncl_Corticiales","uncl_Corticiales","uncl_Corticiales"
"Fungi","Basidiomycota","Agaricomycetes","Russulales","Peniophoraceae","uncl_Peniophoraceae","uncl_Peniophoraceae"
"Fungi","Mucoromycota","Glomeromycetes","Glomerales","Glomeraceae","Rhizophagus","uncl_Rhizophagus"
"Fungi","Ascomycota","Eurotiomycetes","Chaetothyriales","uncl_Chaetothyriales","uncl_Chaetothyriales","uncl_Chaetothyriales"
"Fungi","Ascomycota","Sordariomycetes","uncl_Sordariomycetes","uncl_Sordariomycetes","uncl_Sordariomycetes","uncl_Sordariomycetes"
"Fungi","Basidiomycota","uncl_Basidiomycota","uncl_Basidiomycota","uncl_Basidiomycota","uncl_Basidiomycota","uncl_Basidiomycota"
"Fungi","Basidiomycota","Agaricomycetes","Agaricales","Strophariaceae","uncl_Strophariaceae","uncl_Strophariaceae"
"Fungi","Basidiomycota","Agaricomycetes","Agaricales","Marasmiaceae","Crinipellis","Crinipellis_scabella"
"Fungi","Basidiomycota","uncl_Basidiomycota","uncl_Basidiomycota","uncl_Basidiomycota","uncl_Basidiomycota","uncl_Basidiomycota"
"Fungi","Ascomycota","uncl_Ascomycota","uncl_Ascomycota","uncl_Ascomycota","uncl_Ascomycota","uncl_Ascomycota"
"Fungi","Ascomycota","Dothideomycetes","Pleosporales","Phaeosphaeriaceae","uncl_Phaeosphaeriaceae","uncl_Phaeosphaeriaceae"
"Fungi","Ascomycota","Sordariomycetes","Sordariales","Schizotheciaceae","Pseudoechria","Pseudoechria_longicollis"
"Fungi","Ascomycota","Sordariomycetes","Xylariales","uncl_Xylariales","uncl_Xylariales","uncl_Xylariales"
"Fungi","Ascomycota","uncl_Ascomycota","uncl_Ascomycota","uncl_Ascomycota","uncl_Ascomycota","uncl_Ascomycota"
"Fungi","Mucoromycota","Mucoromycetes","Mucorales","Cunninghamellaceae","Absidia","uncl_Absidia"
"Fungi","Mucoromycota","Mucoromycetes","Mucorales","Cunninghamellaceae","Absidia","uncl_Absidia"
"Fungi","Mucoromycota","Mucoromycetes","Mucorales","Cunninghamellaceae","Absidia","uncl_Absidia"
"Fungi","Ascomycota","Geoglossomycetes","Geoglossales","Geoglossaceae","Geoglossum","uncl_Geoglossum"
"Fungi","Ascomycota","Sordariomycetes","Sordariales","uncl_Sordariales","uncl_Sordariales","uncl_Sordariales"
"Fungi","Ascomycota","Eurotiomycetes","Eurotiales","Aspergillaceae","Aspergillus","uncl_Aspergillus"
"Fungi","Ascomycota","Sordariomycetes","Coniochaetales","uncl_Coniochaetales","uncl_Coniochaetales","uncl_Coniochaetales"
"Fungi","Basidiomycota","Agaricomycetes","Polyporales","uncl_Polyporales","uncl_Polyporales","uncl_Polyporales"
"Fungi","Ascomycota","Sordariomycetes","Xylariales","Hypoxylaceae","Hypoxylon","uncl_Hypoxylon"
"Fungi","Ascomycota","Sordariomycetes","Sordariales","Chaetomiaceae","uncl_Chaetomiaceae","uncl_Chaetomiaceae"
"Fungi","Ascomycota","Sordariomycetes","Hypocreales","Clavicipitaceae","Metarhizium","Metarhizium_anisopliae"
"Fungi","Ascomycota","Dothideomycetes","Pleosporales","Sporormiaceae","uncl_Sporormiaceae","uncl_Sporormiaceae"
"Fungi","Ascomycota","Sordariomycetes","Sordariales","Chaetomiaceae","Arcopilus","uncl_Arcopilus"
"Fungi","Basidiomycota","Agaricomycetes","uncl_Agaricomycetes","uncl_Agaricomycetes","uncl_Agaricomycetes","uncl_Agaricomycetes"
"Fungi","Ascomycota","Dothideomycetes","Pleosporales","Pleosporaceae","Bipolaris","uncl_Bipolaris"
"Fungi","Basidiomycota","Agaricomycetes","Polyporales","uncl_Polyporales","uncl_Polyporales","uncl_Polyporales"
"Fungi","Ascomycota","Sordariomycetes","uncl_Sordariomycetes","uncl_Sordariomycetes","uncl_Sordariomycetes","uncl_Sordariomycetes"
"Fungi","Basidiomycota","Atractiellomycetes","Atractiellales","Hoehnelomycetaceae","Atractiella","Atractiella_rhizophila"
"Fungi","Ascomycota","Sordariomycetes","Sordariales","Schizotheciaceae","Pseudoechria","Pseudoechria_longicollis"
"Fungi","Ascomycota","Eurotiomycetes","Eurotiales","Aspergillaceae","Aspergillus","uncl_Aspergillus"
"Fungi","Basidiomycota","Agaricomycetes","Agaricales","Strophariaceae","Stropharia","Stropharia_melanosperma"
"Fungi","Basidiomycota","Agaricomycetes","Cantharellales","Ceratobasidiaceae","Ceratobasidium","uncl_Ceratobasidium"
"Fungi","Ascomycota","Dothideomycetes","Pleosporales","uncl_Pleosporales","uncl_Pleosporales","uncl_Pleosporales"
"Fungi","Ascomycota","uncl_Ascomycota","uncl_Ascomycota","uncl_Ascomycota","uncl_Ascomycota","uncl_Ascomycota"
"Fungi","Basidiomycota","Agaricomycetes","Cantharellales","Ceratobasidiaceae","Ceratobasidium","uncl_Ceratobasidium"
"Fungi","Ascomycota","Sordariomycetes","Sordariales","uncl_Sordariales","uncl_Sordariales","uncl_Sordariales"
"Fungi","Ascomycota","Dothideomycetes","Pleosporales","Phaeosphaeriaceae","Septoriella","Septoriella_oudemansii"
"Fungi","Mucoromycota","Mucoromycetes","Mucorales","Cunninghamellaceae","Absidia","uncl_Absidia"
"Fungi","Ascomycota","Sordariomycetes","Hypocreales","Bionectriaceae","Clonostachys","uncl_Clonostachys"
"Fungi","Basidiomycota","Agaricomycetes","Agaricales","Strophariaceae","Stropharia","uncl_Stropharia"
"Fungi","Basidiomycota","Agaricomycetes","Agaricales","uncl_Agaricales","uncl_Agaricales","uncl_Agaricales"
"Fungi","Ascomycota","Leotiomycetes","Helotiales","Helotiales_fam_Incertae_sedis","uncl_Helotiales_fam_Incertae_sedis","uncl_Helotiales_fam_Incertae_sedis"
"Fungi","Ascomycota","Sordariomycetes","uncl_Sordariomycetes","uncl_Sordariomycetes","uncl_Sordariomycetes","uncl_Sordariomycetes"
"Fungi","Ascomycota","Sordariomycetes","Chaetosphaeriales","uncl_Chaetosphaeriales","uncl_Chaetosphaeriales","uncl_Chaetosphaeriales"
"Fungi","Chytridiomycota","Rhizophlyctidomycetes","Rhizophlyctidales","Rhizophlyctidaceae","uncl_Rhizophlyctidaceae","uncl_Rhizophlyctidaceae"
"Fungi","Basidiomycota","Tremellomycetes","Tremellales","uncl_Tremellales","uncl_Tremellales","uncl_Tremellales"
"Fungi","Chytridiomycota","uncl_Chytridiomycota","uncl_Chytridiomycota","uncl_Chytridiomycota","uncl_Chytridiomycota","uncl_Chytridiomycota"
"Fungi","Mucoromycota","Glomeromycetes","Glomerales","Glomeraceae","uncl_Glomeraceae","uncl_Glomeraceae"
"Fungi","Ascomycota","Sordariomycetes","uncl_Sordariomycetes","uncl_Sordariomycetes","uncl_Sordariomycetes","uncl_Sordariomycetes"
"Fungi","Basidiomycota","Agaricomycetes","Tremellodendropsidales","uncl_Tremellodendropsidales","uncl_Tremellodendropsidales","uncl_Tremellodendropsidales"
"Fungi","Ascomycota","Sordariomycetes","Hypocreales","Hypocreaceae","Trichoderma","uncl_Trichoderma"
"Fungi","Basidiomycota","Agaricomycetes","Auriculariales","uncl_Auriculariales","uncl_Auriculariales","uncl_Auriculariales"
"Fungi","Mucoromycota","Mucoromycetes","Mucorales","Cunninghamellaceae","uncl_Cunninghamellaceae","uncl_Cunninghamellaceae"
"Fungi","Ascomycota","Sordariomycetes","Hypocreales","Nectriaceae","Fusicolla","Fusicolla_violacea"
"Fungi","Mucoromycota","Mucoromycetes","Mucorales","Cunninghamellaceae","uncl_Cunninghamellaceae","uncl_Cunninghamellaceae"
"Fungi","Ascomycota","Leotiomycetes","uncl_Leotiomycetes","uncl_Leotiomycetes","uncl_Leotiomycetes","uncl_Leotiomycetes"
"Fungi","Ascomycota","Sordariomycetes","uncl_Sordariomycetes","uncl_Sordariomycetes","uncl_Sordariomycetes","uncl_Sordariomycetes"
"Fungi","Mucoromycota","Mucoromycetes","Mucorales","uncl_Mucorales","uncl_Mucorales","uncl_Mucorales"
"Fungi","Ascomycota","Sordariomycetes","Hypocreales","Clavicipitaceae","uncl_Clavicipitaceae","uncl_Clavicipitaceae"
"Fungi","Ascomycota","Dothideomycetes","Pleosporales","uncl_Pleosporales","uncl_Pleosporales","uncl_Pleosporales"
"Fungi","Mucoromycota","Glomeromycetes","uncl_Glomeromycetes","uncl_Glomeromycetes","uncl_Glomeromycetes","uncl_Glomeromycetes"
"Fungi","Ascomycota","uncl_Ascomycota","uncl_Ascomycota","uncl_Ascomycota","uncl_Ascomycota","uncl_Ascomycota"
"Fungi","Mucoromycota","Glomeromycetes","uncl_Glomeromycetes","uncl_Glomeromycetes","uncl_Glomeromycetes","uncl_Glomeromycetes"
"Fungi","Ascomycota","Sordariomycetes","Hypocreales","Stachybotryaceae","Myrothecium","uncl_Myrothecium"
"Fungi","Ascomycota","Dothideomycetes","Pleosporales","Didymosphaeriaceae","Paraphaeosphaeria","uncl_Paraphaeosphaeria"
"Fungi","Ascomycota","Sordariomycetes","Sordariales","uncl_Sordariales","uncl_Sordariales","uncl_Sordariales"
"Fungi","Ascomycota","uncl_Ascomycota","uncl_Ascomycota","uncl_Ascomycota","uncl_Ascomycota","uncl_Ascomycota"
"Fungi","Ascomycota","Dothideomycetes","uncl_Dothideomycetes","uncl_Dothideomycetes","uncl_Dothideomycetes","uncl_Dothideomycetes"
"Fungi","Basidiomycota","Agaricomycetes","Agaricales","Mycenaceae","Mycena","uncl_Mycena"
"Fungi","Basidiomycota","Agaricomycetes","Polyporales","Polyporaceae","Lentinus","uncl_Lentinus"
"Fungi","Mucoromycota","uncl_Mucoromycota","uncl_Mucoromycota","uncl_Mucoromycota","uncl_Mucoromycota","uncl_Mucoromycota"
"Fungi","Ascomycota","Dothideomycetes","Pleosporales","uncl_Pleosporales","uncl_Pleosporales","uncl_Pleosporales"
"Fungi","Ascomycota","Sordariomycetes","uncl_Sordariomycetes","uncl_Sordariomycetes","uncl_Sordariomycetes","uncl_Sordariomycetes"
"Fungi","Ascomycota","Sordariomycetes","uncl_Sordariomycetes","uncl_Sordariomycetes","uncl_Sordariomycetes","uncl_Sordariomycetes"
"Fungi","Basidiomycota","Agaricomycetes","Trechisporales","Hydnodontaceae","Trechispora","uncl_Trechispora"
"Fungi","Ascomycota","Eurotiomycetes","Chaetothyriales","Herpotrichiellaceae","Cladophialophora","uncl_Cladophialophora"
"Fungi","Ascomycota","Sordariomycetes","Sordariales","Chaetomiaceae","Chaetomium","uncl_Chaetomium"
"Fungi","Ascomycota","Eurotiomycetes","uncl_Eurotiomycetes","uncl_Eurotiomycetes","uncl_Eurotiomycetes","uncl_Eurotiomycetes"
"Fungi","Ascomycota","uncl_Ascomycota","uncl_Ascomycota","uncl_Ascomycota","uncl_Ascomycota","uncl_Ascomycota"
"Fungi","Mucoromycota","Mortierellomycetes","Mortierellales","Mortierellaceae","Mortierella","uncl_Mortierella"
"Fungi","Ascomycota","Pezizomycotina_cls_Incertae_sedis","uncl_Pezizomycotina_cls_Incertae_sedis","uncl_Pezizomycotina_cls_Incertae_sedis","uncl_Pezizomycotina_cls_Incertae_sedis","uncl_Pezizomycotina_cls_Incertae_sedis"
"Fungi","Basidiomycota","Agaricomycetes","Trechisporales","Hydnodontaceae","Trechispora","uncl_Trechispora"
"Fungi","Ascomycota","uncl_Ascomycota","uncl_Ascomycota","uncl_Ascomycota","uncl_Ascomycota","uncl_Ascomycota"
"Fungi","Basidiomycota","Agaricomycetes","Agaricales","Inocybaceae","Inocybe","uncl_Inocybe"
"Fungi","Mucoromycota","Mortierellomycetes","Mortierellales","Mortierellaceae","Mortierella","uncl_Mortierella"
"Fungi","Mucoromycota","Mortierellomycetes","Mortierellales","Mortierellaceae","Dissophora","Dissophora_globulifera"
"Fungi","Ascomycota","Sordariomycetes","Hypocreales","Hypocreaceae","Trichoderma","uncl_Trichoderma"
"Fungi","Ascomycota","uncl_Ascomycota","uncl_Ascomycota","uncl_Ascomycota","uncl_Ascomycota","uncl_Ascomycota"
"Fungi","Mucoromycota","Paraglomeromycetes","Paraglomerales","Paraglomeraceae","Paraglomus","Paraglomus_laccatum"
"Fungi","Ascomycota","Sordariomycetes","Hypocreales","uncl_Hypocreales","uncl_Hypocreales","uncl_Hypocreales"
"Fungi","Ascomycota","Dothideomycetes","Pleosporales","Phaeosphaeriaceae","uncl_Phaeosphaeriaceae","uncl_Phaeosphaeriaceae"
"Fungi","Ascomycota","Dothideomycetes","Pleosporales","uncl_Pleosporales","uncl_Pleosporales","uncl_Pleosporales"
"Fungi","Ascomycota","Sordariomycetes","Sordariomycetes_ord_Incertae_sedis","uncl_Sordariomycetes_ord_Incertae_sedis","uncl_Sordariomycetes_ord_Incertae_sedis","uncl_Sordariomycetes_ord_Incertae_sedis"
"Fungi","Ascomycota","uncl_Ascomycota","uncl_Ascomycota","uncl_Ascomycota","uncl_Ascomycota","uncl_Ascomycota"
"Fungi","Mucoromycota","Glomeromycetes","Glomerales","Glomeraceae","uncl_Glomeraceae","uncl_Glomeraceae"
"Fungi","Mucoromycota","Mucoromycetes","Mucorales","Saksenaeaceae","Saksenaea","uncl_Saksenaea"
"Fungi","Mucoromycota","uncl_Mucoromycota","uncl_Mucoromycota","uncl_Mucoromycota","uncl_Mucoromycota","uncl_Mucoromycota"
"Fungi","Ascomycota","uncl_Ascomycota","uncl_Ascomycota","uncl_Ascomycota","uncl_Ascomycota","uncl_Ascomycota"
"Fungi","Ascomycota","Sordariomycetes","Xylariales","Apiosporaceae","Apiospora","uncl_Apiospora"
"Fungi","Mucoromycota","Mortierellomycetes","Mortierellales","uncl_Mortierellales","uncl_Mortierellales","uncl_Mortierellales"
"Fungi","Ascomycota","Leotiomycetes","Helotiales","uncl_Helotiales","uncl_Helotiales","uncl_Helotiales"
"Fungi","Ascomycota","Eurotiomycetes","uncl_Eurotiomycetes","uncl_Eurotiomycetes","uncl_Eurotiomycetes","uncl_Eurotiomycetes"
"Fungi","Ascomycota","Leotiomycetes","Helotiales","uncl_Helotiales","uncl_Helotiales","uncl_Helotiales"
"Fungi","Ascomycota","Sordariomycetes","uncl_Sordariomycetes","uncl_Sordariomycetes","uncl_Sordariomycetes","uncl_Sordariomycetes"
"Fungi","Mucoromycota","Mortierellomycetes","Mortierellales","Mortierellaceae","uncl_Mortierellaceae","uncl_Mortierellaceae"
"Fungi","Ascomycota","uncl_Ascomycota","uncl_Ascomycota","uncl_Ascomycota","uncl_Ascomycota","uncl_Ascomycota"
"Fungi","Basidiomycota","Agaricomycetes","Phallales","uncl_Phallales","uncl_Phallales","uncl_Phallales"
"Fungi","Basidiomycota","Agaricomycetes","Cantharellales","Ceratobasidiaceae","uncl_Ceratobasidiaceae","uncl_Ceratobasidiaceae"
"Fungi","Ascomycota","uncl_Ascomycota","uncl_Ascomycota","uncl_Ascomycota","uncl_Ascomycota","uncl_Ascomycota"
"Fungi","Ascomycota","Sordariomycetes","uncl_Sordariomycetes","uncl_Sordariomycetes","uncl_Sordariomycetes","uncl_Sordariomycetes"
"Fungi","Mucoromycota","Mortierellomycetes","Mortierellales","Mortierellaceae","uncl_Mortierellaceae","uncl_Mortierellaceae"
"Fungi","Mucoromycota","Mortierellomycetes","Mortierellales","Mortierellaceae","uncl_Mortierellaceae","uncl_Mortierellaceae"
"Fungi","Ascomycota","Leotiomycetes","uncl_Leotiomycetes","uncl_Leotiomycetes","uncl_Leotiomycetes","uncl_Leotiomycetes"
"Fungi","Mucoromycota","Mucoromycetes","Mucorales","Cunninghamellaceae","Absidia","uncl_Absidia"
"Fungi","Ascomycota","Sordariomycetes","Trichosphaeriales","Trichosphaeriaceae","Nigrospora","uncl_Nigrospora"
"Fungi","Basidiomycota","Agaricomycetes","Agaricales","Lycoperdaceae","Calvatia","Calvatia_craniiformis"
"Fungi","Ascomycota","uncl_Ascomycota","uncl_Ascomycota","uncl_Ascomycota","uncl_Ascomycota","uncl_Ascomycota"
"Fungi","Ascomycota","Sordariomycetes","Xylariales","uncl_Xylariales","uncl_Xylariales","uncl_Xylariales"
"Fungi","Ascomycota","uncl_Ascomycota","uncl_Ascomycota","uncl_Ascomycota","uncl_Ascomycota","uncl_Ascomycota"
"Fungi","Cryptomycota","uncl_Cryptomycota","uncl_Cryptomycota","uncl_Cryptomycota","uncl_Cryptomycota","uncl_Cryptomycota"
"Fungi","Basidiomycota","Agaricomycetes","Trechisporales","Hydnodontaceae","Trechispora","uncl_Trechispora"
"Fungi","Basidiomycota","Agaricomycetes","Polyporales","Irpicaceae","uncl_Irpicaceae","uncl_Irpicaceae"
"Fungi","Ascomycota","Leotiomycetes","Helotiales","uncl_Helotiales","uncl_Helotiales","uncl_Helotiales"
"Fungi","Ascomycota","Dothideomycetes","Pleosporales","Cucurbitariaceae","Pyrenochaetopsis","Pyrenochaetopsis_confluens"
"Fungi","Ascomycota","uncl_Ascomycota","uncl_Ascomycota","uncl_Ascomycota","uncl_Ascomycota","uncl_Ascomycota"
"Fungi","Mucoromycota","Glomeromycetes","Glomerales","Glomeraceae","uncl_Glomeraceae","uncl_Glomeraceae"
"Fungi","Ascomycota","Eurotiomycetes","Chaetothyriales","uncl_Chaetothyriales","uncl_Chaetothyriales","uncl_Chaetothyriales"
"Fungi","Ascomycota","Sordariomycetes","uncl_Sordariomycetes","uncl_Sordariomycetes","uncl_Sordariomycetes","uncl_Sordariomycetes"
"Fungi","Ascomycota","uncl_Ascomycota","uncl_Ascomycota","uncl_Ascomycota","uncl_Ascomycota","uncl_Ascomycota"
"Fungi","Mucoromycota","Mucoromycetes","Mucorales","Mucoraceae","Mucor","Mucor_moelleri"
"Fungi","Ascomycota","Dothideomycetes","Pleosporales","uncl_Pleosporales","uncl_Pleosporales","uncl_Pleosporales"
"Fungi","Ascomycota","Orbiliomycetes","Orbiliales","uncl_Orbiliales","uncl_Orbiliales","uncl_Orbiliales"
"Fungi","Ascomycota","uncl_Ascomycota","uncl_Ascomycota","uncl_Ascomycota","uncl_Ascomycota","uncl_Ascomycota"
"Fungi","Basidiomycota","Agaricomycetes","Agaricales","Psathyrellaceae","uncl_Psathyrellaceae","uncl_Psathyrellaceae"
"Fungi","Ascomycota","Sordariomycetes","Xylariales","uncl_Xylariales","uncl_Xylariales","uncl_Xylariales"
"Fungi","Ascomycota","Sordariomycetes","uncl_Sordariomycetes","uncl_Sordariomycetes","uncl_Sordariomycetes","uncl_Sordariomycetes"
"Fungi","Ascomycota","uncl_Ascomycota","uncl_Ascomycota","uncl_Ascomycota","uncl_Ascomycota","uncl_Ascomycota"
"Fungi","Ascomycota","Sordariomycetes","uncl_Sordariomycetes","uncl_Sordariomycetes","uncl_Sordariomycetes","uncl_Sordariomycetes"
"Fungi","Mucoromycota","Mortierellomycetes","Mortierellales","Mortierellaceae","uncl_Mortierellaceae","uncl_Mortierellaceae"
"Fungi","Ascomycota","Orbiliomycetes","Orbiliales","uncl_Orbiliales","uncl_Orbiliales","uncl_Orbiliales"
"Fungi","Ascomycota","Sordariomycetes","Hypocreales","Clavicipitaceae","Keithomyces","Keithomyces_indicus"
"Fungi","Ascomycota","uncl_Ascomycota","uncl_Ascomycota","uncl_Ascomycota","uncl_Ascomycota","uncl_Ascomycota"
"Fungi","Chytridiomycota","Rhizophlyctidomycetes","Rhizophlyctidales","Rhizophlyctidaceae","uncl_Rhizophlyctidaceae","uncl_Rhizophlyctidaceae"
"Fungi","Ascomycota","uncl_Ascomycota","uncl_Ascomycota","uncl_Ascomycota","uncl_Ascomycota","uncl_Ascomycota"
"Fungi","Ascomycota","Sordariomycetes","Microascales","Halosphaeriaceae","uncl_Halosphaeriaceae","uncl_Halosphaeriaceae"
"Fungi","Basidiomycota","Agaricomycetes","Auriculariales","uncl_Auriculariales","uncl_Auriculariales","uncl_Auriculariales"
"Fungi","Ascomycota","Sordariomycetes","Sordariomycetes_ord_Incertae_sedis","uncl_Sordariomycetes_ord_Incertae_sedis","uncl_Sordariomycetes_ord_Incertae_sedis","uncl_Sordariomycetes_ord_Incertae_sedis"
"Fungi","Basidiomycota","Agaricomycetes","Russulales","Russulaceae","Russula","uncl_Russula"
"Fungi","Ascomycota","Leotiomycetes","Helotiales","uncl_Helotiales","uncl_Helotiales","uncl_Helotiales"
"Fungi","Ascomycota","Eurotiomycetes","uncl_Eurotiomycetes","uncl_Eurotiomycetes","uncl_Eurotiomycetes","uncl_Eurotiomycetes"
"Fungi","Ascomycota","Pezizomycetes","Pezizales","Tuberaceae","Tuber","Tuber_lyonii"
"Fungi","Basidiomycota","Agaricomycetes","Agaricales","Tricholomataceae","Hemimycena","uncl_Hemimycena"
"Fungi","Ascomycota","Orbiliomycetes","Orbiliales","uncl_Orbiliales","uncl_Orbiliales","uncl_Orbiliales"
"Fungi","Basidiomycota","Agaricomycetes","Auriculariales","uncl_Auriculariales","uncl_Auriculariales","uncl_Auriculariales"
"Fungi","Ascomycota","uncl_Ascomycota","uncl_Ascomycota","uncl_Ascomycota","uncl_Ascomycota","uncl_Ascomycota"
"Fungi","Mucoromycota","Glomeromycetes","Glomerales","Glomeraceae","Dominikia","uncl_Dominikia"
"Fungi","Ascomycota","Sordariomycetes","uncl_Sordariomycetes","uncl_Sordariomycetes","uncl_Sordariomycetes","uncl_Sordariomycetes"
"Fungi","Ascomycota","Sordariomycetes","Hypocreales","Hypocreales_fam_Incertae_sedis","Pseudomicrodochium","Pseudomicrodochium_suttonii"
"Fungi","Ascomycota","Sordariomycetes","Xylariales","uncl_Xylariales","uncl_Xylariales","uncl_Xylariales"
"Fungi","Mucoromycota","Glomeromycetes","uncl_Glomeromycetes","uncl_Glomeromycetes","uncl_Glomeromycetes","uncl_Glomeromycetes"
"Fungi","Ascomycota","Sordariomycetes","uncl_Sordariomycetes","uncl_Sordariomycetes","uncl_Sordariomycetes","uncl_Sordariomycetes"
"Fungi","Mucoromycota","Glomeromycetes","Glomerales","Glomeraceae","Rhizophagus","uncl_Rhizophagus"
"Fungi","Ascomycota","uncl_Ascomycota","uncl_Ascomycota","uncl_Ascomycota","uncl_Ascomycota","uncl_Ascomycota"
"Fungi","Basidiomycota","Agaricomycetes","Thelephorales","Thelephoraceae","uncl_Thelephoraceae","uncl_Thelephoraceae"
"Fungi","Ascomycota","Dothideomycetes","Pleosporales","uncl_Pleosporales","uncl_Pleosporales","uncl_Pleosporales"
"Fungi","Ascomycota","Orbiliomycetes","Orbiliales","Orbiliaceae","uncl_Orbiliaceae","uncl_Orbiliaceae"
"Fungi","Basidiomycota","Agaricomycetes","Agaricales","uncl_Agaricales","uncl_Agaricales","uncl_Agaricales"
"Fungi","Ascomycota","uncl_Ascomycota","uncl_Ascomycota","uncl_Ascomycota","uncl_Ascomycota","uncl_Ascomycota"
"Fungi","Basidiomycota","Agaricomycetes","Agaricales","uncl_Agaricales","uncl_Agaricales","uncl_Agaricales"
"Fungi","Ascomycota","Orbiliomycetes","Orbiliales","Orbiliaceae","uncl_Orbiliaceae","uncl_Orbiliaceae"
"Fungi","Ascomycota","Dothideomycetes","Pleosporales","uncl_Pleosporales","uncl_Pleosporales","uncl_Pleosporales"
"Fungi","Ascomycota","Sordariomycetes","Hypocreales","Bionectriaceae","uncl_Bionectriaceae","uncl_Bionectriaceae"
"Fungi","Ascomycota","Sordariomycetes","Hypocreales","uncl_Hypocreales","uncl_Hypocreales","uncl_Hypocreales"
"Fungi","Ascomycota","Sordariomycetes","Sordariales","Chaetomiaceae","uncl_Chaetomiaceae","uncl_Chaetomiaceae"
"Fungi","Ascomycota","Leotiomycetes","Helotiales","uncl_Helotiales","uncl_Helotiales","uncl_Helotiales"
"Fungi","Ascomycota","Pezizomycetes","Pezizales","Tuberaceae","Tuber","Tuber_mexiusanum"
"Fungi","Basidiomycota","Agaricomycetes","Agaricales","Psathyrellaceae","Parasola","uncl_Parasola"
"Fungi","Basidiomycota","Agaricomycetes","Agaricales","Entolomataceae","Entoloma","uncl_Entoloma"
"Fungi","Ascomycota","uncl_Ascomycota","uncl_Ascomycota","uncl_Ascomycota","uncl_Ascomycota","uncl_Ascomycota"
"Fungi","Ascomycota","Pezizomycetes","Pezizales","Tuberaceae","Tuber","Tuber_mexiusanum"
"Fungi","Basidiomycota","Agaricomycetes","Agaricales","Entolomataceae","uncl_Entolomataceae","uncl_Entolomataceae"
"Fungi","Mucoromycota","Mortierellomycetes","Mortierellales","Mortierellaceae","Mortierella","uncl_Mortierella"
"Fungi","Basidiomycota","Agaricomycetes","Sebacinales","uncl_Sebacinales","uncl_Sebacinales","uncl_Sebacinales"
"Fungi","Ascomycota","Dothideomycetes","Pleosporales","uncl_Pleosporales","uncl_Pleosporales","uncl_Pleosporales"
"Fungi","Basidiomycota","Agaricomycetes","Russulales","Russulaceae","Russula","uncl_Russula"
"Fungi","Ascomycota","uncl_Ascomycota","uncl_Ascomycota","uncl_Ascomycota","uncl_Ascomycota","uncl_Ascomycota"
"Fungi","Ascomycota","uncl_Ascomycota","uncl_Ascomycota","uncl_Ascomycota","uncl_Ascomycota","uncl_Ascomycota"
"Fungi","Ascomycota","uncl_Ascomycota","uncl_Ascomycota","uncl_Ascomycota","uncl_Ascomycota","uncl_Ascomycota"
"Fungi","Mucoromycota","Glomeromycetes","Glomerales","Glomeraceae","uncl_Glomeraceae","uncl_Glomeraceae"
"Fungi","Mucoromycota","Glomeromycetes","Glomerales","uncl_Glomerales","uncl_Glomerales","uncl_Glomerales"
"Fungi","Ascomycota","uncl_Ascomycota","uncl_Ascomycota","uncl_Ascomycota","uncl_Ascomycota","uncl_Ascomycota"
"Fungi","Ascomycota","Dothideomycetes","Pleosporales","uncl_Pleosporales","uncl_Pleosporales","uncl_Pleosporales"
"Fungi","Mucoromycota","uncl_Mucoromycota","uncl_Mucoromycota","uncl_Mucoromycota","uncl_Mucoromycota","uncl_Mucoromycota"
"Fungi","Ascomycota","uncl_Ascomycota","uncl_Ascomycota","uncl_Ascomycota","uncl_Ascomycota","uncl_Ascomycota"
"Fungi","Ascomycota","Dothideomycetes","Pleosporales","uncl_Pleosporales","uncl_Pleosporales","uncl_Pleosporales"
"Fungi","Ascomycota","Dothideomycetes","Pleosporales","Phaeosphaeriaceae","Septoriella","Septoriella_allojunci"
"Fungi","Entorrhizomycota","Entorrhizomycetes","Entorrhizales","Entorrhizaceae","Entorrhiza","uncl_Entorrhiza"
"Fungi","Ascomycota","Eurotiomycetes","Eurotiales","uncl_Eurotiales","uncl_Eurotiales","uncl_Eurotiales"
"Fungi","Ascomycota","Sordariomycetes","Hypocreales","Bionectriaceae","uncl_Bionectriaceae","uncl_Bionectriaceae"
"Fungi","Basidiomycota","uncl_Basidiomycota","uncl_Basidiomycota","uncl_Basidiomycota","uncl_Basidiomycota","uncl_Basidiomycota"
"Fungi","Basidiomycota","Tremellomycetes","Tremellales","Bulleribasidiaceae","Dioszegia","Dioszegia_kandeliae"
"Fungi","Ascomycota","Dothideomycetes","Pleosporales","Phaeosphaeriaceae","Neosetophoma","uncl_Neosetophoma"
"Fungi","Ascomycota","uncl_Ascomycota","uncl_Ascomycota","uncl_Ascomycota","uncl_Ascomycota","uncl_Ascomycota"
"Fungi","Basidiomycota","Agaricomycetes","Auriculariales","uncl_Auriculariales","uncl_Auriculariales","uncl_Auriculariales"
"Fungi","Ascomycota","Dothideomycetes","Pleosporales","uncl_Pleosporales","uncl_Pleosporales","uncl_Pleosporales"
"Fungi","Ascomycota","Sordariomycetes","Sordariales","uncl_Sordariales","uncl_Sordariales","uncl_Sordariales"
"Fungi","Ascomycota","Dothideomycetes","Pleosporales","Pleosporaceae","uncl_Pleosporaceae","uncl_Pleosporaceae"
"Fungi","Basidiomycota","Agaricomycetes","Agaricales","Tricholomataceae","uncl_Tricholomataceae","uncl_Tricholomataceae"
"Fungi","Ascomycota","Dothideomycetes","Pleosporales","Teichosporaceae","uncl_Teichosporaceae","uncl_Teichosporaceae"
"Fungi","Ascomycota","Dothideomycetes","Pleosporales","Teichosporaceae","uncl_Teichosporaceae","uncl_Teichosporaceae"
"Fungi","Ascomycota","Sordariomycetes","Branch06","uncl_Branch06","uncl_Branch06","uncl_Branch06"
"Fungi","Ascomycota","uncl_Ascomycota","uncl_Ascomycota","uncl_Ascomycota","uncl_Ascomycota","uncl_Ascomycota"
"Fungi","Ascomycota","Sordariomycetes","Magnaporthales","uncl_Magnaporthales","uncl_Magnaporthales","uncl_Magnaporthales"
"Fungi","Ascomycota","uncl_Ascomycota","uncl_Ascomycota","uncl_Ascomycota","uncl_Ascomycota","uncl_Ascomycota"
"Fungi","Basidiomycota","Agaricomycetes","Thelephorales","Thelephoraceae","Tomentella","uncl_Tomentella"
"Fungi","Ascomycota","Orbiliomycetes","Orbiliales","uncl_Orbiliales","uncl_Orbiliales","uncl_Orbiliales"
"Fungi","Ascomycota","Sordariomycetes","Hypocreales","uncl_Hypocreales","uncl_Hypocreales","uncl_Hypocreales"
"Fungi","Ascomycota","Sordariomycetes","Xylariales","Coniocessiaceae","Coniocessia","uncl_Coniocessia"
"Fungi","Mucoromycota","uncl_Mucoromycota","uncl_Mucoromycota","uncl_Mucoromycota","uncl_Mucoromycota","uncl_Mucoromycota"
"Fungi","Ascomycota","Dothideomycetes","Pleosporales","Phaeosphaeriaceae","uncl_Phaeosphaeriaceae","uncl_Phaeosphaeriaceae"
"Fungi","Basidiomycota","Agaricomycetes","Agaricales","Psathyrellaceae","uncl_Psathyrellaceae","uncl_Psathyrellaceae"
"Fungi","Basidiomycota","Agaricomycetes","Agaricales","Crepidotaceae","Crepidotus","uncl_Crepidotus"
"Fungi","Ascomycota","Dothideomycetes","uncl_Dothideomycetes","uncl_Dothideomycetes","uncl_Dothideomycetes","uncl_Dothideomycetes"
"Fungi","Basidiomycota","Agaricomycetes","Cantharellales","Ceratobasidiaceae","uncl_Ceratobasidiaceae","uncl_Ceratobasidiaceae"
"Fungi","Ascomycota","Dothideomycetes","Pleosporales","Cucurbitariaceae","uncl_Cucurbitariaceae","uncl_Cucurbitariaceae"
"Fungi","Ascomycota","uncl_Ascomycota","uncl_Ascomycota","uncl_Ascomycota","uncl_Ascomycota","uncl_Ascomycota"
"Fungi","Basidiomycota","Agaricomycetes","Sebacinales","Serendipitaceae","uncl_Serendipitaceae","uncl_Serendipitaceae"
"Fungi","Ascomycota","Sordariomycetes","Branch06","uncl_Branch06","uncl_Branch06","uncl_Branch06"
"Fungi","Basidiomycota","Agaricomycetes","Agaricales","Entolomataceae","Clitopilus","uncl_Clitopilus"
"Fungi","Ascomycota","uncl_Ascomycota","uncl_Ascomycota","uncl_Ascomycota","uncl_Ascomycota","uncl_Ascomycota"
"Fungi","Ascomycota","Eurotiomycetes","uncl_Eurotiomycetes","uncl_Eurotiomycetes","uncl_Eurotiomycetes","uncl_Eurotiomycetes"
"Fungi","Ascomycota","Sordariomycetes","Sordariales","uncl_Sordariales","uncl_Sordariales","uncl_Sordariales"
"Fungi","Ascomycota","Dothideomycetes","Pleosporales","uncl_Pleosporales","uncl_Pleosporales","uncl_Pleosporales"
"Fungi","Ascomycota","Eurotiomycetes","Chaetothyriales","Herpotrichiellaceae","uncl_Herpotrichiellaceae","uncl_Herpotrichiellaceae"
"Fungi","Ascomycota","Dothideomycetes","Pleosporales","Pleosporaceae","Curvularia","Curvularia_lunata"
"Fungi","Basidiomycota","Agaricomycetes","Agaricales","Agaricaceae","Cystoagaricus","uncl_Cystoagaricus"
"Fungi","Ascomycota","Dothideomycetes","Pleosporales","Lentitheciaceae","Poaceascoma","uncl_Poaceascoma"
"Fungi","Ascomycota","Sordariomycetes","Sordariales","uncl_Sordariales","uncl_Sordariales","uncl_Sordariales"
"Fungi","Mucoromycota","Mortierellomycetes","uncl_Mortierellomycetes","uncl_Mortierellomycetes","uncl_Mortierellomycetes","uncl_Mortierellomycetes"
"Fungi","Ascomycota","Dothideomycetes","uncl_Dothideomycetes","uncl_Dothideomycetes","uncl_Dothideomycetes","uncl_Dothideomycetes"
"Fungi","Basidiomycota","Agaricomycetes","uncl_Agaricomycetes","uncl_Agaricomycetes","uncl_Agaricomycetes","uncl_Agaricomycetes"
"Fungi","Ascomycota","Pezizomycetes","Pezizales","Ascobolaceae","uncl_Ascobolaceae","uncl_Ascobolaceae"
"Fungi","Basidiomycota","Ustilaginomycetes","Ustilaginales","Ustilaginaceae","Ustilago","uncl_Ustilago"
"Fungi","Ascomycota","Sordariomycetes","Atractosporales","Conlariaceae","Conlarium","uncl_Conlarium"
"Fungi","Basidiomycota","Agaricomycetes","Cantharellales","Tulasnellaceae","Tulasnella","uncl_Tulasnella"
"Fungi","Ascomycota","uncl_Ascomycota","uncl_Ascomycota","uncl_Ascomycota","uncl_Ascomycota","uncl_Ascomycota"
"Fungi","Mucoromycota","Mucoromycetes","Mucorales","Cunninghamellaceae","Cunninghamella","uncl_Cunninghamella"
"Fungi","Ascomycota","Sordariomycetes","Sordariomycetes_ord_Incertae_sedis","Papulosaceae","Wongia","uncl_Wongia"
"Fungi","Basidiomycota","uncl_Basidiomycota","uncl_Basidiomycota","uncl_Basidiomycota","uncl_Basidiomycota","uncl_Basidiomycota"
"Fungi","Basidiomycota","Agaricomycetes","Geastrales","Sphaerobolaceae","uncl_Sphaerobolaceae","uncl_Sphaerobolaceae"
"Fungi","Basidiomycota","Agaricomycetes","Cantharellales","Hydnaceae","Sistotrema","uncl_Sistotrema"
"Fungi","Chytridiomycota","Spizellomycetes","Spizellomycetales","uncl_Spizellomycetales","uncl_Spizellomycetales","uncl_Spizellomycetales"
"Fungi","Mucoromycota","Glomeromycetes","Glomerales","Glomeraceae","uncl_Glomeraceae","uncl_Glomeraceae"
"Fungi","Ascomycota","Sordariomycetes","Sordariales","Podosporaceae","Podospora","uncl_Podospora"
"Fungi","Mucoromycota","Mucoromycetes","Mucorales","Mucoraceae","Mucor","uncl_Mucor"
"Fungi","Mucoromycota","Archaeosporomycetes","Archaeosporales","uncl_Archaeosporales","uncl_Archaeosporales","uncl_Archaeosporales"
"Fungi","Mucoromycota","uncl_Mucoromycota","uncl_Mucoromycota","uncl_Mucoromycota","uncl_Mucoromycota","uncl_Mucoromycota"
"Fungi","Basidiomycota","Agaricomycetes","Polyporales","Phanerochaetaceae","Phanerochaete","uncl_Phanerochaete"
"Fungi","Mucoromycota","uncl_Mucoromycota","uncl_Mucoromycota","uncl_Mucoromycota","uncl_Mucoromycota","uncl_Mucoromycota"
"Fungi","Ascomycota","Sordariomycetes","uncl_Sordariomycetes","uncl_Sordariomycetes","uncl_Sordariomycetes","uncl_Sordariomycetes"
"Fungi","Basidiomycota","Agaricomycetes","Geastrales","Geastraceae","Geastrum","uncl_Geastrum"
"Fungi","Ascomycota","Orbiliomycetes","Orbiliales","uncl_Orbiliales","uncl_Orbiliales","uncl_Orbiliales"
"Fungi","Ascomycota","Sordariomycetes","Sordariales","uncl_Sordariales","uncl_Sordariales","uncl_Sordariales"
"Fungi","Ascomycota","Orbiliomycetes","uncl_Orbiliomycetes","uncl_Orbiliomycetes","uncl_Orbiliomycetes","uncl_Orbiliomycetes"
"Fungi","Basidiomycota","Agaricomycetes","Atheliales","uncl_Atheliales","uncl_Atheliales","uncl_Atheliales"
"Fungi","Ascomycota","Leotiomycetes","Helotiales","uncl_Helotiales","uncl_Helotiales","uncl_Helotiales"
"Fungi","Ascomycota","Sordariomycetes","Sordariales","Sordariaceae","uncl_Sordariaceae","uncl_Sordariaceae"
"Fungi","Ascomycota","Sordariomycetes","Atractosporales","Conlariaceae","Conlarium","uncl_Conlarium"
"Fungi","Ascomycota","uncl_Ascomycota","uncl_Ascomycota","uncl_Ascomycota","uncl_Ascomycota","uncl_Ascomycota"
"Fungi","Basidiomycota","Agaricomycetes","Agaricales","Omphalotaceae","uncl_Omphalotaceae","uncl_Omphalotaceae"
"Fungi","Ascomycota","uncl_Ascomycota","uncl_Ascomycota","uncl_Ascomycota","uncl_Ascomycota","uncl_Ascomycota"
"Fungi","Ascomycota","Sordariomycetes","Hypocreales","uncl_Hypocreales","uncl_Hypocreales","uncl_Hypocreales"
"Fungi","Basidiomycota","Agaricomycetes","Agaricales","Entolomataceae","Clitopilus","uncl_Clitopilus"
"Fungi","Ascomycota","Sordariomycetes","Trichosphaeriales","Trichosphaeriaceae","Nigrospora","Nigrospora_macarangae"
"Fungi","Ascomycota","Eurotiomycetes","Eurotiales","Elaphomycetaceae","uncl_Elaphomycetaceae","uncl_Elaphomycetaceae"
"Fungi","Ascomycota","Sordariomycetes","Sordariales","uncl_Sordariales","uncl_Sordariales","uncl_Sordariales"
"Fungi","Basidiomycota","Agaricomycetes","Agaricales","Inocybaceae","Inocybe","uncl_Inocybe"
"Fungi","Ascomycota","Dothideomycetes","Mycosphaerellales","Extremaceae","Extremopsis","Extremopsis_radicicola"
"Fungi","Basidiomycota","Agaricomycetes","Russulales","Russulaceae","Russula","uncl_Russula"
"Fungi","Ascomycota","Eurotiomycetes","Chaetothyriales","Herpotrichiellaceae","Capronia","uncl_Capronia"
"Fungi","Ascomycota","Dothideomycetes","Pleosporales","Melanommataceae","Sporidesmiella","uncl_Sporidesmiella"
"Fungi","Ascomycota","Leotiomycetes","uncl_Leotiomycetes","uncl_Leotiomycetes","uncl_Leotiomycetes","uncl_Leotiomycetes"
"Fungi","Ascomycota","Eurotiomycetes","uncl_Eurotiomycetes","uncl_Eurotiomycetes","uncl_Eurotiomycetes","uncl_Eurotiomycetes"
"Fungi","Ascomycota","Dothideomycetes","uncl_Dothideomycetes","uncl_Dothideomycetes","uncl_Dothideomycetes","uncl_Dothideomycetes"
"Fungi","Ascomycota","Eurotiomycetes","Chaetothyriales","Herpotrichiellaceae","Capronia","uncl_Capronia"
"Fungi","Mucoromycota","Mortierellomycetes","Mortierellales","Mortierellaceae","uncl_Mortierellaceae","uncl_Mortierellaceae"
"Fungi","Basidiomycota","Agaricomycetes","Agaricales","uncl_Agaricales","uncl_Agaricales","uncl_Agaricales"
"Fungi","Ascomycota","Sordariomycetes","uncl_Sordariomycetes","uncl_Sordariomycetes","uncl_Sordariomycetes","uncl_Sordariomycetes"
"Fungi","Ascomycota","Dothideomycetes","Pleosporales","Pleosporaceae","Curvularia","uncl_Curvularia"
"Fungi","Basidiomycota","Agaricomycetes","Russulales","uncl_Russulales","uncl_Russulales","uncl_Russulales"
"Fungi","Ascomycota","Sordariomycetes","Sordariales","Chaetomiaceae","uncl_Chaetomiaceae","uncl_Chaetomiaceae"
"Fungi","Basidiomycota","Agaricomycetes","Agaricales","Entolomataceae","Entoloma","uncl_Entoloma"
"Fungi","Basidiomycota","Agaricomycetes","Polyporales","uncl_Polyporales","uncl_Polyporales","uncl_Polyporales"
"Fungi","Basidiomycota","Agaricomycetes","Sebacinales","Serendipitaceae","Serendipita","uncl_Serendipita"
"Fungi","Ascomycota","Dothideomycetes","Pleosporales","uncl_Pleosporales","uncl_Pleosporales","uncl_Pleosporales"
"Fungi","Ascomycota","Leotiomycetes","Helotiales","uncl_Helotiales","uncl_Helotiales","uncl_Helotiales"
"Fungi","Ascomycota","Eurotiomycetes","Chaetothyriales","Herpotrichiellaceae","uncl_Herpotrichiellaceae","uncl_Herpotrichiellaceae"
"Fungi","Ascomycota","Sordariomycetes","uncl_Sordariomycetes","uncl_Sordariomycetes","uncl_Sordariomycetes","uncl_Sordariomycetes"
"Fungi","Ascomycota","Dothideomycetes","uncl_Dothideomycetes","uncl_Dothideomycetes","uncl_Dothideomycetes","uncl_Dothideomycetes"
"Fungi","Ascomycota","uncl_Ascomycota","uncl_Ascomycota","uncl_Ascomycota","uncl_Ascomycota","uncl_Ascomycota"
"Fungi","Ascomycota","Eurotiomycetes","Chaetothyriales","uncl_Chaetothyriales","uncl_Chaetothyriales","uncl_Chaetothyriales"
"Fungi","Ascomycota","Eurotiomycetes","Chaetothyriales","uncl_Chaetothyriales","uncl_Chaetothyriales","uncl_Chaetothyriales"
"Fungi","Basidiomycota","Agaricomycetes","Agaricales","Bolbitiaceae","Conocybe","uncl_Conocybe"
"Fungi","Ascomycota","Eurotiomycetes","Chaetothyriales","uncl_Chaetothyriales","uncl_Chaetothyriales","uncl_Chaetothyriales"
"Fungi","Ascomycota","uncl_Ascomycota","uncl_Ascomycota","uncl_Ascomycota","uncl_Ascomycota","uncl_Ascomycota"
"Fungi","Ascomycota","uncl_Ascomycota","uncl_Ascomycota","uncl_Ascomycota","uncl_Ascomycota","uncl_Ascomycota"
"Fungi","Ascomycota","uncl_Ascomycota","uncl_Ascomycota","uncl_Ascomycota","uncl_Ascomycota","uncl_Ascomycota"
"Fungi","Ascomycota","Dothideomycetes","uncl_Dothideomycetes","uncl_Dothideomycetes","uncl_Dothideomycetes","uncl_Dothideomycetes"
"Fungi","Ascomycota","Sordariomycetes","Atractosporales","uncl_Atractosporales","uncl_Atractosporales","uncl_Atractosporales"
"Fungi","Ascomycota","Eurotiomycetes","Chaetothyriales","uncl_Chaetothyriales","uncl_Chaetothyriales","uncl_Chaetothyriales"
"Fungi","Ascomycota","uncl_Ascomycota","uncl_Ascomycota","uncl_Ascomycota","uncl_Ascomycota","uncl_Ascomycota"
"Fungi","Ascomycota","Eurotiomycetes","Chaetothyriales","Herpotrichiellaceae","uncl_Herpotrichiellaceae","uncl_Herpotrichiellaceae"
"Fungi","Ascomycota","Pezizomycetes","Pezizales","Pyronemataceae","uncl_Pyronemataceae","uncl_Pyronemataceae"
"Fungi","Ascomycota","Dothideomycetes","uncl_Dothideomycetes","uncl_Dothideomycetes","uncl_Dothideomycetes","uncl_Dothideomycetes"
"Fungi","Cryptomycota","uncl_Cryptomycota","uncl_Cryptomycota","uncl_Cryptomycota","uncl_Cryptomycota","uncl_Cryptomycota"
"Fungi","Ascomycota","Eurotiomycetes","uncl_Eurotiomycetes","uncl_Eurotiomycetes","uncl_Eurotiomycetes","uncl_Eurotiomycetes"
"Fungi","Ascomycota","Dothideomycetes","Pleosporales","uncl_Pleosporales","uncl_Pleosporales","uncl_Pleosporales"
"Fungi","Ascomycota","Geoglossomycetes","Geoglossales","Geoglossaceae","Geoglossum","uncl_Geoglossum"
"Fungi","Ascomycota","Eurotiomycetes","Chaetothyriales","uncl_Chaetothyriales","uncl_Chaetothyriales","uncl_Chaetothyriales"
"Fungi","Ascomycota","Eurotiomycetes","Chaetothyriales","uncl_Chaetothyriales","uncl_Chaetothyriales","uncl_Chaetothyriales"
"Fungi","Ascomycota","Orbiliomycetes","uncl_Orbiliomycetes","uncl_Orbiliomycetes","uncl_Orbiliomycetes","uncl_Orbiliomycetes"
"Fungi","Ascomycota","Sordariomycetes","uncl_Sordariomycetes","uncl_Sordariomycetes","uncl_Sordariomycetes","uncl_Sordariomycetes"
"Fungi","Basidiomycota","Agaricomycetes","Agaricales","Mycenaceae","uncl_Mycenaceae","uncl_Mycenaceae"
"Fungi","Ascomycota","Eurotiomycetes","Chaetothyriales","Herpotrichiellaceae","uncl_Herpotrichiellaceae","uncl_Herpotrichiellaceae"
"Fungi","Basidiomycota","Agaricomycetes","Agaricales","Clavariaceae","Clavaria","uncl_Clavaria"
"Fungi","Basidiomycota","Agaricomycetes","Agaricales","Mycenaceae","uncl_Mycenaceae","uncl_Mycenaceae"
"Fungi","Basidiomycota","Agaricomycetes","Agaricales","Clavariaceae","Clavaria","Clavaria_flavostellifera"
"Fungi","Ascomycota","uncl_Ascomycota","uncl_Ascomycota","uncl_Ascomycota","uncl_Ascomycota","uncl_Ascomycota"
"Fungi","Basidiomycota","uncl_Basidiomycota","uncl_Basidiomycota","uncl_Basidiomycota","uncl_Basidiomycota","uncl_Basidiomycota"
"Fungi","Ascomycota","Sordariomycetes","uncl_Sordariomycetes","uncl_Sordariomycetes","uncl_Sordariomycetes","uncl_Sordariomycetes"
"Fungi","Basidiomycota","Agaricomycetes","Cantharellales","uncl_Cantharellales","uncl_Cantharellales","uncl_Cantharellales"
"Fungi","Ascomycota","Eurotiomycetes","Chaetothyriales","Herpotrichiellaceae","uncl_Herpotrichiellaceae","uncl_Herpotrichiellaceae"
"Fungi","Mucoromycota","uncl_Mucoromycota","uncl_Mucoromycota","uncl_Mucoromycota","uncl_Mucoromycota","uncl_Mucoromycota"
"Fungi","Ascomycota","Sordariomycetes","Hypocreales","uncl_Hypocreales","uncl_Hypocreales","uncl_Hypocreales"
"Fungi","Ascomycota","Sordariomycetes","uncl_Sordariomycetes","uncl_Sordariomycetes","uncl_Sordariomycetes","uncl_Sordariomycetes"
"Fungi","Ascomycota","Eurotiomycetes","Onygenales","uncl_Onygenales","uncl_Onygenales","uncl_Onygenales"
"Fungi","Basidiomycota","Agaricomycetes","uncl_Agaricomycetes","uncl_Agaricomycetes","uncl_Agaricomycetes","uncl_Agaricomycetes"
"Fungi","Mucoromycota","Glomeromycetes","Glomerales","Glomeraceae","uncl_Glomeraceae","uncl_Glomeraceae"
"Fungi","Basidiomycota","Agaricomycetes","Agaricales","Clavariaceae","uncl_Clavariaceae","uncl_Clavariaceae"
"Fungi","Ascomycota","uncl_Ascomycota","uncl_Ascomycota","uncl_Ascomycota","uncl_Ascomycota","uncl_Ascomycota"
"Fungi","Basidiomycota","Agaricomycetes","uncl_Agaricomycetes","uncl_Agaricomycetes","uncl_Agaricomycetes","uncl_Agaricomycetes"
"Fungi","Ascomycota","Sordariomycetes","Sordariales","uncl_Sordariales","uncl_Sordariales","uncl_Sordariales"
"Fungi","Basidiomycota","Agaricomycetes","Sebacinales","Serendipitaceae","Serendipita","uncl_Serendipita"
"Fungi","Mucoromycota","Glomeromycetes","uncl_Glomeromycetes","uncl_Glomeromycetes","uncl_Glomeromycetes","uncl_Glomeromycetes"
"Fungi","Ascomycota","uncl_Ascomycota","uncl_Ascomycota","uncl_Ascomycota","uncl_Ascomycota","uncl_Ascomycota"
"Fungi","Basidiomycota","Agaricomycetes","Agaricales","Entolomataceae","Entoloma","uncl_Entoloma"
"Fungi","Ascomycota","Sordariomycetes","Sordariales","uncl_Sordariales","uncl_Sordariales","uncl_Sordariales"
"Fungi","Ascomycota","Leotiomycetes","uncl_Leotiomycetes","uncl_Leotiomycetes","uncl_Leotiomycetes","uncl_Leotiomycetes"
"Fungi","Mucoromycota","Glomeromycetes","Glomerales","Glomeraceae","uncl_Glomeraceae","uncl_Glomeraceae"
"Fungi","Ascomycota","Sordariomycetes","Sordariales","uncl_Sordariales","uncl_Sordariales","uncl_Sordariales"
"Fungi","Ascomycota","Sordariomycetes","uncl_Sordariomycetes","uncl_Sordariomycetes","uncl_Sordariomycetes","uncl_Sordariomycetes"
"Fungi","Ascomycota","uncl_Ascomycota","uncl_Ascomycota","uncl_Ascomycota","uncl_Ascomycota","uncl_Ascomycota"
"Fungi","Ascomycota","Dothideomycetes","uncl_Dothideomycetes","uncl_Dothideomycetes","uncl_Dothideomycetes","uncl_Dothideomycetes"
"Fungi","Ascomycota","Leotiomycetes","Helotiales","Sclerotiniaceae","Clarireedia","Clarireedia_monteithiana"
"Fungi","Ascomycota","uncl_Ascomycota","uncl_Ascomycota","uncl_Ascomycota","uncl_Ascomycota","uncl_Ascomycota"
"Fungi","Mucoromycota","Mortierellomycetes","Mortierellales","Mortierellaceae","Mortierella","uncl_Mortierella"
"Fungi","Ascomycota","Eurotiomycetes","Chaetothyriales","Herpotrichiellaceae","uncl_Herpotrichiellaceae","uncl_Herpotrichiellaceae"
"Fungi","Ascomycota","Eurotiomycetes","Onygenales","uncl_Onygenales","uncl_Onygenales","uncl_Onygenales"
"Fungi","Ascomycota","Sordariomycetes","Xylariales","Amphisphaeriaceae","uncl_Amphisphaeriaceae","uncl_Amphisphaeriaceae"
"Fungi","Cryptomycota","uncl_Cryptomycota","uncl_Cryptomycota","uncl_Cryptomycota","uncl_Cryptomycota","uncl_Cryptomycota"
"Fungi","Basidiomycota","uncl_Basidiomycota","uncl_Basidiomycota","uncl_Basidiomycota","uncl_Basidiomycota","uncl_Basidiomycota"
"Fungi","Basidiomycota","Agaricomycetes","Agaricales","uncl_Agaricales","uncl_Agaricales","uncl_Agaricales"
"Fungi","Basidiomycota","Agaricomycetes","Sebacinales","Sebacinaceae","uncl_Sebacinaceae","uncl_Sebacinaceae"
"Fungi","Basidiomycota","Agaricomycetes","Agaricales","uncl_Agaricales","uncl_Agaricales","uncl_Agaricales"
"Fungi","Ascomycota","uncl_Ascomycota","uncl_Ascomycota","uncl_Ascomycota","uncl_Ascomycota","uncl_Ascomycota"
"Fungi","Mucoromycota","Glomeromycetes","Glomerales","uncl_Glomerales","uncl_Glomerales","uncl_Glomerales"
"Fungi","Ascomycota","Sordariomycetes","Sordariomycetes_ord_Incertae_sedis","uncl_Sordariomycetes_ord_Incertae_sedis","uncl_Sordariomycetes_ord_Incertae_sedis","uncl_Sordariomycetes_ord_Incertae_sedis"
"Fungi","Basidiomycota","uncl_Basidiomycota","uncl_Basidiomycota","uncl_Basidiomycota","uncl_Basidiomycota","uncl_Basidiomycota"
"Fungi","Ascomycota","Eurotiomycetes","Chaetothyriales","Herpotrichiellaceae","uncl_Herpotrichiellaceae","uncl_Herpotrichiellaceae"
"Fungi","Basidiomycota","Agaricomycetes","uncl_Agaricomycetes","uncl_Agaricomycetes","uncl_Agaricomycetes","uncl_Agaricomycetes"
"Fungi","Mucoromycota","uncl_Mucoromycota","uncl_Mucoromycota","uncl_Mucoromycota","uncl_Mucoromycota","uncl_Mucoromycota"
"Fungi","Basidiomycota","Agaricomycetes","Sebacinales","Sebacinaceae","uncl_Sebacinaceae","uncl_Sebacinaceae"
"Fungi","Basidiomycota","Agaricomycetes","Agaricales","uncl_Agaricales","uncl_Agaricales","uncl_Agaricales"
"Fungi","Ascomycota","Sordariomycetes","uncl_Sordariomycetes","uncl_Sordariomycetes","uncl_Sordariomycetes","uncl_Sordariomycetes"
"Fungi","Basidiomycota","Agaricomycetes","Agaricales","Clavariaceae","Clavaria","uncl_Clavaria"
"Fungi","Ascomycota","Dothideomycetes","Tubeufiales","Tubeufiaceae","uncl_Tubeufiaceae","uncl_Tubeufiaceae"
"Fungi","Ascomycota","uncl_Ascomycota","uncl_Ascomycota","uncl_Ascomycota","uncl_Ascomycota","uncl_Ascomycota"
"Fungi","Basidiomycota","Agaricomycetes","Agaricales","Hygrophoraceae","Cuphophyllus","uncl_Cuphophyllus"
"Fungi","Ascomycota","Eurotiomycetes","Eurotiomycetes_ord_Incertae_sedis","uncl_Eurotiomycetes_ord_Incertae_sedis","uncl_Eurotiomycetes_ord_Incertae_sedis","uncl_Eurotiomycetes_ord_Incertae_sedis"
"Fungi","Mucoromycota","Glomeromycetes","Glomerales","Glomeraceae","Rhizophagus","uncl_Rhizophagus"
"Fungi","Mucoromycota","Glomeromycetes","Glomerales","Glomeraceae","uncl_Glomeraceae","uncl_Glomeraceae"
"Fungi","Basidiomycota","Agaricomycetes","uncl_Agaricomycetes","uncl_Agaricomycetes","uncl_Agaricomycetes","uncl_Agaricomycetes"
"Fungi","Mucoromycota","Glomeromycetes","Glomerales","Glomeraceae","uncl_Glomeraceae","uncl_Glomeraceae"
"Fungi","Chytridiomycota","Spizellomycetes","Spizellomycetales","uncl_Spizellomycetales","uncl_Spizellomycetales","uncl_Spizellomycetales"
"Fungi","Ascomycota","Leotiomycetes","Helotiales","uncl_Helotiales","uncl_Helotiales","uncl_Helotiales"
"Fungi","Ascomycota","uncl_Ascomycota","uncl_Ascomycota","uncl_Ascomycota","uncl_Ascomycota","uncl_Ascomycota"
"Fungi","Ascomycota","Dothideomycetes","Pleosporales","uncl_Pleosporales","uncl_Pleosporales","uncl_Pleosporales"
"Fungi","Ascomycota","Eurotiomycetes","Chaetothyriales","uncl_Chaetothyriales","uncl_Chaetothyriales","uncl_Chaetothyriales"
"Fungi","Ascomycota","Dothideomycetes","Pleosporales","uncl_Pleosporales","uncl_Pleosporales","uncl_Pleosporales"
"Fungi","Ascomycota","Leotiomycetes","Helotiales","uncl_Helotiales","uncl_Helotiales","uncl_Helotiales"
"Fungi","Ascomycota","Eurotiomycetes","Chaetothyriales","Herpotrichiellaceae","uncl_Herpotrichiellaceae","uncl_Herpotrichiellaceae"
"Fungi","Ascomycota","uncl_Ascomycota","uncl_Ascomycota","uncl_Ascomycota","uncl_Ascomycota","uncl_Ascomycota"
"Fungi","Ascomycota","Eurotiomycetes","uncl_Eurotiomycetes","uncl_Eurotiomycetes","uncl_Eurotiomycetes","uncl_Eurotiomycetes"
"Fungi","Ascomycota","Eurotiomycetes","Chaetothyriales","uncl_Chaetothyriales","uncl_Chaetothyriales","uncl_Chaetothyriales"
"Fungi","Basidiomycota","Agaricomycetes","Agaricales","uncl_Agaricales","uncl_Agaricales","uncl_Agaricales"
"Fungi","Basidiomycota","Agaricomycetes","Sebacinales","uncl_Sebacinales","uncl_Sebacinales","uncl_Sebacinales"
"Fungi","Ascomycota","Sordariomycetes","uncl_Sordariomycetes","uncl_Sordariomycetes","uncl_Sordariomycetes","uncl_Sordariomycetes"
"Fungi","Basidiomycota","Agaricomycetes","Agaricales","Strophariaceae","Tubaria","uncl_Tubaria"
"Fungi","Basidiomycota","Agaricomycetes","Agaricales","uncl_Agaricales","uncl_Agaricales","uncl_Agaricales"
"Fungi","Basidiomycota","Agaricomycetes","Sebacinales","Serendipitaceae","uncl_Serendipitaceae","uncl_Serendipitaceae"
"Fungi","Ascomycota","Eurotiomycetes","Chaetothyriales","Herpotrichiellaceae","uncl_Herpotrichiellaceae","uncl_Herpotrichiellaceae"
"Fungi","Ascomycota","Eurotiomycetes","Chaetothyriales","uncl_Chaetothyriales","uncl_Chaetothyriales","uncl_Chaetothyriales"
"Fungi","Ascomycota","Sordariomycetes","uncl_Sordariomycetes","uncl_Sordariomycetes","uncl_Sordariomycetes","uncl_Sordariomycetes"
"Fungi","Basidiomycota","Agaricomycetes","Agaricales","Lycoperdaceae","uncl_Lycoperdaceae","uncl_Lycoperdaceae"
"Fungi","Ascomycota","Geoglossomycetes","Geoglossales","uncl_Geoglossales","uncl_Geoglossales","uncl_Geoglossales"
"Fungi","Basidiomycota","Agaricomycetes","Agaricales","Tricholomataceae","Flagelloscypha","uncl_Flagelloscypha"
"Fungi","Ascomycota","Eurotiomycetes","Chaetothyriales","Herpotrichiellaceae","uncl_Herpotrichiellaceae","uncl_Herpotrichiellaceae"
"Fungi","Ascomycota","Sordariomycetes","Microascales","Halosphaeriaceae","uncl_Halosphaeriaceae","uncl_Halosphaeriaceae"
"Fungi","Ascomycota","uncl_Ascomycota","uncl_Ascomycota","uncl_Ascomycota","uncl_Ascomycota","uncl_Ascomycota"
"Fungi","Ascomycota","Eurotiomycetes","Chaetothyriales","uncl_Chaetothyriales","uncl_Chaetothyriales","uncl_Chaetothyriales"
"Fungi","Basidiomycota","Agaricomycetes","Agaricales","Bolbitiaceae","Panaeolus","Panaeolus_papilionaceus"
"Fungi","Ascomycota","uncl_Ascomycota","uncl_Ascomycota","uncl_Ascomycota","uncl_Ascomycota","uncl_Ascomycota"
"Fungi","Ascomycota","Dothideomycetes","uncl_Dothideomycetes","uncl_Dothideomycetes","uncl_Dothideomycetes","uncl_Dothideomycetes"
"Fungi","Basidiomycota","Agaricomycetes","Agaricales","Tricholomataceae","Xeromphalina","Xeromphalina_setulipes"
"Fungi","Basidiomycota","Agaricomycetes","uncl_Agaricomycetes","uncl_Agaricomycetes","uncl_Agaricomycetes","uncl_Agaricomycetes"
"Fungi","Cryptomycota","uncl_Cryptomycota","uncl_Cryptomycota","uncl_Cryptomycota","uncl_Cryptomycota","uncl_Cryptomycota"
"Fungi","Basidiomycota","Agaricomycetes","uncl_Agaricomycetes","uncl_Agaricomycetes","uncl_Agaricomycetes","uncl_Agaricomycetes"
"Fungi","Basidiomycota","uncl_Basidiomycota","uncl_Basidiomycota","uncl_Basidiomycota","uncl_Basidiomycota","uncl_Basidiomycota"
"Fungi","Ascomycota","Eurotiomycetes","Chaetothyriales","uncl_Chaetothyriales","uncl_Chaetothyriales","uncl_Chaetothyriales"
"Fungi","Mucoromycota","Mortierellomycetes","Mortierellales","Mortierellaceae","Mortierella","uncl_Mortierella"
"Fungi","Ascomycota","Sordariomycetes","uncl_Sordariomycetes","uncl_Sordariomycetes","uncl_Sordariomycetes","uncl_Sordariomycetes"
"Fungi","Basidiomycota","Agaricomycetes","Agaricales","Entolomataceae","Entoloma","uncl_Entoloma"
"Fungi","Ascomycota","Leotiomycetes","Helotiales","Helotiales_fam_Incertae_sedis","uncl_Helotiales_fam_Incertae_sedis","uncl_Helotiales_fam_Incertae_sedis"
"Fungi","Ascomycota","Dothideomycetes","Pleosporales","uncl_Pleosporales","uncl_Pleosporales","uncl_Pleosporales"
"Fungi","Basidiomycota","Agaricomycetes","Agaricales","Hygrophoraceae","Cuphophyllus","uncl_Cuphophyllus"
"Fungi","Basidiomycota","Agaricomycetes","Agaricales","uncl_Agaricales","uncl_Agaricales","uncl_Agaricales"
"Fungi","Mucoromycota","uncl_Mucoromycota","uncl_Mucoromycota","uncl_Mucoromycota","uncl_Mucoromycota","uncl_Mucoromycota"
"Fungi","Basidiomycota","Agaricomycetes","uncl_Agaricomycetes","uncl_Agaricomycetes","uncl_Agaricomycetes","uncl_Agaricomycetes"
"Fungi","Mucoromycota","uncl_Mucoromycota","uncl_Mucoromycota","uncl_Mucoromycota","uncl_Mucoromycota","uncl_Mucoromycota"
"Fungi","Mucoromycota","uncl_Mucoromycota","uncl_Mucoromycota","uncl_Mucoromycota","uncl_Mucoromycota","uncl_Mucoromycota"
"Fungi","Mucoromycota","uncl_Mucoromycota","uncl_Mucoromycota","uncl_Mucoromycota","uncl_Mucoromycota","uncl_Mucoromycota"
"Fungi","Basidiomycota","Agaricomycetes","Agaricales","Clavariaceae","uncl_Clavariaceae","uncl_Clavariaceae"
"Fungi","Ascomycota","Sordariomycetes","Xylariales","Xylariaceae","uncl_Xylariaceae","uncl_Xylariaceae"
"Fungi","Basidiomycota","Agaricomycetes","Agaricales","Hygrophoraceae","Cuphophyllus","uncl_Cuphophyllus"
"Fungi","Basidiomycota","Agaricomycetes","uncl_Agaricomycetes","uncl_Agaricomycetes","uncl_Agaricomycetes","uncl_Agaricomycetes"
"Fungi","Ascomycota","Dothideomycetes","Pleosporales","Didymosphaeriaceae","uncl_Didymosphaeriaceae","uncl_Didymosphaeriaceae"
"Fungi","Ascomycota","Eurotiomycetes","Onygenales","uncl_Onygenales","uncl_Onygenales","uncl_Onygenales"
"Fungi","Ascomycota","uncl_Ascomycota","uncl_Ascomycota","uncl_Ascomycota","uncl_Ascomycota","uncl_Ascomycota"
"Fungi","Ascomycota","uncl_Ascomycota","uncl_Ascomycota","uncl_Ascomycota","uncl_Ascomycota","uncl_Ascomycota"
"Fungi","Ascomycota","Sordariomycetes","uncl_Sordariomycetes","uncl_Sordariomycetes","uncl_Sordariomycetes","uncl_Sordariomycetes"
"Fungi","Ascomycota","Sordariomycetes","uncl_Sordariomycetes","uncl_Sordariomycetes","uncl_Sordariomycetes","uncl_Sordariomycetes"
"Fungi","Ascomycota","uncl_Ascomycota","uncl_Ascomycota","uncl_Ascomycota","uncl_Ascomycota","uncl_Ascomycota"
"Fungi","Basidiomycota","Agaricomycetes","Agaricales","Psathyrellaceae","Coprinellus","uncl_Coprinellus"
"Fungi","Ascomycota","uncl_Ascomycota","uncl_Ascomycota","uncl_Ascomycota","uncl_Ascomycota","uncl_Ascomycota"
"Fungi","Basidiomycota","Tremellomycetes","Tremellales","Cryptococcaceae","uncl_Cryptococcaceae","uncl_Cryptococcaceae"
"Fungi","Ascomycota","uncl_Ascomycota","uncl_Ascomycota","uncl_Ascomycota","uncl_Ascomycota","uncl_Ascomycota"
"Fungi","Ascomycota","uncl_Ascomycota","uncl_Ascomycota","uncl_Ascomycota","uncl_Ascomycota","uncl_Ascomycota"
"Fungi","Ascomycota","uncl_Ascomycota","uncl_Ascomycota","uncl_Ascomycota","uncl_Ascomycota","uncl_Ascomycota"
"Fungi","Basidiomycota","Agaricomycetes","Agaricales","Stephanosporaceae","uncl_Stephanosporaceae","uncl_Stephanosporaceae"
"Fungi","Ascomycota","Orbiliomycetes","Orbiliales","Orbiliaceae","uncl_Orbiliaceae","uncl_Orbiliaceae"
"Fungi","Ascomycota","Lecanoromycetes","uncl_Lecanoromycetes","uncl_Lecanoromycetes","uncl_Lecanoromycetes","uncl_Lecanoromycetes"
"Fungi","Basidiomycota","Agaricomycetes","Auriculariales","Auriculariales_fam_Incertae_sedis","Oliveonia","uncl_Oliveonia"
"Fungi","Ascomycota","Geoglossomycetes","Geoglossales","Geoglossaceae","Geoglossum","uncl_Geoglossum"
"Fungi","Ascomycota","Sordariomycetes","uncl_Sordariomycetes","uncl_Sordariomycetes","uncl_Sordariomycetes","uncl_Sordariomycetes"
"Fungi","Basidiomycota","Agaricomycetes","Cantharellales","Ceratobasidiaceae","uncl_Ceratobasidiaceae","uncl_Ceratobasidiaceae"
"Fungi","Ascomycota","Dothideomycetes","Pleosporales","uncl_Pleosporales","uncl_Pleosporales","uncl_Pleosporales"
"Fungi","Ascomycota","Dothideomycetes","Pleosporales","Phaeosphaeriaceae","Setophoma","uncl_Setophoma"
"Fungi","Basidiomycota","Agaricomycetes","Agaricales","Tricholomataceae","Mycenella","Mycenella_lasiosperma"
"Fungi","Ascomycota","uncl_Ascomycota","uncl_Ascomycota","uncl_Ascomycota","uncl_Ascomycota","uncl_Ascomycota"
"Fungi","Ascomycota","uncl_Ascomycota","uncl_Ascomycota","uncl_Ascomycota","uncl_Ascomycota","uncl_Ascomycota"
"Fungi","Ascomycota","uncl_Ascomycota","uncl_Ascomycota","uncl_Ascomycota","uncl_Ascomycota","uncl_Ascomycota"
"Fungi","Ascomycota","Sordariomycetes","uncl_Sordariomycetes","uncl_Sordariomycetes","uncl_Sordariomycetes","uncl_Sordariomycetes"
"Fungi","Ascomycota","Dothideomycetes","Pleosporales","Phaeosphaeriaceae","uncl_Phaeosphaeriaceae","uncl_Phaeosphaeriaceae"
"Fungi","Mucoromycota","Glomeromycetes","Glomerales","Glomeraceae","uncl_Glomeraceae","uncl_Glomeraceae"
"Fungi","Mucoromycota","Glomeromycetes","Glomerales","Glomeraceae","uncl_Glomeraceae","uncl_Glomeraceae"
"Fungi","Ascomycota","Dothideomycetes","Pleosporales","uncl_Pleosporales","uncl_Pleosporales","uncl_Pleosporales"
"Fungi","Ascomycota","uncl_Ascomycota","uncl_Ascomycota","uncl_Ascomycota","uncl_Ascomycota","uncl_Ascomycota"
"Fungi","Ascomycota","Geoglossomycetes","Geoglossales","Geoglossaceae","Trichoglossum","uncl_Trichoglossum"
"Fungi","Basidiomycota","Agaricomycetes","Russulales","Peniophoraceae","uncl_Peniophoraceae","uncl_Peniophoraceae"
"Fungi","Ascomycota","Dothideomycetes","Pleosporales","uncl_Pleosporales","uncl_Pleosporales","uncl_Pleosporales"
"Fungi","Ascomycota","Archaeorhizomycetes","Archaeorhizomycetales","Archaeorhizomycetaceae","Archaeorhizomyces","uncl_Archaeorhizomyces"
"Fungi","Ascomycota","uncl_Ascomycota","uncl_Ascomycota","uncl_Ascomycota","uncl_Ascomycota","uncl_Ascomycota"
"Fungi","Mucoromycota","Glomeromycetes","Glomerales","Glomeraceae","uncl_Glomeraceae","uncl_Glomeraceae"
"Fungi","Ascomycota","Sordariomycetes","uncl_Sordariomycetes","uncl_Sordariomycetes","uncl_Sordariomycetes","uncl_Sordariomycetes"
"Fungi","Ascomycota","uncl_Ascomycota","uncl_Ascomycota","uncl_Ascomycota","uncl_Ascomycota","uncl_Ascomycota"
"Fungi","Mucoromycota","Mortierellomycetes","Mortierellales","Mortierellaceae","uncl_Mortierellaceae","uncl_Mortierellaceae"
"Fungi","Ascomycota","Archaeorhizomycetes","Archaeorhizomycetales","Archaeorhizomycetaceae","Archaeorhizomyces","uncl_Archaeorhizomyces"
"Fungi","Basidiomycota","Agaricomycetes","Agaricales","Strophariaceae","Tubaria","uncl_Tubaria"
"Fungi","Basidiomycota","Agaricomycetes","uncl_Agaricomycetes","uncl_Agaricomycetes","uncl_Agaricomycetes","uncl_Agaricomycetes"
"Fungi","Mucoromycota","uncl_Mucoromycota","uncl_Mucoromycota","uncl_Mucoromycota","uncl_Mucoromycota","uncl_Mucoromycota"
"Fungi","Ascomycota","uncl_Ascomycota","uncl_Ascomycota","uncl_Ascomycota","uncl_Ascomycota","uncl_Ascomycota"
"Fungi","Ascomycota","Pezizomycetes","Pezizales","Pyronemataceae","Pyronema","uncl_Pyronema"
"Fungi","Ascomycota","uncl_Ascomycota","uncl_Ascomycota","uncl_Ascomycota","uncl_Ascomycota","uncl_Ascomycota"
"Fungi","Ascomycota","uncl_Ascomycota","uncl_Ascomycota","uncl_Ascomycota","uncl_Ascomycota","uncl_Ascomycota"
"Fungi","Ascomycota","Eurotiomycetes","Chaetothyriales","Herpotrichiellaceae","Cladophialophora","uncl_Cladophialophora"
"Fungi","Ascomycota","Orbiliomycetes","uncl_Orbiliomycetes","uncl_Orbiliomycetes","uncl_Orbiliomycetes","uncl_Orbiliomycetes"
"Fungi","Ascomycota","Dothideomycetes","uncl_Dothideomycetes","uncl_Dothideomycetes","uncl_Dothideomycetes","uncl_Dothideomycetes"
"Fungi","Ascomycota","Dothideomycetes","Pleosporales","Leptosphaeriaceae","uncl_Leptosphaeriaceae","uncl_Leptosphaeriaceae"
"Fungi","Ascomycota","Dothideomycetes","Pleosporales","uncl_Pleosporales","uncl_Pleosporales","uncl_Pleosporales"
"Fungi","Basidiomycota","Exobasidiomycetes","uncl_Exobasidiomycetes","uncl_Exobasidiomycetes","uncl_Exobasidiomycetes","uncl_Exobasidiomycetes"
"Fungi","Ascomycota","Lecanoromycetes","Ostropales","Stictidaceae","Eriospora","Eriospora_leucostoma"
"Fungi","Basidiomycota","Agaricomycetes","Agaricales","Clavariaceae","Clavaria","uncl_Clavaria"
"Fungi","Mucoromycota","Glomeromycetes","Glomerales","Glomeraceae","uncl_Glomeraceae","uncl_Glomeraceae"
"Fungi","Ascomycota","Sordariomycetes","Xylariales","Xylariaceae","uncl_Xylariaceae","uncl_Xylariaceae"
"Fungi","Ascomycota","Dothideomycetes","Pleosporales","uncl_Pleosporales","uncl_Pleosporales","uncl_Pleosporales"
"Fungi","Ascomycota","uncl_Ascomycota","uncl_Ascomycota","uncl_Ascomycota","uncl_Ascomycota","uncl_Ascomycota"
"Fungi","Ascomycota","Sordariomycetes","Sordariales","uncl_Sordariales","uncl_Sordariales","uncl_Sordariales"
"Fungi","Basidiomycota","Agaricomycetes","Auriculariales","uncl_Auriculariales","uncl_Auriculariales","uncl_Auriculariales"
"Fungi","Basidiomycota","Tremellomycetes","Tremellales","Cuniculitremaceae","Kockovaella","uncl_Kockovaella"
"Fungi","Ascomycota","Sordariomycetes","Sordariomycetes_ord_Incertae_sedis","uncl_Sordariomycetes_ord_Incertae_sedis","uncl_Sordariomycetes_ord_Incertae_sedis","uncl_Sordariomycetes_ord_Incertae_sedis"
"Fungi","Basidiomycota","Agaricomycetes","Agaricales","Clavariaceae","uncl_Clavariaceae","uncl_Clavariaceae"
"Fungi","Basidiomycota","Agaricomycetes","Cantharellales","Clavulinaceae","uncl_Clavulinaceae","uncl_Clavulinaceae"
"Fungi","Basidiomycota","Agaricomycetes","Agaricales","Clavariaceae","uncl_Clavariaceae","uncl_Clavariaceae"
"Fungi","Ascomycota","Dothideomycetes","Capnodiales","Capnodiales_fam_Incertae_sedis","Diatractium","uncl_Diatractium"
"Fungi","Basidiomycota","Agaricomycetes","Agaricales","Entolomataceae","Clitopilus","uncl_Clitopilus"
"Fungi","Ascomycota","Sordariomycetes","uncl_Sordariomycetes","uncl_Sordariomycetes","uncl_Sordariomycetes","uncl_Sordariomycetes"
"Fungi","Ascomycota","Dothideomycetes","Tubeufiales","Tubeufiaceae","uncl_Tubeufiaceae","uncl_Tubeufiaceae"
"Fungi","Ascomycota","Sordariomycetes","Sordariales","Podosporaceae","Podospora","uncl_Podospora"
"Fungi","Basidiomycota","Tremellomycetes","Trichosporonales","uncl_Trichosporonales","uncl_Trichosporonales","uncl_Trichosporonales"
"Fungi","Ascomycota","Sordariomycetes","Sordariales","uncl_Sordariales","uncl_Sordariales","uncl_Sordariales"
"Fungi","Basidiomycota","uncl_Basidiomycota","uncl_Basidiomycota","uncl_Basidiomycota","uncl_Basidiomycota","uncl_Basidiomycota"
"Fungi","Chytridiomycota","uncl_Chytridiomycota","uncl_Chytridiomycota","uncl_Chytridiomycota","uncl_Chytridiomycota","uncl_Chytridiomycota"
"Fungi","Ascomycota","uncl_Ascomycota","uncl_Ascomycota","uncl_Ascomycota","uncl_Ascomycota","uncl_Ascomycota"
"Fungi","Basidiomycota","Agaricomycetes","uncl_Agaricomycetes","uncl_Agaricomycetes","uncl_Agaricomycetes","uncl_Agaricomycetes"
"Fungi","Mucoromycota","Glomeromycetes","uncl_Glomeromycetes","uncl_Glomeromycetes","uncl_Glomeromycetes","uncl_Glomeromycetes"
"Fungi","Ascomycota","Geoglossomycetes","uncl_Geoglossomycetes","uncl_Geoglossomycetes","uncl_Geoglossomycetes","uncl_Geoglossomycetes"
"Fungi","Ascomycota","uncl_Ascomycota","uncl_Ascomycota","uncl_Ascomycota","uncl_Ascomycota","uncl_Ascomycota"
"Fungi","Ascomycota","uncl_Ascomycota","uncl_Ascomycota","uncl_Ascomycota","uncl_Ascomycota","uncl_Ascomycota"
"Fungi","Ascomycota","Eurotiomycetes","Chaetothyriales","Herpotrichiellaceae","uncl_Herpotrichiellaceae","uncl_Herpotrichiellaceae"
"Fungi","Basidiomycota","Agaricomycetes","Sebacinales","Serendipitaceae","uncl_Serendipitaceae","uncl_Serendipitaceae"
"Fungi","Ascomycota","uncl_Ascomycota","uncl_Ascomycota","uncl_Ascomycota","uncl_Ascomycota","uncl_Ascomycota"
"Fungi","Ascomycota","Eurotiomycetes","Chaetothyriales","Herpotrichiellaceae","uncl_Herpotrichiellaceae","uncl_Herpotrichiellaceae"
"Fungi","Mucoromycota","uncl_Mucoromycota","uncl_Mucoromycota","uncl_Mucoromycota","uncl_Mucoromycota","uncl_Mucoromycota"
"Fungi","Ascomycota","uncl_Ascomycota","uncl_Ascomycota","uncl_Ascomycota","uncl_Ascomycota","uncl_Ascomycota"
"Fungi","Ascomycota","Eurotiomycetes","Chaetothyriales","Herpotrichiellaceae","uncl_Herpotrichiellaceae","uncl_Herpotrichiellaceae"
"Fungi","Basidiomycota","Agaricomycetes","Agaricales","uncl_Agaricales","uncl_Agaricales","uncl_Agaricales"
"Fungi","Basidiomycota","Agaricomycetes","Agaricales","uncl_Agaricales","uncl_Agaricales","uncl_Agaricales"
"Fungi","Ascomycota","uncl_Ascomycota","uncl_Ascomycota","uncl_Ascomycota","uncl_Ascomycota","uncl_Ascomycota"
"Fungi","Ascomycota","uncl_Ascomycota","uncl_Ascomycota","uncl_Ascomycota","uncl_Ascomycota","uncl_Ascomycota"
"Fungi","Ascomycota","Dothideomycetes","uncl_Dothideomycetes","uncl_Dothideomycetes","uncl_Dothideomycetes","uncl_Dothideomycetes"
"Fungi","Ascomycota","Leotiomycetes","Helotiales","uncl_Helotiales","uncl_Helotiales","uncl_Helotiales"
"Fungi","Ascomycota","Eurotiomycetes","uncl_Eurotiomycetes","uncl_Eurotiomycetes","uncl_Eurotiomycetes","uncl_Eurotiomycetes"
"Fungi","Ascomycota","Orbiliomycetes","Orbiliales","Orbiliaceae","uncl_Orbiliaceae","uncl_Orbiliaceae"
"Fungi","Ascomycota","Dothideomycetes","Pleosporales","Didymosphaeriaceae","uncl_Didymosphaeriaceae","uncl_Didymosphaeriaceae"
"Fungi","Ascomycota","uncl_Ascomycota","uncl_Ascomycota","uncl_Ascomycota","uncl_Ascomycota","uncl_Ascomycota"
"Fungi","Ascomycota","uncl_Ascomycota","uncl_Ascomycota","uncl_Ascomycota","uncl_Ascomycota","uncl_Ascomycota"
"Fungi","Ascomycota","uncl_Ascomycota","uncl_Ascomycota","uncl_Ascomycota","uncl_Ascomycota","uncl_Ascomycota"
"Fungi","Basidiomycota","Agaricomycetes","Agaricales","Clavariaceae","Clavaria","uncl_Clavaria"
"Fungi","Ascomycota","Eurotiomycetes","Chaetothyriales","uncl_Chaetothyriales","uncl_Chaetothyriales","uncl_Chaetothyriales"
"Fungi","Ascomycota","uncl_Ascomycota","uncl_Ascomycota","uncl_Ascomycota","uncl_Ascomycota","uncl_Ascomycota"
"Fungi","Mucoromycota","uncl_Mucoromycota","uncl_Mucoromycota","uncl_Mucoromycota","uncl_Mucoromycota","uncl_Mucoromycota"
"Fungi","Basidiomycota","Agaricomycetes","Agaricales","uncl_Agaricales","uncl_Agaricales","uncl_Agaricales"
"Fungi","Basidiomycota","Cystobasidiomycetes","uncl_Cystobasidiomycetes","uncl_Cystobasidiomycetes","uncl_Cystobasidiomycetes","uncl_Cystobasidiomycetes"
"Fungi","Basidiomycota","Agaricomycetes","Sebacinales","Serendipitaceae","uncl_Serendipitaceae","uncl_Serendipitaceae"
"Fungi","Basidiomycota","Agaricomycetes","uncl_Agaricomycetes","uncl_Agaricomycetes","uncl_Agaricomycetes","uncl_Agaricomycetes"
"Fungi","Basidiomycota","Agaricomycetes","Agaricales","Hygrophoraceae","Hygrocybe","Hygrocybe_acutoconica"
"Fungi","Basidiomycota","Agaricomycetes","Agaricales","uncl_Agaricales","uncl_Agaricales","uncl_Agaricales"
"Fungi","Basidiomycota","Agaricomycetes","Cantharellales","Hydnaceae","Sistotrema","uncl_Sistotrema"
"Fungi","Ascomycota","Dothideomycetes","Venturiales","uncl_Venturiales","uncl_Venturiales","uncl_Venturiales"
"Fungi","Ascomycota","Dothideomycetes","Pleosporales","uncl_Pleosporales","uncl_Pleosporales","uncl_Pleosporales"
"Fungi","Ascomycota","Dothideomycetes","Pleosporales","uncl_Pleosporales","uncl_Pleosporales","uncl_Pleosporales"
"Fungi","Mucoromycota","Glomeromycetes","Glomerales","Claroideoglomeraceae","Claroideoglomus","uncl_Claroideoglomus"
"Fungi","Ascomycota","Sordariomycetes","Hypocreales","Nectriaceae","Fusarium","uncl_Fusarium"
"Fungi","Ascomycota","Eurotiomycetes","Chaetothyriales","Herpotrichiellaceae","uncl_Herpotrichiellaceae","uncl_Herpotrichiellaceae"
"Fungi","Ascomycota","Dothideomycetes","Pleosporales","Pleosporaceae","Curvularia","Curvularia_sorghina"
"Fungi","Basidiomycota","Agaricomycetes","Trechisporales","Hydnodontaceae","Trechispora","uncl_Trechispora"
"Fungi","Ascomycota","uncl_Ascomycota","uncl_Ascomycota","uncl_Ascomycota","uncl_Ascomycota","uncl_Ascomycota"
"Fungi","Mucoromycota","uncl_Mucoromycota","uncl_Mucoromycota","uncl_Mucoromycota","uncl_Mucoromycota","uncl_Mucoromycota"
"Fungi","Mucoromycota","uncl_Mucoromycota","uncl_Mucoromycota","uncl_Mucoromycota","uncl_Mucoromycota","uncl_Mucoromycota"
"Fungi","Mucoromycota","uncl_Mucoromycota","uncl_Mucoromycota","uncl_Mucoromycota","uncl_Mucoromycota","uncl_Mucoromycota"
"Fungi","Ascomycota","Eurotiomycetes","Chaetothyriales","uncl_Chaetothyriales","uncl_Chaetothyriales","uncl_Chaetothyriales"
"Fungi","Basidiomycota","Agaricomycetes","Agaricales","Hygrophoraceae","uncl_Hygrophoraceae","uncl_Hygrophoraceae"
"Fungi","Ascomycota","Dothideomycetes","Pleosporales","uncl_Pleosporales","uncl_Pleosporales","uncl_Pleosporales"
"Fungi","Basidiomycota","Agaricomycetes","uncl_Agaricomycetes","uncl_Agaricomycetes","uncl_Agaricomycetes","uncl_Agaricomycetes"
"Fungi","Ascomycota","Dothideomycetes","Pleosporales","uncl_Pleosporales","uncl_Pleosporales","uncl_Pleosporales"
"Fungi","Ascomycota","Dothideomycetes","Pleosporales","Cucurbitariaceae","Pyrenochaetopsis","uncl_Pyrenochaetopsis"
"Fungi","Ascomycota","Sordariomycetes","Sordariales","uncl_Sordariales","uncl_Sordariales","uncl_Sordariales"
"Fungi","Ascomycota","Eurotiomycetes","Chaetothyriales","uncl_Chaetothyriales","uncl_Chaetothyriales","uncl_Chaetothyriales"
"Fungi","Basidiomycota","Agaricomycetes","Agaricales","Bolbitiaceae","Conocybe","uncl_Conocybe"
"Fungi","Ascomycota","Sordariomycetes","Chaetosphaeriales","Chaetosphaeriaceae","uncl_Chaetosphaeriaceae","uncl_Chaetosphaeriaceae"
"Fungi","Ascomycota","Sordariomycetes","uncl_Sordariomycetes","uncl_Sordariomycetes","uncl_Sordariomycetes","uncl_Sordariomycetes"
"Fungi","Ascomycota","Eurotiomycetes","Chaetothyriales","Herpotrichiellaceae","uncl_Herpotrichiellaceae","uncl_Herpotrichiellaceae"
"Fungi","Ascomycota","Sordariomycetes","Hypocreales","Clavicipitaceae","Metacordyceps","uncl_Metacordyceps"
"Fungi","Mucoromycota","Mortierellomycetes","Mortierellales","Mortierellaceae","Dissophora","Dissophora_globulifera"
"Fungi","Mucoromycota","Mucoromycetes","Mucorales","Cunninghamellaceae","uncl_Cunninghamellaceae","uncl_Cunninghamellaceae"
"Fungi","Ascomycota","Sordariomycetes","Chaetosphaeriales","Chaetosphaeriaceae","Pseudophialocephala","Pseudophialocephala_humicola"
"Fungi","Mucoromycota","Mortierellomycetes","Mortierellales","Mortierellaceae","uncl_Mortierellaceae","uncl_Mortierellaceae"
"Fungi","Ascomycota","Sordariomycetes","Branch06","uncl_Branch06","uncl_Branch06","uncl_Branch06"
"Fungi","Basidiomycota","Agaricomycetes","Agaricales","uncl_Agaricales","uncl_Agaricales","uncl_Agaricales"
"Fungi","Ascomycota","Sordariomycetes","uncl_Sordariomycetes","uncl_Sordariomycetes","uncl_Sordariomycetes","uncl_Sordariomycetes"
"Fungi","Ascomycota","Eurotiomycetes","Chaetothyriales","Herpotrichiellaceae","uncl_Herpotrichiellaceae","uncl_Herpotrichiellaceae"
"Fungi","Chytridiomycota","uncl_Chytridiomycota","uncl_Chytridiomycota","uncl_Chytridiomycota","uncl_Chytridiomycota","uncl_Chytridiomycota"
"Fungi","Ascomycota","Eurotiomycetes","Chaetothyriales","uncl_Chaetothyriales","uncl_Chaetothyriales","uncl_Chaetothyriales"
"Fungi","Ascomycota","uncl_Ascomycota","uncl_Ascomycota","uncl_Ascomycota","uncl_Ascomycota","uncl_Ascomycota"
"Fungi","Ascomycota","Pezizomycetes","Pezizales","Pyronemataceae","uncl_Pyronemataceae","uncl_Pyronemataceae"
"Fungi","Ascomycota","Dothideomycetes","Pleosporales","uncl_Pleosporales","uncl_Pleosporales","uncl_Pleosporales"
"Fungi","Ascomycota","Sordariomycetes","uncl_Sordariomycetes","uncl_Sordariomycetes","uncl_Sordariomycetes","uncl_Sordariomycetes"
"Fungi","Basidiomycota","Agaricomycetes","uncl_Agaricomycetes","uncl_Agaricomycetes","uncl_Agaricomycetes","uncl_Agaricomycetes"
"Fungi","Basidiomycota","uncl_Basidiomycota","uncl_Basidiomycota","uncl_Basidiomycota","uncl_Basidiomycota","uncl_Basidiomycota"
"Fungi","Ascomycota","Eurotiomycetes","Eurotiales","uncl_Eurotiales","uncl_Eurotiales","uncl_Eurotiales"
"Fungi","Ascomycota","uncl_Ascomycota","uncl_Ascomycota","uncl_Ascomycota","uncl_Ascomycota","uncl_Ascomycota"
"Fungi","Basidiomycota","Agaricomycetes","Agaricales","Clavariaceae","uncl_Clavariaceae","uncl_Clavariaceae"
"Fungi","Ascomycota","Dothideomycetes","Pleosporales","uncl_Pleosporales","uncl_Pleosporales","uncl_Pleosporales"
"Fungi","Ascomycota","Leotiomycetes","Helotiales","Tricladiaceae","Spirosphaera","Spirosphaera_cupreorufescens"
"Fungi","Ascomycota","Sordariomycetes","Xylariales","Xylariales_fam_Incertae_sedis","Fusidium","uncl_Fusidium"
"Fungi","Ascomycota","Eurotiomycetes","Chaetothyriales","Herpotrichiellaceae","uncl_Herpotrichiellaceae","uncl_Herpotrichiellaceae"
"Fungi","Ascomycota","Eurotiomycetes","Chaetothyriales","Herpotrichiellaceae","uncl_Herpotrichiellaceae","uncl_Herpotrichiellaceae"
"Fungi","Ascomycota","Leotiomycetes","uncl_Leotiomycetes","uncl_Leotiomycetes","uncl_Leotiomycetes","uncl_Leotiomycetes"
"Fungi","Basidiomycota","Tremellomycetes","Tremellales","uncl_Tremellales","uncl_Tremellales","uncl_Tremellales"
"Fungi","Ascomycota","Leotiomycetes","uncl_Leotiomycetes","uncl_Leotiomycetes","uncl_Leotiomycetes","uncl_Leotiomycetes"
"Fungi","Basidiomycota","Agaricomycetes","Agaricales","Psathyrellaceae","uncl_Psathyrellaceae","uncl_Psathyrellaceae"
"Fungi","Basidiomycota","Agaricomycetes","Agaricales","Clavariaceae","uncl_Clavariaceae","uncl_Clavariaceae"
"Fungi","Ascomycota","uncl_Ascomycota","uncl_Ascomycota","uncl_Ascomycota","uncl_Ascomycota","uncl_Ascomycota"
"Fungi","Basidiomycota","Agaricomycetes","Agaricales","Clavariaceae","Clavaria","uncl_Clavaria"
"Fungi","Ascomycota","Sordariomycetes","Amphisphaeriales","Discosiaceae","Discosia","uncl_Discosia"
"Fungi","Ascomycota","Dothideomycetes","Pleosporales","Dictyosporiaceae","Dictyosporium","Dictyosporium_strelitziae"
"Fungi","Basidiomycota","Agaricomycetes","Sebacinales","Serendipitaceae","uncl_Serendipitaceae","uncl_Serendipitaceae"
"Fungi","Basidiomycota","Agaricomycetes","Thelephorales","Thelephoraceae","uncl_Thelephoraceae","uncl_Thelephoraceae"
"Fungi","Ascomycota","Sordariomycetes","uncl_Sordariomycetes","uncl_Sordariomycetes","uncl_Sordariomycetes","uncl_Sordariomycetes"
"Fungi","Ascomycota","Sordariomycetes","Sordariales","uncl_Sordariales","uncl_Sordariales","uncl_Sordariales"
"Fungi","Mucoromycota","uncl_Mucoromycota","uncl_Mucoromycota","uncl_Mucoromycota","uncl_Mucoromycota","uncl_Mucoromycota"
"Fungi","Ascomycota","Leotiomycetes","Helotiales","uncl_Helotiales","uncl_Helotiales","uncl_Helotiales"
"Fungi","Basidiomycota","Agaricomycetes","Agaricales","Hygrophoraceae","Hygrocybe","uncl_Hygrocybe"
"Fungi","Basidiomycota","Spiculogloeomycetes","Spiculogloeales","Spiculogloeaceae","Phyllozyma","Phyllozyma_linderae"
"Fungi","Chytridiomycota","Rhizophydiomycetes","Rhizophydiales","uncl_Rhizophydiales","uncl_Rhizophydiales","uncl_Rhizophydiales"
"Fungi","Ascomycota","Sordariomycetes","Sordariales","Chaetomiaceae","uncl_Chaetomiaceae","uncl_Chaetomiaceae"
"Fungi","Basidiomycota","Agaricomycetes","Agaricales","Hygrophoraceae","Arrhenia","uncl_Arrhenia"
"Fungi","Ascomycota","uncl_Ascomycota","uncl_Ascomycota","uncl_Ascomycota","uncl_Ascomycota","uncl_Ascomycota"
"Fungi","Cryptomycota","uncl_Cryptomycota","uncl_Cryptomycota","uncl_Cryptomycota","uncl_Cryptomycota","uncl_Cryptomycota"
"Fungi","Basidiomycota","Agaricomycetes","Agaricales","Hygrophoraceae","Arrhenia","uncl_Arrhenia"
"Fungi","Ascomycota","Eurotiomycetes","Onygenales","uncl_Onygenales","uncl_Onygenales","uncl_Onygenales"
"Fungi","Ascomycota","uncl_Ascomycota","uncl_Ascomycota","uncl_Ascomycota","uncl_Ascomycota","uncl_Ascomycota"
"Fungi","Ascomycota","Orbiliomycetes","Orbiliales","uncl_Orbiliales","uncl_Orbiliales","uncl_Orbiliales"
"Fungi","Ascomycota","Sordariomycetes","Sordariales","Chaetomiaceae","uncl_Chaetomiaceae","uncl_Chaetomiaceae"
"Fungi","Basidiomycota","Agaricomycetes","Agaricales","uncl_Agaricales","uncl_Agaricales","uncl_Agaricales"
"Fungi","Ascomycota","Dothideomycetes","Pleosporales","uncl_Pleosporales","uncl_Pleosporales","uncl_Pleosporales"
"Fungi","Ascomycota","Sordariomycetes","Hypocreales","Nectriaceae","uncl_Nectriaceae","uncl_Nectriaceae"
"Fungi","Ascomycota","uncl_Ascomycota","uncl_Ascomycota","uncl_Ascomycota","uncl_Ascomycota","uncl_Ascomycota"
"Fungi","Ascomycota","uncl_Ascomycota","uncl_Ascomycota","uncl_Ascomycota","uncl_Ascomycota","uncl_Ascomycota"
"Fungi","Ascomycota","uncl_Ascomycota","uncl_Ascomycota","uncl_Ascomycota","uncl_Ascomycota","uncl_Ascomycota"
"Fungi","Basidiomycota","Agaricomycetes","Agaricales","Tricholomataceae","Xeromphalina","Xeromphalina_setulipes"
"Fungi","Basidiomycota","Agaricomycetes","Agaricales","Clavariaceae","uncl_Clavariaceae","uncl_Clavariaceae"
"Fungi","Basidiomycota","Agaricomycetes","Sebacinales","Serendipitaceae","uncl_Serendipitaceae","uncl_Serendipitaceae"
"Fungi","Basidiomycota","Agaricomycetes","Agaricales","Clavariaceae","uncl_Clavariaceae","uncl_Clavariaceae"
"Fungi","Basidiomycota","Agaricomycetes","uncl_Agaricomycetes","uncl_Agaricomycetes","uncl_Agaricomycetes","uncl_Agaricomycetes"
"Fungi","Ascomycota","Sordariomycetes","Xylariales","Xylariaceae","Anthostomella","Anthostomella_lamiacearum"
"Fungi","Ascomycota","uncl_Ascomycota","uncl_Ascomycota","uncl_Ascomycota","uncl_Ascomycota","uncl_Ascomycota"
"Fungi","Basidiomycota","Agaricomycetes","Agaricales","Clavariaceae","Ramariopsis","uncl_Ramariopsis"
"Fungi","Basidiomycota","Agaricomycetes","Agaricales","Tricholomataceae","Dermoloma","uncl_Dermoloma"
"Fungi","Mucoromycota","uncl_Mucoromycota","uncl_Mucoromycota","uncl_Mucoromycota","uncl_Mucoromycota","uncl_Mucoromycota"
"Fungi","Mucoromycota","Glomeromycetes","Glomerales","Glomeraceae","Glomus","uncl_Glomus"
"Fungi","Ascomycota","Sordariomycetes","uncl_Sordariomycetes","uncl_Sordariomycetes","uncl_Sordariomycetes","uncl_Sordariomycetes"
"Fungi","Ascomycota","Dothideomycetes","Pleosporales","Melanommataceae","Sporidesmiella","uncl_Sporidesmiella"
"Fungi","Mucoromycota","Glomeromycetes","Glomerales","Glomeraceae","uncl_Glomeraceae","uncl_Glomeraceae"
"Fungi","Basidiomycota","Agaricomycetes","Hymenochaetales","Schizoporaceae","Xylodon","Xylodon_sambuci"
"Fungi","Basidiomycota","Agaricomycetes","Agaricales","Psathyrellaceae","Psathyrella","uncl_Psathyrella"
"Fungi","Basidiomycota","Agaricomycetes","uncl_Agaricomycetes","uncl_Agaricomycetes","uncl_Agaricomycetes","uncl_Agaricomycetes"
"Fungi","Basidiomycota","Agaricomycetes","Trechisporales","Hydnodontaceae","Trechispora","uncl_Trechispora"
"Fungi","Basidiomycota","Agaricomycetes","Sebacinales","uncl_Sebacinales","uncl_Sebacinales","uncl_Sebacinales"
"Fungi","Mucoromycota","Glomeromycetes","Glomerales","Glomeraceae","uncl_Glomeraceae","uncl_Glomeraceae"
"Fungi","Basidiomycota","Agaricomycetes","Agaricales","Entolomataceae","Entoloma","uncl_Entoloma"
"Fungi","Cryptomycota","uncl_Cryptomycota","uncl_Cryptomycota","uncl_Cryptomycota","uncl_Cryptomycota","uncl_Cryptomycota"
"Fungi","Mucoromycota","Glomeromycetes","Glomerales","Glomeraceae","uncl_Glomeraceae","uncl_Glomeraceae"
"Fungi","Mucoromycota","Glomeromycetes","Glomerales","Glomeraceae","uncl_Glomeraceae","uncl_Glomeraceae"
"Fungi","Ascomycota","Dothideomycetes","Pleosporales","Pleosporaceae","Curvularia","uncl_Curvularia"
"Fungi","Ascomycota","Dothideomycetes","Pleosporales","Sporormiaceae","Preussia","Preussia_polymorpha"
"Fungi","Mucoromycota","Glomeromycetes","Glomerales","Glomeraceae","uncl_Glomeraceae","uncl_Glomeraceae"
"Fungi","Mucoromycota","Glomeromycetes","Glomerales","Glomeraceae","Glomus","uncl_Glomus"
"Fungi","Mucoromycota","Glomeromycetes","Glomerales","Glomeraceae","uncl_Glomeraceae","uncl_Glomeraceae"
"Fungi","Basidiomycota","Agaricomycetes","Geastrales","Geastraceae","Geastrum","Geastrum_xerophilum"
"Fungi","Ascomycota","Eurotiomycetes","uncl_Eurotiomycetes","uncl_Eurotiomycetes","uncl_Eurotiomycetes","uncl_Eurotiomycetes"
"Fungi","Basidiomycota","Agaricomycetes","Phallales","Phallaceae","Phallus","Phallus_hadriani"
"Fungi","Basidiomycota","Agaricomycetes","Cantharellales","Ceratobasidiaceae","uncl_Ceratobasidiaceae","uncl_Ceratobasidiaceae"
"Fungi","Ascomycota","Sordariomycetes","Microascales","Halosphaeriaceae","uncl_Halosphaeriaceae","uncl_Halosphaeriaceae"
"Fungi","Mucoromycota","Glomeromycetes","Glomerales","Glomeraceae","uncl_Glomeraceae","uncl_Glomeraceae"
"Fungi","Ascomycota","Lecanoromycetes","Ostropales","Stictidaceae","Cyanodermella","Cyanodermella_viridula"
"Fungi","Ascomycota","Sordariomycetes","uncl_Sordariomycetes","uncl_Sordariomycetes","uncl_Sordariomycetes","uncl_Sordariomycetes"
"Fungi","Mucoromycota","Glomeromycetes","Glomerales","Glomeraceae","uncl_Glomeraceae","uncl_Glomeraceae"
"Fungi","Basidiomycota","Agaricomycetes","Agaricales","Strophariaceae","Stropharia","uncl_Stropharia"
"Fungi","Ascomycota","Leotiomycetes","Helotiales","Helotiaceae","uncl_Helotiaceae","uncl_Helotiaceae"
"Fungi","Ascomycota","Sordariomycetes","Togniniales","Togniniaceae","uncl_Togniniaceae","uncl_Togniniaceae"
"Fungi","Basidiomycota","Agaricomycetes","Phallales","Phallaceae","Phallus","Phallus_rubicundus"
"Fungi","Ascomycota","Eurotiomycetes","Onygenales","uncl_Onygenales","uncl_Onygenales","uncl_Onygenales"
"Fungi","Ascomycota","uncl_Ascomycota","uncl_Ascomycota","uncl_Ascomycota","uncl_Ascomycota","uncl_Ascomycota"
"Fungi","Basidiomycota","Agaricomycetes","uncl_Agaricomycetes","uncl_Agaricomycetes","uncl_Agaricomycetes","uncl_Agaricomycetes"
"Fungi","Ascomycota","Sordariomycetes","uncl_Sordariomycetes","uncl_Sordariomycetes","uncl_Sordariomycetes","uncl_Sordariomycetes"
"Fungi","Basidiomycota","Agaricomycetes","Sebacinales","uncl_Sebacinales","uncl_Sebacinales","uncl_Sebacinales"
"Fungi","Ascomycota","uncl_Ascomycota","uncl_Ascomycota","uncl_Ascomycota","uncl_Ascomycota","uncl_Ascomycota"
"Fungi","Basidiomycota","Agaricomycetes","Cantharellales","Ceratobasidiaceae","uncl_Ceratobasidiaceae","uncl_Ceratobasidiaceae"
"Fungi","Ascomycota","Eurotiomycetes","Chaetothyriales","uncl_Chaetothyriales","uncl_Chaetothyriales","uncl_Chaetothyriales"
"Fungi","Basidiomycota","uncl_Basidiomycota","uncl_Basidiomycota","uncl_Basidiomycota","uncl_Basidiomycota","uncl_Basidiomycota"
"Fungi","Ascomycota","uncl_Ascomycota","uncl_Ascomycota","uncl_Ascomycota","uncl_Ascomycota","uncl_Ascomycota"
"Fungi","Ascomycota","Dothideomycetes","Pleosporales","Phaeosphaeriaceae","uncl_Phaeosphaeriaceae","uncl_Phaeosphaeriaceae"
"Fungi","Basidiomycota","Agaricomycetes","Agaricales","uncl_Agaricales","uncl_Agaricales","uncl_Agaricales"
"Fungi","Ascomycota","Sordariomycetes","Branch06","uncl_Branch06","uncl_Branch06","uncl_Branch06"
"Fungi","Basidiomycota","Agaricomycetes","Agaricales","uncl_Agaricales","uncl_Agaricales","uncl_Agaricales"
"Fungi","Basidiomycota","Agaricomycetes","uncl_Agaricomycetes","uncl_Agaricomycetes","uncl_Agaricomycetes","uncl_Agaricomycetes"
"Fungi","Ascomycota","Pezizomycetes","uncl_Pezizomycetes","uncl_Pezizomycetes","uncl_Pezizomycetes","uncl_Pezizomycetes"
"Fungi","Basidiomycota","Microbotryomycetes","uncl_Microbotryomycetes","uncl_Microbotryomycetes","uncl_Microbotryomycetes","uncl_Microbotryomycetes"
"Fungi","Mucoromycota","Glomeromycetes","Glomerales","Glomeraceae","Septoglomus","uncl_Septoglomus"
"Fungi","Mucoromycota","uncl_Mucoromycota","uncl_Mucoromycota","uncl_Mucoromycota","uncl_Mucoromycota","uncl_Mucoromycota"
"Fungi","Mucoromycota","Glomeromycetes","uncl_Glomeromycetes","uncl_Glomeromycetes","uncl_Glomeromycetes","uncl_Glomeromycetes"
"Fungi","Basidiomycota","Agaricomycetes","Agaricales","Entolomataceae","Entoloma","uncl_Entoloma"
"Fungi","Ascomycota","uncl_Ascomycota","uncl_Ascomycota","uncl_Ascomycota","uncl_Ascomycota","uncl_Ascomycota"
"Fungi","Mucoromycota","Glomeromycetes","Glomerales","Glomeraceae","uncl_Glomeraceae","uncl_Glomeraceae"
"Fungi","Basidiomycota","Agaricomycetes","Agaricales","Psathyrellaceae","Coprinopsis","uncl_Coprinopsis"
"Fungi","Ascomycota","uncl_Ascomycota","uncl_Ascomycota","uncl_Ascomycota","uncl_Ascomycota","uncl_Ascomycota"
"Fungi","Mucoromycota","Archaeosporomycetes","Archaeosporales","uncl_Archaeosporales","uncl_Archaeosporales","uncl_Archaeosporales"
"Fungi","Basidiomycota","Agaricomycetes","Agaricales","Psathyrellaceae","Coprinopsis","uncl_Coprinopsis"
"Fungi","Basidiomycota","Agaricomycetes","Agaricales","uncl_Agaricales","uncl_Agaricales","uncl_Agaricales"
"Fungi","Basidiomycota","Agaricomycetes","Agaricales","uncl_Agaricales","uncl_Agaricales","uncl_Agaricales"
"Fungi","Basidiomycota","Agaricomycetes","Agaricales","uncl_Agaricales","uncl_Agaricales","uncl_Agaricales"
"Fungi","Basidiomycota","Agaricomycetes","Polyporales","Phanerochaetaceae","Phanerochaete","uncl_Phanerochaete"
"Fungi","Ascomycota","Dothideomycetes","Pleosporales","uncl_Pleosporales","uncl_Pleosporales","uncl_Pleosporales"
"Fungi","Basidiomycota","Agaricomycetes","Agaricales","Psathyrellaceae","Coprinopsis","Coprinopsis_cinerea"
"Fungi","Ascomycota","Eurotiomycetes","Chaetothyriales","Herpotrichiellaceae","Veronaea","uncl_Veronaea"
"Fungi","Basidiomycota","Cystobasidiomycetes","Cystobasidiales","Cystobasidiaceae","Occultifur","uncl_Occultifur"
"Fungi","Olpidiomycota","Olpidiomycetes","Olpidiales","Olpidiaceae","uncl_Olpidiaceae","uncl_Olpidiaceae"
"Fungi","Basidiomycota","Agaricomycetes","Boletales","Rhizopogonaceae","Rhizopogon","Rhizopogon_occidentalis"
"Fungi","Ascomycota","Sordariomycetes","Sordariales","uncl_Sordariales","uncl_Sordariales","uncl_Sordariales"
"Fungi","Zoopagomycota","uncl_Zoopagomycota","uncl_Zoopagomycota","uncl_Zoopagomycota","uncl_Zoopagomycota","uncl_Zoopagomycota"
"Fungi","Ascomycota","Sordariomycetes","Hypocreales","uncl_Hypocreales","uncl_Hypocreales","uncl_Hypocreales"
"Fungi","Ascomycota","Sordariomycetes","Diaporthales","uncl_Diaporthales","uncl_Diaporthales","uncl_Diaporthales"
"Fungi","Ascomycota","Pezizomycetes","uncl_Pezizomycetes","uncl_Pezizomycetes","uncl_Pezizomycetes","uncl_Pezizomycetes"
"Fungi","Ascomycota","Sordariomycetes","Diaporthales","Schizoparmaceae","Coniella","uncl_Coniella"
"Fungi","Chytridiomycota","Cladochytriomycetes","Cladochytriales","uncl_Cladochytriales","uncl_Cladochytriales","uncl_Cladochytriales"
"Fungi","Ascomycota","uncl_Ascomycota","uncl_Ascomycota","uncl_Ascomycota","uncl_Ascomycota","uncl_Ascomycota"
"Fungi","Ascomycota","uncl_Ascomycota","uncl_Ascomycota","uncl_Ascomycota","uncl_Ascomycota","uncl_Ascomycota"
"Fungi","Ascomycota","uncl_Ascomycota","uncl_Ascomycota","uncl_Ascomycota","uncl_Ascomycota","uncl_Ascomycota"
"Fungi","Ascomycota","uncl_Ascomycota","uncl_Ascomycota","uncl_Ascomycota","uncl_Ascomycota","uncl_Ascomycota"
"Fungi","Basidiomycota","uncl_Basidiomycota","uncl_Basidiomycota","uncl_Basidiomycota","uncl_Basidiomycota","uncl_Basidiomycota"
"Fungi","Ascomycota","Dothideomycetes","Pleosporales","uncl_Pleosporales","uncl_Pleosporales","uncl_Pleosporales"
"Fungi","Mucoromycota","Mortierellomycetes","Mortierellales","Mortierellaceae","Mortierella","uncl_Mortierella"
"Fungi","Ascomycota","Eurotiomycetes","Chaetothyriales","uncl_Chaetothyriales","uncl_Chaetothyriales","uncl_Chaetothyriales"
"Fungi","Basidiomycota","Agaricomycetes","Geastrales","Geastraceae","Geastrum","uncl_Geastrum"
"Fungi","Ascomycota","Dothideomycetes","Mycosphaerellales","Teratosphaeriaceae","uncl_Teratosphaeriaceae","uncl_Teratosphaeriaceae"
"Fungi","Ascomycota","Eurotiomycetes","Chaetothyriales","uncl_Chaetothyriales","uncl_Chaetothyriales","uncl_Chaetothyriales"
"Fungi","Basidiomycota","Agaricomycetes","Agaricales","Entolomataceae","Clitopilus","uncl_Clitopilus"
"Fungi","Ascomycota","Dothideomycetes","Mycosphaerellales","Teratosphaeriaceae","uncl_Teratosphaeriaceae","uncl_Teratosphaeriaceae"
"Fungi","Ascomycota","uncl_Ascomycota","uncl_Ascomycota","uncl_Ascomycota","uncl_Ascomycota","uncl_Ascomycota"
"Fungi","Mucoromycota","Glomeromycetes","uncl_Glomeromycetes","uncl_Glomeromycetes","uncl_Glomeromycetes","uncl_Glomeromycetes"
"Fungi","Ascomycota","uncl_Ascomycota","uncl_Ascomycota","uncl_Ascomycota","uncl_Ascomycota","uncl_Ascomycota"
"Fungi","Cryptomycota","uncl_Cryptomycota","uncl_Cryptomycota","uncl_Cryptomycota","uncl_Cryptomycota","uncl_Cryptomycota"
"Fungi","Ascomycota","Sordariomycetes","Hypocreales","Hypocreales_fam_Incertae_sedis","Acremonium","uncl_Acremonium"
"Fungi","Basidiomycota","Agaricomycetes","Agaricales","Strophariaceae","uncl_Strophariaceae","uncl_Strophariaceae"
"Fungi","Ascomycota","Dothideomycetes","uncl_Dothideomycetes","uncl_Dothideomycetes","uncl_Dothideomycetes","uncl_Dothideomycetes"
"Fungi","Ascomycota","Sordariomycetes","Hypocreales","uncl_Hypocreales","uncl_Hypocreales","uncl_Hypocreales"
"Fungi","Ascomycota","Sordariomycetes","uncl_Sordariomycetes","uncl_Sordariomycetes","uncl_Sordariomycetes","uncl_Sordariomycetes"
"Fungi","Basidiomycota","Agaricomycetes","Sebacinales","uncl_Sebacinales","uncl_Sebacinales","uncl_Sebacinales"
"Fungi","Ascomycota","Dothideomycetes","Pleosporales","uncl_Pleosporales","uncl_Pleosporales","uncl_Pleosporales"
"Fungi","Cryptomycota","uncl_Cryptomycota","uncl_Cryptomycota","uncl_Cryptomycota","uncl_Cryptomycota","uncl_Cryptomycota"
"Fungi","Ascomycota","Sordariomycetes","Sordariales","Chaetomiaceae","uncl_Chaetomiaceae","uncl_Chaetomiaceae"
"Fungi","Ascomycota","Sordariomycetes","Chaetosphaeriales","Chaetosphaeriaceae","Chloridium","uncl_Chloridium"
"Fungi","Ascomycota","Dothideomycetes","Pleosporales","uncl_Pleosporales","uncl_Pleosporales","uncl_Pleosporales"
"Fungi","Ascomycota","uncl_Ascomycota","uncl_Ascomycota","uncl_Ascomycota","uncl_Ascomycota","uncl_Ascomycota"
"Fungi","Basidiomycota","Ustilaginomycetes","Ustilaginales","Ustilaginaceae","Moesziomyces","Moesziomyces_aphidis"
"Fungi","Mucoromycota","uncl_Mucoromycota","uncl_Mucoromycota","uncl_Mucoromycota","uncl_Mucoromycota","uncl_Mucoromycota"
"Fungi","Ascomycota","uncl_Ascomycota","uncl_Ascomycota","uncl_Ascomycota","uncl_Ascomycota","uncl_Ascomycota"
"Fungi","Ascomycota","Sordariomycetes","Myrmecridiales","uncl_Myrmecridiales","uncl_Myrmecridiales","uncl_Myrmecridiales"
"Fungi","Ascomycota","Dothideomycetes","Venturiales","Sympoventuriaceae","Scolecobasidium","Scolecobasidium_cordanae"
"Fungi","Ascomycota","Sordariomycetes","uncl_Sordariomycetes","uncl_Sordariomycetes","uncl_Sordariomycetes","uncl_Sordariomycetes"
"Fungi","Ascomycota","Sordariomycetes","Hypocreales","uncl_Hypocreales","uncl_Hypocreales","uncl_Hypocreales"
"Fungi","Ascomycota","uncl_Ascomycota","uncl_Ascomycota","uncl_Ascomycota","uncl_Ascomycota","uncl_Ascomycota"
"Fungi","Mucoromycota","uncl_Mucoromycota","uncl_Mucoromycota","uncl_Mucoromycota","uncl_Mucoromycota","uncl_Mucoromycota"
"Fungi","Basidiomycota","Agaricomycetes","Agaricales","Marasmiaceae","Marasmius","uncl_Marasmius"
"Fungi","Basidiomycota","Agaricomycetes","Auriculariales","uncl_Auriculariales","uncl_Auriculariales","uncl_Auriculariales"
"Fungi","Ascomycota","Sordariomycetes","Xylariales","uncl_Xylariales","uncl_Xylariales","uncl_Xylariales"
"Fungi","Basidiomycota","Agaricomycetes","uncl_Agaricomycetes","uncl_Agaricomycetes","uncl_Agaricomycetes","uncl_Agaricomycetes"
"Fungi","Basidiomycota","Agaricomycetes","Agaricales","Marasmiaceae","uncl_Marasmiaceae","uncl_Marasmiaceae"
"Fungi","Basidiomycota","Agaricomycetes","Agaricales","Marasmiaceae","uncl_Marasmiaceae","uncl_Marasmiaceae"
"Fungi","Basidiomycota","Agaricomycetes","Russulales","uncl_Russulales","uncl_Russulales","uncl_Russulales"
"Fungi","Ascomycota","Sordariomycetes","Hypocreales","Niessliaceae","Niesslia","uncl_Niesslia"
"Fungi","Basidiomycota","Agaricomycetes","Sebacinales","Serendipitaceae","Serendipita","uncl_Serendipita"
"Fungi","Ascomycota","Dothideomycetes","Pleosporales","Pleosporales_fam_Incertae_sedis","Pseudorobillarda","uncl_Pseudorobillarda"
"Fungi","Mucoromycota","Glomeromycetes","Diversisporales","uncl_Diversisporales","uncl_Diversisporales","uncl_Diversisporales"
"Fungi","Ascomycota","Dothideomycetes","Pleosporales","uncl_Pleosporales","uncl_Pleosporales","uncl_Pleosporales"
"Fungi","Ascomycota","Dothideomycetes","Pleosporales","uncl_Pleosporales","uncl_Pleosporales","uncl_Pleosporales"
"Fungi","Ascomycota","Dothideomycetes","Pleosporales","Pleosporaceae","Edenia","Edenia_gomezpompae"
"Fungi","Ascomycota","uncl_Ascomycota","uncl_Ascomycota","uncl_Ascomycota","uncl_Ascomycota","uncl_Ascomycota"
"Fungi","Mucoromycota","Glomeromycetes","Diversisporales","Diversisporaceae","Diversispora","Diversispora_epigaea"
"Fungi","Ascomycota","Dothideomycetes","Hysteriales","Hysteriaceae","Rhytidhysteron","uncl_Rhytidhysteron"
"Fungi","Ascomycota","Dothideomycetes","Pleosporales","Periconiaceae","uncl_Periconiaceae","uncl_Periconiaceae"
"Fungi","Ascomycota","Dothideomycetes","Venturiales","Sympoventuriaceae","uncl_Sympoventuriaceae","uncl_Sympoventuriaceae"
"Fungi","Basidiomycota","Agaricomycetes","Polyporales","Meripilaceae","Physisporinus","Physisporinus_vitreus"
"Fungi","Basidiomycota","Agaricomycetes","Sebacinales","uncl_Sebacinales","uncl_Sebacinales","uncl_Sebacinales"
"Fungi","Mucoromycota","Glomeromycetes","Glomerales","Glomeraceae","uncl_Glomeraceae","uncl_Glomeraceae"
"Fungi","Ascomycota","uncl_Ascomycota","uncl_Ascomycota","uncl_Ascomycota","uncl_Ascomycota","uncl_Ascomycota"
"Fungi","Ascomycota","Sordariomycetes","uncl_Sordariomycetes","uncl_Sordariomycetes","uncl_Sordariomycetes","uncl_Sordariomycetes"
"Fungi","Ascomycota","uncl_Ascomycota","uncl_Ascomycota","uncl_Ascomycota","uncl_Ascomycota","uncl_Ascomycota"
"Fungi","Basidiomycota","Agaricomycetes","Agaricales","Psathyrellaceae","uncl_Psathyrellaceae","uncl_Psathyrellaceae"
"Fungi","Ascomycota","Sordariomycetes","Hypocreales","uncl_Hypocreales","uncl_Hypocreales","uncl_Hypocreales"
"Fungi","Ascomycota","uncl_Ascomycota","uncl_Ascomycota","uncl_Ascomycota","uncl_Ascomycota","uncl_Ascomycota"
"Fungi","Basidiomycota","Agaricomycetes","Cantharellales","Tulasnellaceae","Tulasnella","uncl_Tulasnella"
"Fungi","Basidiomycota","Agaricomycetes","Agaricales","Psathyrellaceae","uncl_Psathyrellaceae","uncl_Psathyrellaceae"
"Fungi","Ascomycota","uncl_Ascomycota","uncl_Ascomycota","uncl_Ascomycota","uncl_Ascomycota","uncl_Ascomycota"
"Fungi","Ascomycota","Sordariomycetes","Sordariales","uncl_Sordariales","uncl_Sordariales","uncl_Sordariales"
"Fungi","Ascomycota","Sordariomycetes","Sordariales","Podosporaceae","Podospora","uncl_Podospora"
"Fungi","Ascomycota","Sordariomycetes","Hypocreales","uncl_Hypocreales","uncl_Hypocreales","uncl_Hypocreales"
"Fungi","Ascomycota","Dothideomycetes","Pleosporales","uncl_Pleosporales","uncl_Pleosporales","uncl_Pleosporales"
"Fungi","Cryptomycota","uncl_Cryptomycota","uncl_Cryptomycota","uncl_Cryptomycota","uncl_Cryptomycota","uncl_Cryptomycota"
"Fungi","Ascomycota","uncl_Ascomycota","uncl_Ascomycota","uncl_Ascomycota","uncl_Ascomycota","uncl_Ascomycota"
"Fungi","Ascomycota","Eurotiomycetes","Chaetothyriales","uncl_Chaetothyriales","uncl_Chaetothyriales","uncl_Chaetothyriales"
"Fungi","Ascomycota","uncl_Ascomycota","uncl_Ascomycota","uncl_Ascomycota","uncl_Ascomycota","uncl_Ascomycota"
"Fungi","Chytridiomycota","Cladochytriomycetes","Cladochytriales","uncl_Cladochytriales","uncl_Cladochytriales","uncl_Cladochytriales"
"Fungi","Ascomycota","Sordariomycetes","Hypocreales","uncl_Hypocreales","uncl_Hypocreales","uncl_Hypocreales"
"Fungi","Mucoromycota","Glomeromycetes","Glomerales","Glomeraceae","Rhizophagus","Rhizophagus_prolifer"
"Fungi","Chytridiomycota","uncl_Chytridiomycota","uncl_Chytridiomycota","uncl_Chytridiomycota","uncl_Chytridiomycota","uncl_Chytridiomycota"
"Fungi","Ascomycota","Sordariomycetes","Hypocreales","uncl_Hypocreales","uncl_Hypocreales","uncl_Hypocreales"
"Fungi","Ascomycota","uncl_Ascomycota","uncl_Ascomycota","uncl_Ascomycota","uncl_Ascomycota","uncl_Ascomycota"
"Fungi","Ascomycota","Sordariomycetes","Sordariales","uncl_Sordariales","uncl_Sordariales","uncl_Sordariales"
"Fungi","Mucoromycota","Mortierellomycetes","Mortierellales","uncl_Mortierellales","uncl_Mortierellales","uncl_Mortierellales"
"Fungi","Basidiomycota","Agaricomycetes","Agaricales","Psathyrellaceae","Parasola","uncl_Parasola"
"Fungi","Ascomycota","Sordariomycetes","uncl_Sordariomycetes","uncl_Sordariomycetes","uncl_Sordariomycetes","uncl_Sordariomycetes"
"Fungi","Ascomycota","uncl_Ascomycota","uncl_Ascomycota","uncl_Ascomycota","uncl_Ascomycota","uncl_Ascomycota"
"Fungi","Ascomycota","Dothideomycetes","Tubeufiales","Tubeufiaceae","uncl_Tubeufiaceae","uncl_Tubeufiaceae"
"Fungi","Ascomycota","Eurotiomycetes","Chaetothyriales","Cyphellophoraceae","uncl_Cyphellophoraceae","uncl_Cyphellophoraceae"
"Fungi","Ascomycota","Sordariomycetes","Sordariales","uncl_Sordariales","uncl_Sordariales","uncl_Sordariales"
"Fungi","Ascomycota","Eurotiomycetes","Chaetothyriales","uncl_Chaetothyriales","uncl_Chaetothyriales","uncl_Chaetothyriales"
"Fungi","Ascomycota","uncl_Ascomycota","uncl_Ascomycota","uncl_Ascomycota","uncl_Ascomycota","uncl_Ascomycota"
"Fungi","Ascomycota","Dothideomycetes","Pleosporales","Phaeosphaeriaceae","uncl_Phaeosphaeriaceae","uncl_Phaeosphaeriaceae"
"Fungi","Ascomycota","uncl_Ascomycota","uncl_Ascomycota","uncl_Ascomycota","uncl_Ascomycota","uncl_Ascomycota"
"Fungi","Ascomycota","Sordariomycetes","Sordariales","Chaetomiaceae","uncl_Chaetomiaceae","uncl_Chaetomiaceae"
"Fungi","Ascomycota","uncl_Ascomycota","uncl_Ascomycota","uncl_Ascomycota","uncl_Ascomycota","uncl_Ascomycota"
"Fungi","Mucoromycota","Glomeromycetes","Glomerales","Glomeraceae","Rhizophagus","Rhizophagus_intraradices"
"Fungi","Ascomycota","uncl_Ascomycota","uncl_Ascomycota","uncl_Ascomycota","uncl_Ascomycota","uncl_Ascomycota"
"Fungi","Mucoromycota","Glomeromycetes","Glomerales","Glomeraceae","Rhizophagus","Rhizophagus_intraradices"
"Fungi","Mucoromycota","Glomeromycetes","Glomerales","Glomeraceae","Rhizophagus","Rhizophagus_intraradices"
"Fungi","Mucoromycota","Glomeromycetes","Glomerales","Glomeraceae","Rhizophagus","uncl_Rhizophagus"
"Fungi","Basidiomycota","Agaricomycetes","Sebacinales","Serendipitaceae","uncl_Serendipitaceae","uncl_Serendipitaceae"
"Fungi","Basidiomycota","Agaricomycetes","Agaricales","uncl_Agaricales","uncl_Agaricales","uncl_Agaricales"
"Fungi","Basidiomycota","Agaricomycetes","Agaricales","Entolomataceae","Clitopilus","uncl_Clitopilus"
"Fungi","Ascomycota","Dothideomycetes","Pleosporales","Tetraplosphaeriaceae","Tetraploa","uncl_Tetraploa"
"Fungi","Ascomycota","Sordariomycetes","Coniochaetales","Coniochaetaceae","Coniochaeta","uncl_Coniochaeta"
"Fungi","Ascomycota","Dothideomycetes","Pleosporales","Teichosporaceae","uncl_Teichosporaceae","uncl_Teichosporaceae"
"Fungi","Ascomycota","Dothideomycetes","Pleosporales","Pleosporaceae","Pithomyces","Pithomyces_graminicola"
"Fungi","Ascomycota","Sordariomycetes","uncl_Sordariomycetes","uncl_Sordariomycetes","uncl_Sordariomycetes","uncl_Sordariomycetes"
"Fungi","Basidiomycota","Agaricomycetes","Trechisporales","uncl_Trechisporales","uncl_Trechisporales","uncl_Trechisporales"
"Fungi","Basidiomycota","Agaricomycetes","Russulales","Peniophoraceae","uncl_Peniophoraceae","uncl_Peniophoraceae"
"Fungi","Ascomycota","Dothideomycetes","uncl_Dothideomycetes","uncl_Dothideomycetes","uncl_Dothideomycetes","uncl_Dothideomycetes"
"Fungi","Ascomycota","Dothideomycetes","Venturiales","Sympoventuriaceae","uncl_Sympoventuriaceae","uncl_Sympoventuriaceae"
"Fungi","Ascomycota","uncl_Ascomycota","uncl_Ascomycota","uncl_Ascomycota","uncl_Ascomycota","uncl_Ascomycota"
"Fungi","Ascomycota","uncl_Ascomycota","uncl_Ascomycota","uncl_Ascomycota","uncl_Ascomycota","uncl_Ascomycota"
"Fungi","Basidiomycota","Agaricomycetes","Russulales","Peniophoraceae","Peniophora","uncl_Peniophora"
"Fungi","Ascomycota","Leotiomycetes","Helotiales","Porodiplodiaceae","Porodiplodia","Porodiplodia_vitis"
"Fungi","Basidiomycota","Cystobasidiomycetes","Erythrobasidiales","Erythrobasidiaceae","Erythrobasidium","uncl_Erythrobasidium"
"Fungi","Basidiomycota","Cystobasidiomycetes","Erythrobasidiales","Erythrobasidiaceae","Erythrobasidium","uncl_Erythrobasidium"
"Fungi","Basidiomycota","Agaricomycetes","Agaricales","Tricholomataceae","Flagelloscypha","uncl_Flagelloscypha"
"Fungi","Ascomycota","uncl_Ascomycota","uncl_Ascomycota","uncl_Ascomycota","uncl_Ascomycota","uncl_Ascomycota"
"Fungi","Basidiomycota","Agaricomycetes","Russulales","Peniophoraceae","Peniophora","uncl_Peniophora"
"Fungi","Ascomycota","Sordariomycetes","Hypocreales","Nectriaceae","Fusarium","uncl_Fusarium"
"Fungi","Ascomycota","Dothideomycetes","uncl_Dothideomycetes","uncl_Dothideomycetes","uncl_Dothideomycetes","uncl_Dothideomycetes"
"Fungi","Ascomycota","Dothideomycetes","Pleosporales","Teichosporaceae","uncl_Teichosporaceae","uncl_Teichosporaceae"
"Fungi","Ascomycota","Sordariomycetes","Hypocreales","Sarocladiaceae","Parasarocladium","uncl_Parasarocladium"
"Fungi","Ascomycota","Sordariomycetes","uncl_Sordariomycetes","uncl_Sordariomycetes","uncl_Sordariomycetes","uncl_Sordariomycetes"
"Fungi","Basidiomycota","uncl_Basidiomycota","uncl_Basidiomycota","uncl_Basidiomycota","uncl_Basidiomycota","uncl_Basidiomycota"
"Fungi","Ascomycota","Dothideomycetes","Minutisphaerales","Acrogenosporaceae","uncl_Acrogenosporaceae","uncl_Acrogenosporaceae"
"Fungi","Ascomycota","Eurotiomycetes","uncl_Eurotiomycetes","uncl_Eurotiomycetes","uncl_Eurotiomycetes","uncl_Eurotiomycetes"
"Fungi","Basidiomycota","Agaricomycetes","uncl_Agaricomycetes","uncl_Agaricomycetes","uncl_Agaricomycetes","uncl_Agaricomycetes"
"Fungi","Basidiomycota","Agaricomycetes","Agaricales","uncl_Agaricales","uncl_Agaricales","uncl_Agaricales"
"Fungi","Ascomycota","uncl_Ascomycota","uncl_Ascomycota","uncl_Ascomycota","uncl_Ascomycota","uncl_Ascomycota"
"Fungi","Basidiomycota","Agaricomycetes","Agaricales","uncl_Agaricales","uncl_Agaricales","uncl_Agaricales"
"Fungi","Ascomycota","Sordariomycetes","uncl_Sordariomycetes","uncl_Sordariomycetes","uncl_Sordariomycetes","uncl_Sordariomycetes"
"Fungi","Ascomycota","Dothideomycetes","Pleosporales","uncl_Pleosporales","uncl_Pleosporales","uncl_Pleosporales"
"Fungi","Ascomycota","uncl_Ascomycota","uncl_Ascomycota","uncl_Ascomycota","uncl_Ascomycota","uncl_Ascomycota"
"Fungi","Basidiomycota","Tremellomycetes","Filobasidiales","uncl_Filobasidiales","uncl_Filobasidiales","uncl_Filobasidiales"
"Fungi","Basidiomycota","Agaricomycetes","Agaricales","Marasmiaceae","Chaetocalathus","uncl_Chaetocalathus"
"Fungi","Ascomycota","Dothideomycetes","Pleosporales","Phaeosphaeriaceae","uncl_Phaeosphaeriaceae","uncl_Phaeosphaeriaceae"
"Fungi","Basidiomycota","Agaricomycetes","Agaricales","Marasmiaceae","Chaetocalathus","uncl_Chaetocalathus"
"Fungi","Ascomycota","Dothideomycetes","uncl_Dothideomycetes","uncl_Dothideomycetes","uncl_Dothideomycetes","uncl_Dothideomycetes"
"Fungi","Ascomycota","Dothideomycetes","Tubeufiales","uncl_Tubeufiales","uncl_Tubeufiales","uncl_Tubeufiales"
"Fungi","Basidiomycota","Tremellomycetes","Tremellales","Rhynchogastremataceae","Papiliotrema","Papiliotrema_aspenensis"
"Fungi","Ascomycota","uncl_Ascomycota","uncl_Ascomycota","uncl_Ascomycota","uncl_Ascomycota","uncl_Ascomycota"
"Fungi","Basidiomycota","Agaricomycetes","Agaricales","uncl_Agaricales","uncl_Agaricales","uncl_Agaricales"
"Fungi","Ascomycota","Dothideomycetes","Pleosporales","Periconiaceae","Periconia","Periconia_echinochloae"
"Fungi","Ascomycota","Dothideomycetes","Pleosporales","Phaeosphaeriaceae","Wojnowiciella","uncl_Wojnowiciella"
"Fungi","Ascomycota","Sordariomycetes","uncl_Sordariomycetes","uncl_Sordariomycetes","uncl_Sordariomycetes","uncl_Sordariomycetes"
"Fungi","Ascomycota","Sordariomycetes","Hypocreales","Hypocreaceae","Trichoderma","uncl_Trichoderma"
"Fungi","Ascomycota","Sordariomycetes","Hypocreales","Nectriaceae","uncl_Nectriaceae","uncl_Nectriaceae"
"Fungi","Basidiomycota","Agaricomycetes","uncl_Agaricomycetes","uncl_Agaricomycetes","uncl_Agaricomycetes","uncl_Agaricomycetes"
"Fungi","Ascomycota","Pezizomycetes","Pezizales","Ascobolaceae","Ascobolus","uncl_Ascobolus"
"Fungi","Basidiomycota","Agaricomycetes","Tremellodendropsidales","uncl_Tremellodendropsidales","uncl_Tremellodendropsidales","uncl_Tremellodendropsidales"
"Fungi","Basidiomycota","Agaricomycetes","Agaricales","uncl_Agaricales","uncl_Agaricales","uncl_Agaricales"
"Fungi","Mucoromycota","Glomeromycetes","Glomerales","Glomeraceae","Rhizophagus","Rhizophagus_intraradices"
"Fungi","Basidiomycota","Tritirachiomycetes","Tritirachiales","Tritirachiaceae","Tritirachium","uncl_Tritirachium"
"Fungi","Basidiomycota","Agaricomycetes","uncl_Agaricomycetes","uncl_Agaricomycetes","uncl_Agaricomycetes","uncl_Agaricomycetes"
"Fungi","Ascomycota","Sordariomycetes","uncl_Sordariomycetes","uncl_Sordariomycetes","uncl_Sordariomycetes","uncl_Sordariomycetes"
"Fungi","Zoopagomycota","Ramicandelaberomycetes","Ramicandelaberales","uncl_Ramicandelaberales","uncl_Ramicandelaberales","uncl_Ramicandelaberales"
"Fungi","Cryptomycota","uncl_Cryptomycota","uncl_Cryptomycota","uncl_Cryptomycota","uncl_Cryptomycota","uncl_Cryptomycota"
"Fungi","Ascomycota","Sordariomycetes","Atractosporales","uncl_Atractosporales","uncl_Atractosporales","uncl_Atractosporales"
"Fungi","Ascomycota","Eurotiomycetes","Chaetothyriales","uncl_Chaetothyriales","uncl_Chaetothyriales","uncl_Chaetothyriales"
"Fungi","Ascomycota","Dothideomycetes","Venturiales","uncl_Venturiales","uncl_Venturiales","uncl_Venturiales"
"Fungi","Ascomycota","Eurotiomycetes","Chaetothyriales","Herpotrichiellaceae","uncl_Herpotrichiellaceae","uncl_Herpotrichiellaceae"
"Fungi","Basidiomycota","Agaricomycetes","uncl_Agaricomycetes","uncl_Agaricomycetes","uncl_Agaricomycetes","uncl_Agaricomycetes"
"Fungi","Basidiomycota","uncl_Basidiomycota","uncl_Basidiomycota","uncl_Basidiomycota","uncl_Basidiomycota","uncl_Basidiomycota"
"Fungi","Mucoromycota","Glomeromycetes","Glomerales","Glomeraceae","Funneliformis","uncl_Funneliformis"
"Fungi","Chytridiomycota","Rhizophydiomycetes","Rhizophydiales","Rhizophydiaceae","uncl_Rhizophydiaceae","uncl_Rhizophydiaceae"
"Fungi","Mucoromycota","uncl_Mucoromycota","uncl_Mucoromycota","uncl_Mucoromycota","uncl_Mucoromycota","uncl_Mucoromycota"
"Fungi","Mucoromycota","Glomeromycetes","Glomerales","uncl_Glomerales","uncl_Glomerales","uncl_Glomerales"
"Fungi","Cryptomycota","Rozellomycotina_cls_Incertae_sedis","uncl_Rozellomycotina_cls_Incertae_sedis","uncl_Rozellomycotina_cls_Incertae_sedis","uncl_Rozellomycotina_cls_Incertae_sedis","uncl_Rozellomycotina_cls_Incertae_sedis"
"Fungi","Mucoromycota","Glomeromycetes","uncl_Glomeromycetes","uncl_Glomeromycetes","uncl_Glomeromycetes","uncl_Glomeromycetes"
"Fungi","Ascomycota","Dothideomycetes","uncl_Dothideomycetes","uncl_Dothideomycetes","uncl_Dothideomycetes","uncl_Dothideomycetes"
"Fungi","Mucoromycota","Glomeromycetes","Glomerales","Glomeraceae","uncl_Glomeraceae","uncl_Glomeraceae"
"Fungi","Entorrhizomycota","Entorrhizomycetes","Entorrhizales","Entorrhizaceae","Entorrhiza","uncl_Entorrhiza"
"Fungi","Zoopagomycota","Ramicandelaberomycetes","Ramicandelaberales","uncl_Ramicandelaberales","uncl_Ramicandelaberales","uncl_Ramicandelaberales"
"Fungi","Mucoromycota","Glomeromycetes","uncl_Glomeromycetes","uncl_Glomeromycetes","uncl_Glomeromycetes","uncl_Glomeromycetes"
"Fungi","Ascomycota","Sordariomycetes","Myrmecridiales","uncl_Myrmecridiales","uncl_Myrmecridiales","uncl_Myrmecridiales"
"Fungi","Ascomycota","Eurotiomycetes","Chaetothyriales","uncl_Chaetothyriales","uncl_Chaetothyriales","uncl_Chaetothyriales"
"Fungi","Ascomycota","Eurotiomycetes","uncl_Eurotiomycetes","uncl_Eurotiomycetes","uncl_Eurotiomycetes","uncl_Eurotiomycetes"
"Fungi","Mucoromycota","uncl_Mucoromycota","uncl_Mucoromycota","uncl_Mucoromycota","uncl_Mucoromycota","uncl_Mucoromycota"
"Fungi","Chytridiomycota","Rhizophydiomycetes","Rhizophydiales","uncl_Rhizophydiales","uncl_Rhizophydiales","uncl_Rhizophydiales"
"Fungi","Ascomycota","Sordariomycetes","uncl_Sordariomycetes","uncl_Sordariomycetes","uncl_Sordariomycetes","uncl_Sordariomycetes"
"Fungi","Ascomycota","Orbiliomycetes","Orbiliales","uncl_Orbiliales","uncl_Orbiliales","uncl_Orbiliales"
"Fungi","Basidiomycota","Agaricomycetes","Sebacinales","Serendipitaceae","uncl_Serendipitaceae","uncl_Serendipitaceae"
"Fungi","Basidiomycota","Agaricomycetes","Agaricales","Psathyrellaceae","Coprinopsis","Coprinopsis_urticicola"
"Fungi","Mucoromycota","Glomeromycetes","Glomerales","Glomeraceae","uncl_Glomeraceae","uncl_Glomeraceae"
"Fungi","Zoopagomycota","Zoopagomycetes","Zoopagales","Piptocephalidaceae","uncl_Piptocephalidaceae","uncl_Piptocephalidaceae"
"Fungi","Ascomycota","Sordariomycetes","Hypocreales","Clavicipitaceae","Marquandomyces","Marquandomyces_marquandii"
"Fungi","Mucoromycota","Glomeromycetes","Glomerales","Glomeraceae","uncl_Glomeraceae","uncl_Glomeraceae"
"Fungi","Ascomycota","Sordariomycetes","uncl_Sordariomycetes","uncl_Sordariomycetes","uncl_Sordariomycetes","uncl_Sordariomycetes"
"Fungi","Basidiomycota","Tremellomycetes","Tremellales","Tremellaceae","Tremella","uncl_Tremella"
"Fungi","Basidiomycota","Agaricomycetes","uncl_Agaricomycetes","uncl_Agaricomycetes","uncl_Agaricomycetes","uncl_Agaricomycetes"
"Fungi","Basidiomycota","Agaricomycetes","Agaricales","Marasmiaceae","Tetrapyrgos","uncl_Tetrapyrgos"
"Fungi","Ascomycota","Orbiliomycetes","Orbiliales","uncl_Orbiliales","uncl_Orbiliales","uncl_Orbiliales"
"Fungi","Ascomycota","Lecanoromycetes","Ostropales","uncl_Ostropales","uncl_Ostropales","uncl_Ostropales"
"Fungi","Ascomycota","Leotiomycetes","uncl_Leotiomycetes","uncl_Leotiomycetes","uncl_Leotiomycetes","uncl_Leotiomycetes"
"Fungi","Basidiomycota","Agaricomycetes","Agaricales","Bolbitiaceae","Conocybe","uncl_Conocybe"
"Fungi","Mucoromycota","uncl_Mucoromycota","uncl_Mucoromycota","uncl_Mucoromycota","uncl_Mucoromycota","uncl_Mucoromycota"
"Fungi","Basidiomycota","Agaricomycetes","Agaricales","uncl_Agaricales","uncl_Agaricales","uncl_Agaricales"
"Fungi","Ascomycota","Dothideomycetes","Pleosporales","Melanommataceae","Camposporium","Camposporium_appendiculatum"
"Fungi","Mucoromycota","Glomeromycetes","Glomerales","Glomeraceae","uncl_Glomeraceae","uncl_Glomeraceae"
"Fungi","Mucoromycota","uncl_Mucoromycota","uncl_Mucoromycota","uncl_Mucoromycota","uncl_Mucoromycota","uncl_Mucoromycota"
"Fungi","Mucoromycota","Glomeromycetes","Glomerales","uncl_Glomerales","uncl_Glomerales","uncl_Glomerales"
"Fungi","Cryptomycota","uncl_Cryptomycota","uncl_Cryptomycota","uncl_Cryptomycota","uncl_Cryptomycota","uncl_Cryptomycota"
"Fungi","Ascomycota","uncl_Ascomycota","uncl_Ascomycota","uncl_Ascomycota","uncl_Ascomycota","uncl_Ascomycota"
"Fungi","Basidiomycota","Microbotryomycetes","Sporidiobolales","Sporidiobolaceae","Rhodotorula","uncl_Rhodotorula"
"Fungi","Basidiomycota","Agaricomycetes","Agaricales","Mycenaceae","uncl_Mycenaceae","uncl_Mycenaceae"
"Fungi","Mucoromycota","Glomeromycetes","Glomerales","Glomeraceae","uncl_Glomeraceae","uncl_Glomeraceae"
"Fungi","Mucoromycota","uncl_Mucoromycota","uncl_Mucoromycota","uncl_Mucoromycota","uncl_Mucoromycota","uncl_Mucoromycota"
"Fungi","Mucoromycota","uncl_Mucoromycota","uncl_Mucoromycota","uncl_Mucoromycota","uncl_Mucoromycota","uncl_Mucoromycota"
"Fungi","Ascomycota","Pezizomycetes","Pezizales","Ascobolaceae","Ascobolus","uncl_Ascobolus"
"Fungi","Mucoromycota","Glomeromycetes","Glomerales","uncl_Glomerales","uncl_Glomerales","uncl_Glomerales"
"Fungi","Mucoromycota","Glomeromycetes","Glomerales","Glomeraceae","uncl_Glomeraceae","uncl_Glomeraceae"
"Fungi","Chytridiomycota","Rhizophydiomycetes","Rhizophydiales","uncl_Rhizophydiales","uncl_Rhizophydiales","uncl_Rhizophydiales"
"Fungi","Basidiomycota","Agaricomycetes","Polyporales","Podoscyphaceae","Hypochnicium","uncl_Hypochnicium"
"Fungi","Ascomycota","Sordariomycetes","uncl_Sordariomycetes","uncl_Sordariomycetes","uncl_Sordariomycetes","uncl_Sordariomycetes"
"Fungi","Basidiomycota","Pucciniomycetes","uncl_Pucciniomycetes","uncl_Pucciniomycetes","uncl_Pucciniomycetes","uncl_Pucciniomycetes"
"Fungi","Ascomycota","Sordariomycetes","Magnaporthales","Magnaporthaceae","uncl_Magnaporthaceae","uncl_Magnaporthaceae"
"Fungi","Ascomycota","Sordariomycetes","Sordariales","Chaetomiaceae","uncl_Chaetomiaceae","uncl_Chaetomiaceae"
"Fungi","Basidiomycota","Agaricomycetes","Agaricales","Entolomataceae","Entoloma","Entoloma_byssisedum"
"Fungi","Mucoromycota","Glomeromycetes","Glomerales","Glomeraceae","Rhizoglomus","uncl_Rhizoglomus"
"Fungi","Mucoromycota","uncl_Mucoromycota","uncl_Mucoromycota","uncl_Mucoromycota","uncl_Mucoromycota","uncl_Mucoromycota"
"Fungi","Basidiomycota","Agaricomycetes","Polyporales","Hyphodermataceae","Hyphoderma","uncl_Hyphoderma"
"Fungi","Basidiomycota","Agaricomycetes","Cantharellales","Ceratobasidiaceae","uncl_Ceratobasidiaceae","uncl_Ceratobasidiaceae"
"Fungi","Mucoromycota","uncl_Mucoromycota","uncl_Mucoromycota","uncl_Mucoromycota","uncl_Mucoromycota","uncl_Mucoromycota"
"Fungi","Chytridiomycota","Rhizophydiomycetes","Rhizophydiales","Rhizophydiaceae","uncl_Rhizophydiaceae","uncl_Rhizophydiaceae"
"Fungi","Ascomycota","Eurotiomycetes","Chaetothyriales","uncl_Chaetothyriales","uncl_Chaetothyriales","uncl_Chaetothyriales"
"Fungi","Ascomycota","Eurotiomycetes","Chaetothyriales","Herpotrichiellaceae","uncl_Herpotrichiellaceae","uncl_Herpotrichiellaceae"
"Fungi","Ascomycota","uncl_Ascomycota","uncl_Ascomycota","uncl_Ascomycota","uncl_Ascomycota","uncl_Ascomycota"
"Fungi","Chytridiomycota","Rhizophydiomycetes","Rhizophydiales","Rhizophydiaceae","uncl_Rhizophydiaceae","uncl_Rhizophydiaceae"
"Fungi","Ascomycota","Orbiliomycetes","Orbiliales","uncl_Orbiliales","uncl_Orbiliales","uncl_Orbiliales"
"Fungi","Basidiomycota","Exobasidiomycetes","Exobasidiales","Brachybasidiaceae","Kordyana","uncl_Kordyana"
"Fungi","Basidiomycota","Agaricomycetes","Agaricales","Mycenaceae","uncl_Mycenaceae","uncl_Mycenaceae"
"Fungi","Basidiomycota","Agaricomycetes","Thelephorales","Thelephoraceae","uncl_Thelephoraceae","uncl_Thelephoraceae"
"Fungi","Basidiomycota","Agaricomycetes","Thelephorales","Thelephoraceae","Tomentella","uncl_Tomentella"
"Fungi","Basidiomycota","Agaricomycetes","Thelephorales","Thelephoraceae","uncl_Thelephoraceae","uncl_Thelephoraceae"
"Fungi","Basidiomycota","Agaricomycetes","Trechisporales","uncl_Trechisporales","uncl_Trechisporales","uncl_Trechisporales"
"Fungi","Mucoromycota","Glomeromycetes","Glomerales","Glomeraceae","Glomus","uncl_Glomus"
"Fungi","Ascomycota","Eurotiomycetes","uncl_Eurotiomycetes","uncl_Eurotiomycetes","uncl_Eurotiomycetes","uncl_Eurotiomycetes"
"Fungi","Basidiomycota","Agaricomycetes","Geastrales","Geastraceae","Geastrum","uncl_Geastrum"
"Fungi","Mucoromycota","Glomeromycetes","Glomerales","Glomeraceae","uncl_Glomeraceae","uncl_Glomeraceae"
"Fungi","Cryptomycota","uncl_Cryptomycota","uncl_Cryptomycota","uncl_Cryptomycota","uncl_Cryptomycota","uncl_Cryptomycota"
"Fungi","Cryptomycota","Rozellomycotina_cls_Incertae_sedis","GS11","uncl_GS11","uncl_GS11","uncl_GS11"
"Fungi","Basidiomycota","Agaricomycetes","Geastrales","uncl_Geastrales","uncl_Geastrales","uncl_Geastrales"
"Fungi","Basidiomycota","Agaricomycetes","Polyporales","Ganodermataceae","Ganoderma","Ganoderma_lobatum"
"Fungi","Ascomycota","Leotiomycetes","uncl_Leotiomycetes","uncl_Leotiomycetes","uncl_Leotiomycetes","uncl_Leotiomycetes"
"Fungi","Ascomycota","uncl_Ascomycota","uncl_Ascomycota","uncl_Ascomycota","uncl_Ascomycota","uncl_Ascomycota"
"Fungi","Mucoromycota","uncl_Mucoromycota","uncl_Mucoromycota","uncl_Mucoromycota","uncl_Mucoromycota","uncl_Mucoromycota"
"Fungi","Ascomycota","Lecanoromycetes","Ostropales","uncl_Ostropales","uncl_Ostropales","uncl_Ostropales"
"Fungi","Cryptomycota","uncl_Cryptomycota","uncl_Cryptomycota","uncl_Cryptomycota","uncl_Cryptomycota","uncl_Cryptomycota"
"Fungi","Ascomycota","uncl_Ascomycota","uncl_Ascomycota","uncl_Ascomycota","uncl_Ascomycota","uncl_Ascomycota"
"Fungi","Ascomycota","Dothideomycetes","uncl_Dothideomycetes","uncl_Dothideomycetes","uncl_Dothideomycetes","uncl_Dothideomycetes"
"Fungi","Ascomycota","Sordariomycetes","Microascales","Halosphaeriaceae","uncl_Halosphaeriaceae","uncl_Halosphaeriaceae"
"Fungi","Basidiomycota","Agaricomycetes","uncl_Agaricomycetes","uncl_Agaricomycetes","uncl_Agaricomycetes","uncl_Agaricomycetes"
"Fungi","Ascomycota","Dothideomycetes","uncl_Dothideomycetes","uncl_Dothideomycetes","uncl_Dothideomycetes","uncl_Dothideomycetes"
"Fungi","Chytridiomycota","Rhizophlyctidomycetes","Rhizophlyctidales","Rhizophlyctidaceae","Rhizophlyctis","Rhizophlyctis_rosea"
"Fungi","Ascomycota","Dothideomycetes","Pleosporales","Pleosporales_fam_Incertae_sedis","Pseudorobillarda","uncl_Pseudorobillarda"
"Fungi","Ascomycota","uncl_Ascomycota","uncl_Ascomycota","uncl_Ascomycota","uncl_Ascomycota","uncl_Ascomycota"
"Fungi","Chytridiomycota","uncl_Chytridiomycota","uncl_Chytridiomycota","uncl_Chytridiomycota","uncl_Chytridiomycota","uncl_Chytridiomycota"
"Fungi","Ascomycota","uncl_Ascomycota","uncl_Ascomycota","uncl_Ascomycota","uncl_Ascomycota","uncl_Ascomycota"
"Fungi","Basidiomycota","Agaricomycetes","Thelephorales","Thelephoraceae","Pseudotomentella","uncl_Pseudotomentella"
"Fungi","Ascomycota","Dothideomycetes","Pleosporales","uncl_Pleosporales","uncl_Pleosporales","uncl_Pleosporales"
"Fungi","Ascomycota","Eurotiomycetes","Chaetothyriales","Herpotrichiellaceae","uncl_Herpotrichiellaceae","uncl_Herpotrichiellaceae"
"Fungi","Mucoromycota","Mortierellomycetes","uncl_Mortierellomycetes","uncl_Mortierellomycetes","uncl_Mortierellomycetes","uncl_Mortierellomycetes"
"Fungi","Ascomycota","Leotiomycetes","Helotiales","uncl_Helotiales","uncl_Helotiales","uncl_Helotiales"
"Fungi","Ascomycota","Sordariomycetes","Chaetosphaeriales","uncl_Chaetosphaeriales","uncl_Chaetosphaeriales","uncl_Chaetosphaeriales"
"Fungi","Ascomycota","Dothideomycetes","Pleosporales","Cucurbitariaceae","Pyrenochaetopsis","uncl_Pyrenochaetopsis"
"Fungi","Ascomycota","Dothideomycetes","Pleosporales","Tetraplosphaeriaceae","uncl_Tetraplosphaeriaceae","uncl_Tetraplosphaeriaceae"
"Fungi","Basidiomycota","Agaricostilbomycetes","Agaricostilbales","Chionosphaeraceae","Kurtzmanomyces","Kurtzmanomyces_insolitus"
"Fungi","Basidiomycota","Agaricomycetes","uncl_Agaricomycetes","uncl_Agaricomycetes","uncl_Agaricomycetes","uncl_Agaricomycetes"
"Fungi","Ascomycota","uncl_Ascomycota","uncl_Ascomycota","uncl_Ascomycota","uncl_Ascomycota","uncl_Ascomycota"
"Fungi","Basidiomycota","Agaricomycetes","Agaricales","Omphalotaceae","uncl_Omphalotaceae","uncl_Omphalotaceae"
"Fungi","Basidiomycota","Agaricomycetes","Agaricales","Agaricaceae","uncl_Agaricaceae","uncl_Agaricaceae"
"Fungi","Ascomycota","Sordariomycetes","uncl_Sordariomycetes","uncl_Sordariomycetes","uncl_Sordariomycetes","uncl_Sordariomycetes"
"Fungi","Basidiomycota","Agaricomycetes","uncl_Agaricomycetes","uncl_Agaricomycetes","uncl_Agaricomycetes","uncl_Agaricomycetes"
"Fungi","Cryptomycota","uncl_Cryptomycota","uncl_Cryptomycota","uncl_Cryptomycota","uncl_Cryptomycota","uncl_Cryptomycota"
"Fungi","Basidiomycota","Cystobasidiomycetes","Sakaguchiales","uncl_Sakaguchiales","uncl_Sakaguchiales","uncl_Sakaguchiales"
"Fungi","Basidiomycota","Agaricomycetes","Agaricales","Nidulariaceae","Crucibulum","Crucibulum_laeve"
"Fungi","Basidiomycota","Agaricomycetes","Sebacinales","Serendipitaceae","Serendipita","uncl_Serendipita"
"Fungi","Basidiomycota","uncl_Basidiomycota","uncl_Basidiomycota","uncl_Basidiomycota","uncl_Basidiomycota","uncl_Basidiomycota"
"Fungi","Basidiomycota","Agaricomycetes","Agaricales","uncl_Agaricales","uncl_Agaricales","uncl_Agaricales"
"Fungi","Ascomycota","Sordariomycetes","uncl_Sordariomycetes","uncl_Sordariomycetes","uncl_Sordariomycetes","uncl_Sordariomycetes"
"Fungi","Basidiomycota","Exobasidiomycetes","Exobasidiales","uncl_Exobasidiales","uncl_Exobasidiales","uncl_Exobasidiales"
"Fungi","Ascomycota","Dothideomycetes","uncl_Dothideomycetes","uncl_Dothideomycetes","uncl_Dothideomycetes","uncl_Dothideomycetes"
"Fungi","Ascomycota","Pezizomycetes","Pezizales","Pyronemataceae","uncl_Pyronemataceae","uncl_Pyronemataceae"
"Fungi","Basidiomycota","Agaricomycetes","Agaricales","Mycenaceae","Mycena","uncl_Mycena"
"Fungi","Chytridiomycota","Chytridiomycetes","Chytridiales","Chytridiaceae","Dendrochytridium","uncl_Dendrochytridium"
"Fungi","Chytridiomycota","Spizellomycetes","Spizellomycetales","uncl_Spizellomycetales","uncl_Spizellomycetales","uncl_Spizellomycetales"
"Fungi","Ascomycota","Sordariomycetes","uncl_Sordariomycetes","uncl_Sordariomycetes","uncl_Sordariomycetes","uncl_Sordariomycetes"
"Fungi","Ascomycota","Leotiomycetes","Helotiales","uncl_Helotiales","uncl_Helotiales","uncl_Helotiales"
"Fungi","Basidiomycota","Agaricomycetes","Thelephorales","Thelephoraceae","Tomentella","uncl_Tomentella"
"Fungi","Basidiomycota","Agaricomycetes","Agaricales","Cortinariaceae","Cortinarius","uncl_Cortinarius"
"Fungi","Basidiomycota","Agaricomycetes","uncl_Agaricomycetes","uncl_Agaricomycetes","uncl_Agaricomycetes","uncl_Agaricomycetes"
"Fungi","Ascomycota","Sordariomycetes","uncl_Sordariomycetes","uncl_Sordariomycetes","uncl_Sordariomycetes","uncl_Sordariomycetes"
"Fungi","Basidiomycota","Agaricomycetes","Agaricales","uncl_Agaricales","uncl_Agaricales","uncl_Agaricales"
"Fungi","Ascomycota","Dothideomycetes","Gloniales","Gloniaceae","Cenococcum","Cenococcum_geophilum"
"Fungi","Ascomycota","Eurotiomycetes","Chaetothyriales","Herpotrichiellaceae","Capronia","uncl_Capronia"
"Fungi","Basidiomycota","Agaricomycetes","Thelephorales","Thelephoraceae","uncl_Thelephoraceae","uncl_Thelephoraceae"
"Fungi","Ascomycota","uncl_Ascomycota","uncl_Ascomycota","uncl_Ascomycota","uncl_Ascomycota","uncl_Ascomycota"
"Fungi","Chytridiomycota","Spizellomycetes","Spizellomycetales","uncl_Spizellomycetales","uncl_Spizellomycetales","uncl_Spizellomycetales"
"Fungi","Basidiomycota","Agaricomycetes","Sebacinales","uncl_Sebacinales","uncl_Sebacinales","uncl_Sebacinales"
"Fungi","Ascomycota","Dothideomycetes","uncl_Dothideomycetes","uncl_Dothideomycetes","uncl_Dothideomycetes","uncl_Dothideomycetes"
"Fungi","Basidiomycota","Agaricomycetes","Russulales","Russulaceae","uncl_Russulaceae","uncl_Russulaceae"
"Fungi","Mucoromycota","Mucoromycetes","Mucorales","Cunninghamellaceae","Absidia","Absidia_cuneospora"
"Fungi","Ascomycota","Eurotiomycetes","Chaetothyriales","uncl_Chaetothyriales","uncl_Chaetothyriales","uncl_Chaetothyriales"
"Fungi","Ascomycota","Pezizomycetes","Pezizales","Tuberaceae","Tuber","uncl_Tuber"
"Fungi","Ascomycota","Sordariomycetes","Chaetosphaeriales","Chaetosphaeriaceae","Chaetosphaeria","uncl_Chaetosphaeria"
"Fungi","Ascomycota","Dothideomycetes","uncl_Dothideomycetes","uncl_Dothideomycetes","uncl_Dothideomycetes","uncl_Dothideomycetes"
"Fungi","Basidiomycota","Agaricomycetes","Thelephorales","Thelephoraceae","Tomentella","uncl_Tomentella"
"Fungi","Ascomycota","uncl_Ascomycota","uncl_Ascomycota","uncl_Ascomycota","uncl_Ascomycota","uncl_Ascomycota"
"Fungi","Ascomycota","Dothideomycetes","Pleosporales","uncl_Pleosporales","uncl_Pleosporales","uncl_Pleosporales"
"Fungi","Ascomycota","Sordariomycetes","Sordariales","Lasiosphaeriaceae","Apodus","uncl_Apodus"
"Fungi","Ascomycota","Leotiomycetes","uncl_Leotiomycetes","uncl_Leotiomycetes","uncl_Leotiomycetes","uncl_Leotiomycetes"
"Fungi","Ascomycota","Eurotiomycetes","Chaetothyriales","Herpotrichiellaceae","uncl_Herpotrichiellaceae","uncl_Herpotrichiellaceae"
"Fungi","Ascomycota","Pezizomycetes","Pezizales","Sarcosomataceae","Plectania","uncl_Plectania"
"Fungi","Ascomycota","uncl_Ascomycota","uncl_Ascomycota","uncl_Ascomycota","uncl_Ascomycota","uncl_Ascomycota"
"Fungi","Basidiomycota","Agaricomycetes","Auriculariales","Auriculariales_fam_Incertae_sedis","Oliveonia","uncl_Oliveonia"
"Fungi","Basidiomycota","Agaricomycetes","Agaricales","Amanitaceae","Amanita","uncl_Amanita"
"Fungi","Basidiomycota","Agaricomycetes","Agaricales","Cortinariaceae","Cortinarius","uncl_Cortinarius"
"Fungi","Basidiomycota","Agaricomycetes","Russulales","Russulaceae","Lactarius","uncl_Lactarius"
"Fungi","Ascomycota","Pezizomycetes","Pezizales","Pyronemataceae","uncl_Pyronemataceae","uncl_Pyronemataceae"
"Fungi","Ascomycota","Leotiomycetes","Helotiales","uncl_Helotiales","uncl_Helotiales","uncl_Helotiales"
"Fungi","Ascomycota","uncl_Ascomycota","uncl_Ascomycota","uncl_Ascomycota","uncl_Ascomycota","uncl_Ascomycota"
"Fungi","Basidiomycota","Agaricomycetes","Atheliales","Tylosporaceae","uncl_Tylosporaceae","uncl_Tylosporaceae"
"Fungi","Basidiomycota","Agaricomycetes","Russulales","Russulaceae","Russula","Russula_cyanoxantha"
"Fungi","Ascomycota","Dothideomycetes","Venturiales","Sympoventuriaceae","uncl_Sympoventuriaceae","uncl_Sympoventuriaceae"
"Fungi","Basidiomycota","Agaricomycetes","Russulales","Russulaceae","Lactarius","Lactarius_camphoratus"
"Fungi","Ascomycota","Eurotiomycetes","Eurotiales","Elaphomycetaceae","Elaphomyces","uncl_Elaphomyces"
"Fungi","Basidiomycota","Agaricomycetes","Russulales","Russulaceae","Lactarius","Lactarius_camphoratus"
"Fungi","Ascomycota","Leotiomycetes","Helotiales","Helotiales_fam_Incertae_sedis","uncl_Helotiales_fam_Incertae_sedis","uncl_Helotiales_fam_Incertae_sedis"
"Fungi","Ascomycota","Sordariomycetes","Chaetosphaeriales","Chaetosphaeriaceae","Thozetella","uncl_Thozetella"
"Fungi","Basidiomycota","Agaricomycetes","Agaricales","Clavariaceae","Clavaria","uncl_Clavaria"
"Fungi","Ascomycota","Eurotiomycetes","Chaetothyriales","Herpotrichiellaceae","uncl_Herpotrichiellaceae","uncl_Herpotrichiellaceae"
"Fungi","Ascomycota","uncl_Ascomycota","uncl_Ascomycota","uncl_Ascomycota","uncl_Ascomycota","uncl_Ascomycota"
"Fungi","Ascomycota","uncl_Ascomycota","uncl_Ascomycota","uncl_Ascomycota","uncl_Ascomycota","uncl_Ascomycota"
"Fungi","Ascomycota","Leotiomycetes","Helotiales","Hyaloscyphaceae","uncl_Hyaloscyphaceae","uncl_Hyaloscyphaceae"
"Fungi","Basidiomycota","Agaricomycetes","Auriculariales","Auriculariales_fam_Incertae_sedis","Oliveonia","uncl_Oliveonia"
"Fungi","Basidiomycota","Agaricomycetes","Agaricales","Tricholomataceae","Clitocybula","Clitocybula_lacerata"
"Fungi","Ascomycota","uncl_Ascomycota","uncl_Ascomycota","uncl_Ascomycota","uncl_Ascomycota","uncl_Ascomycota"
"Fungi","Ascomycota","uncl_Ascomycota","uncl_Ascomycota","uncl_Ascomycota","uncl_Ascomycota","uncl_Ascomycota"
"Fungi","Ascomycota","Dothideomycetes","Venturiales","Sympoventuriaceae","Ochroconis","uncl_Ochroconis"
"Fungi","Ascomycota","Eurotiomycetes","Chaetothyriales","Herpotrichiellaceae","Cladophialophora","uncl_Cladophialophora"
"Fungi","Ascomycota","Leotiomycetes","Helotiales","uncl_Helotiales","uncl_Helotiales","uncl_Helotiales"
"Fungi","Ascomycota","Dothideomycetes","Gloniales","Gloniaceae","uncl_Gloniaceae","uncl_Gloniaceae"
"Fungi","Ascomycota","Dothideomycetes","Gloniales","Gloniaceae","uncl_Gloniaceae","uncl_Gloniaceae"
"Fungi","Ascomycota","uncl_Ascomycota","uncl_Ascomycota","uncl_Ascomycota","uncl_Ascomycota","uncl_Ascomycota"
"Fungi","Ascomycota","Eurotiomycetes","Chaetothyriales","Herpotrichiellaceae","Cladophialophora","uncl_Cladophialophora"
"Fungi","Basidiomycota","Agaricomycetes","Russulales","Russulaceae","Lactarius","uncl_Lactarius"
"Fungi","Ascomycota","Leotiomycetes","Helotiales","uncl_Helotiales","uncl_Helotiales","uncl_Helotiales"
"Fungi","Mucoromycota","uncl_Mucoromycota","uncl_Mucoromycota","uncl_Mucoromycota","uncl_Mucoromycota","uncl_Mucoromycota"
"Fungi","Mucoromycota","Umbelopsidomycetes","Umbelopsidales","Umbelopsidaceae","Umbelopsis","uncl_Umbelopsis"
"Fungi","Basidiomycota","Agaricomycetes","Agaricales","Cyphellaceae","Rectipilus","uncl_Rectipilus"
"Fungi","Basidiomycota","Agaricomycetes","Cantharellales","Hydnaceae","Clavulina","uncl_Clavulina"
"Fungi","Basidiomycota","Agaricomycetes","Russulales","Russulaceae","Russula","uncl_Russula"
"Fungi","Ascomycota","Pezizomycetes","Pezizales","Sarcosomataceae","uncl_Sarcosomataceae","uncl_Sarcosomataceae"
"Fungi","Basidiomycota","Agaricomycetes","uncl_Agaricomycetes","uncl_Agaricomycetes","uncl_Agaricomycetes","uncl_Agaricomycetes"
"Fungi","Ascomycota","Eurotiomycetes","Eurotiales","Penicillaginaceae","Penicillago","Penicillago_nodositata"
"Fungi","Ascomycota","Sordariomycetes","uncl_Sordariomycetes","uncl_Sordariomycetes","uncl_Sordariomycetes","uncl_Sordariomycetes"
"Fungi","Basidiomycota","Agaricomycetes","Agaricales","Porotheleaceae","uncl_Porotheleaceae","uncl_Porotheleaceae"
"Fungi","Ascomycota","Sordariomycetes","uncl_Sordariomycetes","uncl_Sordariomycetes","uncl_Sordariomycetes","uncl_Sordariomycetes"
"Fungi","Ascomycota","Leotiomycetes","Helotiales","uncl_Helotiales","uncl_Helotiales","uncl_Helotiales"
"Fungi","Ascomycota","Dothideomycetes","Pleosporales","uncl_Pleosporales","uncl_Pleosporales","uncl_Pleosporales"
"Fungi","Mucoromycota","Mucoromycetes","Mucorales","Cunninghamellaceae","uncl_Cunninghamellaceae","uncl_Cunninghamellaceae"
"Fungi","Ascomycota","Leotiomycetes","Helotiales","uncl_Helotiales","uncl_Helotiales","uncl_Helotiales"
"Fungi","Mucoromycota","Mucoromycotina_cls_Incertae_sedis","Mucoromycotina_ord_Incertae_sedis","Mucoromycotina_fam_Incertae_sedis","Bifiguratus","uncl_Bifiguratus"
"Fungi","Ascomycota","Saccharomycetes","Saccharomycetales","uncl_Saccharomycetales","uncl_Saccharomycetales","uncl_Saccharomycetales"
"Fungi","Mucoromycota","Mortierellomycetes","Mortierellales","Mortierellaceae","uncl_Mortierellaceae","uncl_Mortierellaceae"
"Fungi","Ascomycota","Leotiomycetes","uncl_Leotiomycetes","uncl_Leotiomycetes","uncl_Leotiomycetes","uncl_Leotiomycetes"
"Fungi","Ascomycota","Eurotiomycetes","Chaetothyriales","uncl_Chaetothyriales","uncl_Chaetothyriales","uncl_Chaetothyriales"
"Fungi","Ascomycota","Pezizomycetes","Pezizales","Pyronemataceae","Humaria","uncl_Humaria"
"Fungi","Basidiomycota","Tremellomycetes","Tremellales","Tremellaceae","Tremella","uncl_Tremella"
"Fungi","Ascomycota","Eurotiomycetes","uncl_Eurotiomycetes","uncl_Eurotiomycetes","uncl_Eurotiomycetes","uncl_Eurotiomycetes"
"Fungi","Basidiomycota","Agaricomycetes","Thelephorales","Thelephoraceae","Tomentella","uncl_Tomentella"
"Fungi","Olpidiomycota","GS18","uncl_GS18","uncl_GS18","uncl_GS18","uncl_GS18"
"Fungi","Basidiomycota","Agaricomycetes","Russulales","Lachnocladiaceae","Asterostroma","uncl_Asterostroma"
"Fungi","Ascomycota","Eurotiomycetes","Chaetothyriales","Herpotrichiellaceae","uncl_Herpotrichiellaceae","uncl_Herpotrichiellaceae"
"Fungi","Ascomycota","Leotiomycetes","uncl_Leotiomycetes","uncl_Leotiomycetes","uncl_Leotiomycetes","uncl_Leotiomycetes"
"Fungi","Basidiomycota","Agaricomycetes","Russulales","Lachnocladiaceae","Asterostroma","uncl_Asterostroma"
"Fungi","Basidiomycota","Agaricomycetes","Agaricales","Cortinariaceae","Cortinarius","uncl_Cortinarius"
"Fungi","Mucoromycota","uncl_Mucoromycota","uncl_Mucoromycota","uncl_Mucoromycota","uncl_Mucoromycota","uncl_Mucoromycota"
"Fungi","Ascomycota","Sordariomycetes","Sordariales","uncl_Sordariales","uncl_Sordariales","uncl_Sordariales"
"Fungi","Ascomycota","Leotiomycetes","Helotiales","uncl_Helotiales","uncl_Helotiales","uncl_Helotiales"
"Fungi","Basidiomycota","Agaricomycetes","Thelephorales","Thelephoraceae","Tomentella","uncl_Tomentella"
"Fungi","Ascomycota","Eurotiomycetes","Chaetothyriales","uncl_Chaetothyriales","uncl_Chaetothyriales","uncl_Chaetothyriales"
"Fungi","Basidiomycota","Agaricomycetes","Russulales","Russulaceae","Lactifluus","Lactifluus_subvellereus"
"Fungi","Ascomycota","Eurotiomycetes","uncl_Eurotiomycetes","uncl_Eurotiomycetes","uncl_Eurotiomycetes","uncl_Eurotiomycetes"
"Fungi","Ascomycota","uncl_Ascomycota","uncl_Ascomycota","uncl_Ascomycota","uncl_Ascomycota","uncl_Ascomycota"
"Fungi","Mucoromycota","Mortierellomycetes","Mortierellales","Mortierellaceae","uncl_Mortierellaceae","uncl_Mortierellaceae"
"Fungi","Ascomycota","Eurotiomycetes","Chaetothyriales","uncl_Chaetothyriales","uncl_Chaetothyriales","uncl_Chaetothyriales"
"Fungi","Ascomycota","Sordariomycetes","Hypocreales","Cordycipitaceae","uncl_Cordycipitaceae","uncl_Cordycipitaceae"
"Fungi","Ascomycota","Leotiomycetes","uncl_Leotiomycetes","uncl_Leotiomycetes","uncl_Leotiomycetes","uncl_Leotiomycetes"
"Fungi","Basidiomycota","Agaricomycetes","Boletales","Suillaceae","Suillus","uncl_Suillus"
"Fungi","Mucoromycota","uncl_Mucoromycota","uncl_Mucoromycota","uncl_Mucoromycota","uncl_Mucoromycota","uncl_Mucoromycota"
"Fungi","Mucoromycota","uncl_Mucoromycota","uncl_Mucoromycota","uncl_Mucoromycota","uncl_Mucoromycota","uncl_Mucoromycota"
"Fungi","Basidiomycota","Agaricomycetes","Atheliales","Tylosporaceae","Amphinema","uncl_Amphinema"
"Fungi","Mucoromycota","Umbelopsidomycetes","Umbelopsidales","Umbelopsidaceae","Umbelopsis","Umbelopsis_dimorpha"
"Fungi","Mucoromycota","uncl_Mucoromycota","uncl_Mucoromycota","uncl_Mucoromycota","uncl_Mucoromycota","uncl_Mucoromycota"
"Fungi","Ascomycota","Eurotiomycetes","Chaetothyriales","uncl_Chaetothyriales","uncl_Chaetothyriales","uncl_Chaetothyriales"
"Fungi","Ascomycota","Geoglossomycetes","Geoglossales","uncl_Geoglossales","uncl_Geoglossales","uncl_Geoglossales"
"Fungi","Basidiomycota","Agaricomycetes","Russulales","Russulaceae","Russula","Russula_rhodocephala"
"Fungi","Basidiomycota","Agaricomycetes","Boletales","Boletaceae","uncl_Boletaceae","uncl_Boletaceae"
"Fungi","Ascomycota","Eurotiomycetes","Chaetothyriales","Herpotrichiellaceae","uncl_Herpotrichiellaceae","uncl_Herpotrichiellaceae"
"Fungi","Basidiomycota","Agaricomycetes","Thelephorales","Thelephoraceae","uncl_Thelephoraceae","uncl_Thelephoraceae"
"Fungi","Ascomycota","Leotiomycetes","uncl_Leotiomycetes","uncl_Leotiomycetes","uncl_Leotiomycetes","uncl_Leotiomycetes"
"Fungi","Basidiomycota","Agaricomycetes","Agaricales","Cortinariaceae","Cortinarius","uncl_Cortinarius"
"Fungi","Ascomycota","Leotiomycetes","Helotiales","Helotiales_fam_Incertae_sedis","Humicolopsis","Humicolopsis_cephalosporioides"
"Fungi","Basidiomycota","Agaricomycetes","uncl_Agaricomycetes","uncl_Agaricomycetes","uncl_Agaricomycetes","uncl_Agaricomycetes"
"Fungi","Ascomycota","Leotiomycetes","uncl_Leotiomycetes","uncl_Leotiomycetes","uncl_Leotiomycetes","uncl_Leotiomycetes"
"Fungi","Ascomycota","Sordariomycetes","Amphisphaeriales","uncl_Amphisphaeriales","uncl_Amphisphaeriales","uncl_Amphisphaeriales"
"Fungi","Basidiomycota","Agaricomycetes","Agaricales","Cortinariaceae","Cortinarius","uncl_Cortinarius"
"Fungi","Ascomycota","Pezizomycetes","Pezizales","Pezizaceae","Chromelosporiopsis","Chromelosporiopsis_coerulescens"
"Fungi","Basidiomycota","Agaricomycetes","Agaricales","Amanitaceae","Amanita","uncl_Amanita"
"Fungi","Ascomycota","Eurotiomycetes","Chaetothyriales","Herpotrichiellaceae","uncl_Herpotrichiellaceae","uncl_Herpotrichiellaceae"
"Fungi","Ascomycota","Eurotiomycetes","Chaetothyriales","uncl_Chaetothyriales","uncl_Chaetothyriales","uncl_Chaetothyriales"
"Fungi","Ascomycota","Eurotiomycetes","Chaetothyriales","Herpotrichiellaceae","Cladophialophora","uncl_Cladophialophora"
"Fungi","Ascomycota","Sordariomycetes","Sordariales","uncl_Sordariales","uncl_Sordariales","uncl_Sordariales"
"Fungi","Ascomycota","Sordariomycetes","uncl_Sordariomycetes","uncl_Sordariomycetes","uncl_Sordariomycetes","uncl_Sordariomycetes"
"Fungi","Basidiomycota","Agaricomycetes","Thelephorales","Thelephoraceae","uncl_Thelephoraceae","uncl_Thelephoraceae"
"Fungi","Basidiomycota","Agaricomycetes","Russulales","Russulaceae","Russula","uncl_Russula"
"Fungi","Ascomycota","Leotiomycetes","uncl_Leotiomycetes","uncl_Leotiomycetes","uncl_Leotiomycetes","uncl_Leotiomycetes"
"Fungi","Ascomycota","Sordariomycetes","Xylariales","uncl_Xylariales","uncl_Xylariales","uncl_Xylariales"
"Fungi","Ascomycota","uncl_Ascomycota","uncl_Ascomycota","uncl_Ascomycota","uncl_Ascomycota","uncl_Ascomycota"
"Fungi","Ascomycota","Pezizomycetes","Pezizales","Pyronemataceae","Humaria","uncl_Humaria"
"Fungi","Basidiomycota","Agaricomycetes","Agaricales","Cortinariaceae","Cortinarius","uncl_Cortinarius"
"Fungi","Ascomycota","Orbiliomycetes","Orbiliales","Orbiliaceae","Dactylella","uncl_Dactylella"
"Fungi","Ascomycota","uncl_Ascomycota","uncl_Ascomycota","uncl_Ascomycota","uncl_Ascomycota","uncl_Ascomycota"
"Fungi","Ascomycota","Leotiomycetes","uncl_Leotiomycetes","uncl_Leotiomycetes","uncl_Leotiomycetes","uncl_Leotiomycetes"
"Fungi","Basidiomycota","Agaricomycetes","Agaricales","uncl_Agaricales","uncl_Agaricales","uncl_Agaricales"
"Fungi","Basidiomycota","Agaricomycetes","Polyporales","Phanerochaetaceae","Phanerochaete","Phanerochaete_pseudosanguinea"
"Fungi","Basidiomycota","Agaricomycetes","Sebacinales","Sebacinaceae","Sebacina","uncl_Sebacina"
"Fungi","Basidiomycota","Agaricomycetes","Russulales","Russulaceae","Russula","uncl_Russula"
"Fungi","Ascomycota","Eurotiomycetes","Chaetothyriales","uncl_Chaetothyriales","uncl_Chaetothyriales","uncl_Chaetothyriales"
"Fungi","Basidiomycota","Agaricomycetes","Thelephorales","Thelephoraceae","uncl_Thelephoraceae","uncl_Thelephoraceae"
"Fungi","Basidiomycota","Agaricomycetes","Sebacinales","Sebacinaceae","Sebacina","uncl_Sebacina"
"Fungi","Basidiomycota","Agaricomycetes","Agaricales","uncl_Agaricales","uncl_Agaricales","uncl_Agaricales"
"Fungi","Basidiomycota","Agaricomycetes","Agaricales","Hygrophoraceae","Hygrocybe","uncl_Hygrocybe"
"Fungi","Basidiomycota","Agaricomycetes","Agaricomycetes_ord_Incertae_sedis","Xenasmataceae","Xenasmatella","uncl_Xenasmatella"
"Fungi","Ascomycota","Sordariomycetes","uncl_Sordariomycetes","uncl_Sordariomycetes","uncl_Sordariomycetes","uncl_Sordariomycetes"
"Fungi","Ascomycota","Eurotiomycetes","Chaetothyriales","uncl_Chaetothyriales","uncl_Chaetothyriales","uncl_Chaetothyriales"
"Fungi","Basidiomycota","Agaricomycetes","Russulales","Russulaceae","Lactarius","uncl_Lactarius"
"Fungi","Basidiomycota","Agaricomycetes","uncl_Agaricomycetes","uncl_Agaricomycetes","uncl_Agaricomycetes","uncl_Agaricomycetes"
"Fungi","Ascomycota","Sordariomycetes","Xylariales","Xylariaceae","uncl_Xylariaceae","uncl_Xylariaceae"
"Fungi","Basidiomycota","Agaricomycetes","Auriculariales","Hyaloriaceae","uncl_Hyaloriaceae","uncl_Hyaloriaceae"
"Fungi","Basidiomycota","Agaricomycetes","Russulales","Russulaceae","Russula","uncl_Russula"
"Fungi","Basidiomycota","Agaricomycetes","Thelephorales","Thelephoraceae","Tomentella","uncl_Tomentella"
"Fungi","Ascomycota","Sordariomycetes","uncl_Sordariomycetes","uncl_Sordariomycetes","uncl_Sordariomycetes","uncl_Sordariomycetes"
"Fungi","Basidiomycota","Agaricomycetes","Agaricales","Mycenaceae","uncl_Mycenaceae","uncl_Mycenaceae"
"Fungi","Basidiomycota","Agaricomycetes","Thelephorales","uncl_Thelephorales","uncl_Thelephorales","uncl_Thelephorales"
"Fungi","Ascomycota","Leotiomycetes","Helotiales","uncl_Helotiales","uncl_Helotiales","uncl_Helotiales"
"Fungi","Basidiomycota","Agaricomycetes","Russulales","Russulaceae","Russula","uncl_Russula"
"Fungi","Ascomycota","Eurotiomycetes","Chaetothyriales","uncl_Chaetothyriales","uncl_Chaetothyriales","uncl_Chaetothyriales"
"Fungi","Ascomycota","Eurotiomycetes","Chaetothyriales","Herpotrichiellaceae","uncl_Herpotrichiellaceae","uncl_Herpotrichiellaceae"
"Fungi","Ascomycota","Eurotiomycetes","Chaetothyriales","Herpotrichiellaceae","uncl_Herpotrichiellaceae","uncl_Herpotrichiellaceae"
"Fungi","Ascomycota","Sordariomycetes","Sordariales","uncl_Sordariales","uncl_Sordariales","uncl_Sordariales"
"Fungi","Basidiomycota","Agaricomycetes","Russulales","Russulaceae","Russula","uncl_Russula"
"Fungi","Ascomycota","uncl_Ascomycota","uncl_Ascomycota","uncl_Ascomycota","uncl_Ascomycota","uncl_Ascomycota"
"Fungi","Basidiomycota","Agaricomycetes","Agaricales","uncl_Agaricales","uncl_Agaricales","uncl_Agaricales"
"Fungi","Basidiomycota","Agaricomycetes","Atheliales","uncl_Atheliales","uncl_Atheliales","uncl_Atheliales"
"Fungi","Basidiomycota","Agaricomycetes","Sebacinales","Sebacinaceae","Helvellosebacina","uncl_Helvellosebacina"
"Fungi","Basidiomycota","uncl_Basidiomycota","uncl_Basidiomycota","uncl_Basidiomycota","uncl_Basidiomycota","uncl_Basidiomycota"
"Fungi","Ascomycota","uncl_Ascomycota","uncl_Ascomycota","uncl_Ascomycota","uncl_Ascomycota","uncl_Ascomycota"
"Fungi","Basidiomycota","Agaricomycetes","Auriculariales","uncl_Auriculariales","uncl_Auriculariales","uncl_Auriculariales"
"Fungi","Ascomycota","Dothideomycetes","Pleosporales","uncl_Pleosporales","uncl_Pleosporales","uncl_Pleosporales"
"Fungi","Ascomycota","Leotiomycetes","uncl_Leotiomycetes","uncl_Leotiomycetes","uncl_Leotiomycetes","uncl_Leotiomycetes"
"Fungi","Basidiomycota","Agaricomycetes","Boletales","Rhizopogonaceae","Rhizopogon","Rhizopogon_pseudoroseolus"
"Fungi","Ascomycota","Sordariomycetes","Xylariales","Hypoxylaceae","Daldinia","uncl_Daldinia"
"Fungi","Mucoromycota","Glomeromycetes","Glomerales","uncl_Glomerales","uncl_Glomerales","uncl_Glomerales"
"Fungi","Basidiomycota","Agaricomycetes","Thelephorales","Thelephoraceae","uncl_Thelephoraceae","uncl_Thelephoraceae"
"Fungi","Ascomycota","uncl_Ascomycota","uncl_Ascomycota","uncl_Ascomycota","uncl_Ascomycota","uncl_Ascomycota"
"Fungi","Basidiomycota","Agaricomycetes","Thelephorales","Thelephoraceae","uncl_Thelephoraceae","uncl_Thelephoraceae"
"Fungi","Basidiomycota","Agaricomycetes","Agaricales","Amanitaceae","Amanita","uncl_Amanita"
"Fungi","Ascomycota","Pezizomycetes","Pezizales","Tuberaceae","Tuber","uncl_Tuber"
"Fungi","Ascomycota","uncl_Ascomycota","uncl_Ascomycota","uncl_Ascomycota","uncl_Ascomycota","uncl_Ascomycota"
"Fungi","Basidiomycota","Agaricomycetes","Sebacinales","uncl_Sebacinales","uncl_Sebacinales","uncl_Sebacinales"
"Fungi","Basidiomycota","Agaricomycetes","Agaricales","Amanitaceae","Amanita","uncl_Amanita"
"Fungi","Basidiomycota","Agaricomycetes","Sebacinales","uncl_Sebacinales","uncl_Sebacinales","uncl_Sebacinales"
"Fungi","Basidiomycota","Agaricomycetes","Agaricales","Entolomataceae","uncl_Entolomataceae","uncl_Entolomataceae"
"Fungi","Basidiomycota","Agaricomycetes","Thelephorales","Thelephoraceae","Tomentella","uncl_Tomentella"
"Fungi","Basidiomycota","Agaricomycetes","Thelephorales","Thelephoraceae","Tomentella","uncl_Tomentella"
"Fungi","Basidiomycota","Agaricomycetes","Agaricales","uncl_Agaricales","uncl_Agaricales","uncl_Agaricales"
"Fungi","Ascomycota","Dothideomycetes","uncl_Dothideomycetes","uncl_Dothideomycetes","uncl_Dothideomycetes","uncl_Dothideomycetes"
"Fungi","Basidiomycota","Agaricomycetes","Russulales","Russulaceae","Russula","uncl_Russula"
"Fungi","Basidiomycota","Agaricomycetes","Russulales","Russulaceae","Russula","uncl_Russula"
"Fungi","Ascomycota","Sordariomycetes","uncl_Sordariomycetes","uncl_Sordariomycetes","uncl_Sordariomycetes","uncl_Sordariomycetes"
"Fungi","Basidiomycota","Agaricomycetes","Agaricales","Omphalotaceae","Mycetinis","uncl_Mycetinis"
"Fungi","Basidiomycota","Agaricomycetes","Sebacinales","uncl_Sebacinales","uncl_Sebacinales","uncl_Sebacinales"
"Fungi","Basidiomycota","Agaricomycetes","Agaricales","Inocybaceae","Inosperma","Inosperma_rimosoides"
"Fungi","Basidiomycota","Agaricomycetes","Agaricales","Omphalotaceae","Mycetinis","uncl_Mycetinis"
"Fungi","Ascomycota","Eurotiomycetes","uncl_Eurotiomycetes","uncl_Eurotiomycetes","uncl_Eurotiomycetes","uncl_Eurotiomycetes"
"Fungi","Ascomycota","Eurotiomycetes","uncl_Eurotiomycetes","uncl_Eurotiomycetes","uncl_Eurotiomycetes","uncl_Eurotiomycetes"
"Fungi","Basidiomycota","Agaricomycetes","Agaricales","Pleurotaceae","Nematoctonus","Nematoctonus_tylosporus"
"Fungi","Ascomycota","Leotiomycetes","uncl_Leotiomycetes","uncl_Leotiomycetes","uncl_Leotiomycetes","uncl_Leotiomycetes"
"Fungi","Ascomycota","Eurotiomycetes","Eurotiales","Elaphomycetaceae","Elaphomyces","uncl_Elaphomyces"
"Fungi","Ascomycota","uncl_Ascomycota","uncl_Ascomycota","uncl_Ascomycota","uncl_Ascomycota","uncl_Ascomycota"
"Fungi","Basidiomycota","Agaricomycetes","Russulales","Russulaceae","uncl_Russulaceae","uncl_Russulaceae"
"Fungi","Basidiomycota","Agaricomycetes","Russulales","Russulaceae","Lactifluus","Lactifluus_corrugis"
"Fungi","Basidiomycota","Agaricomycetes","uncl_Agaricomycetes","uncl_Agaricomycetes","uncl_Agaricomycetes","uncl_Agaricomycetes"
"Fungi","Ascomycota","Sordariomycetes","Sordariales","uncl_Sordariales","uncl_Sordariales","uncl_Sordariales"
"Fungi","Ascomycota","Pezizomycetes","Pezizales","Sarcosomataceae","uncl_Sarcosomataceae","uncl_Sarcosomataceae"
"Fungi","Ascomycota","Eurotiomycetes","Eurotiales","Elaphomycetaceae","Elaphomyces","uncl_Elaphomyces"
"Fungi","Ascomycota","Sordariomycetes","uncl_Sordariomycetes","uncl_Sordariomycetes","uncl_Sordariomycetes","uncl_Sordariomycetes"
"Fungi","Ascomycota","Sordariomycetes","Sordariales","uncl_Sordariales","uncl_Sordariales","uncl_Sordariales"
"Fungi","Ascomycota","Leotiomycetes","Helotiales","uncl_Helotiales","uncl_Helotiales","uncl_Helotiales"
"Fungi","Ascomycota","Dothideomycetes","Mycosphaerellales","Teratosphaeriaceae","Devriesia","uncl_Devriesia"
"Fungi","Mucoromycota","Endogonomycetes","GS22","uncl_GS22","uncl_GS22","uncl_GS22"
"Fungi","Basidiomycota","Agaricomycetes","Agaricales","Omphalotaceae","uncl_Omphalotaceae","uncl_Omphalotaceae"
"Fungi","Ascomycota","Eurotiomycetes","Chaetothyriales","Herpotrichiellaceae","uncl_Herpotrichiellaceae","uncl_Herpotrichiellaceae"
"Fungi","Basidiomycota","Agaricomycetes","Agaricales","Cortinariaceae","uncl_Cortinariaceae","uncl_Cortinariaceae"
"Fungi","Ascomycota","Sordariomycetes","uncl_Sordariomycetes","uncl_Sordariomycetes","uncl_Sordariomycetes","uncl_Sordariomycetes"
"Fungi","Basidiomycota","Agaricomycetes","Thelephorales","Thelephoraceae","uncl_Thelephoraceae","uncl_Thelephoraceae"
"Fungi","Ascomycota","Lecanoromycetes","Ostropales","Stictidaceae","Karstenia","uncl_Karstenia"
"Fungi","Ascomycota","Orbiliomycetes","Orbiliales","uncl_Orbiliales","uncl_Orbiliales","uncl_Orbiliales"
"Fungi","Basidiomycota","Agaricomycetes","Russulales","Russulaceae","Russula","uncl_Russula"
"Fungi","Ascomycota","Eurotiomycetes","Eurotiales","Elaphomycetaceae","Elaphomyces","Elaphomyces_decipiens"
"Fungi","Basidiomycota","Agaricomycetes","Russulales","Russulaceae","Lactifluus","uncl_Lactifluus"
"Fungi","Basidiomycota","Agaricomycetes","Agaricales","Amanitaceae","Amanita","Amanita_augusta"
"Fungi","Ascomycota","uncl_Ascomycota","uncl_Ascomycota","uncl_Ascomycota","uncl_Ascomycota","uncl_Ascomycota"
"Fungi","Basidiomycota","Agaricomycetes","Russulales","Albatrellaceae","Leucogaster","uncl_Leucogaster"
"Fungi","Basidiomycota","Agaricomycetes","Agaricales","Cortinariaceae","Cortinarius","uncl_Cortinarius"
"Fungi","Basidiomycota","Tremellomycetes","Tremellales","Bulleraceae","uncl_Bulleraceae","uncl_Bulleraceae"
"Fungi","Basidiomycota","Agaricomycetes","Russulales","Albatrellaceae","Leucogaster","uncl_Leucogaster"
"Fungi","Basidiomycota","Agaricomycetes","Agaricales","Tricholomataceae","uncl_Tricholomataceae","uncl_Tricholomataceae"
"Fungi","Basidiomycota","Agaricomycetes","Thelephorales","Thelephoraceae","uncl_Thelephoraceae","uncl_Thelephoraceae"
"Fungi","Basidiomycota","Agaricomycetes","Hysterangiales","Hysterangiaceae","uncl_Hysterangiaceae","uncl_Hysterangiaceae"
"Fungi","Mucoromycota","Glomeromycetes","uncl_Glomeromycetes","uncl_Glomeromycetes","uncl_Glomeromycetes","uncl_Glomeromycetes"
"Fungi","Ascomycota","Eurotiomycetes","Chaetothyriales","uncl_Chaetothyriales","uncl_Chaetothyriales","uncl_Chaetothyriales"
"Fungi","Basidiomycota","Agaricomycetes","Sebacinales","Sebacinaceae","Sebacina","uncl_Sebacina"
"Fungi","Basidiomycota","Agaricomycetes","Agaricales","uncl_Agaricales","uncl_Agaricales","uncl_Agaricales"
"Fungi","Basidiomycota","Agaricomycetes","Agaricales","uncl_Agaricales","uncl_Agaricales","uncl_Agaricales"
"Fungi","Basidiomycota","Agaricomycetes","Atheliales","uncl_Atheliales","uncl_Atheliales","uncl_Atheliales"
"Fungi","Ascomycota","Orbiliomycetes","uncl_Orbiliomycetes","uncl_Orbiliomycetes","uncl_Orbiliomycetes","uncl_Orbiliomycetes"
"Fungi","Chytridiomycota","Spizellomycetes","Spizellomycetales","uncl_Spizellomycetales","uncl_Spizellomycetales","uncl_Spizellomycetales"
"Fungi","Basidiomycota","Agaricomycetes","Agaricales","Entolomataceae","Clitopilopsis","uncl_Clitopilopsis"
"Fungi","Basidiomycota","Agaricomycetes","Boletales","Boletaceae","Retiboletus","Retiboletus_ornatipes"
"Fungi","Basidiomycota","Agaricomycetes","Agaricales","Clavariaceae","uncl_Clavariaceae","uncl_Clavariaceae"
"Fungi","Basidiomycota","Agaricomycetes","Agaricomycetes_ord_Incertae_sedis","Xenasmataceae","Xenasmatella","uncl_Xenasmatella"
"Fungi","Basidiomycota","Agaricomycetes","Thelephorales","Thelephoraceae","Tomentella","uncl_Tomentella"
"Fungi","Mucoromycota","Glomeromycetes","Glomerales","Glomeraceae","uncl_Glomeraceae","uncl_Glomeraceae"
"Fungi","Ascomycota","Sordariomycetes","Sordariales","uncl_Sordariales","uncl_Sordariales","uncl_Sordariales"
"Fungi","Mucoromycota","Glomeromycetes","uncl_Glomeromycetes","uncl_Glomeromycetes","uncl_Glomeromycetes","uncl_Glomeromycetes"
"Fungi","Ascomycota","Dothideomycetes","uncl_Dothideomycetes","uncl_Dothideomycetes","uncl_Dothideomycetes","uncl_Dothideomycetes"
"Fungi","Ascomycota","Leotiomycetes","Helotiales","Hyaloscyphaceae","Lachnum","uncl_Lachnum"
"Fungi","Basidiomycota","Agaricomycetes","Agaricales","Inocybaceae","Inocybe","uncl_Inocybe"
"Fungi","Mucoromycota","uncl_Mucoromycota","uncl_Mucoromycota","uncl_Mucoromycota","uncl_Mucoromycota","uncl_Mucoromycota"
"Fungi","Basidiomycota","Agaricomycetes","uncl_Agaricomycetes","uncl_Agaricomycetes","uncl_Agaricomycetes","uncl_Agaricomycetes"
"Fungi","Ascomycota","Leotiomycetes","Helotiales","uncl_Helotiales","uncl_Helotiales","uncl_Helotiales"
"Fungi","Ascomycota","Dothideomycetes","Capnodiales","uncl_Capnodiales","uncl_Capnodiales","uncl_Capnodiales"
"Fungi","Basidiomycota","Agaricomycetes","Thelephorales","Thelephoraceae","uncl_Thelephoraceae","uncl_Thelephoraceae"
"Fungi","Basidiomycota","Agaricomycetes","Russulales","Russulaceae","Lactarius","Lactarius_yazooensis"
"Fungi","Mucoromycota","uncl_Mucoromycota","uncl_Mucoromycota","uncl_Mucoromycota","uncl_Mucoromycota","uncl_Mucoromycota"
"Fungi","Ascomycota","uncl_Ascomycota","uncl_Ascomycota","uncl_Ascomycota","uncl_Ascomycota","uncl_Ascomycota"
"Fungi","Basidiomycota","Agaricomycetes","Agaricales","Amanitaceae","Amanita","uncl_Amanita"
"Fungi","Basidiomycota","Agaricomycetes","Russulales","Russulaceae","Russula","uncl_Russula"
"Fungi","Basidiomycota","Agaricomycetes","Russulales","Russulaceae","Russula","uncl_Russula"
"Fungi","Ascomycota","Geoglossomycetes","Geoglossales","Geoglossaceae","uncl_Geoglossaceae","uncl_Geoglossaceae"
"Fungi","Basidiomycota","Agaricomycetes","Atheliales","Tylosporaceae","Amphinema","uncl_Amphinema"
"Fungi","Basidiomycota","Agaricomycetes","Russulales","Russulaceae","Lactarius","uncl_Lactarius"
"Fungi","Ascomycota","Sordariomycetes","uncl_Sordariomycetes","uncl_Sordariomycetes","uncl_Sordariomycetes","uncl_Sordariomycetes"
"Fungi","Ascomycota","Dothideomycetes","uncl_Dothideomycetes","uncl_Dothideomycetes","uncl_Dothideomycetes","uncl_Dothideomycetes"
"Fungi","Chytridiomycota","Rhizophlyctidomycetes","Rhizophlyctidales","Rhizophlyctidaceae","Rhizophlyctis","uncl_Rhizophlyctis"
"Fungi","Ascomycota","Dothideomycetes","Pleosporales","uncl_Pleosporales","uncl_Pleosporales","uncl_Pleosporales"
"Fungi","Ascomycota","uncl_Ascomycota","uncl_Ascomycota","uncl_Ascomycota","uncl_Ascomycota","uncl_Ascomycota"
"Fungi","Mucoromycota","Mortierellomycetes","Mortierellales","uncl_Mortierellales","uncl_Mortierellales","uncl_Mortierellales"
"Fungi","Ascomycota","Leotiomycetes","Helotiales","uncl_Helotiales","uncl_Helotiales","uncl_Helotiales"
"Fungi","Ascomycota","Dothideomycetes","Venturiales","uncl_Venturiales","uncl_Venturiales","uncl_Venturiales"
"Fungi","Basidiomycota","Agaricostilbomycetes","Agaricostilbales","Chionosphaeraceae","Kurtzmanomyces","uncl_Kurtzmanomyces"
"Fungi","Ascomycota","Sordariomycetes","uncl_Sordariomycetes","uncl_Sordariomycetes","uncl_Sordariomycetes","uncl_Sordariomycetes"
"Fungi","Basidiomycota","Agaricomycetes","Agaricales","Bolbitiaceae","Conocybe","Conocybe_semiglobata"
"Fungi","Basidiomycota","Agaricomycetes","Agaricales","Bolbitiaceae","uncl_Bolbitiaceae","uncl_Bolbitiaceae"
"Fungi","Ascomycota","uncl_Ascomycota","uncl_Ascomycota","uncl_Ascomycota","uncl_Ascomycota","uncl_Ascomycota"
"Fungi","Ascomycota","Dothideomycetes","Pleosporales","Phaeosphaeriaceae","Pseudoophiobolus","uncl_Pseudoophiobolus"
"Fungi","Ascomycota","Dothideomycetes","uncl_Dothideomycetes","uncl_Dothideomycetes","uncl_Dothideomycetes","uncl_Dothideomycetes"
"Fungi","Ascomycota","Dothideomycetes","Capnodiales","uncl_Capnodiales","uncl_Capnodiales","uncl_Capnodiales"
"Fungi","Basidiomycota","Agaricomycetes","Agaricales","Bolbitiaceae","uncl_Bolbitiaceae","uncl_Bolbitiaceae"
"Fungi","Ascomycota","uncl_Ascomycota","uncl_Ascomycota","uncl_Ascomycota","uncl_Ascomycota","uncl_Ascomycota"
"Fungi","Ascomycota","Orbiliomycetes","Orbiliales","Orbiliaceae","uncl_Orbiliaceae","uncl_Orbiliaceae"
"Fungi","Ascomycota","Dothideomycetes","Pleosporales","Phaeosphaeriaceae","uncl_Phaeosphaeriaceae","uncl_Phaeosphaeriaceae"
"Fungi","Ascomycota","Dothideomycetes","Venturiales","Venturiaceae","uncl_Venturiaceae","uncl_Venturiaceae"
"Fungi","Basidiomycota","Agaricomycetes","Corticiales","uncl_Corticiales","uncl_Corticiales","uncl_Corticiales"
"Fungi","Ascomycota","Dothideomycetes","Capnodiales","Capnodiaceae","uncl_Capnodiaceae","uncl_Capnodiaceae"
"Fungi","Ascomycota","Leotiomycetes","Helotiales","Hyaloscyphaceae","Clathrosphaerina","uncl_Clathrosphaerina"
"Fungi","Ascomycota","uncl_Ascomycota","uncl_Ascomycota","uncl_Ascomycota","uncl_Ascomycota","uncl_Ascomycota"
"Fungi","Basidiomycota","Agaricomycetes","Cantharellales","Ceratobasidiaceae","uncl_Ceratobasidiaceae","uncl_Ceratobasidiaceae"
"Fungi","Basidiomycota","Agaricomycetes","Agaricales","Entolomataceae","Clitopilus","uncl_Clitopilus"
"Fungi","Ascomycota","Dothideomycetes","Pleosporales","Sporormiaceae","uncl_Sporormiaceae","uncl_Sporormiaceae"
"Fungi","Mucoromycota","Glomeromycetes","Glomerales","uncl_Glomerales","uncl_Glomerales","uncl_Glomerales"
"Fungi","Ascomycota","Saccharomycetes","Saccharomycetales","uncl_Saccharomycetales","uncl_Saccharomycetales","uncl_Saccharomycetales"
"Fungi","Mucoromycota","Glomeromycetes","Glomerales","Glomeraceae","uncl_Glomeraceae","uncl_Glomeraceae"
"Fungi","Mucoromycota","uncl_Mucoromycota","uncl_Mucoromycota","uncl_Mucoromycota","uncl_Mucoromycota","uncl_Mucoromycota"
"Fungi","Ascomycota","Sordariomycetes","Coniochaetales","uncl_Coniochaetales","uncl_Coniochaetales","uncl_Coniochaetales"
"Fungi","Basidiomycota","Ustilaginomycetes","Ustilaginales","Ustilaginaceae","Ustilago","uncl_Ustilago"
"Fungi","Mucoromycota","Umbelopsidomycetes","Umbelopsidales","Umbelopsidaceae","Umbelopsis","Umbelopsis_changbaiensis"
"Fungi","Basidiomycota","Agaricomycetes","Agaricales","Bolbitiaceae","uncl_Bolbitiaceae","uncl_Bolbitiaceae"
"Fungi","Basidiomycota","Agaricomycetes","Cantharellales","Ceratobasidiaceae","uncl_Ceratobasidiaceae","uncl_Ceratobasidiaceae"
"Fungi","Ascomycota","Dothideomycetes","uncl_Dothideomycetes","uncl_Dothideomycetes","uncl_Dothideomycetes","uncl_Dothideomycetes"
"Fungi","Mucoromycota","Mortierellomycetes","Mortierellales","uncl_Mortierellales","uncl_Mortierellales","uncl_Mortierellales"
"Fungi","Mucoromycota","Mortierellomycetes","Mortierellales","uncl_Mortierellales","uncl_Mortierellales","uncl_Mortierellales"
"Fungi","Mucoromycota","Mortierellomycetes","Mortierellales","uncl_Mortierellales","uncl_Mortierellales","uncl_Mortierellales"
"Fungi","Basidiomycota","Agaricomycetes","Cantharellales","Ceratobasidiaceae","uncl_Ceratobasidiaceae","uncl_Ceratobasidiaceae"
"Fungi","Ascomycota","Dothideomycetes","Pleosporales","uncl_Pleosporales","uncl_Pleosporales","uncl_Pleosporales"
"Fungi","Mucoromycota","Mortierellomycetes","Mortierellales","Mortierellaceae","uncl_Mortierellaceae","uncl_Mortierellaceae"
"Fungi","Ascomycota","Pezizomycetes","Pezizales","Pezizaceae","Phaeopezia","Phaeopezia_calongei"
"Fungi","Chytridiomycota","Spizellomycetes","Spizellomycetales","uncl_Spizellomycetales","uncl_Spizellomycetales","uncl_Spizellomycetales"
"Fungi","Basidiomycota","Agaricomycetes","Agaricales","Entolomataceae","Clitopilus","uncl_Clitopilus"
"Fungi","Ascomycota","Dothideomycetes","Pleosporales","uncl_Pleosporales","uncl_Pleosporales","uncl_Pleosporales"
"Fungi","Ascomycota","Dothideomycetes","Pleosporales","Cucurbitariaceae","Neocucurbitaria","uncl_Neocucurbitaria"
"Fungi","Mucoromycota","Glomeromycetes","Glomerales","uncl_Glomerales","uncl_Glomerales","uncl_Glomerales"
"Fungi","Ascomycota","Dothideomycetes","Pleosporales","uncl_Pleosporales","uncl_Pleosporales","uncl_Pleosporales"
"Fungi","Ascomycota","Orbiliomycetes","Orbiliales","Orbiliaceae","Orbilia","uncl_Orbilia"
"Fungi","Mucoromycota","uncl_Mucoromycota","uncl_Mucoromycota","uncl_Mucoromycota","uncl_Mucoromycota","uncl_Mucoromycota"
"Fungi","Ascomycota","Sordariomycetes","uncl_Sordariomycetes","uncl_Sordariomycetes","uncl_Sordariomycetes","uncl_Sordariomycetes"
"Fungi","Basidiomycota","Agaricomycetes","Agaricales","Entolomataceae","Clitopilus","uncl_Clitopilus"
"Fungi","Mucoromycota","uncl_Mucoromycota","uncl_Mucoromycota","uncl_Mucoromycota","uncl_Mucoromycota","uncl_Mucoromycota"
"Fungi","Basidiomycota","Tremellomycetes","uncl_Tremellomycetes","uncl_Tremellomycetes","uncl_Tremellomycetes","uncl_Tremellomycetes"
"Fungi","Ascomycota","uncl_Ascomycota","uncl_Ascomycota","uncl_Ascomycota","uncl_Ascomycota","uncl_Ascomycota"
"Fungi","Ascomycota","uncl_Ascomycota","uncl_Ascomycota","uncl_Ascomycota","uncl_Ascomycota","uncl_Ascomycota"
"Fungi","Basidiomycota","Microbotryomycetes","uncl_Microbotryomycetes","uncl_Microbotryomycetes","uncl_Microbotryomycetes","uncl_Microbotryomycetes"
"Fungi","Basidiomycota","Agaricomycetes","uncl_Agaricomycetes","uncl_Agaricomycetes","uncl_Agaricomycetes","uncl_Agaricomycetes"
"Fungi","Mucoromycota","Glomeromycetes","Glomerales","uncl_Glomerales","uncl_Glomerales","uncl_Glomerales"
"Fungi","Ascomycota","uncl_Ascomycota","uncl_Ascomycota","uncl_Ascomycota","uncl_Ascomycota","uncl_Ascomycota"
"Fungi","Ascomycota","Sordariomycetes","Xylariales","Hypoxylaceae","Hypoxylon","Hypoxylon_invadens"
"Fungi","Basidiomycota","Agaricomycetes","Agaricales","Amanitaceae","uncl_Amanitaceae","uncl_Amanitaceae"
"Fungi","Ascomycota","uncl_Ascomycota","uncl_Ascomycota","uncl_Ascomycota","uncl_Ascomycota","uncl_Ascomycota"
"Fungi","Ascomycota","Dothideomycetes","Tubeufiales","uncl_Tubeufiales","uncl_Tubeufiales","uncl_Tubeufiales"
"Fungi","Basidiomycota","Agaricomycetes","uncl_Agaricomycetes","uncl_Agaricomycetes","uncl_Agaricomycetes","uncl_Agaricomycetes"
"Fungi","Ascomycota","Eurotiomycetes","Onygenales","Onygenaceae","Amauroascus","uncl_Amauroascus"
"Fungi","Ascomycota","Sordariomycetes","Hypocreales","Stachybotryaceae","uncl_Stachybotryaceae","uncl_Stachybotryaceae"
"Fungi","Chytridiomycota","Monoblepharidomycetes","Monoblepharidales","Monoblepharidaceae","Monoblepharella","uncl_Monoblepharella"
"Fungi","Ascomycota","Eurotiomycetes","Chaetothyriales","Herpotrichiellaceae","Cladophialophora","uncl_Cladophialophora"
"Fungi","Ascomycota","Sordariomycetes","Hypocreales","Stachybotryaceae","uncl_Stachybotryaceae","uncl_Stachybotryaceae"
"Fungi","Chytridiomycota","Monoblepharidomycetes","Monoblepharidales","Monoblepharidaceae","Monoblepharella","uncl_Monoblepharella"
"Fungi","Ascomycota","uncl_Ascomycota","uncl_Ascomycota","uncl_Ascomycota","uncl_Ascomycota","uncl_Ascomycota"
"Fungi","Basidiomycota","Agaricomycetes","Agaricales","uncl_Agaricales","uncl_Agaricales","uncl_Agaricales"
"Fungi","Basidiomycota","Agaricomycetes","Russulales","Peniophoraceae","Peniophora","uncl_Peniophora"
"Fungi","Mucoromycota","Mortierellomycetes","Mortierellales","Mortierellaceae","uncl_Mortierellaceae","uncl_Mortierellaceae"
"Fungi","Ascomycota","Dothideomycetes","Pleosporales","uncl_Pleosporales","uncl_Pleosporales","uncl_Pleosporales"
"Fungi","Chytridiomycota","Rhizophydiomycetes","Rhizophydiales","uncl_Rhizophydiales","uncl_Rhizophydiales","uncl_Rhizophydiales"
"Fungi","Basidiomycota","Agaricomycetes","Agaricales","uncl_Agaricales","uncl_Agaricales","uncl_Agaricales"
"Fungi","Chytridiomycota","Monoblepharidomycetes","uncl_Monoblepharidomycetes","uncl_Monoblepharidomycetes","uncl_Monoblepharidomycetes","uncl_Monoblepharidomycetes"
"Fungi","Chytridiomycota","Cladochytriomycetes","uncl_Cladochytriomycetes","uncl_Cladochytriomycetes","uncl_Cladochytriomycetes","uncl_Cladochytriomycetes"
"Fungi","Mucoromycota","Glomeromycetes","uncl_Glomeromycetes","uncl_Glomeromycetes","uncl_Glomeromycetes","uncl_Glomeromycetes"
"Fungi","Ascomycota","Eurotiomycetes","Eurotiales","Aspergillaceae","Talaromyces","uncl_Talaromyces"
"Fungi","Basidiomycota","Agaricomycetes","Sebacinales","uncl_Sebacinales","uncl_Sebacinales","uncl_Sebacinales"
"Fungi","Basidiomycota","Agaricomycetes","Agaricales","uncl_Agaricales","uncl_Agaricales","uncl_Agaricales"
"Fungi","Basidiomycota","Agaricomycetes","Agaricales","uncl_Agaricales","uncl_Agaricales","uncl_Agaricales"
"Fungi","Basidiomycota","Agaricomycetes","Agaricales","Entolomataceae","uncl_Entolomataceae","uncl_Entolomataceae"
"Fungi","Ascomycota","Eurotiomycetes","Chaetothyriales","Herpotrichiellaceae","uncl_Herpotrichiellaceae","uncl_Herpotrichiellaceae"
"Fungi","Ascomycota","uncl_Ascomycota","uncl_Ascomycota","uncl_Ascomycota","uncl_Ascomycota","uncl_Ascomycota"
"Fungi","Basidiomycota","Agaricomycetes","Agaricales","Stephanosporaceae","Lindtneria","uncl_Lindtneria"
"Fungi","Ascomycota","Dothideomycetes","Tubeufiales","uncl_Tubeufiales","uncl_Tubeufiales","uncl_Tubeufiales"
"Fungi","Mucoromycota","uncl_Mucoromycota","uncl_Mucoromycota","uncl_Mucoromycota","uncl_Mucoromycota","uncl_Mucoromycota"
"Fungi","Chytridiomycota","Spizellomycetes","Spizellomycetales","uncl_Spizellomycetales","uncl_Spizellomycetales","uncl_Spizellomycetales"
"Fungi","Basidiomycota","Atractiellomycetes","Atractiellales","Hoehnelomycetaceae","Atractiella","Atractiella_rhizophila"
"Fungi","Mucoromycota","Mortierellomycetes","Mortierellales","Mortierellaceae","uncl_Mortierellaceae","uncl_Mortierellaceae"
"Fungi","Ascomycota","Sordariomycetes","Diaporthales","uncl_Diaporthales","uncl_Diaporthales","uncl_Diaporthales"
"Fungi","Basidiomycota","Agaricomycetes","Agaricales","Tricholomataceae","uncl_Tricholomataceae","uncl_Tricholomataceae"
"Fungi","Ascomycota","Sordariomycetes","Sordariomycetes_ord_Incertae_sedis","uncl_Sordariomycetes_ord_Incertae_sedis","uncl_Sordariomycetes_ord_Incertae_sedis","uncl_Sordariomycetes_ord_Incertae_sedis"
"Fungi","Ascomycota","Sordariomycetes","Hypocreales","Nectriaceae","uncl_Nectriaceae","uncl_Nectriaceae"
"Fungi","Chytridiomycota","Monoblepharidomycetes","uncl_Monoblepharidomycetes","uncl_Monoblepharidomycetes","uncl_Monoblepharidomycetes","uncl_Monoblepharidomycetes"
"Fungi","Chytridiomycota","Monoblepharidomycetes","Monoblepharidales","uncl_Monoblepharidales","uncl_Monoblepharidales","uncl_Monoblepharidales"
"Fungi","Chytridiomycota","uncl_Chytridiomycota","uncl_Chytridiomycota","uncl_Chytridiomycota","uncl_Chytridiomycota","uncl_Chytridiomycota"
"Fungi","Mucoromycota","Endogonomycetes","uncl_Endogonomycetes","uncl_Endogonomycetes","uncl_Endogonomycetes","uncl_Endogonomycetes"
"Fungi","Chytridiomycota","Monoblepharidomycetes","uncl_Monoblepharidomycetes","uncl_Monoblepharidomycetes","uncl_Monoblepharidomycetes","uncl_Monoblepharidomycetes"
"Fungi","Basidiomycota","Agaricomycetes","Trechisporales","Hydnodontaceae","Trechispora","uncl_Trechispora"
"Fungi","Ascomycota","Dothideomycetes","uncl_Dothideomycetes","uncl_Dothideomycetes","uncl_Dothideomycetes","uncl_Dothideomycetes"
"Fungi","Ascomycota","Sordariomycetes","Hypocreales","Nectriaceae","Mariannaea","uncl_Mariannaea"
"Fungi","Basidiomycota","Exobasidiomycetes","Exobasidiales","Brachybasidiaceae","uncl_Brachybasidiaceae","uncl_Brachybasidiaceae"
"Fungi","Ascomycota","Saccharomycetes","Saccharomycetales","uncl_Saccharomycetales","uncl_Saccharomycetales","uncl_Saccharomycetales"
"Fungi","Mucoromycota","Glomeromycetes","uncl_Glomeromycetes","uncl_Glomeromycetes","uncl_Glomeromycetes","uncl_Glomeromycetes"
"Fungi","Chytridiomycota","Monoblepharidomycetes","Monoblepharidales","uncl_Monoblepharidales","uncl_Monoblepharidales","uncl_Monoblepharidales"
"Fungi","Ascomycota","Eurotiomycetes","uncl_Eurotiomycetes","uncl_Eurotiomycetes","uncl_Eurotiomycetes","uncl_Eurotiomycetes"
"Fungi","Ascomycota","Dothideomycetes","Minutisphaerales","Minutisphaeraceae","Minutisphaera","uncl_Minutisphaera"
"Fungi","Basidiomycota","Tremellomycetes","Tremellales","Rhynchogastremataceae","Papiliotrema","uncl_Papiliotrema"
"Fungi","Ascomycota","Orbiliomycetes","Orbiliales","Orbiliaceae","uncl_Orbiliaceae","uncl_Orbiliaceae"
"Fungi","Basidiomycota","Agaricomycetes","Auriculariales","Hyaloriaceae","Stypella","uncl_Stypella"
"Fungi","Mucoromycota","Glomeromycetes","Glomerales","Glomeraceae","uncl_Glomeraceae","uncl_Glomeraceae"
"Fungi","Basidiomycota","Agaricomycetes","Cantharellales","Ceratobasidiaceae","uncl_Ceratobasidiaceae","uncl_Ceratobasidiaceae"
"Fungi","Ascomycota","uncl_Ascomycota","uncl_Ascomycota","uncl_Ascomycota","uncl_Ascomycota","uncl_Ascomycota"
"Fungi","Ascomycota","Sordariomycetes","Hypocreales","uncl_Hypocreales","uncl_Hypocreales","uncl_Hypocreales"
"Fungi","Basidiomycota","Agaricomycetes","Cantharellales","Tulasnellaceae","uncl_Tulasnellaceae","uncl_Tulasnellaceae"
"Fungi","Basidiomycota","Agaricomycetes","uncl_Agaricomycetes","uncl_Agaricomycetes","uncl_Agaricomycetes","uncl_Agaricomycetes"
"Fungi","Ascomycota","Sordariomycetes","uncl_Sordariomycetes","uncl_Sordariomycetes","uncl_Sordariomycetes","uncl_Sordariomycetes"
"Fungi","Ascomycota","Eurotiomycetes","Chaetothyriales","Herpotrichiellaceae","uncl_Herpotrichiellaceae","uncl_Herpotrichiellaceae"
"Fungi","Ascomycota","uncl_Ascomycota","uncl_Ascomycota","uncl_Ascomycota","uncl_Ascomycota","uncl_Ascomycota"
"Fungi","Basidiomycota","Agaricomycetes","Sebacinales","uncl_Sebacinales","uncl_Sebacinales","uncl_Sebacinales"
"Fungi","Ascomycota","Sordariomycetes","uncl_Sordariomycetes","uncl_Sordariomycetes","uncl_Sordariomycetes","uncl_Sordariomycetes"
"Fungi","Ascomycota","Sordariomycetes","uncl_Sordariomycetes","uncl_Sordariomycetes","uncl_Sordariomycetes","uncl_Sordariomycetes"
"Fungi","Chytridiomycota","uncl_Chytridiomycota","uncl_Chytridiomycota","uncl_Chytridiomycota","uncl_Chytridiomycota","uncl_Chytridiomycota"
"Fungi","Mucoromycota","Glomeromycetes","Glomerales","uncl_Glomerales","uncl_Glomerales","uncl_Glomerales"
"Fungi","Ascomycota","Sordariomycetes","uncl_Sordariomycetes","uncl_Sordariomycetes","uncl_Sordariomycetes","uncl_Sordariomycetes"
"Fungi","Ascomycota","Dothideomycetes","Venturiales","uncl_Venturiales","uncl_Venturiales","uncl_Venturiales"
"Fungi","Ascomycota","uncl_Ascomycota","uncl_Ascomycota","uncl_Ascomycota","uncl_Ascomycota","uncl_Ascomycota"
"Fungi","Cryptomycota","uncl_Cryptomycota","uncl_Cryptomycota","uncl_Cryptomycota","uncl_Cryptomycota","uncl_Cryptomycota"
"Fungi","Ascomycota","Sordariomycetes","Xenospadicoidales","Xenospadicoidaceae","Neospadicoides","Neospadicoides_thailandica"
"Fungi","Basidiomycota","Agaricomycetes","Cantharellales","Ceratobasidiaceae","uncl_Ceratobasidiaceae","uncl_Ceratobasidiaceae"
"Fungi","Basidiomycota","Agaricomycetes","Agaricales","uncl_Agaricales","uncl_Agaricales","uncl_Agaricales"
"Fungi","Ascomycota","Dothideomycetes","uncl_Dothideomycetes","uncl_Dothideomycetes","uncl_Dothideomycetes","uncl_Dothideomycetes"
"Fungi","Basidiomycota","Agaricomycetes","Agaricales","Mycenaceae","Mycena","uncl_Mycena"
"Fungi","Ascomycota","Eurotiomycetes","Chaetothyriales","Herpotrichiellaceae","uncl_Herpotrichiellaceae","uncl_Herpotrichiellaceae"
"Fungi","Cryptomycota","Rozellomycotina_cls_Incertae_sedis","GS08","uncl_GS08","uncl_GS08","uncl_GS08"
"Fungi","Ascomycota","uncl_Ascomycota","uncl_Ascomycota","uncl_Ascomycota","uncl_Ascomycota","uncl_Ascomycota"
"Fungi","Mucoromycota","uncl_Mucoromycota","uncl_Mucoromycota","uncl_Mucoromycota","uncl_Mucoromycota","uncl_Mucoromycota"
"Fungi","Ascomycota","uncl_Ascomycota","uncl_Ascomycota","uncl_Ascomycota","uncl_Ascomycota","uncl_Ascomycota"
"Fungi","Chytridiomycota","Monoblepharidomycetes","Monoblepharidales","Monoblepharidaceae","Monoblepharella","Monoblepharella_mexicana"
"Fungi","Basidiomycota","Agaricomycetes","Agaricales","uncl_Agaricales","uncl_Agaricales","uncl_Agaricales"
"Fungi","Chytridiomycota","Monoblepharidomycetes","Monoblepharidales","Monoblepharidaceae","uncl_Monoblepharidaceae","uncl_Monoblepharidaceae"
"Fungi","Chytridiomycota","Monoblepharidomycetes","Monoblepharidales","uncl_Monoblepharidales","uncl_Monoblepharidales","uncl_Monoblepharidales"
"Fungi","Chytridiomycota","uncl_Chytridiomycota","uncl_Chytridiomycota","uncl_Chytridiomycota","uncl_Chytridiomycota","uncl_Chytridiomycota"
"Fungi","Chytridiomycota","Monoblepharidomycetes","Monoblepharidales","uncl_Monoblepharidales","uncl_Monoblepharidales","uncl_Monoblepharidales"
"Fungi","Ascomycota","uncl_Ascomycota","uncl_Ascomycota","uncl_Ascomycota","uncl_Ascomycota","uncl_Ascomycota"
"Fungi","Ascomycota","Dothideomycetes","Venturiales","Sympoventuriaceae","Ochroconis","uncl_Ochroconis"
"Fungi","Ascomycota","uncl_Ascomycota","uncl_Ascomycota","uncl_Ascomycota","uncl_Ascomycota","uncl_Ascomycota"
"Fungi","Ascomycota","uncl_Ascomycota","uncl_Ascomycota","uncl_Ascomycota","uncl_Ascomycota","uncl_Ascomycota"
"Fungi","Basidiomycota","Agaricomycetes","Sebacinales","uncl_Sebacinales","uncl_Sebacinales","uncl_Sebacinales"
"Fungi","Ascomycota","Sordariomycetes","uncl_Sordariomycetes","uncl_Sordariomycetes","uncl_Sordariomycetes","uncl_Sordariomycetes"
"Fungi","Basidiomycota","Agaricomycetes","Cantharellales","Ceratobasidiaceae","uncl_Ceratobasidiaceae","uncl_Ceratobasidiaceae"
"Fungi","Ascomycota","uncl_Ascomycota","uncl_Ascomycota","uncl_Ascomycota","uncl_Ascomycota","uncl_Ascomycota"
"Fungi","Basidiomycota","Agaricomycetes","Sebacinales","uncl_Sebacinales","uncl_Sebacinales","uncl_Sebacinales"
"Fungi","Basidiomycota","Agaricomycetes","Sebacinales","uncl_Sebacinales","uncl_Sebacinales","uncl_Sebacinales"
"Fungi","Chytridiomycota","Monoblepharidomycetes","uncl_Monoblepharidomycetes","uncl_Monoblepharidomycetes","uncl_Monoblepharidomycetes","uncl_Monoblepharidomycetes"
"Fungi","Ascomycota","Dothideomycetes","Capnodiales","uncl_Capnodiales","uncl_Capnodiales","uncl_Capnodiales"
"Fungi","Ascomycota","Sordariomycetes","Hypocreales","uncl_Hypocreales","uncl_Hypocreales","uncl_Hypocreales"
"Fungi","Mucoromycota","uncl_Mucoromycota","uncl_Mucoromycota","uncl_Mucoromycota","uncl_Mucoromycota","uncl_Mucoromycota"
"Fungi","Basidiomycota","Agaricomycetes","Sebacinales","Serendipitaceae","uncl_Serendipitaceae","uncl_Serendipitaceae"
"Fungi","Ascomycota","Eurotiomycetes","Chaetothyriales","uncl_Chaetothyriales","uncl_Chaetothyriales","uncl_Chaetothyriales"
"Fungi","Cryptomycota","Rozellomycotina_cls_Incertae_sedis","GS11","uncl_GS11","uncl_GS11","uncl_GS11"
"Fungi","Basidiomycota","Agaricomycetes","Agaricales","Entolomataceae","Entoloma","Entoloma_praegracile"
"Fungi","Ascomycota","uncl_Ascomycota","uncl_Ascomycota","uncl_Ascomycota","uncl_Ascomycota","uncl_Ascomycota"
"Fungi","Basidiomycota","Agaricomycetes","Agaricales","Entolomataceae","Entoloma","uncl_Entoloma"
"Fungi","Basidiomycota","Agaricomycetes","Agaricales","Pluteaceae","Pluteus","uncl_Pluteus"
"Fungi","Ascomycota","uncl_Ascomycota","uncl_Ascomycota","uncl_Ascomycota","uncl_Ascomycota","uncl_Ascomycota"
"Fungi","Ascomycota","uncl_Ascomycota","uncl_Ascomycota","uncl_Ascomycota","uncl_Ascomycota","uncl_Ascomycota"
"Fungi","Chytridiomycota","Monoblepharidomycetes","uncl_Monoblepharidomycetes","uncl_Monoblepharidomycetes","uncl_Monoblepharidomycetes","uncl_Monoblepharidomycetes"
"Fungi","Ascomycota","Sordariomycetes","Chaetosphaeriales","Chaetosphaeriaceae","uncl_Chaetosphaeriaceae","uncl_Chaetosphaeriaceae"
"Fungi","Ascomycota","uncl_Ascomycota","uncl_Ascomycota","uncl_Ascomycota","uncl_Ascomycota","uncl_Ascomycota"
"Fungi","Ascomycota","Sordariomycetes","Hypocreales","uncl_Hypocreales","uncl_Hypocreales","uncl_Hypocreales"
"Fungi","Mucoromycota","Mortierellomycetes","Mortierellales","uncl_Mortierellales","uncl_Mortierellales","uncl_Mortierellales"
"Fungi","Ascomycota","Dothideomycetes","Botryosphaeriales","Botryosphaeriaceae","uncl_Botryosphaeriaceae","uncl_Botryosphaeriaceae"
"Fungi","Basidiomycota","Agaricomycetes","uncl_Agaricomycetes","uncl_Agaricomycetes","uncl_Agaricomycetes","uncl_Agaricomycetes"
"Fungi","Ascomycota","Sordariomycetes","Sordariomycetes_ord_Incertae_sedis","Papulosaceae","uncl_Papulosaceae","uncl_Papulosaceae"
"Fungi","Chytridiomycota","Monoblepharidomycetes","Monoblepharidales","Monoblepharidaceae","Monoblepharella","uncl_Monoblepharella"
"Fungi","Chytridiomycota","Monoblepharidomycetes","Monoblepharidales","uncl_Monoblepharidales","uncl_Monoblepharidales","uncl_Monoblepharidales"
"Fungi","Ascomycota","Sordariomycetes","uncl_Sordariomycetes","uncl_Sordariomycetes","uncl_Sordariomycetes","uncl_Sordariomycetes"
"Fungi","Basidiomycota","Agaricomycetes","Trechisporales","uncl_Trechisporales","uncl_Trechisporales","uncl_Trechisporales"
"Fungi","Ascomycota","Orbiliomycetes","Orbiliales","uncl_Orbiliales","uncl_Orbiliales","uncl_Orbiliales"
"Fungi","Ascomycota","Dothideomycetes","Pleosporales","Trematosphaeriaceae","Trematosphaeria","uncl_Trematosphaeria"
"Fungi","Ascomycota","uncl_Ascomycota","uncl_Ascomycota","uncl_Ascomycota","uncl_Ascomycota","uncl_Ascomycota"
"Fungi","Basidiomycota","Agaricomycetes","Agaricales","uncl_Agaricales","uncl_Agaricales","uncl_Agaricales"
"Fungi","Ascomycota","Sordariomycetes","Xylariales","Xylariaceae","uncl_Xylariaceae","uncl_Xylariaceae"
"Fungi","Chytridiomycota","Cladochytriomycetes","Cladochytriales","Cladochytriaceae","uncl_Cladochytriaceae","uncl_Cladochytriaceae"
"Fungi","Basidiomycota","Agaricomycetes","Agaricales","Crepidotaceae","Crepidotus","Crepidotus_volubilis"
"Fungi","Chytridiomycota","Monoblepharidomycetes","uncl_Monoblepharidomycetes","uncl_Monoblepharidomycetes","uncl_Monoblepharidomycetes","uncl_Monoblepharidomycetes"
"Fungi","Basidiomycota","Agaricomycetes","Agaricales","Entolomataceae","Clitopilus","uncl_Clitopilus"
"Fungi","Ascomycota","Sordariomycetes","Magnaporthales","uncl_Magnaporthales","uncl_Magnaporthales","uncl_Magnaporthales"
"Fungi","Ascomycota","Sordariomycetes","Sordariales","Podosporaceae","uncl_Podosporaceae","uncl_Podosporaceae"
"Fungi","Basidiomycota","Agaricomycetes","uncl_Agaricomycetes","uncl_Agaricomycetes","uncl_Agaricomycetes","uncl_Agaricomycetes"
"Fungi","Ascomycota","Sordariomycetes","uncl_Sordariomycetes","uncl_Sordariomycetes","uncl_Sordariomycetes","uncl_Sordariomycetes"
"Fungi","Mucoromycota","Glomeromycetes","Glomerales","Glomeraceae","uncl_Glomeraceae","uncl_Glomeraceae"
"Fungi","Basidiomycota","Agaricomycetes","Tremellodendropsidales","uncl_Tremellodendropsidales","uncl_Tremellodendropsidales","uncl_Tremellodendropsidales"
"Fungi","Basidiomycota","Atractiellomycetes","Atractiellales","Hoehnelomycetaceae","Atractiella","Atractiella_rhizophila"
"Fungi","Ascomycota","Sordariomycetes","Hypocreales","uncl_Hypocreales","uncl_Hypocreales","uncl_Hypocreales"
"Fungi","Zoopagomycota","Ramicandelaberomycetes","Ramicandelaberales","Ramicandelaberaceae","Ramicandelaber","uncl_Ramicandelaber"
"Fungi","Basidiomycota","Agaricomycetes","Cantharellales","Ceratobasidiaceae","uncl_Ceratobasidiaceae","uncl_Ceratobasidiaceae"
"Fungi","Basidiomycota","Agaricomycetes","Auriculariales","uncl_Auriculariales","uncl_Auriculariales","uncl_Auriculariales"
"Fungi","Ascomycota","Sordariomycetes","uncl_Sordariomycetes","uncl_Sordariomycetes","uncl_Sordariomycetes","uncl_Sordariomycetes"
"Fungi","Basidiomycota","Agaricomycetes","uncl_Agaricomycetes","uncl_Agaricomycetes","uncl_Agaricomycetes","uncl_Agaricomycetes"
"Fungi","Ascomycota","uncl_Ascomycota","uncl_Ascomycota","uncl_Ascomycota","uncl_Ascomycota","uncl_Ascomycota"
"Fungi","Basidiomycota","Agaricomycetes","Agaricales","Agaricaceae","Coprinus","uncl_Coprinus"
"Fungi","Ascomycota","Dothideomycetes","Tubeufiales","Tubeufiaceae","Tubeufia","uncl_Tubeufia"
"Fungi","Basidiomycota","Agaricomycetes","Agaricales","Tricholomataceae","Flagelloscypha","uncl_Flagelloscypha"
"Fungi","Chytridiomycota","Spizellomycetes","Spizellomycetales","uncl_Spizellomycetales","uncl_Spizellomycetales","uncl_Spizellomycetales"
"Fungi","Basidiomycota","Agaricomycetes","Agaricales","Mycenaceae","uncl_Mycenaceae","uncl_Mycenaceae"
"Fungi","Ascomycota","uncl_Ascomycota","uncl_Ascomycota","uncl_Ascomycota","uncl_Ascomycota","uncl_Ascomycota"
"Fungi","Ascomycota","uncl_Ascomycota","uncl_Ascomycota","uncl_Ascomycota","uncl_Ascomycota","uncl_Ascomycota"
"Fungi","Basidiomycota","Agaricomycetes","uncl_Agaricomycetes","uncl_Agaricomycetes","uncl_Agaricomycetes","uncl_Agaricomycetes"
"Fungi","Basidiomycota","Agaricomycetes","Russulales","Peniophoraceae","uncl_Peniophoraceae","uncl_Peniophoraceae"
"Fungi","Basidiomycota","Agaricomycetes","uncl_Agaricomycetes","uncl_Agaricomycetes","uncl_Agaricomycetes","uncl_Agaricomycetes"
"Fungi","Ascomycota","Sordariomycetes","uncl_Sordariomycetes","uncl_Sordariomycetes","uncl_Sordariomycetes","uncl_Sordariomycetes"
"Fungi","Basidiomycota","uncl_Basidiomycota","uncl_Basidiomycota","uncl_Basidiomycota","uncl_Basidiomycota","uncl_Basidiomycota"
"Fungi","Ascomycota","uncl_Ascomycota","uncl_Ascomycota","uncl_Ascomycota","uncl_Ascomycota","uncl_Ascomycota"
"Fungi","Ascomycota","Sordariomycetes","uncl_Sordariomycetes","uncl_Sordariomycetes","uncl_Sordariomycetes","uncl_Sordariomycetes"
"Fungi","Ascomycota","Sordariomycetes","uncl_Sordariomycetes","uncl_Sordariomycetes","uncl_Sordariomycetes","uncl_Sordariomycetes"
"Fungi","Ascomycota","uncl_Ascomycota","uncl_Ascomycota","uncl_Ascomycota","uncl_Ascomycota","uncl_Ascomycota"
"Fungi","Basidiomycota","Agaricomycetes","Auriculariales","uncl_Auriculariales","uncl_Auriculariales","uncl_Auriculariales"
"Fungi","Ascomycota","Sordariomycetes","uncl_Sordariomycetes","uncl_Sordariomycetes","uncl_Sordariomycetes","uncl_Sordariomycetes"
"Fungi","Basidiomycota","Agaricomycetes","Sebacinales","uncl_Sebacinales","uncl_Sebacinales","uncl_Sebacinales"
"Fungi","Chytridiomycota","Monoblepharidomycetes","Monoblepharidales","uncl_Monoblepharidales","uncl_Monoblepharidales","uncl_Monoblepharidales"
"Fungi","Basidiomycota","Agaricomycetes","Sebacinales","uncl_Sebacinales","uncl_Sebacinales","uncl_Sebacinales"
